game_id,league,start_utc,home_team,away_team,kalshi_p1,poly_p1,pus_p1,book_p1,book_count,home_won,stale_min,fills_24h
401772768,NFL,2025-11-02 21:25:00+00:00,Buffalo Bills,Kansas City Chiefs,0.445,0.445,0.433,0.4467,11.0,1.0,5.0,5
401772927,NFL,2025-11-10 01:20:00+00:00,Los Angeles Chargers,Pittsburgh Steelers,0.645,0.645,0.3,0.6214,11.0,1.0,13.1,10
401772630,NFL,2025-11-11 01:15:00+00:00,Green Bay Packers,Philadelphia Eagles,0.4899,0.505,0.001,0.4985,8.0,0.0,1.9,24
401772778,NFL,2025-11-16 21:25:00+00:00,Denver Broncos,Kansas City Chiefs,0.3383,0.355,0.33,0.3452,10.0,1.0,4.3,15
401772928,NFL,2025-11-17 01:20:00+00:00,Philadelphia Eagles,Detroit Lions,0.565,0.555,0.56,0.5743,10.0,1.0,5.8,7
401772819,NFL,2025-11-18 01:15:00+00:00,Las Vegas Raiders,Dallas Cowboys,0.3614,0.365,0.37,0.3598,11.0,0.0,24.7,17
401810106,NBA,2025-11-19 00:30:00+00:00,Atlanta Hawks,Detroit Pistons,0.4774,0.475,0.47,0.4464,10.0,0.0,9.1,22
401810107,NBA,2025-11-19 01:00:00+00:00,San Antonio Spurs,Memphis Grizzlies,0.6816,0.685,0.679,0.6786,11.0,1.0,32.6,6
401810110,NBA,2025-11-20 00:00:00+00:00,Cleveland Cavaliers,Houston Rockets,0.4577,0.465,0.469,0.4756,11.0,0.0,7.7,6
401810115,NBA,2025-11-20 01:00:00+00:00,New Orleans Pelicans,Denver Nuggets,0.1542,0.165,0.15,0.1748,11.0,0.0,8.6,5
401810121,NBA,2025-11-21 01:00:00+00:00,Milwaukee Bucks,Philadelphia 76ers,0.465,0.47,0.46,0.4653,11.0,0.0,6.4,9
401772946,NFL,2025-11-21 01:15:00+00:00,Houston Texans,Buffalo Bills,0.3119,0.315,0.3,0.316,11.0,1.0,24.4,22
401810124,NBA,2025-11-22 22:00:00+00:00,Orlando Magic,New York Knicks,0.5396,0.535,0.53,0.5392,11.0,1.0,71.7,6
401772779,NFL,2025-11-23 18:00:00+00:00,Kansas City Chiefs,Indianapolis Colts,0.675,0.675,0.68,0.6682,11.0,1.0,9.0,11
401772780,NFL,2025-11-23 18:00:00+00:00,Chicago Bears,Pittsburgh Steelers,0.575,0.565,0.58,0.5754,11.0,1.0,43.5,7
401772781,NFL,2025-11-23 18:00:00+00:00,Cincinnati Bengals,New England Patriots,0.235,0.245,0.249,0.2427,11.0,0.0,40.3,8
401772888,NFL,2025-11-23 18:00:00+00:00,Detroit Lions,New York Giants,0.8905,0.895,0.875,0.8788,11.0,1.0,15.5,5
401772784,NFL,2025-11-23 21:05:00+00:00,Las Vegas Raiders,Cleveland Browns,0.605,0.605,0.601,0.5992,11.0,0.0,1.9,9
401809801,NBA,2025-11-26 04:00:00+00:00,Los Angeles Lakers,LA Clippers,0.7015,0.69,0.709,0.6891,11.0,1.0,29.3,5
401809802,NBA,2025-11-26 22:00:00+00:00,Boston Celtics,Detroit Pistons,0.455,0.445,0.441,0.455,11.0,1.0,14.7,5
401809808,NBA,2025-11-27 03:00:00+00:00,Golden State Warriors,Houston Rockets,0.601,0.595,0.594,0.5818,11.0,0.0,19.5,7
401772891,NFL,2025-11-27 18:00:00+00:00,Detroit Lions,Green Bay Packers,0.605,0.605,0.62,0.5964,11.0,0.0,3.8,14
401772694,NFL,2025-11-27 21:30:00+00:00,Dallas Cowboys,Kansas City Chiefs,0.3713,0.365,0.379,0.3703,11.0,1.0,12.7,14
401772930,NFL,2025-11-28 01:20:00+00:00,Baltimore Ravens,Cincinnati Bengals,0.775,0.785,0.77,0.7675,11.0,0.0,11.9,17
401772621,NFL,2025-11-28 20:00:00+00:00,Philadelphia Eagles,Chicago Bears,0.755,0.765,0.75,0.7537,11.0,0.0,34.2,20
401809816,NBA,2025-11-29 00:30:00+00:00,New York Knicks,Milwaukee Bucks,0.7114,0.725,0.72,0.6953,11.0,1.0,5.7,37
401809814,NBA,2025-11-29 00:30:00+00:00,Detroit Pistons,Orlando Magic,0.601,0.595,0.609,0.5919,11.0,0.0,49.9,29
401809811,NBA,2025-11-29 00:30:00+00:00,Atlanta Hawks,Cleveland Cavaliers,0.3085,0.305,0.31,0.3106,11.0,1.0,105.7,5
401809812,NBA,2025-11-29 00:30:00+00:00,Brooklyn Nets,Philadelphia 76ers,0.285,0.295,0.3,0.3047,11.0,0.0,35.5,6
401809818,NBA,2025-11-29 02:30:00+00:00,Denver Nuggets,San Antonio Spurs,0.725,0.725,0.721,0.7212,11.0,0.0,3.9,9
401809821,NBA,2025-11-29 03:00:00+00:00,LA Clippers,Memphis Grizzlies,0.7085,0.705,0.709,0.6935,11.0,0.0,49.4,9
401810148,NBA,2025-11-29 22:00:00+00:00,Minnesota Timberwolves,Boston Celtics,0.6816,0.685,0.69,0.6753,11.0,1.0,3.7,39
401810149,NBA,2025-11-29 23:00:00+00:00,Charlotte Hornets,Toronto Raptors,0.2714,0.275,0.265,0.285,11.0,1.0,9.3,10
401810150,NBA,2025-11-30 00:30:00+00:00,Indiana Pacers,Chicago Bulls,0.425,0.435,0.425,0.4364,11.0,1.0,86.5,7
401810151,NBA,2025-11-30 01:00:00+00:00,Miami Heat,Detroit Pistons,0.595,0.605,0.61,0.5992,11.0,0.0,11.2,6
401772895,NFL,2025-11-30 18:00:00+00:00,Tampa Bay Buccaneers,Arizona Cardinals,0.6683,0.66,0.677,0.657,11.0,1.0,3.6,20
401772892,NFL,2025-11-30 18:00:00+00:00,Miami Dolphins,New Orleans Saints,0.7015,0.705,0.71,0.6899,11.0,1.0,1.9,7
401772893,NFL,2025-11-30 18:00:00+00:00,New York Jets,Atlanta Falcons,0.402,0.405,0.4,0.4043,11.0,1.0,16.2,15
401772786,NFL,2025-11-30 18:00:00+00:00,Tennessee Titans,Jacksonville Jaguars,0.2814,0.275,0.29,0.2901,11.0,0.0,3.2,9
401772787,NFL,2025-11-30 18:00:00+00:00,Indianapolis Colts,Houston Texans,0.601,0.61,0.596,0.6002,11.0,0.0,1.0,22
401772785,NFL,2025-11-30 18:00:00+00:00,Cleveland Browns,San Francisco 49ers,0.3134,0.315,0.31,0.3134,11.0,0.0,13.3,17
401772896,NFL,2025-11-30 21:05:00+00:00,Seattle Seahawks,Minnesota Vikings,0.855,0.855,0.851,0.8546,11.0,1.0,2.2,13
401772789,NFL,2025-11-30 21:25:00+00:00,Pittsburgh Steelers,Buffalo Bills,0.385,0.385,0.371,0.397,11.0,0.0,0.9,34
401810157,NBA,2025-11-30 23:00:00+00:00,Cleveland Cavaliers,Boston Celtics,0.71,0.715,0.71,0.7099,11.0,0.0,1.0,13
401810159,NBA,2025-11-30 23:00:00+00:00,Philadelphia 76ers,Atlanta Hawks,0.5693,0.565,0.57,0.5663,9.0,0.0,6.0,33
401810161,NBA,2025-12-01 00:00:00+00:00,Minnesota Timberwolves,San Antonio Spurs,0.6318,0.635,0.63,0.6216,11.0,1.0,10.2,6
401810163,NBA,2025-12-01 02:30:00+00:00,Los Angeles Lakers,New Orleans Pelicans,0.9059,0.915,0.91,0.8931,11.0,1.0,10.7,22
401810165,NBA,2025-12-02 00:00:00+00:00,Indiana Pacers,Cleveland Cavaliers,0.3731,0.375,0.37,0.3751,11.0,0.0,4.2,90
401810164,NBA,2025-12-02 00:00:00+00:00,Detroit Pistons,Atlanta Hawks,0.7772,0.775,0.788,0.7701,11.0,1.0,3.0,53
401810167,NBA,2025-12-02 00:30:00+00:00,Brooklyn Nets,Charlotte Hornets,0.3713,0.37,0.379,0.3787,11.0,1.0,3.3,47
401810168,NBA,2025-12-02 00:30:00+00:00,Miami Heat,LA Clippers,0.6881,0.695,0.691,0.683,11.0,1.0,9.6,27
401810169,NBA,2025-12-02 00:30:00+00:00,Orlando Magic,Chicago Bulls,0.775,0.775,0.766,0.7607,11.0,1.0,4.0,53
401772821,NFL,2025-12-02 01:15:00+00:00,New England Patriots,New York Giants,0.7475,0.745,0.74,0.753,11.0,1.0,1.2,621
401810170,NBA,2025-12-02 02:00:00+00:00,Denver Nuggets,Dallas Mavericks,0.8159,0.825,0.829,0.8136,11.0,0.0,16.5,33
401810174,NBA,2025-12-03 00:30:00+00:00,Toronto Raptors,Portland Trail Blazers,0.6485,0.645,0.65,0.6454,11.0,1.0,0.8,146
401810175,NBA,2025-12-03 01:00:00+00:00,Boston Celtics,New York Knicks,0.4802,0.485,0.49,0.4863,10.0,1.0,2.1,241
401810176,NBA,2025-12-03 01:00:00+00:00,New Orleans Pelicans,Minnesota Timberwolves,0.145,0.145,0.16,0.1634,11.0,0.0,10.5,74
401810177,NBA,2025-12-03 01:00:00+00:00,San Antonio Spurs,Memphis Grizzlies,0.645,0.645,0.649,0.6444,11.0,1.0,0.6,139
401810178,NBA,2025-12-03 04:00:00+00:00,Golden State Warriors,Oklahoma City Thunder,0.185,0.195,0.17,0.1877,11.0,0.0,0.2,325
401810179,NBA,2025-12-04 00:00:00+00:00,Cleveland Cavaliers,Portland Trail Blazers,0.806,0.815,0.8,0.7919,11.0,0.0,1.9,111
401810180,NBA,2025-12-04 00:00:00+00:00,Indiana Pacers,Denver Nuggets,0.2525,0.255,0.25,0.2673,11.0,0.0,1.1,251
401810181,NBA,2025-12-04 00:00:00+00:00,Orlando Magic,San Antonio Spurs,0.7363,0.745,0.736,0.7392,11.0,0.0,1.4,154
401810182,NBA,2025-12-04 00:30:00+00:00,Atlanta Hawks,LA Clippers,0.545,0.545,0.549,0.5356,11.0,0.0,0.4,217
401810183,NBA,2025-12-04 00:30:00+00:00,New York Knicks,Charlotte Hornets,0.7811,0.775,0.782,0.766,11.0,1.0,0.0,90
401810184,NBA,2025-12-04 01:00:00+00:00,Chicago Bulls,Brooklyn Nets,0.7463,0.745,0.76,0.7351,11.0,0.0,15.5,26
401810185,NBA,2025-12-04 01:00:00+00:00,Houston Rockets,Sacramento Kings,0.9005,0.905,0.92,0.8897,11.0,1.0,1.2,73
401810186,NBA,2025-12-04 01:00:00+00:00,Milwaukee Bucks,Detroit Pistons,0.3614,0.365,0.36,0.3729,11.0,1.0,9.2,153
401810187,NBA,2025-12-04 01:30:00+00:00,Dallas Mavericks,Miami Heat,0.375,0.375,0.371,0.3761,11.0,1.0,0.7,110
401810188,NBA,2025-12-05 00:00:00+00:00,Philadelphia 76ers,Golden State Warriors,0.615,0.615,0.6,0.6117,11.0,1.0,0.3,151
401810191,NBA,2025-12-05 00:30:00+00:00,Toronto Raptors,Los Angeles Lakers,0.555,0.555,0.551,0.5564,11.0,0.0,0.7,165
401810192,NBA,2025-12-05 01:00:00+00:00,New Orleans Pelicans,Minnesota Timberwolves,0.165,0.165,0.17,0.1795,11.0,0.0,2.4,96
401772947,NFL,2025-12-05 01:15:00+00:00,Detroit Lions,Dallas Cowboys,0.635,0.635,0.65,0.6265,11.0,1.0,0.3,808
401810193,NBA,2025-12-06 00:00:00+00:00,Boston Celtics,Los Angeles Lakers,0.745,0.755,0.747,0.7388,11.0,1.0,0.2,273
401810194,NBA,2025-12-06 00:00:00+00:00,Orlando Magic,Miami Heat,0.675,0.685,0.69,0.6759,11.0,1.0,0.4,107
401810195,NBA,2025-12-06 00:30:00+00:00,Atlanta Hawks,Denver Nuggets,0.405,0.405,0.4,0.3988,11.0,0.0,11.9,74
401810196,NBA,2025-12-06 00:30:00+00:00,Cleveland Cavaliers,San Antonio Spurs,0.635,0.645,0.64,0.6269,11.0,1.0,0.1,105
401810197,NBA,2025-12-06 00:30:00+00:00,Detroit Pistons,Portland Trail Blazers,0.7475,0.755,0.76,0.7332,11.0,1.0,2.9,56
401810199,NBA,2025-12-06 00:30:00+00:00,Toronto Raptors,Charlotte Hornets,0.7079,0.705,0.716,0.7007,11.0,0.0,40.5,38
401810202,NBA,2025-12-06 01:00:00+00:00,Memphis Grizzlies,LA Clippers,0.455,0.455,0.459,0.4588,11.0,1.0,8.2,44
401810203,NBA,2025-12-06 01:00:00+00:00,Milwaukee Bucks,Philadelphia 76ers,0.4899,0.495,0.496,0.4848,10.0,0.0,8.1,90
401810200,NBA,2025-12-06 01:00:00+00:00,Chicago Bulls,Indiana Pacers,0.6386,0.645,0.647,0.6312,11.0,0.0,6.3,32
401810204,NBA,2025-12-06 02:30:00+00:00,Oklahoma City Thunder,Dallas Mavericks,0.895,0.895,0.893,0.8839,11.0,1.0,0.2,65
401810205,NBA,2025-12-06 22:00:00+00:00,Brooklyn Nets,New Orleans Pelicans,0.608,0.605,0.62,0.5996,11.0,1.0,1.2,123
401810207,NBA,2025-12-07 00:30:00+00:00,Cleveland Cavaliers,Golden State Warriors,0.765,0.765,0.76,0.7584,11.0,0.0,0.7,126
401810208,NBA,2025-12-07 00:30:00+00:00,Detroit Pistons,Milwaukee Bucks,0.845,0.845,0.858,0.8349,11.0,1.0,6.7,67
401810209,NBA,2025-12-07 01:00:00+00:00,Miami Heat,Sacramento Kings,0.7612,0.765,0.76,0.7592,11.0,0.0,14.0,46
401810210,NBA,2025-12-07 01:00:00+00:00,Minnesota Timberwolves,LA Clippers,0.7574,0.755,0.759,0.7467,11.0,1.0,6.5,36
401810211,NBA,2025-12-07 01:30:00+00:00,Dallas Mavericks,Houston Rockets,0.305,0.305,0.301,0.2871,11.0,1.0,1.8,56
401810212,NBA,2025-12-07 17:00:00+00:00,New York Knicks,Orlando Magic,0.515,0.505,0.52,0.5285,11.0,1.0,5.6,53
401772902,NFL,2025-12-07 18:00:00+00:00,Buffalo Bills,Cincinnati Bengals,0.715,0.715,0.711,0.7082,11.0,1.0,0.0,190
401772900,NFL,2025-12-07 18:00:00+00:00,Atlanta Falcons,Seattle Seahawks,0.2637,0.265,0.262,0.2675,11.0,0.0,3.0,93
401772898,NFL,2025-12-07 18:00:00+00:00,Cleveland Browns,Tennessee Titans,0.6414,0.635,0.64,0.6372,11.0,0.0,0.2,80
401772790,NFL,2025-12-07 18:00:00+00:00,New York Jets,Miami Dolphins,0.435,0.435,0.42,0.4301,11.0,0.0,2.5,91
401772792,NFL,2025-12-07 18:00:00+00:00,Tampa Bay Buccaneers,New Orleans Saints,0.7772,0.775,0.776,0.765,11.0,0.0,0.7,62
401772791,NFL,2025-12-07 18:00:00+00:00,Baltimore Ravens,Pittsburgh Steelers,0.705,0.705,0.703,0.7046,11.0,0.0,4.1,81
401772793,NFL,2025-12-07 18:00:00+00:00,Jacksonville Jaguars,Indianapolis Colts,0.4328,0.435,0.441,0.4327,11.0,1.0,0.1,107
401810213,NBA,2025-12-07 20:30:00+00:00,Toronto Raptors,Boston Celtics,0.415,0.41,0.402,0.4208,11.0,0.0,0.1,60
401772794,NFL,2025-12-07 21:05:00+00:00,Las Vegas Raiders,Denver Broncos,0.215,0.225,0.212,0.2162,11.0,0.0,0.0,70
401772897,NFL,2025-12-07 21:25:00+00:00,Green Bay Packers,Chicago Bears,0.7323,0.755,0.746,0.7263,11.0,1.0,0.0,248
401810215,NBA,2025-12-07 23:00:00+00:00,Memphis Grizzlies,Portland Trail Blazers,0.5495,0.545,0.55,0.5415,11.0,1.0,0.4,47
401810214,NBA,2025-12-07 23:00:00+00:00,Charlotte Hornets,Denver Nuggets,0.194,0.19,0.2,0.205,11.0,0.0,0.2,52
401810216,NBA,2025-12-08 00:00:00+00:00,Chicago Bulls,Golden State Warriors,0.485,0.485,0.489,0.4852,11.0,0.0,6.6,95
401810217,NBA,2025-12-08 00:30:00+00:00,Philadelphia 76ers,Los Angeles Lakers,0.4307,0.435,0.43,0.4105,11.0,0.0,0.8,108
401772932,NFL,2025-12-08 01:20:00+00:00,Kansas City Chiefs,Houston Texans,0.675,0.675,0.67,0.6655,11.0,0.0,0.5,363
401810219,NBA,2025-12-09 00:00:00+00:00,Indiana Pacers,Sacramento Kings,0.599,0.605,0.59,0.5995,11.0,1.0,1.5,157
401802812,NHL,2025-12-09 00:30:00+00:00,Toronto Maple Leafs,Tampa Bay Lightning,0.455,0.45,0.44,0.4598,11.0,1.0,1.0,20
401810221,NBA,2025-12-09 01:00:00+00:00,New Orleans Pelicans,San Antonio Spurs,0.2129,0.215,0.208,0.2321,11.0,0.0,0.5,192
401772822,NFL,2025-12-09 01:15:00+00:00,Los Angeles Chargers,Philadelphia Eagles,0.485,0.495,0.477,0.4814,11.0,1.0,0.4,722
401802816,NHL,2025-12-09 03:00:00+00:00,Seattle Kraken,Minnesota Wild,0.435,0.44,0.43,0.4469,11.0,0.0,7.6,27
401802815,NHL,2025-12-09 03:00:00+00:00,Vancouver Canucks,Detroit Red Wings,0.4627,0.465,0.45,0.4648,11.0,0.0,7.5,15
401809833,NBA,2025-12-09 23:00:00+00:00,Orlando Magic,Miami Heat,0.5198,0.525,0.517,0.516,11.0,1.0,0.9,336
401802818,NHL,2025-12-10 00:00:00+00:00,Ottawa Senators,New Jersey Devils,0.5808,0.595,0.58,0.5709,11.0,0.0,27.3,30
401802820,NHL,2025-12-10 00:00:00+00:00,Philadelphia Flyers,San Jose Sharks,0.615,0.625,0.61,0.6157,11.0,1.0,0.2,70
401802821,NHL,2025-12-10 00:00:00+00:00,Pittsburgh Penguins,Anaheim Ducks,0.4901,0.495,0.49,0.4967,11.0,0.0,1.5,49
401802822,NHL,2025-12-10 00:30:00+00:00,Carolina Hurricanes,Columbus Blue Jackets,0.665,0.665,0.654,0.6464,11.0,1.0,4.8,42
401802824,NHL,2025-12-10 01:00:00+00:00,Winnipeg Jets,Dallas Stars,0.425,0.425,0.414,0.4296,11.0,0.0,1.5,58
401802823,NHL,2025-12-10 01:00:00+00:00,St. Louis Blues,Boston Bruins,0.545,0.545,0.558,0.5326,10.0,0.0,1.3,43
401809834,NBA,2025-12-10 01:30:00+00:00,Toronto Raptors,New York Knicks,0.3119,0.315,0.301,0.3151,11.0,0.0,0.5,358
401802825,NHL,2025-12-10 02:00:00+00:00,Edmonton Oilers,Buffalo Sabres,0.6533,0.655,0.65,0.6494,11.0,0.0,19.7,37
401802826,NHL,2025-12-10 02:30:00+00:00,Nashville Predators,Colorado Avalanche,0.335,0.345,0.33,0.3532,11.0,1.0,2.3,98
401802827,NHL,2025-12-11 00:30:00+00:00,Chicago Blackhawks,New York Rangers,0.425,0.425,0.41,0.4314,11.0,1.0,8.5,107
401809836,NBA,2025-12-11 03:00:00+00:00,Los Angeles Lakers,San Antonio Spurs,0.7079,0.715,0.693,0.7075,11.0,0.0,0.0,507
401802831,NHL,2025-12-12 00:00:00+00:00,Toronto Maple Leafs,San Jose Sharks,0.6386,0.625,0.649,0.6351,11.0,0.0,23.9,49
401802832,NHL,2025-12-12 00:00:00+00:00,New Jersey Devils,Tampa Bay Lightning,0.435,0.435,0.432,0.4447,11.0,0.0,38.9,24
401802833,NHL,2025-12-12 00:00:00+00:00,New York Islanders,Anaheim Ducks,0.515,0.515,0.511,0.5149,11.0,1.0,5.6,40
401802836,NHL,2025-12-12 00:00:00+00:00,Washington Capitals,Carolina Hurricanes,0.4798,0.475,0.498,0.4875,11.0,0.0,0.7,53
401802837,NHL,2025-12-12 00:00:00+00:00,Columbus Blue Jackets,Ottawa Senators,0.4677,0.46,0.469,0.4663,11.0,0.0,1.3,55
401836748,NBA,2025-12-12 01:00:00+00:00,New Orleans Pelicans,Portland Trail Blazers,0.385,0.385,0.399,0.3938,11.0,1.0,4.4,233
401836747,NBA,2025-12-12 01:00:00+00:00,Milwaukee Bucks,Boston Celtics,0.2129,0.205,0.22,0.2274,11.0,1.0,1.1,215
401836746,NBA,2025-12-12 01:00:00+00:00,Houston Rockets,LA Clippers,0.7673,0.765,0.765,0.7622,11.0,1.0,5.4,141
401802840,NHL,2025-12-12 01:00:00+00:00,Winnipeg Jets,Boston Bruins,0.5829,0.585,0.59,0.5774,11.0,0.0,0.8,54
401802839,NHL,2025-12-12 01:00:00+00:00,Minnesota Wild,Dallas Stars,0.4378,0.445,0.439,0.4499,11.0,1.0,17.4,40
401802838,NHL,2025-12-12 01:00:00+00:00,Nashville Predators,St. Louis Blues,0.545,0.565,0.54,0.5466,11.0,1.0,3.3,23
401772948,NFL,2025-12-12 01:15:00+00:00,Tampa Bay Buccaneers,Atlanta Falcons,0.725,0.725,0.719,0.7045,11.0,0.0,0.5,846
401802842,NHL,2025-12-12 02:00:00+00:00,Edmonton Oilers,Detroit Red Wings,0.6219,0.625,0.621,0.6152,11.0,1.0,8.1,41
401802841,NHL,2025-12-12 02:30:00+00:00,Colorado Avalanche,Florida Panthers,0.6782,0.685,0.673,0.6732,11.0,1.0,5.7,48
401802843,NHL,2025-12-12 03:00:00+00:00,Vancouver Canucks,Buffalo Sabres,0.4826,0.485,0.489,0.488,11.0,0.0,42.4,24
401836749,NBA,2025-12-12 03:00:00+00:00,Sacramento Kings,Denver Nuggets,0.185,0.195,0.19,0.2062,11.0,0.0,5.4,117
401836752,NBA,2025-12-13 00:00:00+00:00,Philadelphia 76ers,Indiana Pacers,0.675,0.665,0.663,0.6638,11.0,1.0,3.3,153
401836751,NBA,2025-12-13 00:00:00+00:00,Detroit Pistons,Atlanta Hawks,0.7079,0.705,0.71,0.7049,11.0,1.0,0.7,221
401836750,NBA,2025-12-13 00:00:00+00:00,Charlotte Hornets,Chicago Bulls,0.435,0.425,0.431,0.4355,11.0,0.0,1.3,296
401802844,NHL,2025-12-13 01:00:00+00:00,St. Louis Blues,Chicago Blackhawks,0.4774,0.485,0.431,0.4913,11.0,1.0,1.2,126
401836795,NBA,2025-12-13 01:30:00+00:00,Dallas Mavericks,Brooklyn Nets,0.7337,0.725,0.721,0.7277,11.0,1.0,6.1,142
401836796,NBA,2025-12-13 03:00:00+00:00,Golden State Warriors,Minnesota Timberwolves,0.64,0.635,0.63,0.6353,11.0,0.0,1.6,281
401802846,NHL,2025-12-13 17:30:00+00:00,New Jersey Devils,Anaheim Ducks,0.495,0.495,0.49,0.5126,11.0,1.0,0.2,83
401802847,NHL,2025-12-13 19:00:00+00:00,Minnesota Wild,Ottawa Senators,0.5274,0.515,0.537,0.5193,11.0,1.0,2.2,48
401762521,CFB,2025-12-13 20:00:00+00:00,Navy Midshipmen,Army Black Knights,0.705,0.695,0.69,0.6892,11.0,1.0,1.3,136
401802848,NHL,2025-12-13 20:00:00+00:00,Pittsburgh Penguins,San Jose Sharks,0.6169,0.625,0.619,0.6114,11.0,0.0,7.8,31
401802849,NHL,2025-12-13 20:30:00+00:00,New York Islanders,Tampa Bay Lightning,0.4604,0.46,0.461,0.4612,11.0,1.0,32.8,22
401809837,NBA,2025-12-13 22:30:00+00:00,Orlando Magic,New York Knicks,0.385,0.385,0.399,0.3592,11.0,0.0,0.6,239
401802850,NHL,2025-12-14 00:00:00+00:00,Toronto Maple Leafs,Edmonton Oilers,0.4505,0.455,0.438,0.4617,10.0,0.0,3.3,32
401802852,NHL,2025-12-14 00:00:00+00:00,Philadelphia Flyers,Carolina Hurricanes,0.3737,0.375,0.352,0.3795,11.0,0.0,2.9,35
401802854,NHL,2025-12-14 00:00:00+00:00,Winnipeg Jets,Washington Capitals,0.4802,0.485,0.495,0.4789,11.0,1.0,5.9,15
401802855,NHL,2025-12-14 01:00:00+00:00,Chicago Blackhawks,Detroit Red Wings,0.365,0.355,0.365,0.3671,11.0,0.0,4.0,35
401802856,NHL,2025-12-14 01:00:00+00:00,Dallas Stars,Florida Panthers,0.5495,0.555,0.56,0.5503,11.0,0.0,7.6,33
401802857,NHL,2025-12-14 02:00:00+00:00,Colorado Avalanche,Nashville Predators,0.765,0.765,0.768,0.7528,11.0,1.0,13.0,26
401809838,NBA,2025-12-14 02:00:00+00:00,Oklahoma City Thunder,San Antonio Spurs,0.815,0.815,0.81,0.8023,11.0,0.0,0.7,359
401802859,NHL,2025-12-14 17:30:00+00:00,New Jersey Devils,Vancouver Canucks,0.5226,0.515,0.511,0.5259,11.0,0.0,11.3,21
401772903,NFL,2025-12-14 18:00:00+00:00,Houston Texans,Arizona Cardinals,0.815,0.825,0.811,0.8125,11.0,1.0,2.5,89
401772906,NFL,2025-12-14 18:00:00+00:00,Philadelphia Eagles,Las Vegas Raiders,0.8706,0.865,0.86,0.8603,11.0,1.0,0.1,101
401772798,NFL,2025-12-14 18:00:00+00:00,Kansas City Chiefs,Los Angeles Chargers,0.705,0.715,0.713,0.7068,11.0,0.0,0.1,316
401772904,NFL,2025-12-14 18:00:00+00:00,Chicago Bears,Cleveland Browns,0.7638,0.755,0.751,0.7597,11.0,1.0,0.3,135
401772796,NFL,2025-12-14 18:00:00+00:00,Cincinnati Bengals,Baltimore Ravens,0.38,0.385,0.379,0.3958,11.0,0.0,1.0,161
401772795,NFL,2025-12-14 18:00:00+00:00,New England Patriots,Buffalo Bills,0.435,0.435,0.42,0.4396,11.0,0.0,1.3,295
401772797,NFL,2025-12-14 18:00:00+00:00,Jacksonville Jaguars,New York Jets,0.865,0.875,0.855,0.8715,11.0,1.0,1.9,181
401836799,NBA,2025-12-14 20:30:00+00:00,Cleveland Cavaliers,Charlotte Hornets,0.835,0.835,0.83,0.8251,11.0,0.0,2.1,41
401772799,NFL,2025-12-14 21:25:00+00:00,Seattle Seahawks,Indianapolis Colts,0.8408,0.845,0.85,0.8596,11.0,1.0,0.5,287
401772800,NFL,2025-12-14 21:25:00+00:00,Denver Broncos,Green Bay Packers,0.47,0.465,0.477,0.4749,11.0,1.0,0.2,329
401772907,NFL,2025-12-14 21:25:00+00:00,San Francisco 49ers,Tennessee Titans,0.8663,0.865,0.868,0.862,11.0,1.0,2.9,43
401772908,NFL,2025-12-14 21:25:00+00:00,New Orleans Saints,Carolina Panthers,0.435,0.445,0.45,0.434,11.0,1.0,0.0,188
401772909,NFL,2025-12-14 21:25:00+00:00,Los Angeles Rams,Detroit Lions,0.6881,0.695,0.699,0.6892,11.0,1.0,0.4,189
401802861,NHL,2025-12-14 22:00:00+00:00,Carolina Hurricanes,Philadelphia Flyers,0.6884,0.695,0.686,0.6861,11.0,1.0,21.4,12
401836800,NBA,2025-12-14 23:00:00+00:00,Brooklyn Nets,Milwaukee Bucks,0.4776,0.485,0.47,0.4719,11.0,1.0,0.3,40
401836798,NBA,2025-12-14 23:00:00+00:00,Atlanta Hawks,Philadelphia 76ers,0.6089,0.615,0.602,0.6179,11.0,1.0,6.7,74
401802862,NHL,2025-12-14 23:00:00+00:00,Minnesota Wild,Boston Bruins,0.5423,0.545,0.531,0.5436,11.0,1.0,10.2,24
401836801,NBA,2025-12-15 00:00:00+00:00,Minnesota Timberwolves,Sacramento Kings,0.801,0.785,0.798,0.7818,11.0,1.0,2.1,50
401836804,NBA,2025-12-15 00:00:00+00:00,Chicago Bulls,New Orleans Pelicans,0.6318,0.635,0.63,0.6259,11.0,0.0,14.6,39
401802864,NHL,2025-12-15 01:00:00+00:00,Seattle Kraken,Buffalo Sabres,0.4545,0.445,0.467,0.4593,11.0,0.0,12.6,21
401772933,NFL,2025-12-15 01:20:00+00:00,Dallas Cowboys,Minnesota Vikings,0.685,0.685,0.681,0.6818,11.0,0.0,0.2,286
401836802,NBA,2025-12-15 02:00:00+00:00,Portland Trail Blazers,Golden State Warriors,0.3433,0.345,0.349,0.3562,11.0,1.0,5.6,66
401802865,NHL,2025-12-16 00:00:00+00:00,Tampa Bay Lightning,Florida Panthers,0.525,0.525,0.512,0.5276,11.0,0.0,4.0,66
401802866,NHL,2025-12-16 00:00:00+00:00,New York Rangers,Anaheim Ducks,0.505,0.515,0.509,0.5118,11.0,0.0,0.1,59
401836803,NBA,2025-12-16 00:00:00+00:00,Boston Celtics,Detroit Pistons,0.5198,0.515,0.51,0.5262,11.0,0.0,0.1,325
401839023,NBA,2025-12-16 00:30:00+00:00,Miami Heat,Toronto Raptors,0.625,0.635,0.64,0.6639,11.0,0.0,0.0,210
401802867,NHL,2025-12-16 00:30:00+00:00,Winnipeg Jets,Ottawa Senators,0.5427,0.545,0.531,0.5415,11.0,0.0,7.1,36
401802869,NHL,2025-12-16 01:00:00+00:00,Dallas Stars,Los Angeles Kings,0.5522,0.555,0.556,0.5448,11.0,1.0,6.6,53
401772823,NFL,2025-12-16 01:15:00+00:00,Pittsburgh Steelers,Miami Dolphins,0.635,0.635,0.658,0.619,11.0,1.0,0.0,1126
401836806,NBA,2025-12-16 02:30:00+00:00,Denver Nuggets,Houston Rockets,0.4774,0.475,0.489,0.4914,10.0,1.0,0.0,136
401836807,NBA,2025-12-16 03:30:00+00:00,LA Clippers,Memphis Grizzlies,0.645,0.655,0.659,0.6489,11.0,0.0,1.3,222
401802874,NHL,2025-12-17 00:00:00+00:00,New York Rangers,Vancouver Canucks,0.5303,0.525,0.538,0.526,11.0,0.0,5.4,130
401802870,NHL,2025-12-17 00:00:00+00:00,Boston Bruins,Utah Mammoth,0.5124,0.515,0.52,0.5082,11.0,1.0,6.8,86
401802871,NHL,2025-12-17 00:00:00+00:00,Toronto Maple Leafs,Chicago Blackhawks,0.645,0.645,0.631,0.6401,11.0,1.0,0.9,152
401802873,NHL,2025-12-17 00:00:00+00:00,Detroit Red Wings,New York Islanders,0.5377,0.545,0.531,0.5347,11.0,1.0,2.3,77
401802876,NHL,2025-12-17 00:00:00+00:00,Columbus Blue Jackets,Anaheim Ducks,0.5693,0.575,0.561,0.5652,11.0,1.0,3.9,268
401802875,NHL,2025-12-17 00:30:00+00:00,Pittsburgh Penguins,Edmonton Oilers,0.4307,0.43,0.421,0.4329,11.0,0.0,2.9,69
401802878,NHL,2025-12-17 03:00:00+00:00,San Jose Sharks,Calgary Flames,0.4265,0.415,0.429,0.4359,11.0,1.0,0.2,79
401802879,NHL,2025-12-17 03:00:00+00:00,Seattle Kraken,Colorado Avalanche,0.2587,0.265,0.25,0.2695,11.0,0.0,6.0,104
401802880,NHL,2025-12-18 00:00:00+00:00,Florida Panthers,Los Angeles Kings,0.5779,0.565,0.585,0.5693,11.0,1.0,0.2,134
401802881,NHL,2025-12-18 00:30:00+00:00,Detroit Red Wings,Utah Mammoth,0.525,0.515,0.542,0.5303,11.0,0.0,2.1,126
401802882,NHL,2025-12-18 01:00:00+00:00,St. Louis Blues,Winnipeg Jets,0.4208,0.41,0.429,0.4229,11.0,1.0,18.8,79
401810222,NBA,2025-12-18 01:00:00+00:00,Chicago Bulls,Cleveland Cavaliers,0.3433,0.345,0.329,0.3485,11.0,1.0,1.0,422
401810223,NBA,2025-12-18 01:00:00+00:00,Minnesota Timberwolves,Memphis Grizzlies,0.698,0.705,0.696,0.7006,11.0,0.0,1.1,277
401810226,NBA,2025-12-19 00:00:00+00:00,Charlotte Hornets,Atlanta Hawks,0.375,0.375,0.361,0.3731,11.0,1.0,1.9,148
401810227,NBA,2025-12-19 00:00:00+00:00,Indiana Pacers,New York Knicks,0.403,0.415,0.396,0.4014,11.0,0.0,1.7,203
401802891,NHL,2025-12-19 00:00:00+00:00,Columbus Blue Jackets,Minnesota Wild,0.4826,0.51,0.484,0.4889,11.0,0.0,1.0,70
401802889,NHL,2025-12-19 00:00:00+00:00,Tampa Bay Lightning,Los Angeles Kings,0.6633,0.665,0.69,0.6618,11.0,0.0,14.0,43
401802888,NHL,2025-12-19 00:00:00+00:00,Ottawa Senators,Pittsburgh Penguins,0.595,0.595,0.591,0.5969,11.0,1.0,8.4,32
401802885,NHL,2025-12-19 00:00:00+00:00,Boston Bruins,Edmonton Oilers,0.4577,0.445,0.45,0.4545,11.0,0.0,2.5,65
401802886,NHL,2025-12-19 00:30:00+00:00,Buffalo Sabres,Philadelphia Flyers,0.5721,0.575,0.57,0.5728,11.0,1.0,1.8,35
401810228,NBA,2025-12-19 00:30:00+00:00,Brooklyn Nets,Miami Heat,0.2864,0.285,0.28,0.3018,11.0,0.0,1.1,84
401802892,NHL,2025-12-19 01:00:00+00:00,St. Louis Blues,New York Rangers,0.4271,0.435,0.43,0.4383,11.0,0.0,10.6,41
401810224,NBA,2025-12-19 01:00:00+00:00,Oklahoma City Thunder,LA Clippers,0.9059,0.905,0.92,0.9009,11.0,1.0,6.1,123
401810229,NBA,2025-12-19 01:00:00+00:00,Milwaukee Bucks,Toronto Raptors,0.3731,0.375,0.37,0.3739,11.0,0.0,24.2,137
401810230,NBA,2025-12-19 01:00:00+00:00,New Orleans Pelicans,Houston Rockets,0.2189,0.225,0.21,0.2298,11.0,1.0,1.8,88
401772949,NFL,2025-12-19 01:15:00+00:00,Seattle Seahawks,Los Angeles Rams,0.545,0.555,0.56,0.5361,11.0,1.0,0.5,1085
401810231,NBA,2025-12-19 01:30:00+00:00,Dallas Mavericks,Detroit Pistons,0.3367,0.345,0.344,0.3374,11.0,1.0,5.3,75
401802893,NHL,2025-12-19 02:00:00+00:00,Calgary Flames,Seattle Kraken,0.605,0.605,0.6,0.6058,11.0,1.0,7.7,25
401810232,NBA,2025-12-19 02:00:00+00:00,Denver Nuggets,Orlando Magic,0.698,0.705,0.69,0.7001,11.0,1.0,4.0,65
401802894,NHL,2025-12-19 03:00:00+00:00,San Jose Sharks,Dallas Stars,0.355,0.365,0.351,0.361,11.0,0.0,1.0,55
401810235,NBA,2025-12-19 03:00:00+00:00,Portland Trail Blazers,Sacramento Kings,0.7463,0.745,0.742,0.7471,11.0,1.0,5.8,53
401802895,NHL,2025-12-20 00:00:00+00:00,Florida Panthers,Carolina Hurricanes,0.4428,0.45,0.45,0.4521,11.0,1.0,4.5,100
401802896,NHL,2025-12-20 00:00:00+00:00,New York Islanders,Vancouver Canucks,0.56,0.56,0.551,0.5601,11.0,0.0,4.8,65
401810236,NBA,2025-12-20 00:00:00+00:00,Boston Celtics,Miami Heat,0.725,0.735,0.722,0.7173,11.0,1.0,0.3,361
401810237,NBA,2025-12-20 00:00:00+00:00,New York Knicks,Philadelphia 76ers,0.6881,0.685,0.699,0.6795,11.0,0.0,0.6,303
401810239,NBA,2025-12-20 00:30:00+00:00,Cleveland Cavaliers,Chicago Bulls,0.6089,0.615,0.601,0.6128,11.0,0.0,0.2,162
401810238,NBA,2025-12-20 00:30:00+00:00,Atlanta Hawks,San Antonio Spurs,0.3911,0.415,0.41,0.4002,11.0,0.0,1.5,245
401802897,NHL,2025-12-20 02:00:00+00:00,Colorado Avalanche,Winnipeg Jets,0.6768,0.665,0.677,0.6671,11.0,1.0,7.0,64
401802898,NHL,2025-12-20 02:00:00+00:00,Utah Mammoth,New Jersey Devils,0.565,0.575,0.561,0.562,11.0,0.0,6.0,73
401810240,NBA,2025-12-20 02:30:00+00:00,Minnesota Timberwolves,Oklahoma City Thunder,0.305,0.305,0.301,0.309,11.0,1.0,1.8,221
401802899,NHL,2025-12-20 03:00:00+00:00,Anaheim Ducks,Dallas Stars,0.5198,0.515,0.529,0.5109,11.0,0.0,4.2,77
401802900,NHL,2025-12-20 17:30:00+00:00,New York Rangers,Philadelphia Flyers,0.585,0.585,0.6,0.5781,11.0,1.0,2.2,56
401802902,NHL,2025-12-20 20:00:00+00:00,Ottawa Senators,Chicago Blackhawks,0.6995,0.705,0.703,0.7023,11.0,1.0,0.1,19
401802903,NHL,2025-12-20 20:00:00+00:00,Minnesota Wild,Edmonton Oilers,0.5473,0.545,0.558,0.5452,11.0,1.0,2.5,60
401810241,NBA,2025-12-20 22:00:00+00:00,Denver Nuggets,Houston Rockets,0.48,0.475,0.467,0.4864,10.0,0.0,1.1,165
401802904,NHL,2025-12-20 22:00:00+00:00,Buffalo Sabres,New York Islanders,0.6089,0.615,0.61,0.6074,11.0,1.0,11.6,62
401802905,NHL,2025-12-20 23:00:00+00:00,Florida Panthers,St. Louis Blues,0.6188,0.625,0.619,0.6096,11.0,0.0,4.3,46
401802906,NHL,2025-12-21 00:00:00+00:00,Boston Bruins,Vancouver Canucks,0.6212,0.615,0.629,0.6213,11.0,0.0,47.1,37
401802908,NHL,2025-12-21 00:00:00+00:00,Tampa Bay Lightning,Carolina Hurricanes,0.5369,0.555,0.549,0.5433,11.0,1.0,2.0,34
401810242,NBA,2025-12-21 00:00:00+00:00,Philadelphia 76ers,Dallas Mavericks,0.5248,0.52,0.521,0.5178,11.0,1.0,4.1,86
401810243,NBA,2025-12-21 00:00:00+00:00,Toronto Raptors,Boston Celtics,0.5274,0.535,0.53,0.5265,11.0,0.0,0.1,85
401810244,NBA,2025-12-21 00:00:00+00:00,New Orleans Pelicans,Indiana Pacers,0.5622,0.555,0.562,0.5545,11.0,1.0,0.6,75
401810245,NBA,2025-12-21 00:30:00+00:00,Detroit Pistons,Charlotte Hornets,0.797,0.795,0.801,0.7976,11.0,1.0,0.4,92
401772613,NFL,2025-12-21 01:20:00+00:00,Chicago Bears,Green Bay Packers,0.525,0.525,0.513,0.5202,11.0,1.0,0.2,796
401810249,NBA,2025-12-21 03:00:00+00:00,Sacramento Kings,Portland Trail Blazers,0.395,0.4,0.4,0.3907,11.0,0.0,3.3,40
401802912,NHL,2025-12-21 03:00:00+00:00,San Jose Sharks,Seattle Kraken,0.5373,0.545,0.546,0.5349,11.0,0.0,0.2,32
401802911,NHL,2025-12-21 03:00:00+00:00,Anaheim Ducks,Columbus Blue Jackets,0.5149,0.515,0.519,0.515,11.0,1.0,11.7,29
401810250,NBA,2025-12-21 03:30:00+00:00,LA Clippers,Los Angeles Lakers,0.4627,0.455,0.46,0.4615,11.0,1.0,9.0,146
401772934,NFL,2025-12-21 18:00:00+00:00,Miami Dolphins,Cincinnati Bengals,0.355,0.365,0.369,0.3623,11.0,0.0,0.0,279
401772801,NFL,2025-12-21 18:00:00+00:00,New Orleans Saints,New York Jets,0.725,0.725,0.735,0.7134,11.0,1.0,0.7,220
401772802,NFL,2025-12-21 18:00:00+00:00,Cleveland Browns,Buffalo Bills,0.1741,0.175,0.176,0.1811,11.0,0.0,0.2,532
401772803,NFL,2025-12-21 18:00:00+00:00,Tennessee Titans,Kansas City Chiefs,0.385,0.375,0.39,0.392,11.0,1.0,0.4,254
401772910,NFL,2025-12-21 18:00:00+00:00,Dallas Cowboys,Los Angeles Chargers,0.525,0.535,0.522,0.525,9.0,0.0,0.1,515
401772911,NFL,2025-12-21 18:00:00+00:00,New York Giants,Minnesota Vikings,0.4307,0.435,0.439,0.4326,11.0,0.0,0.5,324
401772912,NFL,2025-12-21 18:00:00+00:00,Carolina Panthers,Tampa Bay Buccaneers,0.405,0.415,0.401,0.4141,11.0,1.0,0.3,451
401810251,NBA,2025-12-21 20:30:00+00:00,Atlanta Hawks,Chicago Bulls,0.602,0.595,0.59,0.6157,11.0,0.0,2.3,120
401772913,NFL,2025-12-21 21:05:00+00:00,Denver Broncos,Jacksonville Jaguars,0.625,0.625,0.621,0.6181,11.0,0.0,0.0,626
401772914,NFL,2025-12-21 21:05:00+00:00,Arizona Cardinals,Atlanta Falcons,0.43,0.425,0.434,0.4287,11.0,0.0,0.2,321
401772805,NFL,2025-12-21 21:25:00+00:00,Houston Texans,Las Vegas Raiders,0.8905,0.885,0.894,0.8887,11.0,1.0,0.2,387
401772806,NFL,2025-12-21 21:25:00+00:00,Detroit Lions,Pittsburgh Steelers,0.765,0.775,0.769,0.766,11.0,0.0,0.2,819
401802914,NHL,2025-12-21 23:00:00+00:00,Minnesota Wild,Colorado Avalanche,0.401,0.385,0.399,0.3981,11.0,0.0,2.1,149
401810252,NBA,2025-12-21 23:00:00+00:00,Brooklyn Nets,Toronto Raptors,0.401,0.405,0.391,0.4107,11.0,1.0,0.5,138
401810253,NBA,2025-12-21 23:00:00+00:00,New York Knicks,Miami Heat,0.7164,0.715,0.729,0.7111,11.0,1.0,1.0,208
401810255,NBA,2025-12-22 00:00:00+00:00,Minnesota Timberwolves,Milwaukee Bucks,0.835,0.835,0.832,0.8275,11.0,1.0,1.8,117
401802920,NHL,2025-12-22 00:00:00+00:00,Utah Mammoth,Winnipeg Jets,0.5323,0.525,0.539,0.526,11.0,1.0,4.2,35
401802919,NHL,2025-12-22 00:00:00+00:00,Dallas Stars,Toronto Maple Leafs,0.6584,0.655,0.659,0.6557,11.0,1.0,4.4,67
401802916,NHL,2025-12-22 00:00:00+00:00,New Jersey Devils,Buffalo Sabres,0.6139,0.615,0.637,0.6101,11.0,0.0,1.1,60
401802915,NHL,2025-12-22 00:00:00+00:00,Boston Bruins,Ottawa Senators,0.435,0.425,0.436,0.4302,11.0,0.0,5.3,37
401772804,NFL,2025-12-22 01:20:00+00:00,Baltimore Ravens,New England Patriots,0.645,0.655,0.63,0.6351,11.0,0.0,0.0,2665
401810256,NBA,2025-12-22 03:00:00+00:00,Sacramento Kings,Houston Rockets,0.1733,0.175,0.156,0.1682,11.0,1.0,0.1,230
401802922,NHL,2025-12-23 00:00:00+00:00,Tampa Bay Lightning,St. Louis Blues,0.695,0.695,0.691,0.6856,11.0,1.0,0.0,131
401810257,NBA,2025-12-23 00:00:00+00:00,Cleveland Cavaliers,Charlotte Hornets,0.755,0.755,0.755,0.7492,11.0,1.0,0.4,338
401802923,NHL,2025-12-23 00:30:00+00:00,Philadelphia Flyers,Vancouver Canucks,0.5572,0.555,0.58,0.5441,11.0,1.0,0.4,135
401810258,NBA,2025-12-23 00:30:00+00:00,Boston Celtics,Indiana Pacers,0.825,0.825,0.829,0.8219,11.0,1.0,1.5,300
401810259,NBA,2025-12-23 01:00:00+00:00,New Orleans Pelicans,Dallas Mavericks,0.4826,0.475,0.471,0.4879,11.0,1.0,0.4,504
401772824,NFL,2025-12-23 01:15:00+00:00,Indianapolis Colts,San Francisco 49ers,0.335,0.345,0.333,0.3368,11.0,0.0,0.3,3262
401810261,NBA,2025-12-23 02:30:00+00:00,Oklahoma City Thunder,Memphis Grizzlies,0.8861,0.885,0.89,0.8831,11.0,1.0,0.5,271
401802924,NHL,2025-12-23 03:00:00+00:00,Anaheim Ducks,Seattle Kraken,0.6188,0.625,0.627,0.6155,11.0,0.0,0.3,161
401802925,NHL,2025-12-23 03:00:00+00:00,Los Angeles Kings,Columbus Blue Jackets,0.5891,0.595,0.576,0.5887,11.0,0.0,3.4,110
401810262,NBA,2025-12-23 03:00:00+00:00,Golden State Warriors,Orlando Magic,0.6667,0.665,0.671,0.665,11.0,1.0,0.3,362
401810263,NBA,2025-12-23 03:00:00+00:00,Portland Trail Blazers,Detroit Pistons,0.3184,0.325,0.319,0.3232,11.0,0.0,0.3,216
401802926,NHL,2025-12-23 21:00:00+00:00,Toronto Maple Leafs,Pittsburgh Penguins,0.545,0.54,0.56,0.5475,11.0,1.0,0.4,137
401802930,NHL,2025-12-23 23:30:00+00:00,Detroit Red Wings,Dallas Stars,0.46,0.455,0.452,0.463,11.0,1.0,1.8,113
401810265,NBA,2025-12-24 00:00:00+00:00,Philadelphia 76ers,Brooklyn Nets,0.7673,0.775,0.773,0.7708,11.0,0.0,0.2,300
401802932,NHL,2025-12-24 00:00:00+00:00,Carolina Hurricanes,Florida Panthers,0.565,0.565,0.558,0.5598,11.0,0.0,1.6,83
401802931,NHL,2025-12-24 00:00:00+00:00,New York Islanders,New Jersey Devils,0.45,0.455,0.435,0.4563,11.0,1.0,0.3,81
401802929,NHL,2025-12-24 00:00:00+00:00,Ottawa Senators,Buffalo Sabres,0.598,0.605,0.609,0.5948,11.0,0.0,2.3,62
401810269,NBA,2025-12-24 00:30:00+00:00,Miami Heat,Toronto Raptors,0.6567,0.655,0.649,0.6595,11.0,0.0,0.0,228
401810268,NBA,2025-12-24 00:30:00+00:00,Indiana Pacers,Milwaukee Bucks,0.4776,0.485,0.47,0.4738,11.0,0.0,4.0,285
401810266,NBA,2025-12-24 00:30:00+00:00,Atlanta Hawks,Chicago Bulls,0.5792,0.585,0.59,0.587,11.0,0.0,1.5,278
401810267,NBA,2025-12-24 00:30:00+00:00,Cleveland Cavaliers,New Orleans Pelicans,0.77,0.775,0.79,0.763,11.0,1.0,2.0,218
401810270,NBA,2025-12-24 01:00:00+00:00,Dallas Mavericks,Denver Nuggets,0.315,0.305,0.31,0.3216,11.0,1.0,1.3,209
401810271,NBA,2025-12-24 01:00:00+00:00,Minnesota Timberwolves,New York Knicks,0.7015,0.695,0.709,0.7008,11.0,1.0,2.1,423
401810272,NBA,2025-12-24 01:30:00+00:00,San Antonio Spurs,Oklahoma City Thunder,0.3218,0.315,0.329,0.3222,11.0,1.0,0.7,356
401802934,NHL,2025-12-24 02:00:00+00:00,Chicago Blackhawks,Philadelphia Flyers,0.4774,0.47,0.479,0.4765,11.0,0.0,7.8,84
401802935,NHL,2025-12-24 02:00:00+00:00,Colorado Avalanche,Utah Mammoth,0.705,0.695,0.707,0.7016,11.0,1.0,0.7,63
401802936,NHL,2025-12-24 02:00:00+00:00,Edmonton Oilers,Calgary Flames,0.5693,0.575,0.579,0.5668,11.0,1.0,0.9,46
401802938,NHL,2025-12-24 03:00:00+00:00,Los Angeles Kings,Seattle Kraken,0.6683,0.67,0.663,0.6583,11.0,0.0,3.9,88
401810275,NBA,2025-12-24 03:00:00+00:00,Portland Trail Blazers,Orlando Magic,0.4776,0.485,0.471,0.4769,11.0,0.0,1.7,85
401810276,NBA,2025-12-24 03:00:00+00:00,Sacramento Kings,Detroit Pistons,0.206,0.215,0.21,0.2241,11.0,0.0,1.3,155
401809238,NBA,2025-12-25 17:00:00+00:00,New York Knicks,Cleveland Cavaliers,0.6169,0.615,0.61,0.6302,11.0,1.0,0.4,645
401809239,NBA,2025-12-25 19:30:00+00:00,Oklahoma City Thunder,San Antonio Spurs,0.755,0.755,0.764,0.7572,11.0,0.0,0.7,633
401772711,NFL,2025-12-25 21:30:00+00:00,Minnesota Vikings,Detroit Lions,0.245,0.245,0.25,0.2488,11.0,1.0,0.0,1566
401809240,NBA,2025-12-25 22:17:00+00:00,Golden State Warriors,Dallas Mavericks,0.7277,0.735,0.717,0.7322,11.0,1.0,0.1,554
401809241,NBA,2025-12-26 01:00:00+00:00,Los Angeles Lakers,Houston Rockets,0.4876,0.485,0.491,0.453,11.0,0.0,0.0,1056
401772622,NFL,2025-12-26 01:15:00+00:00,Kansas City Chiefs,Denver Broncos,0.145,0.135,0.137,0.1253,11.0,0.0,0.0,1736
401809242,NBA,2025-12-26 03:30:00+00:00,Denver Nuggets,Minnesota Timberwolves,0.505,0.495,0.48,0.5112,11.0,1.0,0.0,762
401810278,NBA,2025-12-27 00:00:00+00:00,Atlanta Hawks,Miami Heat,0.5792,0.565,0.571,0.5786,11.0,0.0,0.9,452
401810279,NBA,2025-12-27 00:00:00+00:00,Orlando Magic,Charlotte Hornets,0.675,0.675,0.678,0.6679,11.0,0.0,0.6,537
401810281,NBA,2025-12-27 00:00:00+00:00,Indiana Pacers,Boston Celtics,0.2587,0.265,0.247,0.2638,11.0,0.0,0.0,393
401810282,NBA,2025-12-27 00:30:00+00:00,Chicago Bulls,Philadelphia 76ers,0.455,0.455,0.459,0.4858,11.0,1.0,4.4,360
401810283,NBA,2025-12-27 01:00:00+00:00,Memphis Grizzlies,Milwaukee Bucks,0.635,0.635,0.63,0.6407,11.0,1.0,0.3,271
401810286,NBA,2025-12-27 03:00:00+00:00,Portland Trail Blazers,LA Clippers,0.4478,0.455,0.46,0.4431,11.0,0.0,4.0,339
401772951,NFL,2025-12-27 21:30:00+00:00,Los Angeles Chargers,Houston Texans,0.525,0.515,0.511,0.5182,11.0,0.0,0.1,1325
401810287,NBA,2025-12-27 22:00:00+00:00,Sacramento Kings,Dallas Mavericks,0.4322,0.435,0.421,0.429,11.0,1.0,1.1,229
401802939,NHL,2025-12-27 23:00:00+00:00,New York Islanders,New York Rangers,0.4874,0.475,0.489,0.4939,11.0,1.0,0.6,120
401802940,NHL,2025-12-28 00:00:00+00:00,Buffalo Sabres,Boston Bruins,0.545,0.545,0.56,0.5424,11.0,1.0,7.3,61
401802941,NHL,2025-12-28 00:00:00+00:00,Toronto Maple Leafs,Ottawa Senators,0.4505,0.45,0.45,0.4563,11.0,1.0,1.9,35
401802942,NHL,2025-12-28 00:00:00+00:00,Florida Panthers,Tampa Bay Lightning,0.495,0.485,0.503,0.4899,11.0,0.0,5.0,45
401802944,NHL,2025-12-28 00:00:00+00:00,Carolina Hurricanes,Detroit Red Wings,0.6131,0.625,0.601,0.6046,11.0,1.0,2.8,68
401802945,NHL,2025-12-28 00:00:00+00:00,Winnipeg Jets,Minnesota Wild,0.495,0.505,0.49,0.4924,11.0,0.0,4.7,63
401810288,NBA,2025-12-28 00:00:00+00:00,Orlando Magic,Denver Nuggets,0.3911,0.405,0.399,0.3876,11.0,1.0,2.2,239
401810292,NBA,2025-12-28 01:00:00+00:00,Chicago Bulls,Milwaukee Bucks,0.555,0.545,0.54,0.5486,11.0,0.0,0.8,180
401810291,NBA,2025-12-28 01:00:00+00:00,Miami Heat,Indiana Pacers,0.705,0.695,0.7,0.7,11.0,1.0,4.0,113
401810293,NBA,2025-12-28 01:00:00+00:00,Houston Rockets,Cleveland Cavaliers,0.555,0.555,0.56,0.5556,11.0,1.0,1.2,248
401802947,NHL,2025-12-28 01:00:00+00:00,Dallas Stars,Chicago Blackhawks,0.7588,0.745,0.77,0.7529,11.0,0.0,2.1,63
401772953,NFL,2025-12-28 01:00:00+00:00,Green Bay Packers,Baltimore Ravens,0.5495,0.555,0.55,0.5585,11.0,0.0,0.0,1406
401810290,NBA,2025-12-28 01:00:00+00:00,Atlanta Hawks,New York Knicks,0.3317,0.335,0.32,0.3352,11.0,0.0,3.4,176
401810294,NBA,2025-12-28 01:00:00+00:00,Minnesota Timberwolves,Brooklyn Nets,0.835,0.835,0.832,0.8304,11.0,0.0,1.8,220
401802948,NHL,2025-12-28 02:00:00+00:00,Los Angeles Kings,Anaheim Ducks,0.54,0.545,0.532,0.5348,11.0,1.0,0.2,90
401778323,CFB,2025-12-28 02:20:00+00:00,Houston Cougars,LSU Tigers,0.5224,0.525,0.511,0.5132,9.0,1.0,3.1,267
401802949,NHL,2025-12-28 03:00:00+00:00,Calgary Flames,Edmonton Oilers,0.4271,0.425,0.431,0.4277,11.0,1.0,5.1,50
401802950,NHL,2025-12-28 03:00:00+00:00,Vancouver Canucks,San Jose Sharks,0.565,0.555,0.565,0.567,11.0,0.0,6.4,36
401772952,NFL,2025-12-28 18:00:00+00:00,Carolina Panthers,Seattle Seahawks,0.2677,0.265,0.261,0.2723,11.0,0.0,0.2,789
401772916,NFL,2025-12-28 18:00:00+00:00,Miami Dolphins,Tampa Bay Buccaneers,0.3116,0.315,0.3,0.3118,11.0,1.0,0.2,459
401772915,NFL,2025-12-28 18:00:00+00:00,Indianapolis Colts,Jacksonville Jaguars,0.3384,0.335,0.331,0.3457,11.0,0.0,0.9,479
401772954,NFL,2025-12-28 18:00:00+00:00,Cincinnati Bengals,Arizona Cardinals,0.745,0.745,0.74,0.7422,11.0,1.0,0.3,231
401772808,NFL,2025-12-28 18:00:00+00:00,New York Jets,New England Patriots,0.125,0.135,0.135,0.1401,11.0,0.0,0.6,479
401772807,NFL,2025-12-28 18:00:00+00:00,Cleveland Browns,Pittsburgh Steelers,0.3416,0.335,0.337,0.3515,11.0,1.0,0.6,675
401772809,NFL,2025-12-28 18:00:00+00:00,Tennessee Titans,New Orleans Saints,0.495,0.485,0.497,0.4925,8.0,0.0,0.1,717
401810296,NBA,2025-12-28 20:30:00+00:00,Toronto Raptors,Golden State Warriors,0.375,0.375,0.371,0.3879,11.0,1.0,0.1,226
401810297,NBA,2025-12-28 20:30:00+00:00,Oklahoma City Thunder,Philadelphia 76ers,0.8557,0.865,0.857,0.8603,11.0,1.0,1.0,295
401772950,NFL,2025-12-28 21:05:00+00:00,Las Vegas Raiders,New York Giants,0.415,0.415,0.409,0.4114,11.0,0.0,0.0,399
401772917,NFL,2025-12-28 21:25:00+00:00,Buffalo Bills,Philadelphia Eagles,0.615,0.615,0.611,0.5998,11.0,0.0,0.1,1128
401802954,NHL,2025-12-28 22:00:00+00:00,Columbus Blue Jackets,New York Islanders,0.5606,0.555,0.561,0.5592,11.0,1.0,2.3,70
401810299,NBA,2025-12-28 23:00:00+00:00,Portland Trail Blazers,Boston Celtics,0.2985,0.295,0.31,0.3007,11.0,1.0,0.2,185
401802952,NHL,2025-12-29 00:00:00+00:00,Detroit Red Wings,Toronto Maple Leafs,0.5522,0.545,0.55,0.5508,11.0,1.0,1.1,106
401802955,NHL,2025-12-29 00:00:00+00:00,Chicago Blackhawks,Pittsburgh Penguins,0.4179,0.425,0.43,0.4174,11.0,0.0,1.6,72
401802956,NHL,2025-12-29 01:00:00+00:00,Seattle Kraken,Philadelphia Flyers,0.425,0.425,0.412,0.43,11.0,1.0,0.6,108
401772935,NFL,2025-12-29 01:20:00+00:00,San Francisco 49ers,Chicago Bears,0.655,0.665,0.67,0.6455,11.0,1.0,0.1,1760
401810300,NBA,2025-12-29 02:00:00+00:00,LA Clippers,Detroit Pistons,0.395,0.385,0.389,0.4092,11.0,1.0,0.1,353
401810301,NBA,2025-12-29 02:30:00+00:00,Los Angeles Lakers,Sacramento Kings,0.805,0.805,0.803,0.8092,11.0,1.0,0.9,405
401802959,NHL,2025-12-30 00:00:00+00:00,Carolina Hurricanes,New York Rangers,0.625,0.615,0.619,0.6091,11.0,1.0,2.3,70
401810302,NBA,2025-12-30 00:00:00+00:00,Charlotte Hornets,Milwaukee Bucks,0.4179,0.425,0.421,0.4199,11.0,0.0,0.3,294
401802957,NHL,2025-12-30 00:30:00+00:00,Ottawa Senators,Columbus Blue Jackets,0.655,0.66,0.65,0.6537,11.0,0.0,7.8,59
401802960,NHL,2025-12-30 00:30:00+00:00,Winnipeg Jets,Edmonton Oilers,0.5,0.515,0.491,0.4927,11.0,0.0,2.0,65
401810304,NBA,2025-12-30 00:30:00+00:00,Brooklyn Nets,Golden State Warriors,0.3417,0.34,0.325,0.3462,11.0,0.0,2.7,291
401810305,NBA,2025-12-30 00:30:00+00:00,Miami Heat,Denver Nuggets,0.465,0.475,0.46,0.468,11.0,1.0,1.3,289
401810306,NBA,2025-12-30 00:30:00+00:00,Toronto Raptors,Orlando Magic,0.485,0.475,0.487,0.4773,11.0,1.0,0.6,164
401810311,NBA,2025-12-30 01:00:00+00:00,San Antonio Spurs,Cleveland Cavaliers,0.595,0.595,0.591,0.5871,11.0,0.0,0.4,243
401810310,NBA,2025-12-30 01:00:00+00:00,Oklahoma City Thunder,Atlanta Hawks,0.896,0.895,0.9,0.8861,11.0,1.0,0.3,191
401810308,NBA,2025-12-30 01:00:00+00:00,Houston Rockets,Indiana Pacers,0.845,0.845,0.848,0.8415,11.0,1.0,0.1,165
401802961,NHL,2025-12-30 01:00:00+00:00,St. Louis Blues,Buffalo Sabres,0.475,0.485,0.471,0.4833,11.0,0.0,0.6,40
401810309,NBA,2025-12-30 01:00:00+00:00,New Orleans Pelicans,New York Knicks,0.255,0.255,0.25,0.2615,11.0,0.0,0.5,122
401772825,NFL,2025-12-30 01:15:00+00:00,Atlanta Falcons,Los Angeles Rams,0.2426,0.235,0.241,0.2496,11.0,1.0,0.1,1805
401802962,NHL,2025-12-30 02:00:00+00:00,Colorado Avalanche,Los Angeles Kings,0.6734,0.665,0.679,0.6693,11.0,1.0,17.8,71
401802964,NHL,2025-12-30 02:00:00+00:00,Calgary Flames,Boston Bruins,0.535,0.545,0.531,0.5396,11.0,1.0,6.8,61
401802966,NHL,2025-12-30 03:00:00+00:00,Anaheim Ducks,San Jose Sharks,0.595,0.605,0.59,0.607,11.0,0.0,1.0,69
401802967,NHL,2025-12-30 03:00:00+00:00,Seattle Kraken,Vancouver Canucks,0.4747,0.465,0.47,0.4767,11.0,0.0,2.5,50
401778326,CFB,2025-12-30 22:30:00+00:00,Illinois Fighting Illini,Tennessee Volunteers,0.435,0.435,0.44,0.4279,9.0,1.0,1.0,321
401802970,NHL,2025-12-31 00:00:00+00:00,Pittsburgh Penguins,Carolina Hurricanes,0.4505,0.455,0.459,0.4567,11.0,1.0,0.3,91
401802968,NHL,2025-12-31 00:00:00+00:00,Toronto Maple Leafs,New Jersey Devils,0.4406,0.425,0.45,0.442,11.0,1.0,0.5,152
401810313,NBA,2025-12-31 01:00:00+00:00,Memphis Grizzlies,Philadelphia 76ers,0.4703,0.465,0.451,0.4752,11.0,0.0,0.2,455
401802971,NHL,2025-12-31 01:30:00+00:00,Chicago Blackhawks,New York Islanders,0.445,0.435,0.449,0.4408,11.0,0.0,2.1,105
401778327,CFB,2025-12-31 02:00:00+00:00,TCU Horned Frogs,USC Trojans,0.355,0.355,0.36,0.3602,10.0,1.0,0.2,234
401802972,NHL,2025-12-31 03:00:00+00:00,Vancouver Canucks,Philadelphia Flyers,0.415,0.425,0.4,0.4251,11.0,0.0,1.1,119
401810315,NBA,2025-12-31 03:30:00+00:00,Los Angeles Lakers,Detroit Pistons,0.435,0.435,0.431,0.4369,11.0,0.0,0.6,627
401810316,NBA,2025-12-31 04:00:00+00:00,LA Clippers,Sacramento Kings,0.775,0.775,0.765,0.7751,11.0,1.0,2.0,342
401810317,NBA,2025-12-31 18:00:00+00:00,Charlotte Hornets,Golden State Warriors,0.275,0.275,0.27,0.2819,11.0,0.0,0.5,350
401810318,NBA,2025-12-31 20:00:00+00:00,Atlanta Hawks,Minnesota Timberwolves,0.345,0.355,0.341,0.3461,11.0,1.0,0.0,201
401810319,NBA,2025-12-31 20:00:00+00:00,Indiana Pacers,Orlando Magic,0.3731,0.375,0.372,0.3744,11.0,0.0,0.1,167
401802976,NHL,2025-12-31 21:00:00+00:00,San Jose Sharks,Minnesota Wild,0.3881,0.385,0.403,0.3848,11.0,1.0,1.2,54
401802975,NHL,2025-12-31 21:00:00+00:00,Anaheim Ducks,Tampa Bay Lightning,0.401,0.41,0.408,0.4102,11.0,0.0,1.3,67
401802977,NHL,2025-12-31 23:30:00+00:00,Detroit Red Wings,Winnipeg Jets,0.475,0.475,0.463,0.4767,11.0,1.0,0.4,100
401802978,NHL,2026-01-01 00:00:00+00:00,Columbus Blue Jackets,New Jersey Devils,0.525,0.525,0.54,0.5245,11.0,0.0,0.4,76
401810321,NBA,2026-01-01 00:00:00+00:00,Chicago Bulls,New Orleans Pelicans,0.5423,0.535,0.55,0.5333,11.0,1.0,0.1,308
401810322,NBA,2026-01-01 00:00:00+00:00,San Antonio Spurs,New York Knicks,0.602,0.595,0.6,0.5911,11.0,1.0,0.2,358
401810323,NBA,2026-01-01 00:30:00+00:00,Toronto Raptors,Denver Nuggets,0.695,0.705,0.693,0.6873,11.0,0.0,0.2,253
401802979,NHL,2026-01-01 01:00:00+00:00,Dallas Stars,Buffalo Sabres,0.5821,0.595,0.59,0.5806,11.0,0.0,0.6,86
401810325,NBA,2026-01-01 01:00:00+00:00,Oklahoma City Thunder,Portland Trail Blazers,0.885,0.885,0.88,0.8734,11.0,1.0,1.4,219
401802980,NHL,2026-01-01 02:00:00+00:00,Colorado Avalanche,St. Louis Blues,0.7574,0.745,0.76,0.7512,11.0,1.0,4.5,108
401802982,NHL,2026-01-01 02:30:00+00:00,Edmonton Oilers,Boston Bruins,0.625,0.615,0.613,0.6172,11.0,0.0,1.5,99
401802981,NHL,2026-01-01 02:30:00+00:00,Calgary Flames,Philadelphia Flyers,0.5572,0.565,0.541,0.5564,11.0,1.0,1.6,67
401802984,NHL,2026-01-01 20:00:00+00:00,New York Islanders,Utah Mammoth,0.4752,0.465,0.48,0.4686,11.0,0.0,0.5,82
401810326,NBA,2026-01-01 23:00:00+00:00,Brooklyn Nets,Houston Rockets,0.175,0.175,0.169,0.1752,11.0,0.0,0.5,345
401802985,NHL,2026-01-02 00:00:00+00:00,Toronto Maple Leafs,Winnipeg Jets,0.545,0.535,0.54,0.5521,11.0,1.0,1.4,98
401802986,NHL,2026-01-02 00:00:00+00:00,Pittsburgh Penguins,Detroit Red Wings,0.5423,0.555,0.541,0.5508,11.0,1.0,0.2,112
401802990,NHL,2026-01-02 00:00:00+00:00,Los Angeles Kings,Tampa Bay Lightning,0.5297,0.535,0.521,0.5207,11.0,0.0,1.6,95
401810327,NBA,2026-01-02 00:00:00+00:00,Detroit Pistons,Miami Heat,0.6318,0.635,0.63,0.6289,11.0,0.0,0.9,322
401802988,NHL,2026-01-02 01:30:00+00:00,Chicago Blackhawks,Dallas Stars,0.375,0.375,0.389,0.382,11.0,1.0,0.2,131
401810328,NBA,2026-01-02 01:30:00+00:00,Dallas Mavericks,Philadelphia 76ers,0.4378,0.435,0.439,0.446,11.0,0.0,1.0,339
401810329,NBA,2026-01-02 03:00:00+00:00,Sacramento Kings,Boston Celtics,0.205,0.205,0.213,0.2237,11.0,0.0,0.1,256
401778332,CFB,2026-01-02 18:00:00+00:00,Texas State Bobcats,Rice Owls,0.875,0.885,0.881,0.8658,10.0,1.0,0.1,243
401778333,CFB,2026-01-02 21:30:00+00:00,Cincinnati Bearcats,Navy Midshipmen,0.2786,0.285,0.279,0.2814,10.0,0.0,1.8,221
401810331,NBA,2026-01-03 00:00:00+00:00,Indiana Pacers,San Antonio Spurs,0.34,0.345,0.333,0.3531,11.0,0.0,0.4,573
401810333,NBA,2026-01-03 00:30:00+00:00,Cleveland Cavaliers,Denver Nuggets,0.8507,0.86,0.855,0.855,11.0,1.0,2.6,553
401810334,NBA,2026-01-03 00:30:00+00:00,New York Knicks,Atlanta Hawks,0.6219,0.615,0.629,0.6769,11.0,0.0,2.9,208
401802992,NHL,2026-01-03 01:00:00+00:00,Florida Panthers,New York Rangers,0.5729,0.565,0.561,0.5689,11.0,0.0,1.2,202
401810335,NBA,2026-01-03 01:00:00+00:00,Chicago Bulls,Orlando Magic,0.355,0.355,0.344,0.3625,11.0,1.0,5.0,170
401810336,NBA,2026-01-03 01:00:00+00:00,Milwaukee Bucks,Charlotte Hornets,0.675,0.675,0.68,0.6709,11.0,1.0,0.8,126
401810337,NBA,2026-01-03 01:00:00+00:00,New Orleans Pelicans,Portland Trail Blazers,0.402,0.405,0.409,0.4165,11.0,0.0,10.1,141
401810339,NBA,2026-01-03 03:00:00+00:00,Golden State Warriors,Oklahoma City Thunder,0.145,0.155,0.159,0.1655,11.0,0.0,0.1,338
401802993,NHL,2026-01-03 03:30:00+00:00,Vancouver Canucks,Seattle Kraken,0.5594,0.565,0.555,0.5629,11.0,0.0,1.6,153
401802994,NHL,2026-01-03 03:30:00+00:00,Anaheim Ducks,Minnesota Wild,0.4523,0.445,0.441,0.4564,11.0,0.0,1.2,119
401810340,NBA,2026-01-03 03:30:00+00:00,Los Angeles Lakers,Memphis Grizzlies,0.6515,0.645,0.659,0.6239,11.0,1.0,0.1,199
401802995,NHL,2026-01-03 17:00:00+00:00,Detroit Red Wings,Pittsburgh Penguins,0.545,0.545,0.549,0.5534,11.0,0.0,0.5,101
401802996,NHL,2026-01-03 20:00:00+00:00,New Jersey Devils,Utah Mammoth,0.5126,0.515,0.5,0.5137,11.0,1.0,2.1,54
401802997,NHL,2026-01-03 20:00:00+00:00,Columbus Blue Jackets,Buffalo Sabres,0.4975,0.505,0.485,0.4989,11.0,1.0,3.5,50
401802998,NHL,2026-01-03 20:30:00+00:00,Edmonton Oilers,Philadelphia Flyers,0.585,0.585,0.581,0.5881,11.0,0.0,0.4,82
401803000,NHL,2026-01-03 21:00:00+00:00,San Jose Sharks,Tampa Bay Lightning,0.345,0.34,0.354,0.3461,11.0,0.0,1.0,60
401772969,NFL,2026-01-03 21:30:00+00:00,Tampa Bay Buccaneers,Carolina Panthers,0.605,0.605,0.59,0.5864,11.0,1.0,0.2,1197
401810341,NBA,2026-01-03 22:00:00+00:00,Miami Heat,Minnesota Timberwolves,0.445,0.445,0.441,0.4369,11.0,0.0,0.4,188
401803001,NHL,2026-01-04 00:00:00+00:00,Ottawa Senators,Winnipeg Jets,0.5327,0.535,0.521,0.529,11.0,1.0,1.8,50
401803002,NHL,2026-01-04 00:00:00+00:00,New York Islanders,Toronto Maple Leafs,0.4925,0.495,0.49,0.4906,11.0,1.0,2.5,49
401803004,NHL,2026-01-04 00:00:00+00:00,Carolina Hurricanes,Colorado Avalanche,0.435,0.425,0.439,0.4348,11.0,0.0,7.2,70
401810342,NBA,2026-01-04 00:30:00+00:00,New York Knicks,Philadelphia 76ers,0.6089,0.605,0.619,0.5929,11.0,0.0,0.5,234
401810343,NBA,2026-01-04 00:30:00+00:00,Toronto Raptors,Atlanta Hawks,0.6368,0.635,0.633,0.6294,11.0,1.0,0.6,120
401772961,NFL,2026-01-04 01:00:00+00:00,San Francisco 49ers,Seattle Seahawks,0.4109,0.415,0.41,0.4229,11.0,0.0,0.5,1350
401810344,NBA,2026-01-04 01:00:00+00:00,Chicago Bulls,Charlotte Hornets,0.535,0.545,0.535,0.5273,11.0,0.0,0.3,107
401810345,NBA,2026-01-04 01:00:00+00:00,San Antonio Spurs,Portland Trail Blazers,0.7413,0.745,0.74,0.7325,11.0,0.0,0.9,134
401810346,NBA,2026-01-04 01:30:00+00:00,Dallas Mavericks,Houston Rockets,0.255,0.265,0.249,0.271,11.0,1.0,1.0,89
401803006,NHL,2026-01-04 02:00:00+00:00,Los Angeles Kings,Minnesota Wild,0.5377,0.535,0.53,0.532,11.0,1.0,1.0,105
401803007,NHL,2026-01-04 03:00:00+00:00,Vancouver Canucks,Boston Bruins,0.435,0.435,0.449,0.4451,11.0,0.0,2.3,51
401810348,NBA,2026-01-04 03:30:00+00:00,LA Clippers,Boston Celtics,0.5297,0.535,0.54,0.5282,11.0,0.0,0.6,231
401772962,NFL,2026-01-04 18:00:00+00:00,Houston Texans,Indianapolis Colts,0.815,0.815,0.83,0.8107,11.0,1.0,0.7,297
401772963,NFL,2026-01-04 18:00:00+00:00,New York Giants,Dallas Cowboys,0.395,0.375,0.39,0.3987,11.0,1.0,0.0,465
401772964,NFL,2026-01-04 18:00:00+00:00,Cincinnati Bengals,Cleveland Browns,0.785,0.785,0.781,0.7849,11.0,0.0,0.0,366
401772966,NFL,2026-01-04 18:00:00+00:00,Atlanta Falcons,New Orleans Saints,0.6617,0.665,0.666,0.6549,11.0,1.0,0.4,721
401772968,NFL,2026-01-04 18:00:00+00:00,Minnesota Vikings,Green Bay Packers,0.8267,0.835,0.832,0.8347,11.0,1.0,0.3,534
401772970,NFL,2026-01-04 18:00:00+00:00,Jacksonville Jaguars,Tennessee Titans,0.86,0.865,0.863,0.8488,11.0,1.0,2.8,235
401810349,NBA,2026-01-04 19:00:00+00:00,Cleveland Cavaliers,Detroit Pistons,0.5871,0.585,0.607,0.5868,11.0,0.0,5.1,199
401810350,NBA,2026-01-04 20:00:00+00:00,Orlando Magic,Indiana Pacers,0.6965,0.69,0.69,0.6803,11.0,1.0,6.6,83
401803009,NHL,2026-01-04 20:00:00+00:00,Columbus Blue Jackets,Pittsburgh Penguins,0.545,0.535,0.54,0.5433,11.0,0.0,4.8,53
401810351,NBA,2026-01-04 20:30:00+00:00,Brooklyn Nets,Denver Nuggets,0.4279,0.43,0.44,0.431,11.0,1.0,2.3,143
401772955,NFL,2026-01-04 21:25:00+00:00,Los Angeles Rams,Arizona Cardinals,0.9059,0.915,0.919,0.8896,11.0,1.0,0.4,217
401772956,NFL,2026-01-04 21:25:00+00:00,Denver Broncos,Los Angeles Chargers,0.885,0.885,0.896,0.8928,11.0,1.0,0.1,593
401772957,NFL,2026-01-04 21:25:00+00:00,Las Vegas Raiders,Kansas City Chiefs,0.365,0.365,0.375,0.3465,11.0,1.0,0.2,285
401772958,NFL,2026-01-04 21:25:00+00:00,New England Patriots,Miami Dolphins,0.885,0.885,0.89,0.8705,11.0,1.0,0.8,269
401772965,NFL,2026-01-04 21:25:00+00:00,Chicago Bears,Detroit Lions,0.6127,0.605,0.601,0.6309,11.0,0.0,0.2,611
401772967,NFL,2026-01-04 21:25:00+00:00,Buffalo Bills,New York Jets,0.8507,0.845,0.847,0.8353,11.0,1.0,0.1,300
401803010,NHL,2026-01-04 22:00:00+00:00,Florida Panthers,Colorado Avalanche,0.4293,0.435,0.42,0.4316,11.0,1.0,3.9,81
401810352,NBA,2026-01-04 23:00:00+00:00,Miami Heat,New Orleans Pelicans,0.7277,0.735,0.73,0.7207,11.0,1.0,0.8,94
401803011,NHL,2026-01-05 00:00:00+00:00,New Jersey Devils,Carolina Hurricanes,0.465,0.47,0.45,0.472,11.0,0.0,7.4,60
401772960,NFL,2026-01-05 01:20:00+00:00,Pittsburgh Steelers,Baltimore Ravens,0.3218,0.315,0.33,0.3317,11.0,1.0,0.3,1432
401810355,NBA,2026-01-05 02:00:00+00:00,Sacramento Kings,Milwaukee Bucks,0.3134,0.315,0.301,0.3237,11.0,0.0,2.2,136
401810356,NBA,2026-01-05 02:30:00+00:00,Los Angeles Lakers,Memphis Grizzlies,0.6617,0.655,0.67,0.6747,11.0,1.0,1.3,231
401803013,NHL,2026-01-06 00:00:00+00:00,New York Rangers,Utah Mammoth,0.4876,0.48,0.491,0.4934,11.0,0.0,0.1,147
401810357,NBA,2026-01-06 00:00:00+00:00,Detroit Pistons,New York Knicks,0.4697,0.455,0.451,0.4665,11.0,1.0,0.4,908
401803015,NHL,2026-01-06 00:30:00+00:00,Ottawa Senators,Detroit Red Wings,0.585,0.595,0.582,0.5839,11.0,0.0,0.0,168
401810358,NBA,2026-01-06 00:30:00+00:00,Boston Celtics,Chicago Bulls,0.796,0.805,0.792,0.7901,11.0,1.0,1.0,513
401810359,NBA,2026-01-06 00:30:00+00:00,Toronto Raptors,Atlanta Hawks,0.5672,0.565,0.569,0.5622,11.0,1.0,0.7,260
401810361,NBA,2026-01-06 01:00:00+00:00,Oklahoma City Thunder,Charlotte Hornets,0.8905,0.885,0.899,0.8831,11.0,0.0,1.4,305
401810362,NBA,2026-01-06 01:30:00+00:00,Philadelphia 76ers,Denver Nuggets,0.8657,0.875,0.864,0.859,11.0,0.0,0.0,589
401810363,NBA,2026-01-06 03:00:00+00:00,LA Clippers,Golden State Warriors,0.395,0.395,0.388,0.4143,11.0,1.0,0.4,492
401803017,NHL,2026-01-06 03:30:00+00:00,Los Angeles Kings,Minnesota Wild,0.4697,0.465,0.46,0.4754,11.0,1.0,0.6,139
401803018,NHL,2026-01-07 00:00:00+00:00,Buffalo Sabres,Vancouver Canucks,0.605,0.605,0.609,0.6034,11.0,1.0,8.1,104
401803019,NHL,2026-01-07 00:00:00+00:00,Tampa Bay Lightning,Colorado Avalanche,0.4901,0.485,0.489,0.4856,11.0,1.0,0.2,268
401803021,NHL,2026-01-07 00:00:00+00:00,Philadelphia Flyers,Anaheim Ducks,0.5672,0.565,0.569,0.5757,11.0,1.0,6.4,94
401803022,NHL,2026-01-07 00:00:00+00:00,Carolina Hurricanes,Dallas Stars,0.5572,0.555,0.55,0.5622,11.0,1.0,0.5,106
401810365,NBA,2026-01-07 00:00:00+00:00,Indiana Pacers,Cleveland Cavaliers,0.3218,0.325,0.311,0.3278,11.0,0.0,0.1,762
401803020,NHL,2026-01-07 00:30:00+00:00,New York Islanders,New Jersey Devils,0.495,0.475,0.481,0.4881,11.0,1.0,1.4,103
401803023,NHL,2026-01-07 00:30:00+00:00,Toronto Maple Leafs,Florida Panthers,0.455,0.465,0.46,0.458,11.0,1.0,1.3,152
401810369,NBA,2026-01-07 01:00:00+00:00,New Orleans Pelicans,Los Angeles Lakers,0.3284,0.335,0.34,0.3339,11.0,0.0,0.7,396
401810367,NBA,2026-01-07 01:00:00+00:00,Memphis Grizzlies,San Antonio Spurs,0.3166,0.32,0.311,0.3244,11.0,1.0,1.8,374
401810368,NBA,2026-01-07 01:00:00+00:00,Minnesota Timberwolves,Miami Heat,0.645,0.645,0.639,0.6469,11.0,1.0,0.2,494
401803026,NHL,2026-01-07 03:00:00+00:00,San Jose Sharks,Columbus Blue Jackets,0.4406,0.445,0.44,0.4417,11.0,1.0,3.4,84
401803027,NHL,2026-01-07 03:00:00+00:00,Seattle Kraken,Boston Bruins,0.4726,0.475,0.47,0.4699,11.0,1.0,4.3,136
401810370,NBA,2026-01-07 04:00:00+00:00,Sacramento Kings,Dallas Mavericks,0.365,0.365,0.369,0.3639,11.0,0.0,0.0,422
401810371,NBA,2026-01-08 00:00:00+00:00,Charlotte Hornets,Toronto Raptors,0.4293,0.425,0.437,0.4451,11.0,0.0,1.5,430
401810372,NBA,2026-01-08 00:00:00+00:00,Detroit Pistons,Chicago Bulls,0.745,0.735,0.739,0.738,11.0,1.0,0.9,344
401810375,NBA,2026-01-08 00:00:00+00:00,Boston Celtics,Denver Nuggets,0.7562,0.765,0.75,0.7585,11.0,0.0,0.3,890
401810377,NBA,2026-01-08 00:30:00+00:00,New York Knicks,LA Clippers,0.6386,0.645,0.631,0.6355,11.0,1.0,2.7,264
401810374,NBA,2026-01-08 00:30:00+00:00,Atlanta Hawks,New Orleans Pelicans,0.79,0.785,0.799,0.786,11.0,1.0,0.4,193
401810376,NBA,2026-01-08 00:30:00+00:00,Brooklyn Nets,Orlando Magic,0.4623,0.465,0.469,0.459,11.0,0.0,0.7,256
401803030,NHL,2026-01-08 02:30:00+00:00,Chicago Blackhawks,St. Louis Blues,0.4798,0.485,0.481,0.4821,11.0,1.0,1.9,83
401803031,NHL,2026-01-08 02:30:00+00:00,Utah Mammoth,Ottawa Senators,0.515,0.515,0.519,0.5203,11.0,1.0,1.0,87
401810378,NBA,2026-01-08 02:30:00+00:00,San Antonio Spurs,Los Angeles Lakers,0.725,0.73,0.721,0.7277,11.0,1.0,0.1,513
401810381,NBA,2026-01-08 03:00:00+00:00,Golden State Warriors,Milwaukee Bucks,0.6881,0.685,0.69,0.6824,11.0,1.0,1.7,263
401810382,NBA,2026-01-08 03:00:00+00:00,Portland Trail Blazers,Houston Rockets,0.295,0.295,0.299,0.2985,11.0,1.0,1.3,156
401803032,NHL,2026-01-08 03:30:00+00:00,Los Angeles Kings,San Jose Sharks,0.6667,0.67,0.679,0.6768,11.0,0.0,0.9,159
401803039,NHL,2026-01-09 00:00:00+00:00,Carolina Hurricanes,Anaheim Ducks,0.665,0.665,0.671,0.6624,11.0,1.0,4.7,107
401810383,NBA,2026-01-09 00:00:00+00:00,Charlotte Hornets,Indiana Pacers,0.6287,0.625,0.64,0.6262,11.0,0.0,0.1,595
401803037,NHL,2026-01-09 00:00:00+00:00,Philadelphia Flyers,Toronto Maple Leafs,0.5224,0.535,0.539,0.5288,11.0,0.0,1.4,201
401803038,NHL,2026-01-09 00:00:00+00:00,Pittsburgh Penguins,New Jersey Devils,0.505,0.51,0.5,0.498,11.0,1.0,1.2,130
401803036,NHL,2026-01-09 00:00:00+00:00,New York Rangers,Buffalo Sabres,0.4673,0.465,0.461,0.4673,11.0,0.0,0.6,107
401803035,NHL,2026-01-09 00:00:00+00:00,Detroit Red Wings,Vancouver Canucks,0.575,0.575,0.58,0.5727,11.0,1.0,1.3,145
401803033,NHL,2026-01-09 00:00:00+00:00,Boston Bruins,Calgary Flames,0.5473,0.555,0.55,0.5487,11.0,1.0,0.5,96
401769075,CFB,2026-01-09 00:30:00+00:00,Ole Miss Rebels,Miami Hurricanes,0.385,0.385,0.4,0.4026,9.0,0.0,0.0,1847
401803041,NHL,2026-01-09 01:00:00+00:00,Winnipeg Jets,Edmonton Oilers,0.4876,0.495,0.481,0.4898,11.0,0.0,2.5,70
401810385,NBA,2026-01-09 01:00:00+00:00,Minnesota Timberwolves,Cleveland Cavaliers,0.575,0.575,0.57,0.5744,11.0,1.0,0.1,436
401803042,NHL,2026-01-09 02:00:00+00:00,Colorado Avalanche,Ottawa Senators,0.7114,0.715,0.729,0.711,11.0,1.0,2.4,96
401803044,NHL,2026-01-09 03:00:00+00:00,Seattle Kraken,Minnesota Wild,0.395,0.395,0.409,0.4065,11.0,0.0,5.4,135
401810388,NBA,2026-01-10 00:00:00+00:00,Orlando Magic,Philadelphia 76ers,0.4109,0.41,0.417,0.418,11.0,0.0,0.5,776
401810387,NBA,2026-01-10 00:00:00+00:00,Boston Celtics,Toronto Raptors,0.7574,0.765,0.754,0.7538,11.0,1.0,0.2,1953
401810390,NBA,2026-01-10 00:30:00+00:00,Brooklyn Nets,LA Clippers,0.325,0.325,0.331,0.3364,11.0,0.0,0.1,449
401803046,NHL,2026-01-10 01:00:00+00:00,Winnipeg Jets,Los Angeles Kings,0.4472,0.445,0.45,0.4464,11.0,1.0,2.4,247
401810391,NBA,2026-01-10 01:00:00+00:00,Memphis Grizzlies,Oklahoma City Thunder,0.3416,0.345,0.331,0.3433,11.0,0.0,1.0,865
401803047,NHL,2026-01-10 02:00:00+00:00,Utah Mammoth,St. Louis Blues,0.6256,0.625,0.625,0.622,11.0,1.0,0.5,180
401810392,NBA,2026-01-10 02:00:00+00:00,Denver Nuggets,Atlanta Hawks,0.4322,0.435,0.44,0.4281,11.0,0.0,0.3,695
401810394,NBA,2026-01-10 03:00:00+00:00,Golden State Warriors,Sacramento Kings,0.8564,0.865,0.864,0.8541,11.0,1.0,0.1,731
401810395,NBA,2026-01-10 03:00:00+00:00,Portland Trail Blazers,Houston Rockets,0.31,0.305,0.319,0.3139,11.0,1.0,1.6,397
401810396,NBA,2026-01-10 03:30:00+00:00,Los Angeles Lakers,Milwaukee Bucks,0.5871,0.585,0.604,0.5829,11.0,0.0,0.2,665
401810397,NBA,2026-01-10 18:00:00+00:00,Cleveland Cavaliers,Minnesota Timberwolves,0.5594,0.565,0.555,0.5564,11.0,1.0,1.0,778
401803048,NHL,2026-01-10 18:00:00+00:00,Boston Bruins,New York Rangers,0.5423,0.545,0.549,0.5417,11.0,1.0,3.9,219
401803049,NHL,2026-01-10 20:30:00+00:00,Pittsburgh Penguins,Calgary Flames,0.592,0.585,0.581,0.5893,11.0,0.0,0.4,134
401803050,NHL,2026-01-10 21:00:00+00:00,Colorado Avalanche,Columbus Blue Jackets,0.7286,0.705,0.714,0.7114,11.0,1.0,2.6,213
401803051,NHL,2026-01-10 21:00:00+00:00,San Jose Sharks,Dallas Stars,0.403,0.405,0.4,0.4055,11.0,1.0,3.1,198
401772979,NFL,2026-01-10 21:30:00+00:00,Carolina Panthers,Los Angeles Rams,0.185,0.185,0.199,0.1843,11.0,0.0,0.0,4730
401810398,NBA,2026-01-11 00:00:00+00:00,Indiana Pacers,Miami Heat,0.315,0.315,0.301,0.3169,11.0,1.0,0.6,669
401803056,NHL,2026-01-11 00:00:00+00:00,Philadelphia Flyers,Tampa Bay Lightning,0.3731,0.375,0.364,0.3793,11.0,0.0,1.0,123
401803057,NHL,2026-01-11 00:00:00+00:00,Carolina Hurricanes,Seattle Kraken,0.7178,0.725,0.74,0.7211,11.0,1.0,0.5,99
401803053,NHL,2026-01-11 00:00:00+00:00,Toronto Maple Leafs,Vancouver Canucks,0.592,0.595,0.591,0.5953,11.0,1.0,0.6,135
401803052,NHL,2026-01-11 00:00:00+00:00,Buffalo Sabres,Anaheim Ducks,0.585,0.575,0.594,0.5777,11.0,1.0,1.5,81
401803055,NHL,2026-01-11 00:00:00+00:00,Ottawa Senators,Florida Panthers,0.53,0.535,0.534,0.5283,11.0,0.0,7.0,114
401810399,NBA,2026-01-11 00:30:00+00:00,Detroit Pistons,LA Clippers,0.5126,0.505,0.523,0.5198,11.0,0.0,1.4,631
401772981,NFL,2026-01-11 01:00:00+00:00,Chicago Bears,Green Bay Packers,0.465,0.455,0.48,0.4594,11.0,1.0,0.0,6723
401803059,NHL,2026-01-11 01:00:00+00:00,Minnesota Wild,New York Islanders,0.593,0.585,0.602,0.5863,11.0,0.0,2.4,129
401810400,NBA,2026-01-11 01:00:00+00:00,Boston Celtics,San Antonio Spurs,0.4925,0.485,0.491,0.4891,11.0,0.0,0.7,603
401810401,NBA,2026-01-11 01:00:00+00:00,Chicago Bulls,Dallas Mavericks,0.605,0.615,0.622,0.5989,11.0,1.0,0.8,269
401803060,NHL,2026-01-11 03:00:00+00:00,Edmonton Oilers,Los Angeles Kings,0.6188,0.615,0.629,0.6175,11.0,0.0,0.1,103
401772977,NFL,2026-01-11 18:00:00+00:00,Jacksonville Jaguars,Buffalo Bills,0.545,0.545,0.541,0.5321,11.0,0.0,0.0,5650
401803062,NHL,2026-01-11 19:00:00+00:00,Winnipeg Jets,New Jersey Devils,0.545,0.535,0.549,0.5341,11.0,1.0,0.2,151
401810403,NBA,2026-01-11 20:00:00+00:00,Orlando Magic,New Orleans Pelicans,0.698,0.705,0.71,0.6909,11.0,1.0,0.7,459
401810404,NBA,2026-01-11 20:30:00+00:00,Memphis Grizzlies,Brooklyn Nets,0.705,0.695,0.701,0.707,11.0,1.0,1.7,322
401772980,NFL,2026-01-11 21:30:00+00:00,Philadelphia Eagles,San Francisco 49ers,0.675,0.685,0.67,0.6802,11.0,0.0,0.0,7095
401803063,NHL,2026-01-11 22:00:00+00:00,Boston Bruins,Pittsburgh Penguins,0.4802,0.485,0.497,0.4816,11.0,1.0,1.9,207
401810405,NBA,2026-01-11 23:00:00+00:00,Toronto Raptors,Philadelphia 76ers,0.4554,0.465,0.44,0.4588,11.0,1.0,0.6,360
401810406,NBA,2026-01-11 23:00:00+00:00,Portland Trail Blazers,New York Knicks,0.3333,0.335,0.321,0.3426,11.0,0.0,2.0,443
401803065,NHL,2026-01-12 00:00:00+00:00,Utah Mammoth,Columbus Blue Jackets,0.6263,0.605,0.616,0.6231,11.0,0.0,1.3,96
401810407,NBA,2026-01-12 00:00:00+00:00,Minnesota Timberwolves,San Antonio Spurs,0.5594,0.565,0.56,0.56,11.0,1.0,0.3,454
401810408,NBA,2026-01-12 00:00:00+00:00,Oklahoma City Thunder,Miami Heat,0.8636,0.855,0.85,0.8535,11.0,1.0,0.3,555
401810409,NBA,2026-01-12 01:00:00+00:00,Denver Nuggets,Milwaukee Bucks,0.335,0.345,0.349,0.3427,11.0,1.0,1.4,409
401772978,NFL,2026-01-12 01:15:00+00:00,New England Patriots,Los Angeles Chargers,0.655,0.655,0.632,0.6358,11.0,1.0,0.0,5036
401810411,NBA,2026-01-12 01:30:00+00:00,Golden State Warriors,Atlanta Hawks,0.7079,0.705,0.701,0.6766,11.0,0.0,0.3,326
401810412,NBA,2026-01-12 02:00:00+00:00,Sacramento Kings,Houston Rockets,0.1592,0.145,0.141,0.1587,11.0,1.0,0.5,270
401803067,NHL,2026-01-13 00:00:00+00:00,Buffalo Sabres,Florida Panthers,0.535,0.52,0.511,0.5221,11.0,0.0,0.0,244
401803068,NHL,2026-01-13 00:00:00+00:00,Detroit Red Wings,Carolina Hurricanes,0.425,0.415,0.439,0.4277,11.0,1.0,0.4,262
401803069,NHL,2026-01-13 00:00:00+00:00,New York Rangers,Seattle Kraken,0.555,0.565,0.569,0.5542,11.0,0.0,0.1,304
401803070,NHL,2026-01-13 00:00:00+00:00,Philadelphia Flyers,Tampa Bay Lightning,0.4208,0.435,0.427,0.4289,11.0,0.0,1.7,226
401810414,NBA,2026-01-13 00:30:00+00:00,Indiana Pacers,Boston Celtics,0.345,0.335,0.333,0.366,11.0,1.0,2.3,1239
401810415,NBA,2026-01-13 00:30:00+00:00,Toronto Raptors,Philadelphia 76ers,0.425,0.425,0.428,0.4201,11.0,0.0,0.3,698
401803072,NHL,2026-01-13 01:00:00+00:00,Minnesota Wild,New Jersey Devils,0.615,0.605,0.619,0.605,11.0,0.0,2.2,208
401772976,NFL,2026-01-13 01:15:00+00:00,Pittsburgh Steelers,Houston Texans,0.405,0.405,0.402,0.4158,11.0,0.0,0.1,9559
401810416,NBA,2026-01-13 01:30:00+00:00,Dallas Mavericks,Brooklyn Nets,0.58,0.575,0.589,0.5898,11.0,1.0,0.6,608
401803073,NHL,2026-01-13 01:30:00+00:00,Chicago Blackhawks,Edmonton Oilers,0.385,0.385,0.395,0.4059,11.0,0.0,1.7,221
401803074,NHL,2026-01-13 03:00:00+00:00,Colorado Avalanche,Toronto Maple Leafs,0.6683,0.67,0.67,0.6735,11.0,0.0,0.1,256
401803075,NHL,2026-01-13 03:00:00+00:00,Los Angeles Kings,Dallas Stars,0.4726,0.475,0.479,0.4764,11.0,0.0,0.1,196
401810417,NBA,2026-01-13 03:00:00+00:00,Sacramento Kings,Los Angeles Lakers,0.245,0.245,0.24,0.246,11.0,1.0,0.0,878
401810418,NBA,2026-01-13 03:30:00+00:00,LA Clippers,Charlotte Hornets,0.635,0.625,0.623,0.6355,11.0,1.0,0.5,822
401803076,NHL,2026-01-14 00:00:00+00:00,Ottawa Senators,Vancouver Canucks,0.665,0.665,0.67,0.6704,11.0,1.0,0.1,273
401803077,NHL,2026-01-14 00:00:00+00:00,Pittsburgh Penguins,Tampa Bay Lightning,0.425,0.435,0.432,0.4364,11.0,0.0,1.7,220
401803079,NHL,2026-01-14 00:00:00+00:00,Columbus Blue Jackets,Calgary Flames,0.5572,0.555,0.552,0.5633,11.0,1.0,0.3,259
401803081,NHL,2026-01-14 00:30:00+00:00,St. Louis Blues,Carolina Hurricanes,0.385,0.385,0.382,0.3881,11.0,1.0,0.6,150
401803080,NHL,2026-01-14 00:30:00+00:00,Boston Bruins,Detroit Red Wings,0.57,0.565,0.571,0.559,11.0,1.0,0.4,264
401803083,NHL,2026-01-14 01:00:00+00:00,Winnipeg Jets,New York Islanders,0.525,0.54,0.548,0.5456,11.0,1.0,0.0,281
401810422,NBA,2026-01-14 01:00:00+00:00,New Orleans Pelicans,Denver Nuggets,0.435,0.445,0.439,0.4399,11.0,0.0,0.5,784
401810423,NBA,2026-01-14 01:00:00+00:00,Oklahoma City Thunder,San Antonio Spurs,0.725,0.725,0.701,0.7218,11.0,1.0,0.1,1841
401803084,NHL,2026-01-14 03:00:00+00:00,Utah Mammoth,Toronto Maple Leafs,0.585,0.595,0.576,0.5886,11.0,1.0,1.2,323
401803085,NHL,2026-01-14 03:00:00+00:00,Anaheim Ducks,Dallas Stars,0.4726,0.465,0.47,0.4727,11.0,1.0,1.7,236
401810424,NBA,2026-01-14 03:30:00+00:00,Los Angeles Lakers,Atlanta Hawks,0.535,0.525,0.542,0.4903,10.0,1.0,0.0,1161
401810425,NBA,2026-01-14 04:00:00+00:00,Golden State Warriors,Portland Trail Blazers,0.797,0.805,0.793,0.7907,11.0,1.0,0.2,931
401803086,NHL,2026-01-15 00:00:00+00:00,New Jersey Devils,Seattle Kraken,0.5779,0.575,0.58,0.583,11.0,1.0,1.5,407
401810427,NBA,2026-01-15 00:00:00+00:00,Philadelphia 76ers,Cleveland Cavaliers,0.5,0.505,0.495,0.5066,9.0,0.0,0.0,658
401803088,NHL,2026-01-15 00:30:00+00:00,New York Rangers,Ottawa Senators,0.4802,0.465,0.472,0.4819,11.0,0.0,4.3,214
401803087,NHL,2026-01-15 00:30:00+00:00,Buffalo Sabres,Philadelphia Flyers,0.5572,0.565,0.556,0.55,11.0,1.0,0.8,188
401810429,NBA,2026-01-15 01:00:00+00:00,New Orleans Pelicans,Brooklyn Nets,0.4975,0.495,0.498,0.508,8.0,1.0,0.1,449
401810430,NBA,2026-01-15 02:30:00+00:00,Dallas Mavericks,Denver Nuggets,0.515,0.515,0.512,0.522,11.0,0.0,0.3,1064
401810431,NBA,2026-01-15 03:00:00+00:00,Sacramento Kings,New York Knicks,0.205,0.205,0.203,0.2065,11.0,1.0,1.1,768
401810433,NBA,2026-01-15 19:00:00+00:00,Orlando Magic,Memphis Grizzlies,0.6667,0.665,0.645,0.6664,11.0,1.0,0.0,1150
401803092,NHL,2026-01-16 00:00:00+00:00,Pittsburgh Penguins,Philadelphia Flyers,0.615,0.605,0.619,0.6058,11.0,1.0,0.5,172
401803094,NHL,2026-01-16 00:00:00+00:00,Columbus Blue Jackets,Vancouver Canucks,0.599,0.595,0.602,0.5985,11.0,1.0,0.6,186
401810435,NBA,2026-01-16 00:30:00+00:00,Miami Heat,Boston Celtics,0.4129,0.415,0.418,0.4325,11.0,0.0,1.8,708
401810436,NBA,2026-01-16 00:30:00+00:00,Houston Rockets,Oklahoma City Thunder,0.385,0.385,0.383,0.3947,11.0,0.0,0.2,1288
401803090,NHL,2026-01-16 01:00:00+00:00,Boston Bruins,Seattle Kraken,0.615,0.615,0.598,0.6116,11.0,1.0,0.1,215
401803095,NHL,2026-01-16 01:00:00+00:00,Minnesota Wild,Winnipeg Jets,0.5495,0.55,0.537,0.5512,11.0,0.0,2.4,367
401810437,NBA,2026-01-16 01:00:00+00:00,San Antonio Spurs,Milwaukee Bucks,0.685,0.685,0.683,0.6809,11.0,1.0,0.7,604
401803096,NHL,2026-01-16 01:30:00+00:00,Chicago Blackhawks,Calgary Flames,0.5226,0.525,0.531,0.5221,11.0,0.0,0.3,218
401803097,NHL,2026-01-16 02:00:00+00:00,Utah Mammoth,Dallas Stars,0.5423,0.535,0.528,0.5421,11.0,1.0,1.7,155
401803098,NHL,2026-01-16 02:00:00+00:00,Edmonton Oilers,New York Islanders,0.599,0.595,0.607,0.6019,11.0,0.0,0.5,146
401810439,NBA,2026-01-16 03:00:00+00:00,Golden State Warriors,New York Knicks,0.6881,0.695,0.689,0.7008,11.0,1.0,0.0,1116
401810440,NBA,2026-01-16 03:00:00+00:00,Portland Trail Blazers,Atlanta Hawks,0.403,0.395,0.4,0.3955,11.0,1.0,0.0,370
401810441,NBA,2026-01-16 03:30:00+00:00,Los Angeles Lakers,Charlotte Hornets,0.599,0.595,0.609,0.5903,11.0,0.0,0.7,871
401803100,NHL,2026-01-17 00:00:00+00:00,Detroit Red Wings,San Jose Sharks,0.605,0.605,0.607,0.6026,11.0,1.0,0.0,351
401803101,NHL,2026-01-17 00:00:00+00:00,Carolina Hurricanes,Florida Panthers,0.615,0.615,0.623,0.6163,11.0,1.0,0.8,269
401810443,NBA,2026-01-17 00:00:00+00:00,Indiana Pacers,New Orleans Pelicans,0.6287,0.63,0.626,0.6222,11.0,1.0,0.0,978
401810444,NBA,2026-01-17 00:00:00+00:00,Philadelphia 76ers,Cleveland Cavaliers,0.565,0.565,0.573,0.5531,11.0,0.0,0.0,824
401810445,NBA,2026-01-17 00:30:00+00:00,Toronto Raptors,LA Clippers,0.5616,0.565,0.569,0.5548,11.0,0.0,2.0,797
401810442,NBA,2026-01-17 00:30:00+00:00,Brooklyn Nets,Chicago Bulls,0.5099,0.505,0.516,0.5125,11.0,1.0,0.3,761
401803102,NHL,2026-01-17 01:00:00+00:00,St. Louis Blues,Tampa Bay Lightning,0.3485,0.345,0.352,0.3576,11.0,1.0,0.1,228
401810446,NBA,2026-01-17 02:30:00+00:00,Houston Rockets,Minnesota Timberwolves,0.6,0.595,0.603,0.605,11.0,1.0,0.0,954
401803104,NHL,2026-01-17 03:30:00+00:00,Los Angeles Kings,Anaheim Ducks,0.575,0.575,0.56,0.5647,11.0,0.0,1.8,461
401803105,NHL,2026-01-17 17:30:00+00:00,Buffalo Sabres,Minnesota Wild,0.5377,0.535,0.54,0.5327,10.0,0.0,0.6,210
401803106,NHL,2026-01-17 18:00:00+00:00,Philadelphia Flyers,New York Rangers,0.5381,0.535,0.538,0.532,11.0,0.0,0.5,181
401803107,NHL,2026-01-17 20:00:00+00:00,Calgary Flames,New York Islanders,0.5224,0.535,0.525,0.5201,11.0,1.0,1.0,157
401772982,NFL,2026-01-17 21:30:00+00:00,Denver Broncos,Buffalo Bills,0.535,0.535,0.521,0.5267,11.0,1.0,0.0,9263
401803108,NHL,2026-01-17 22:00:00+00:00,Utah Mammoth,Seattle Kraken,0.64,0.625,0.636,0.6307,11.0,1.0,2.8,144
401803113,NHL,2026-01-18 00:00:00+00:00,Winnipeg Jets,Toronto Maple Leafs,0.5672,0.575,0.566,0.5637,11.0,0.0,1.5,148
401803110,NHL,2026-01-18 00:00:00+00:00,New Jersey Devils,Carolina Hurricanes,0.4627,0.455,0.452,0.4736,11.0,0.0,0.6,117
401803111,NHL,2026-01-18 00:00:00+00:00,Pittsburgh Penguins,Columbus Blue Jackets,0.52,0.515,0.518,0.5258,11.0,0.0,0.4,150
401810449,NBA,2026-01-18 00:30:00+00:00,Atlanta Hawks,Boston Celtics,0.403,0.405,0.404,0.4082,11.0,0.0,0.1,749
401810450,NBA,2026-01-18 00:30:00+00:00,Detroit Pistons,Indiana Pacers,0.875,0.885,0.873,0.863,11.0,1.0,0.2,624
401803114,NHL,2026-01-18 01:00:00+00:00,Chicago Blackhawks,Boston Bruins,0.46,0.465,0.457,0.4783,11.0,0.0,3.9,204
401810452,NBA,2026-01-18 01:00:00+00:00,Miami Heat,Oklahoma City Thunder,0.1931,0.195,0.185,0.2059,11.0,1.0,1.2,461
401810453,NBA,2026-01-18 01:00:00+00:00,San Antonio Spurs,Minnesota Timberwolves,0.6418,0.635,0.635,0.6331,11.0,1.0,0.1,468
401810454,NBA,2026-01-18 01:30:00+00:00,Golden State Warriors,Charlotte Hornets,0.715,0.715,0.719,0.7133,11.0,1.0,0.5,398
401810456,NBA,2026-01-18 03:00:00+00:00,Portland Trail Blazers,Los Angeles Lakers,0.5792,0.585,0.563,0.5741,11.0,1.0,0.1,666
401803117,NHL,2026-01-18 03:00:00+00:00,Anaheim Ducks,Los Angeles Kings,0.4596,0.465,0.504,0.4685,11.0,1.0,3.4,210
401803115,NHL,2026-01-18 03:00:00+00:00,Vancouver Canucks,Edmonton Oilers,0.3781,0.375,0.369,0.3801,11.0,0.0,4.7,100
401810457,NBA,2026-01-18 17:00:00+00:00,Memphis Grizzlies,Orlando Magic,0.4208,0.425,0.426,0.4219,11.0,1.0,0.5,596
401803118,NHL,2026-01-18 19:00:00+00:00,Dallas Stars,Tampa Bay Lightning,0.465,0.47,0.469,0.4823,11.0,0.0,0.4,513
401772983,NFL,2026-01-18 20:00:00+00:00,New England Patriots,Houston Texans,0.6287,0.635,0.638,0.6218,11.0,1.0,0.0,7580
401803119,NHL,2026-01-18 22:00:00+00:00,Detroit Red Wings,Ottawa Senators,0.53,0.535,0.536,0.5366,11.0,1.0,0.6,382
401772985,NFL,2026-01-18 23:30:00+00:00,Chicago Bears,Los Angeles Rams,0.355,0.345,0.336,0.3597,11.0,0.0,0.0,7765
401810458,NBA,2026-01-19 00:00:00+00:00,Chicago Bulls,Brooklyn Nets,0.7,0.695,0.709,0.6951,11.0,1.0,0.0,782
401810459,NBA,2026-01-19 00:00:00+00:00,Houston Rockets,New Orleans Pelicans,0.865,0.865,0.866,0.8576,11.0,1.0,0.1,813
401810460,NBA,2026-01-19 01:00:00+00:00,Denver Nuggets,Charlotte Hornets,0.4428,0.445,0.452,0.441,11.0,0.0,0.2,1427
401803120,NHL,2026-01-19 01:00:00+00:00,Edmonton Oilers,St. Louis Blues,0.5808,0.575,0.597,0.5888,11.0,1.0,1.8,509
401810461,NBA,2026-01-19 02:00:00+00:00,Sacramento Kings,Portland Trail Blazers,0.485,0.485,0.487,0.494,11.0,0.0,0.0,897
401810462,NBA,2026-01-19 02:30:00+00:00,Los Angeles Lakers,Toronto Raptors,0.5495,0.545,0.575,0.5414,10.0,1.0,0.2,1037
401809247,NBA,2026-01-19 18:00:00+00:00,Atlanta Hawks,Milwaukee Bucks,0.515,0.525,0.57,0.5221,11.0,0.0,0.2,1667
401803121,NHL,2026-01-19 18:30:00+00:00,Carolina Hurricanes,Buffalo Sabres,0.6318,0.635,0.587,0.6268,11.0,1.0,0.1,432
401809248,NBA,2026-01-19 19:30:00+00:00,Cleveland Cavaliers,Oklahoma City Thunder,0.3333,0.335,0.325,0.3373,11.0,0.0,0.2,1473
401803123,NHL,2026-01-19 22:00:00+00:00,Seattle Kraken,Pittsburgh Penguins,0.4554,0.445,0.443,0.4601,11.0,0.0,5.3,277
401809249,NBA,2026-01-19 22:00:00+00:00,New York Knicks,Dallas Mavericks,0.825,0.825,0.826,0.8121,11.0,0.0,3.5,828
401803124,NHL,2026-01-19 23:00:00+00:00,Florida Panthers,San Jose Sharks,0.6131,0.615,0.622,0.6153,11.0,0.0,1.1,357
401810464,NBA,2026-01-20 00:00:00+00:00,Philadelphia 76ers,Indiana Pacers,0.698,0.685,0.696,0.6864,11.0,1.0,0.4,745
401803125,NHL,2026-01-20 00:30:00+00:00,Toronto Maple Leafs,Minnesota Wild,0.4874,0.495,0.489,0.5033,11.0,0.0,1.8,299
401809250,NBA,2026-01-20 01:00:00+00:00,Detroit Pistons,Boston Celtics,0.555,0.565,0.549,0.5584,11.0,1.0,0.2,1146
401803127,NHL,2026-01-20 01:30:00+00:00,Chicago Blackhawks,Winnipeg Jets,0.4322,0.435,0.438,0.4317,11.0,1.0,3.1,176
401803128,NHL,2026-01-20 02:00:00+00:00,Calgary Flames,New Jersey Devils,0.4776,0.465,0.472,0.4721,11.0,0.0,0.8,227
401803129,NHL,2026-01-20 03:00:00+00:00,Vancouver Canucks,New York Islanders,0.4179,0.415,0.412,0.4175,11.0,0.0,1.2,235
401803130,NHL,2026-01-20 03:00:00+00:00,Anaheim Ducks,New York Rangers,0.5693,0.575,0.573,0.5647,11.0,1.0,1.2,232
401810467,NBA,2026-01-20 03:00:00+00:00,Golden State Warriors,Miami Heat,0.6386,0.635,0.648,0.639,11.0,1.0,0.0,1022
401803132,NHL,2026-01-21 00:00:00+00:00,Tampa Bay Lightning,San Jose Sharks,0.735,0.735,0.734,0.726,11.0,1.0,0.1,357
401803133,NHL,2026-01-21 00:00:00+00:00,Columbus Blue Jackets,Ottawa Senators,0.485,0.495,0.488,0.4932,11.0,0.0,0.2,204
401803134,NHL,2026-01-21 00:30:00+00:00,Dallas Stars,Boston Bruins,0.5594,0.565,0.56,0.5605,11.0,1.0,2.4,347
401810470,NBA,2026-01-21 01:00:00+00:00,Houston Rockets,San Antonio Spurs,0.6089,0.615,0.609,0.6085,11.0,1.0,0.4,1583
401803136,NHL,2026-01-21 01:00:00+00:00,Winnipeg Jets,St. Louis Blues,0.5323,0.535,0.536,0.5315,11.0,1.0,9.2,138
401810469,NBA,2026-01-21 01:00:00+00:00,Chicago Bulls,LA Clippers,0.5729,0.575,0.569,0.5645,11.0,1.0,0.1,972
401803137,NHL,2026-01-21 03:00:00+00:00,Edmonton Oilers,New Jersey Devils,0.625,0.615,0.631,0.6141,11.0,0.0,1.3,287
401803138,NHL,2026-01-21 03:00:00+00:00,Los Angeles Kings,New York Rangers,0.6238,0.615,0.618,0.6212,11.0,1.0,0.2,333
401810472,NBA,2026-01-21 03:00:00+00:00,Denver Nuggets,Los Angeles Lakers,0.415,0.415,0.416,0.4145,11.0,0.0,0.1,1178
401810473,NBA,2026-01-21 03:00:00+00:00,Golden State Warriors,Toronto Raptors,0.607,0.605,0.61,0.6057,11.0,0.0,0.1,917
401810474,NBA,2026-01-21 03:00:00+00:00,Sacramento Kings,Miami Heat,0.3812,0.375,0.382,0.3886,11.0,0.0,0.7,628
401803139,NHL,2026-01-22 00:00:00+00:00,Toronto Maple Leafs,Detroit Red Wings,0.535,0.545,0.541,0.5381,11.0,0.0,0.6,498
401810475,NBA,2026-01-22 00:00:00+00:00,Charlotte Hornets,Cleveland Cavaliers,0.405,0.405,0.402,0.4137,11.0,0.0,0.7,1818
401810477,NBA,2026-01-22 00:30:00+00:00,New York Knicks,Brooklyn Nets,0.845,0.845,0.846,0.8282,11.0,1.0,0.6,779
401810476,NBA,2026-01-22 00:30:00+00:00,Boston Celtics,Indiana Pacers,0.795,0.795,0.791,0.7833,11.0,1.0,1.3,1068
401810479,NBA,2026-01-22 01:00:00+00:00,New Orleans Pelicans,Detroit Pistons,0.2836,0.275,0.283,0.2927,11.0,0.0,0.2,776
401810478,NBA,2026-01-22 01:00:00+00:00,Memphis Grizzlies,Atlanta Hawks,0.5176,0.525,0.52,0.5188,11.0,0.0,0.4,1024
401803140,NHL,2026-01-22 02:00:00+00:00,Colorado Avalanche,Anaheim Ducks,0.735,0.735,0.735,0.7383,11.0,0.0,1.5,353
401803141,NHL,2026-01-22 02:00:00+00:00,Utah Mammoth,Philadelphia Flyers,0.6281,0.625,0.626,0.6225,11.0,1.0,1.7,293
401803142,NHL,2026-01-22 02:30:00+00:00,Calgary Flames,Pittsburgh Penguins,0.4596,0.46,0.444,0.4621,11.0,0.0,0.2,300
401803144,NHL,2026-01-22 02:30:00+00:00,Seattle Kraken,New York Islanders,0.475,0.48,0.475,0.4867,11.0,1.0,2.9,237
401810480,NBA,2026-01-22 02:30:00+00:00,Milwaukee Bucks,Oklahoma City Thunder,0.175,0.175,0.171,0.189,11.0,0.0,0.1,719
401810481,NBA,2026-01-22 03:00:00+00:00,Sacramento Kings,Toronto Raptors,0.3614,0.355,0.351,0.3557,11.0,0.0,0.1,736
401803148,NHL,2026-01-23 00:00:00+00:00,Columbus Blue Jackets,Dallas Stars,0.5,0.495,0.497,0.4973,11.0,1.0,1.3,479
401810482,NBA,2026-01-23 00:00:00+00:00,Orlando Magic,Charlotte Hornets,0.595,0.595,0.601,0.6039,11.0,0.0,0.6,1329
401810483,NBA,2026-01-23 00:00:00+00:00,Philadelphia 76ers,Houston Rockets,0.455,0.455,0.455,0.4477,11.0,1.0,0.2,1171
401810485,NBA,2026-01-23 00:30:00+00:00,Dallas Mavericks,Golden State Warriors,0.315,0.315,0.31,0.3255,11.0,1.0,0.1,962
401803150,NHL,2026-01-23 01:00:00+00:00,Winnipeg Jets,Florida Panthers,0.4975,0.505,0.501,0.4962,11.0,0.0,1.1,270
401803151,NHL,2026-01-23 02:00:00+00:00,Edmonton Oilers,Pittsburgh Penguins,0.615,0.625,0.618,0.623,10.0,0.0,4.0,317
401803152,NHL,2026-01-23 02:30:00+00:00,Minnesota Wild,Detroit Red Wings,0.593,0.595,0.594,0.5892,10.0,1.0,3.1,334
401810488,NBA,2026-01-23 03:00:00+00:00,LA Clippers,Los Angeles Lakers,0.565,0.565,0.558,0.5572,11.0,1.0,0.3,1241
401810489,NBA,2026-01-23 03:00:00+00:00,Portland Trail Blazers,Miami Heat,0.585,0.585,0.584,0.5764,11.0,1.0,0.2,593
401803154,NHL,2026-01-24 00:00:00+00:00,Chicago Blackhawks,Tampa Bay Lightning,0.275,0.265,0.268,0.2801,11.0,0.0,0.5,281
401810490,NBA,2026-01-24 00:00:00+00:00,Detroit Pistons,Houston Rockets,0.615,0.615,0.622,0.6166,11.0,0.0,0.2,1495
401810492,NBA,2026-01-24 00:30:00+00:00,Brooklyn Nets,Boston Celtics,0.2426,0.245,0.241,0.2582,11.0,0.0,1.0,879
401810493,NBA,2026-01-24 00:30:00+00:00,Cleveland Cavaliers,Sacramento Kings,0.825,0.835,0.833,0.8205,11.0,1.0,1.4,705
401810496,NBA,2026-01-24 01:00:00+00:00,Oklahoma City Thunder,Indiana Pacers,0.885,0.875,0.875,0.8679,11.0,0.0,1.0,617
401803155,NHL,2026-01-24 01:00:00+00:00,Dallas Stars,St. Louis Blues,0.593,0.595,0.591,0.5899,11.0,1.0,0.0,339
401810494,NBA,2026-01-24 01:00:00+00:00,Memphis Grizzlies,New Orleans Pelicans,0.6382,0.635,0.629,0.6378,11.0,0.0,3.5,395
401803156,NHL,2026-01-24 02:00:00+00:00,Colorado Avalanche,Philadelphia Flyers,0.7277,0.725,0.722,0.7272,11.0,0.0,0.2,189
401810495,NBA,2026-01-24 02:30:00+00:00,Milwaukee Bucks,Denver Nuggets,0.725,0.725,0.734,0.7256,11.0,0.0,0.2,1128
401803158,NHL,2026-01-24 03:00:00+00:00,Vancouver Canucks,New Jersey Devils,0.425,0.415,0.414,0.4199,11.0,0.0,6.0,124
401803159,NHL,2026-01-24 03:00:00+00:00,San Jose Sharks,New York Rangers,0.525,0.525,0.532,0.5272,11.0,1.0,1.5,332
401803160,NHL,2026-01-24 03:00:00+00:00,Seattle Kraken,Anaheim Ducks,0.525,0.515,0.517,0.5242,11.0,0.0,1.4,183
401810497,NBA,2026-01-24 03:00:00+00:00,Portland Trail Blazers,Toronto Raptors,0.393,0.395,0.396,0.4023,11.0,0.0,0.0,575
401803161,NHL,2026-01-24 18:00:00+00:00,New York Islanders,Buffalo Sabres,0.495,0.495,0.488,0.4979,10.0,0.0,3.3,326
401810498,NBA,2026-01-24 20:00:00+00:00,Philadelphia 76ers,New York Knicks,0.495,0.495,0.493,0.4948,9.0,0.0,0.0,1334
401803164,NHL,2026-01-25 00:00:00+00:00,Ottawa Senators,Carolina Hurricanes,0.4505,0.455,0.449,0.4503,10.0,0.0,0.1,310
401803165,NHL,2026-01-25 00:00:00+00:00,Columbus Blue Jackets,Tampa Bay Lightning,0.475,0.485,0.479,0.4835,10.0,1.0,0.5,272
401803166,NHL,2026-01-25 00:00:00+00:00,Winnipeg Jets,Detroit Red Wings,0.5297,0.545,0.531,0.5321,10.0,0.0,1.1,242
401810501,NBA,2026-01-25 00:00:00+00:00,Orlando Magic,Cleveland Cavaliers,0.5224,0.525,0.526,0.5197,10.0,0.0,0.2,979
401803167,NHL,2026-01-25 01:00:00+00:00,St. Louis Blues,Los Angeles Kings,0.435,0.435,0.431,0.4333,10.0,0.0,2.5,378
401810502,NBA,2026-01-25 01:00:00+00:00,Chicago Bulls,Boston Celtics,0.415,0.415,0.414,0.4204,10.0,1.0,0.1,1328
401810503,NBA,2026-01-25 01:30:00+00:00,Dallas Mavericks,Los Angeles Lakers,0.3881,0.395,0.387,0.3907,10.0,0.0,0.3,944
401803168,NHL,2026-01-25 02:00:00+00:00,Minnesota Wild,Florida Panthers,0.5404,0.545,0.549,0.5352,10.0,0.0,0.2,246
401803170,NHL,2026-01-25 18:30:00+00:00,Toronto Maple Leafs,Colorado Avalanche,0.395,0.395,0.394,0.394,10.0,0.0,0.2,398
401810505,NBA,2026-01-25 20:00:00+00:00,Detroit Pistons,Sacramento Kings,0.8366,0.835,0.827,0.8285,10.0,1.0,0.4,706
401803171,NHL,2026-01-25 20:00:00+00:00,Seattle Kraken,New Jersey Devils,0.465,0.465,0.474,0.4652,11.0,1.0,0.2,194
401803173,NHL,2026-01-25 23:00:00+00:00,Vancouver Canucks,Pittsburgh Penguins,0.415,0.405,0.405,0.4208,11.0,0.0,0.8,274
401803174,NHL,2026-01-26 00:00:00+00:00,Chicago Blackhawks,Florida Panthers,0.445,0.455,0.448,0.4549,10.0,0.0,0.7,434
401810508,NBA,2026-01-26 00:00:00+00:00,Oklahoma City Thunder,Toronto Raptors,0.8069,0.805,0.803,0.8033,10.0,0.0,0.0,981
401810509,NBA,2026-01-26 00:00:00+00:00,San Antonio Spurs,New Orleans Pelicans,0.815,0.815,0.807,0.8055,10.0,0.0,0.3,545
401803175,NHL,2026-01-26 01:00:00+00:00,Calgary Flames,Anaheim Ducks,0.485,0.5,0.489,0.491,11.0,0.0,0.2,290
401810511,NBA,2026-01-26 02:00:00+00:00,LA Clippers,Brooklyn Nets,0.797,0.795,0.798,0.7867,10.0,1.0,0.8,579
401810514,NBA,2026-01-26 18:30:00+00:00,Atlanta Hawks,Indiana Pacers,0.6485,0.645,0.654,0.6574,11.0,1.0,0.0,1213
401810512,NBA,2026-01-26 20:00:00+00:00,Charlotte Hornets,Philadelphia 76ers,0.545,0.545,0.546,0.5364,11.0,1.0,0.1,1175
401810513,NBA,2026-01-27 00:00:00+00:00,Cleveland Cavaliers,Orlando Magic,0.655,0.655,0.652,0.6517,11.0,1.0,0.2,1646
401803178,NHL,2026-01-27 00:00:00+00:00,Philadelphia Flyers,New York Islanders,0.515,0.515,0.512,0.5148,11.0,0.0,0.1,461
401803176,NHL,2026-01-27 00:00:00+00:00,Tampa Bay Lightning,Utah Mammoth,0.5891,0.585,0.58,0.5856,11.0,1.0,0.4,521
401803177,NHL,2026-01-27 00:00:00+00:00,New York Rangers,Boston Bruins,0.465,0.475,0.468,0.467,11.0,1.0,0.0,702
401810515,NBA,2026-01-27 01:00:00+00:00,Boston Celtics,Portland Trail Blazers,0.7475,0.745,0.749,0.7399,11.0,1.0,0.1,1009
401810516,NBA,2026-01-27 01:00:00+00:00,Chicago Bulls,Los Angeles Lakers,0.4703,0.475,0.475,0.4764,11.0,0.0,0.1,1900
401810517,NBA,2026-01-27 01:00:00+00:00,Houston Rockets,Memphis Grizzlies,0.8069,0.805,0.809,0.8005,11.0,1.0,0.1,1100
401803180,NHL,2026-01-27 01:30:00+00:00,Edmonton Oilers,Anaheim Ducks,0.705,0.705,0.705,0.6989,11.0,1.0,0.0,553
401810518,NBA,2026-01-27 02:30:00+00:00,Minnesota Timberwolves,Golden State Warriors,0.725,0.725,0.724,0.7208,11.0,1.0,0.0,2171
401803186,NHL,2026-01-28 00:00:00+00:00,New Jersey Devils,Winnipeg Jets,0.5404,0.54,0.55,0.5345,11.0,0.0,0.6,226
401803185,NHL,2026-01-28 00:00:00+00:00,Florida Panthers,Utah Mammoth,0.5821,0.585,0.583,0.5845,11.0,0.0,0.3,486
401803182,NHL,2026-01-28 00:00:00+00:00,Toronto Maple Leafs,Buffalo Sabres,0.5174,0.52,0.516,0.5179,11.0,0.0,2.5,419
401803184,NHL,2026-01-28 00:00:00+00:00,Detroit Red Wings,Los Angeles Kings,0.5396,0.535,0.53,0.5375,11.0,0.0,0.3,525
401810520,NBA,2026-01-28 00:30:00+00:00,New York Knicks,Sacramento Kings,0.865,0.855,0.861,0.8563,11.0,1.0,0.1,1055
401803188,NHL,2026-01-28 01:00:00+00:00,Minnesota Wild,Chicago Blackhawks,0.6468,0.635,0.641,0.6423,11.0,1.0,0.2,359
401810521,NBA,2026-01-28 01:00:00+00:00,Philadelphia 76ers,Milwaukee Bucks,0.765,0.765,0.768,0.7656,10.0,1.0,0.3,813
401810522,NBA,2026-01-28 01:00:00+00:00,Oklahoma City Thunder,New Orleans Pelicans,0.8636,0.855,0.855,0.8557,10.0,1.0,0.4,977
401810523,NBA,2026-01-28 02:00:00+00:00,Denver Nuggets,Detroit Pistons,0.295,0.285,0.298,0.3006,11.0,0.0,0.1,1304
401803189,NHL,2026-01-28 03:00:00+00:00,Vancouver Canucks,San Jose Sharks,0.4505,0.455,0.448,0.4533,11.0,0.0,0.1,490
401810526,NBA,2026-01-29 00:00:00+00:00,Cleveland Cavaliers,Los Angeles Lakers,0.599,0.595,0.596,0.5957,10.0,1.0,0.1,2101
401803193,NHL,2026-01-29 00:00:00+00:00,New York Islanders,New York Rangers,0.565,0.565,0.57,0.5696,10.0,1.0,0.9,545
401810527,NBA,2026-01-29 00:00:00+00:00,Indiana Pacers,Chicago Bulls,0.455,0.455,0.45,0.4662,10.0,1.0,0.7,1056
401803191,NHL,2026-01-29 00:30:00+00:00,Columbus Blue Jackets,Philadelphia Flyers,0.525,0.525,0.53,0.5224,10.0,1.0,1.7,427
401803192,NHL,2026-01-29 00:30:00+00:00,Ottawa Senators,Colorado Avalanche,0.425,0.435,0.427,0.4219,10.0,1.0,0.5,723
401810528,NBA,2026-01-29 00:30:00+00:00,Boston Celtics,Atlanta Hawks,0.655,0.655,0.661,0.6465,10.0,0.0,0.1,908
401810529,NBA,2026-01-29 00:30:00+00:00,Miami Heat,Orlando Magic,0.5792,0.585,0.58,0.5801,10.0,0.0,1.1,570
401810530,NBA,2026-01-29 00:30:00+00:00,Toronto Raptors,New York Knicks,0.5276,0.545,0.539,0.5666,10.0,0.0,0.4,876
401810531,NBA,2026-01-29 01:00:00+00:00,Memphis Grizzlies,Charlotte Hornets,0.4523,0.445,0.45,0.4516,10.0,0.0,0.5,632
401810532,NBA,2026-01-29 01:30:00+00:00,Dallas Mavericks,Minnesota Timberwolves,0.255,0.265,0.26,0.2638,10.0,0.0,0.2,717
401803202,NHL,2026-01-30 00:00:00+00:00,Carolina Hurricanes,Utah Mammoth,0.605,0.615,0.608,0.6136,11.0,1.0,3.1,261
401810535,NBA,2026-01-30 00:00:00+00:00,Philadelphia 76ers,Sacramento Kings,0.775,0.775,0.781,0.7749,11.0,1.0,0.2,1194
401803201,NHL,2026-01-30 00:00:00+00:00,Pittsburgh Penguins,Chicago Blackhawks,0.615,0.615,0.618,0.6139,11.0,1.0,0.3,344
401803200,NHL,2026-01-30 00:00:00+00:00,New York Rangers,New York Islanders,0.425,0.425,0.426,0.437,11.0,0.0,4.8,309
401803198,NHL,2026-01-30 00:00:00+00:00,Tampa Bay Lightning,Winnipeg Jets,0.6287,0.625,0.625,0.6224,11.0,1.0,0.5,298
401803195,NHL,2026-01-30 00:00:00+00:00,Buffalo Sabres,Los Angeles Kings,0.525,0.525,0.531,0.5377,11.0,1.0,0.2,262
401803194,NHL,2026-01-30 00:00:00+00:00,Boston Bruins,Philadelphia Flyers,0.593,0.595,0.595,0.5924,11.0,1.0,0.7,311
401803203,NHL,2026-01-30 01:00:00+00:00,St. Louis Blues,Florida Panthers,0.4192,0.425,0.416,0.4107,11.0,1.0,9.5,188
401803204,NHL,2026-01-30 01:00:00+00:00,Minnesota Wild,Calgary Flames,0.625,0.625,0.629,0.6259,11.0,1.0,0.0,196
401810537,NBA,2026-01-30 01:00:00+00:00,Atlanta Hawks,Houston Rockets,0.295,0.295,0.298,0.3065,11.0,0.0,1.2,823
401810538,NBA,2026-01-30 01:30:00+00:00,Dallas Mavericks,Charlotte Hornets,0.4229,0.415,0.414,0.4271,11.0,0.0,1.1,838
401803205,NHL,2026-01-30 02:00:00+00:00,Edmonton Oilers,San Jose Sharks,0.625,0.625,0.628,0.6246,11.0,1.0,0.3,271
401810539,NBA,2026-01-30 02:00:00+00:00,Denver Nuggets,Brooklyn Nets,0.695,0.695,0.69,0.6809,11.0,1.0,0.7,672
401810541,NBA,2026-01-30 02:30:00+00:00,Minnesota Timberwolves,Oklahoma City Thunder,0.3483,0.355,0.352,0.352,11.0,1.0,1.2,935
401803206,NHL,2026-01-30 03:00:00+00:00,Vancouver Canucks,Anaheim Ducks,0.41,0.415,0.408,0.4233,11.0,1.0,0.5,235
401803208,NHL,2026-01-30 03:00:00+00:00,Seattle Kraken,Toronto Maple Leafs,0.5075,0.48,0.491,0.4895,11.0,1.0,0.1,219
401810542,NBA,2026-01-31 00:30:00+00:00,Orlando Magic,Toronto Raptors,0.555,0.565,0.555,0.5538,11.0,1.0,0.2,894
401810544,NBA,2026-01-31 00:30:00+00:00,Boston Celtics,Sacramento Kings,0.82,0.82,0.819,0.8051,11.0,1.0,0.1,955
401810545,NBA,2026-01-31 00:30:00+00:00,New York Knicks,Portland Trail Blazers,0.6915,0.695,0.697,0.7182,11.0,1.0,0.1,553
401810546,NBA,2026-01-31 00:30:00+00:00,New Orleans Pelicans,Memphis Grizzlies,0.5792,0.585,0.583,0.5754,11.0,1.0,0.9,497
401803209,NHL,2026-01-31 01:30:00+00:00,Chicago Blackhawks,Columbus Blue Jackets,0.405,0.4,0.394,0.4075,11.0,0.0,0.1,400
401810550,NBA,2026-01-31 02:00:00+00:00,Denver Nuggets,LA Clippers,0.435,0.435,0.433,0.4392,11.0,1.0,0.1,1083
401810551,NBA,2026-01-31 03:00:00+00:00,Golden State Warriors,Detroit Pistons,0.5495,0.555,0.537,0.5479,11.0,0.0,0.0,1164
401810552,NBA,2026-01-31 17:00:00+00:00,Charlotte Hornets,San Antonio Spurs,0.393,0.395,0.404,0.403,11.0,1.0,0.1,824
401803210,NHL,2026-01-31 17:30:00+00:00,Philadelphia Flyers,Los Angeles Kings,0.495,0.48,0.479,0.4947,11.0,0.0,1.7,291
401803211,NHL,2026-01-31 18:00:00+00:00,Detroit Red Wings,Colorado Avalanche,0.4307,0.435,0.441,0.4344,11.0,0.0,0.5,239
401803212,NHL,2026-01-31 20:30:00+00:00,Pittsburgh Penguins,New York Rangers,0.655,0.645,0.659,0.6445,11.0,1.0,0.0,300
401803213,NHL,2026-01-31 21:00:00+00:00,Florida Panthers,Winnipeg Jets,0.5572,0.565,0.563,0.5672,11.0,0.0,1.4,361
401803214,NHL,2026-01-31 21:00:00+00:00,Calgary Flames,San Jose Sharks,0.4877,0.485,0.491,0.4903,11.0,1.0,0.2,348
401803217,NHL,2026-02-01 00:00:00+00:00,Ottawa Senators,New Jersey Devils,0.607,0.605,0.548,0.6008,11.0,1.0,0.3,145
401803219,NHL,2026-02-01 00:00:00+00:00,St. Louis Blues,Columbus Blue Jackets,0.495,0.485,0.493,0.4991,11.0,0.0,0.5,170
401803220,NHL,2026-02-01 00:00:00+00:00,Vancouver Canucks,Toronto Maple Leafs,0.4129,0.415,0.414,0.4138,11.0,0.0,0.4,155
401810553,NBA,2026-02-01 00:00:00+00:00,Indiana Pacers,Atlanta Hawks,0.4798,0.485,0.48,0.4729,11.0,1.0,0.8,962
401810554,NBA,2026-02-01 00:30:00+00:00,Philadelphia 76ers,New Orleans Pelicans,0.675,0.675,0.681,0.6623,11.0,1.0,2.4,665
401810547,NBA,2026-02-01 01:00:00+00:00,Miami Heat,Chicago Bulls,0.655,0.655,0.653,0.649,11.0,0.0,0.3,560
401810555,NBA,2026-02-01 01:00:00+00:00,Memphis Grizzlies,Minnesota Timberwolves,0.195,0.195,0.192,0.2004,11.0,0.0,0.1,417
401810556,NBA,2026-02-01 01:30:00+00:00,Houston Rockets,Dallas Mavericks,0.785,0.785,0.782,0.775,11.0,1.0,0.3,654
401803221,NHL,2026-02-01 02:00:00+00:00,Utah Mammoth,Dallas Stars,0.5198,0.525,0.519,0.5168,11.0,0.0,0.2,188
401803222,NHL,2026-02-01 03:00:00+00:00,Edmonton Oilers,Minnesota Wild,0.535,0.535,0.537,0.5415,11.0,0.0,0.6,245
401803225,NHL,2026-02-01 20:00:00+00:00,Carolina Hurricanes,Los Angeles Kings,0.6089,0.605,0.61,0.6122,11.0,1.0,1.0,517
401810557,NBA,2026-02-01 20:30:00+00:00,Boston Celtics,Milwaukee Bucks,0.8366,0.835,0.841,0.8259,11.0,1.0,0.0,659
401810559,NBA,2026-02-01 23:00:00+00:00,Detroit Pistons,Brooklyn Nets,0.86,0.855,0.868,0.8397,11.0,1.0,0.1,512
401810560,NBA,2026-02-01 23:00:00+00:00,Miami Heat,Chicago Bulls,0.6584,0.655,0.662,0.6575,11.0,1.0,0.0,699
401803224,NHL,2026-02-01 23:30:00+00:00,Tampa Bay Lightning,Boston Bruins,0.655,0.655,0.65,0.6536,11.0,1.0,0.2,767
401810563,NBA,2026-02-02 00:00:00+00:00,New York Knicks,Los Angeles Lakers,0.6683,0.665,0.66,0.6602,11.0,1.0,0.2,1465
401810558,NBA,2026-02-02 02:00:00+00:00,San Antonio Spurs,Orlando Magic,0.6485,0.645,0.647,0.639,11.0,1.0,0.4,1243
401810565,NBA,2026-02-02 02:00:00+00:00,Portland Trail Blazers,Cleveland Cavaliers,0.3781,0.375,0.385,0.3899,11.0,0.0,0.1,639
401810566,NBA,2026-02-02 02:30:00+00:00,Denver Nuggets,Oklahoma City Thunder,0.3218,0.315,0.321,0.3264,11.0,0.0,0.1,1376
401803232,NHL,2026-02-03 01:30:00+00:00,Chicago Blackhawks,San Jose Sharks,0.495,0.485,0.493,0.4893,11.0,1.0,0.8,76
401803233,NHL,2026-02-03 01:30:00+00:00,Dallas Stars,Winnipeg Jets,0.5792,0.575,0.58,0.577,11.0,1.0,0.5,105
401803234,NHL,2026-02-03 02:00:00+00:00,Colorado Avalanche,Detroit Red Wings,0.6386,0.635,0.64,0.6366,11.0,0.0,3.3,88
401803235,NHL,2026-02-03 02:30:00+00:00,Utah Mammoth,Vancouver Canucks,0.715,0.715,0.721,0.7069,11.0,1.0,2.1,50
401803236,NHL,2026-02-03 03:00:00+00:00,Calgary Flames,Toronto Maple Leafs,0.4802,0.475,0.476,0.4742,11.0,0.0,0.1,154
401810570,NBA,2026-02-03 03:00:00+00:00,LA Clippers,Philadelphia 76ers,0.4901,0.485,0.488,0.4829,11.0,0.0,0.0,719
401810571,NBA,2026-02-04 00:00:00+00:00,Detroit Pistons,Denver Nuggets,0.6418,0.635,0.642,0.6369,11.0,1.0,0.3,1516
401803241,NHL,2026-02-04 00:00:00+00:00,Carolina Hurricanes,Ottawa Senators,0.6089,0.615,0.61,0.6147,11.0,1.0,1.9,358
401803238,NHL,2026-02-04 00:00:00+00:00,New Jersey Devils,Columbus Blue Jackets,0.4876,0.495,0.499,0.4946,11.0,0.0,0.5,316
401803237,NHL,2026-02-04 00:30:00+00:00,Tampa Bay Lightning,Buffalo Sabres,0.6515,0.65,0.651,0.6294,11.0,1.0,2.6,432
401803239,NHL,2026-02-04 00:30:00+00:00,New York Islanders,Pittsburgh Penguins,0.475,0.475,0.476,0.4772,11.0,1.0,0.4,561
401810574,NBA,2026-02-04 00:30:00+00:00,Brooklyn Nets,Los Angeles Lakers,0.255,0.255,0.259,0.265,11.0,0.0,0.2,790
401810575,NBA,2026-02-04 00:30:00+00:00,Miami Heat,Atlanta Hawks,0.515,0.525,0.521,0.5127,11.0,0.0,0.5,780
401810576,NBA,2026-02-04 01:00:00+00:00,Dallas Mavericks,Boston Celtics,0.2985,0.295,0.304,0.3095,11.0,0.0,0.3,717
401810577,NBA,2026-02-04 01:00:00+00:00,Milwaukee Bucks,Chicago Bulls,0.475,0.475,0.476,0.4821,11.0,1.0,0.1,648
401810578,NBA,2026-02-04 01:00:00+00:00,Oklahoma City Thunder,Orlando Magic,0.815,0.825,0.813,0.7996,11.0,1.0,0.3,906
401803242,NHL,2026-02-04 01:30:00+00:00,Edmonton Oilers,Toronto Maple Leafs,0.6188,0.625,0.627,0.6231,11.0,0.0,0.8,304
401810579,NBA,2026-02-04 03:00:00+00:00,Golden State Warriors,Philadelphia 76ers,0.625,0.625,0.621,0.625,11.0,0.0,0.1,1762
401803243,NHL,2026-02-04 03:00:00+00:00,Anaheim Ducks,Seattle Kraken,0.565,0.565,0.561,0.5578,11.0,1.0,0.0,456
401803244,NHL,2026-02-05 00:00:00+00:00,Florida Panthers,Boston Bruins,0.5891,0.595,0.592,0.5931,11.0,1.0,1.5,436
401803245,NHL,2026-02-05 00:00:00+00:00,Columbus Blue Jackets,Chicago Blackhawks,0.575,0.575,0.58,0.5862,11.0,1.0,0.6,323
401810581,NBA,2026-02-05 00:00:00+00:00,New York Knicks,Denver Nuggets,0.6318,0.625,0.611,0.6245,11.0,1.0,0.1,2051
401810582,NBA,2026-02-05 00:30:00+00:00,Toronto Raptors,Minnesota Timberwolves,0.4406,0.445,0.438,0.4287,11.0,0.0,0.1,1091
401810583,NBA,2026-02-05 01:00:00+00:00,Houston Rockets,Boston Celtics,0.7178,0.715,0.72,0.7153,11.0,0.0,0.2,1425
401810584,NBA,2026-02-05 01:00:00+00:00,Milwaukee Bucks,New Orleans Pelicans,0.375,0.375,0.38,0.3787,11.0,1.0,0.5,812
401803248,NHL,2026-02-05 02:00:00+00:00,Colorado Avalanche,San Jose Sharks,0.7214,0.715,0.719,0.718,11.0,1.0,0.9,325
401803249,NHL,2026-02-05 02:00:00+00:00,Utah Mammoth,Detroit Red Wings,0.5495,0.555,0.545,0.5541,11.0,1.0,0.2,372
401810585,NBA,2026-02-05 02:30:00+00:00,San Antonio Spurs,Oklahoma City Thunder,0.7811,0.775,0.774,0.7699,11.0,1.0,0.2,2334
401803250,NHL,2026-02-05 02:30:00+00:00,Dallas Stars,St. Louis Blues,0.6584,0.655,0.661,0.6606,11.0,1.0,0.4,365
401803251,NHL,2026-02-05 03:00:00+00:00,Calgary Flames,Edmonton Oilers,0.445,0.435,0.431,0.4317,11.0,1.0,7.5,181
401803253,NHL,2026-02-05 03:00:00+00:00,Los Angeles Kings,Seattle Kraken,0.605,0.605,0.609,0.6145,11.0,0.0,0.2,362
401810587,NBA,2026-02-05 03:30:00+00:00,LA Clippers,Cleveland Cavaliers,0.425,0.425,0.429,0.4259,11.0,0.0,0.3,950
401810589,NBA,2026-02-06 00:00:00+00:00,Orlando Magic,Brooklyn Nets,0.775,0.765,0.771,0.7628,11.0,1.0,0.0,1079
401803254,NHL,2026-02-06 00:00:00+00:00,Buffalo Sabres,Pittsburgh Penguins,0.5396,0.545,0.546,0.5358,11.0,0.0,2.0,277
401803256,NHL,2026-02-06 00:00:00+00:00,New Jersey Devils,New York Islanders,0.4951,0.495,0.491,0.4989,11.0,0.0,0.9,294
401803257,NHL,2026-02-06 00:00:00+00:00,New York Rangers,Carolina Hurricanes,0.3416,0.345,0.34,0.3389,11.0,0.0,1.8,371
401803258,NHL,2026-02-06 00:00:00+00:00,Philadelphia Flyers,Ottawa Senators,0.4505,0.455,0.454,0.4537,11.0,0.0,2.2,270
401810591,NBA,2026-02-06 00:30:00+00:00,Toronto Raptors,Chicago Bulls,0.735,0.715,0.727,0.7286,11.0,1.0,2.7,593
401803255,NHL,2026-02-06 00:30:00+00:00,Tampa Bay Lightning,Florida Panthers,0.655,0.655,0.657,0.6453,11.0,1.0,6.8,399
401810592,NBA,2026-02-06 01:00:00+00:00,Houston Rockets,Charlotte Hornets,0.6188,0.615,0.618,0.6187,11.0,0.0,0.1,1223
401810593,NBA,2026-02-06 01:30:00+00:00,Dallas Mavericks,San Antonio Spurs,0.265,0.275,0.269,0.2696,11.0,0.0,0.6,569
401810595,NBA,2026-02-06 03:00:00+00:00,Los Angeles Lakers,Philadelphia 76ers,0.5622,0.565,0.566,0.5484,11.0,1.0,0.0,960
401810596,NBA,2026-02-07 00:30:00+00:00,Boston Celtics,Miami Heat,0.675,0.675,0.669,0.6693,11.0,1.0,0.1,1288
401810597,NBA,2026-02-07 00:30:00+00:00,Detroit Pistons,New York Knicks,0.665,0.655,0.65,0.6345,11.0,1.0,0.0,2202
401810598,NBA,2026-02-07 01:00:00+00:00,Milwaukee Bucks,Indiana Pacers,0.465,0.465,0.466,0.4714,11.0,1.0,1.0,1068
401810599,NBA,2026-02-07 01:00:00+00:00,Minnesota Timberwolves,New Orleans Pelicans,0.7475,0.745,0.741,0.7454,11.0,0.0,0.4,833
401810601,NBA,2026-02-07 03:00:00+00:00,Sacramento Kings,LA Clippers,0.405,0.405,0.402,0.4046,11.0,0.0,0.6,890
401810600,NBA,2026-02-07 03:00:00+00:00,Portland Trail Blazers,Memphis Grizzlies,0.725,0.715,0.721,0.7191,11.0,1.0,0.0,1150
401810603,NBA,2026-02-07 20:30:00+00:00,Oklahoma City Thunder,Houston Rockets,0.5891,0.595,0.59,0.6107,11.0,0.0,0.0,1677
401810604,NBA,2026-02-07 23:00:00+00:00,San Antonio Spurs,Dallas Mavericks,0.795,0.785,0.787,0.7872,11.0,1.0,0.5,939
401810607,NBA,2026-02-08 01:00:00+00:00,Chicago Bulls,Denver Nuggets,0.2426,0.245,0.248,0.2557,11.0,0.0,0.3,641
401810608,NBA,2026-02-08 01:30:00+00:00,Los Angeles Lakers,Golden State Warriors,0.5423,0.545,0.547,0.5386,11.0,1.0,0.1,962
401810610,NBA,2026-02-08 03:00:00+00:00,Portland Trail Blazers,Memphis Grizzlies,0.735,0.735,0.735,0.7365,11.0,1.0,0.4,633
401810611,NBA,2026-02-08 03:00:00+00:00,Sacramento Kings,Cleveland Cavaliers,0.1692,0.165,0.169,0.1724,11.0,0.0,0.2,647
401810616,NBA,2026-02-10 00:00:00+00:00,Charlotte Hornets,Detroit Pistons,0.4307,0.435,0.431,0.4423,11.0,0.0,0.0,5514
401810617,NBA,2026-02-10 00:30:00+00:00,Brooklyn Nets,Chicago Bulls,0.415,0.415,0.41,0.4226,11.0,1.0,0.9,1280
401810619,NBA,2026-02-10 00:30:00+00:00,Orlando Magic,Milwaukee Bucks,0.775,0.765,0.773,0.7707,11.0,1.0,0.0,2817
401810621,NBA,2026-02-10 01:00:00+00:00,New Orleans Pelicans,Sacramento Kings,0.775,0.765,0.77,0.766,11.0,1.0,0.7,620
401810620,NBA,2026-02-10 01:00:00+00:00,Minnesota Timberwolves,Atlanta Hawks,0.745,0.735,0.739,0.735,11.0,1.0,0.2,1087
401810622,NBA,2026-02-10 02:00:00+00:00,Denver Nuggets,Cleveland Cavaliers,0.5594,0.555,0.561,0.5556,11.0,0.0,0.4,1110
401810623,NBA,2026-02-10 03:00:00+00:00,Golden State Warriors,Memphis Grizzlies,0.7626,0.745,0.746,0.7581,11.0,1.0,1.3,751
401810624,NBA,2026-02-10 03:00:00+00:00,Los Angeles Lakers,Oklahoma City Thunder,0.315,0.315,0.32,0.3185,11.0,0.0,0.5,1038
401810625,NBA,2026-02-10 03:00:00+00:00,Portland Trail Blazers,Philadelphia 76ers,0.5891,0.59,0.59,0.5656,11.0,1.0,0.1,892
401810626,NBA,2026-02-11 00:30:00+00:00,New York Knicks,Indiana Pacers,0.8168,0.815,0.82,0.8171,11.0,0.0,0.3,11903
401810630,NBA,2026-02-12 00:00:00+00:00,Charlotte Hornets,Atlanta Hawks,0.545,0.545,0.54,0.5461,11.0,1.0,1.0,2311
401810632,NBA,2026-02-12 00:00:00+00:00,Orlando Magic,Milwaukee Bucks,0.805,0.805,0.803,0.7942,11.0,0.0,0.1,979
401810634,NBA,2026-02-12 00:30:00+00:00,Brooklyn Nets,Indiana Pacers,0.675,0.665,0.671,0.6668,11.0,0.0,2.7,926
401810636,NBA,2026-02-12 00:30:00+00:00,Toronto Raptors,Detroit Pistons,0.505,0.495,0.5,0.5093,11.0,0.0,0.7,825
401810633,NBA,2026-02-12 00:30:00+00:00,Boston Celtics,Chicago Bulls,0.855,0.855,0.859,0.8375,11.0,1.0,0.7,528
401810635,NBA,2026-02-12 00:30:00+00:00,Philadelphia 76ers,New York Knicks,0.4406,0.445,0.44,0.4586,11.0,0.0,0.3,983
401810637,NBA,2026-02-12 01:00:00+00:00,Houston Rockets,LA Clippers,0.745,0.745,0.74,0.7372,11.0,0.0,0.1,347
401810638,NBA,2026-02-12 01:00:00+00:00,Minnesota Timberwolves,Portland Trail Blazers,0.7323,0.725,0.725,0.7177,11.0,1.0,0.8,658
401810639,NBA,2026-02-12 01:00:00+00:00,New Orleans Pelicans,Miami Heat,0.5327,0.535,0.529,0.5323,11.0,0.0,0.5,516
401810642,NBA,2026-02-12 02:00:00+00:00,Denver Nuggets,Memphis Grizzlies,0.8543,0.845,0.846,0.838,11.0,1.0,2.1,282
401810643,NBA,2026-02-12 03:00:00+00:00,Golden State Warriors,San Antonio Spurs,0.3218,0.325,0.314,0.3215,11.0,0.0,0.1,866
401810644,NBA,2026-02-13 00:30:00+00:00,Oklahoma City Thunder,Milwaukee Bucks,0.835,0.835,0.83,0.8068,11.0,0.0,1.0,1793
401810646,NBA,2026-02-13 03:00:00+00:00,Los Angeles Lakers,Dallas Mavericks,0.695,0.685,0.679,0.6889,11.0,1.0,0.0,1650
401810649,NBA,2026-02-20 00:00:00+00:00,Philadelphia 76ers,Atlanta Hawks,0.5099,0.505,0.501,0.5104,11.0,0.0,0.2,862
401810648,NBA,2026-02-20 00:00:00+00:00,Cleveland Cavaliers,Brooklyn Nets,0.8861,0.895,0.89,0.8758,11.0,1.0,1.2,598
401810647,NBA,2026-02-20 00:00:00+00:00,Charlotte Hornets,Houston Rockets,0.3713,0.375,0.374,0.3744,11.0,0.0,0.0,688
401810651,NBA,2026-02-20 00:30:00+00:00,New York Knicks,Detroit Pistons,0.595,0.585,0.586,0.5985,11.0,0.0,0.4,815
401810652,NBA,2026-02-20 01:00:00+00:00,Chicago Bulls,Toronto Raptors,0.335,0.335,0.337,0.3333,11.0,0.0,0.2,283
401810654,NBA,2026-02-20 03:00:00+00:00,Golden State Warriors,Boston Celtics,0.3383,0.355,0.361,0.3341,11.0,0.0,0.0,659
401810655,NBA,2026-02-20 03:00:00+00:00,Sacramento Kings,Orlando Magic,0.2412,0.251,0.244,0.2549,11.0,0.0,0.1,368
401810656,NBA,2026-02-20 03:30:00+00:00,LA Clippers,Denver Nuggets,0.375,0.375,0.372,0.3776,11.0,1.0,0.8,460
401810657,NBA,2026-02-21 00:00:00+00:00,Charlotte Hornets,Cleveland Cavaliers,0.3367,0.335,0.331,0.3457,11.0,0.0,0.0,1152
401810660,NBA,2026-02-21 00:30:00+00:00,Atlanta Hawks,Miami Heat,0.4328,0.425,0.429,0.4344,11.0,0.0,0.9,513
401810661,NBA,2026-02-21 00:30:00+00:00,Minnesota Timberwolves,Dallas Mavericks,0.8643,0.865,0.859,0.8392,11.0,1.0,1.0,442
401810663,NBA,2026-02-21 01:00:00+00:00,Oklahoma City Thunder,Brooklyn Nets,0.895,0.885,0.891,0.8884,11.0,1.0,0.3,414
401810662,NBA,2026-02-21 01:00:00+00:00,New Orleans Pelicans,Milwaukee Bucks,0.615,0.615,0.61,0.6182,11.0,0.0,1.0,628
401810665,NBA,2026-02-21 03:00:00+00:00,Portland Trail Blazers,Denver Nuggets,0.475,0.475,0.476,0.4866,11.0,0.0,0.0,1037
401810664,NBA,2026-02-21 03:15:00+00:00,Los Angeles Lakers,LA Clippers,0.69,0.685,0.69,0.6894,11.0,1.0,0.2,778
401810667,NBA,2026-02-22 00:00:00+00:00,New Orleans Pelicans,Philadelphia 76ers,0.393,0.395,0.389,0.3967,11.0,1.0,0.6,726
401810668,NBA,2026-02-22 01:00:00+00:00,Miami Heat,Memphis Grizzlies,0.8159,0.815,0.813,0.8114,11.0,1.0,1.8,300
401810669,NBA,2026-02-22 01:00:00+00:00,Chicago Bulls,Detroit Pistons,0.175,0.185,0.18,0.1878,11.0,0.0,1.5,358
401810670,NBA,2026-02-22 01:00:00+00:00,San Antonio Spurs,Sacramento Kings,0.925,0.915,0.918,0.9086,11.0,1.0,0.7,455
401810671,NBA,2026-02-22 01:30:00+00:00,New York Knicks,Houston Rockets,0.599,0.605,0.605,0.5982,11.0,1.0,0.6,573
401810672,NBA,2026-02-22 18:00:00+00:00,Oklahoma City Thunder,Cleveland Cavaliers,0.385,0.395,0.38,0.3834,11.0,1.0,0.2,972
401810675,NBA,2026-02-22 20:30:00+00:00,Golden State Warriors,Denver Nuggets,0.3134,0.325,0.33,0.3094,11.0,1.0,0.1,496
401810673,NBA,2026-02-22 20:30:00+00:00,Atlanta Hawks,Brooklyn Nets,0.7772,0.775,0.77,0.7708,11.0,1.0,0.4,272
401810674,NBA,2026-02-22 20:30:00+00:00,Milwaukee Bucks,Toronto Raptors,0.3881,0.395,0.38,0.4101,11.0,0.0,0.1,275
401810676,NBA,2026-02-22 22:00:00+00:00,Indiana Pacers,Dallas Mavericks,0.4802,0.475,0.47,0.483,10.0,0.0,0.2,439
401810678,NBA,2026-02-22 23:30:00+00:00,Los Angeles Lakers,Boston Celtics,0.485,0.485,0.48,0.4857,11.0,0.0,0.2,767
401810679,NBA,2026-02-23 00:00:00+00:00,Minnesota Timberwolves,Philadelphia 76ers,0.755,0.755,0.75,0.749,11.0,0.0,0.4,385
401810680,NBA,2026-02-23 01:00:00+00:00,Chicago Bulls,New York Knicks,0.2239,0.235,0.22,0.2259,11.0,0.0,0.1,315
401810682,NBA,2026-02-23 02:00:00+00:00,LA Clippers,Orlando Magic,0.615,0.625,0.61,0.6189,11.0,0.0,0.0,544
401810683,NBA,2026-02-24 00:00:00+00:00,Detroit Pistons,San Antonio Spurs,0.525,0.535,0.52,0.5261,11.0,0.0,0.2,1306
401810686,NBA,2026-02-25 00:00:00+00:00,Indiana Pacers,Philadelphia 76ers,0.185,0.185,0.2,0.1939,11.0,0.0,0.4,681
401810688,NBA,2026-02-25 00:30:00+00:00,Brooklyn Nets,Dallas Mavericks,0.475,0.475,0.47,0.4706,11.0,0.0,0.3,375
401810689,NBA,2026-02-25 00:30:00+00:00,Toronto Raptors,Oklahoma City Thunder,0.5025,0.495,0.49,0.5631,11.0,0.0,0.2,982
401810690,NBA,2026-02-25 00:30:00+00:00,Cleveland Cavaliers,New York Knicks,0.605,0.605,0.61,0.605,11.0,1.0,0.0,912
401810691,NBA,2026-02-25 01:00:00+00:00,Chicago Bulls,Charlotte Hornets,0.2576,0.265,0.27,0.2656,11.0,0.0,0.7,278
401810692,NBA,2026-02-25 01:00:00+00:00,Milwaukee Bucks,Miami Heat,0.3216,0.315,0.32,0.3332,11.0,1.0,4.1,181
401810693,NBA,2026-02-25 01:00:00+00:00,New Orleans Pelicans,Golden State Warriors,0.475,0.465,0.47,0.4821,11.0,1.0,0.8,414
401810696,NBA,2026-02-25 03:00:00+00:00,Portland Trail Blazers,Minnesota Timberwolves,0.3182,0.33,0.32,0.3204,11.0,0.0,0.1,188
401810695,NBA,2026-02-25 03:30:00+00:00,Los Angeles Lakers,Orlando Magic,0.6881,0.695,0.69,0.6735,11.0,0.0,0.0,311
401803261,NHL,2026-02-26 00:00:00+00:00,New Jersey Devils,Buffalo Sabres,0.5,0.495,0.5,0.5034,11.0,0.0,1.9,194
401810699,NBA,2026-02-26 00:30:00+00:00,Memphis Grizzlies,Golden State Warriors,0.375,0.375,0.37,0.3879,11.0,0.0,0.6,917
401810698,NBA,2026-02-26 00:30:00+00:00,Toronto Raptors,San Antonio Spurs,0.335,0.335,0.33,0.3366,11.0,0.0,0.0,489
401810697,NBA,2026-02-26 00:30:00+00:00,Detroit Pistons,Oklahoma City Thunder,0.7871,0.795,0.8,0.7793,11.0,1.0,0.1,1064
401803263,NHL,2026-02-26 00:30:00+00:00,Tampa Bay Lightning,Toronto Maple Leafs,0.665,0.655,0.66,0.6635,11.0,1.0,2.4,141
401803264,NHL,2026-02-26 01:00:00+00:00,Dallas Stars,Seattle Kraken,0.595,0.585,0.59,0.6017,11.0,1.0,8.4,139
401810700,NBA,2026-02-26 01:00:00+00:00,Houston Rockets,Sacramento Kings,0.875,0.865,0.87,0.8611,11.0,1.0,0.3,249
401810701,NBA,2026-02-26 01:00:00+00:00,Milwaukee Bucks,Cleveland Cavaliers,0.4229,0.425,0.42,0.4272,11.0,1.0,0.6,864
401803266,NHL,2026-02-26 03:00:00+00:00,Vancouver Canucks,Winnipeg Jets,0.445,0.455,0.44,0.4521,11.0,0.0,1.0,60
401810702,NBA,2026-02-26 03:00:00+00:00,Denver Nuggets,Boston Celtics,0.5771,0.575,0.57,0.5802,11.0,1.0,0.5,541
401803268,NHL,2026-02-26 03:30:00+00:00,Anaheim Ducks,Edmonton Oilers,0.455,0.455,0.46,0.4598,11.0,1.0,0.4,130
401810704,NBA,2026-02-27 00:00:00+00:00,Philadelphia 76ers,Miami Heat,0.555,0.545,0.54,0.5533,11.0,1.0,0.1,1524
401810703,NBA,2026-02-27 00:00:00+00:00,Indiana Pacers,Charlotte Hornets,0.1566,0.165,0.17,0.1634,11.0,0.0,0.9,857
401803274,NHL,2026-02-27 00:00:00+00:00,Carolina Hurricanes,Tampa Bay Lightning,0.5707,0.565,0.56,0.5743,11.0,1.0,0.5,131
401803269,NHL,2026-02-27 00:00:00+00:00,Boston Bruins,Columbus Blue Jackets,0.505,0.495,0.51,0.5102,11.0,1.0,4.5,187
401803272,NHL,2026-02-27 00:00:00+00:00,Florida Panthers,Toronto Maple Leafs,0.599,0.605,0.59,0.5897,11.0,1.0,0.8,183
401803271,NHL,2026-02-27 00:00:00+00:00,Ottawa Senators,Detroit Red Wings,0.5792,0.585,0.59,0.5822,11.0,0.0,0.4,209
401803273,NHL,2026-02-27 00:00:00+00:00,Pittsburgh Penguins,New Jersey Devils,0.5871,0.585,0.59,0.588,11.0,1.0,0.2,175
401810707,NBA,2026-02-27 00:30:00+00:00,Orlando Magic,Houston Rockets,0.4307,0.435,0.43,0.4355,11.0,0.0,6.7,367
401810706,NBA,2026-02-27 00:30:00+00:00,Brooklyn Nets,San Antonio Spurs,0.1733,0.175,0.18,0.1875,11.0,0.0,0.2,508
401803276,NHL,2026-02-27 01:00:00+00:00,St. Louis Blues,Seattle Kraken,0.555,0.555,0.55,0.5577,11.0,1.0,1.4,99
401810708,NBA,2026-02-27 01:00:00+00:00,Chicago Bulls,Portland Trail Blazers,0.405,0.405,0.41,0.3975,11.0,0.0,2.1,337
401803275,NHL,2026-02-27 01:00:00+00:00,New York Rangers,Philadelphia Flyers,0.565,0.565,0.57,0.5642,11.0,0.0,22.1,94
401810709,NBA,2026-02-27 01:30:00+00:00,Dallas Mavericks,Sacramento Kings,0.7363,0.725,0.72,0.7287,11.0,0.0,2.6,163
401803278,NHL,2026-02-27 02:00:00+00:00,Colorado Avalanche,Minnesota Wild,0.575,0.575,0.57,0.5791,11.0,0.0,0.5,150
401803279,NHL,2026-02-27 03:00:00+00:00,San Jose Sharks,Calgary Flames,0.5396,0.535,0.55,0.5443,11.0,0.0,0.0,162
401810712,NBA,2026-02-27 03:00:00+00:00,LA Clippers,Minnesota Timberwolves,0.2475,0.255,0.26,0.2614,11.0,0.0,1.3,314
401803280,NHL,2026-02-27 03:30:00+00:00,Los Angeles Kings,Edmonton Oilers,0.475,0.465,0.48,0.4893,11.0,0.0,3.0,101
401803281,NHL,2026-02-28 00:00:00+00:00,Florida Panthers,Buffalo Sabres,0.515,0.525,0.51,0.5146,11.0,0.0,1.3,422
401810713,NBA,2026-02-28 00:00:00+00:00,Detroit Pistons,Cleveland Cavaliers,0.7538,0.745,0.75,0.7364,11.0,1.0,0.4,1657
401810714,NBA,2026-02-28 00:30:00+00:00,Boston Celtics,Brooklyn Nets,0.905,0.905,0.91,0.8924,11.0,1.0,2.7,602
401810715,NBA,2026-02-28 01:00:00+00:00,Milwaukee Bucks,New York Knicks,0.275,0.275,0.28,0.2806,11.0,0.0,0.5,646
401810716,NBA,2026-02-28 01:30:00+00:00,Dallas Mavericks,Memphis Grizzlies,0.645,0.645,0.64,0.6313,11.0,0.0,3.3,479
401803283,NHL,2026-02-28 02:00:00+00:00,Utah Mammoth,Minnesota Wild,0.5594,0.565,0.56,0.5575,11.0,1.0,1.7,389
401810717,NBA,2026-02-28 02:47:00+00:00,Oklahoma City Thunder,Denver Nuggets,0.7079,0.695,0.69,0.6996,11.0,1.0,0.3,710
401803284,NHL,2026-02-28 03:00:00+00:00,Anaheim Ducks,Winnipeg Jets,0.5594,0.555,0.55,0.5582,11.0,1.0,0.2,245
401803285,NHL,2026-02-28 17:30:00+00:00,New York Rangers,Pittsburgh Penguins,0.4755,0.475,0.47,0.467,11.0,1.0,0.1,337
401810718,NBA,2026-02-28 18:00:00+00:00,Charlotte Hornets,Portland Trail Blazers,0.705,0.705,0.71,0.7056,11.0,1.0,0.8,692
401803286,NHL,2026-02-28 20:20:00+00:00,Philadelphia Flyers,Boston Bruins,0.5099,0.515,0.51,0.5079,11.0,1.0,0.9,263
401810719,NBA,2026-02-28 20:30:00+00:00,Miami Heat,Houston Rockets,0.4378,0.445,0.44,0.4456,11.0,1.0,0.0,656
401803287,NHL,2026-02-28 21:00:00+00:00,San Jose Sharks,Edmonton Oilers,0.405,0.405,0.4,0.4081,11.0,1.0,1.5,132
401803294,NHL,2026-02-28 22:00:00+00:00,St. Louis Blues,New Jersey Devils,0.4876,0.49,0.48,0.4869,10.0,0.0,4.9,73
401803289,NHL,2026-02-28 23:00:00+00:00,Colorado Avalanche,Chicago Blackhawks,0.755,0.755,0.75,0.7444,11.0,1.0,0.5,54
401803288,NHL,2026-02-28 23:00:00+00:00,Columbus Blue Jackets,New York Islanders,0.5693,0.565,0.57,0.5634,11.0,0.0,1.8,104
401803290,NHL,2026-03-01 00:00:00+00:00,Toronto Maple Leafs,Ottawa Senators,0.445,0.445,0.45,0.4505,11.0,0.0,0.3,84
401803292,NHL,2026-03-01 00:00:00+00:00,Tampa Bay Lightning,Buffalo Sabres,0.6919,0.695,0.7,0.6818,11.0,0.0,0.6,104
401803293,NHL,2026-03-01 00:00:00+00:00,Carolina Hurricanes,Detroit Red Wings,0.6386,0.635,0.63,0.6361,11.0,1.0,2.2,69
401803295,NHL,2026-03-01 00:00:00+00:00,Los Angeles Kings,Calgary Flames,0.565,0.565,0.58,0.5764,11.0,1.0,4.4,76
401810721,NBA,2026-03-01 01:30:00+00:00,Golden State Warriors,Los Angeles Lakers,0.395,0.395,0.39,0.4028,11.0,0.0,0.0,921
401803297,NHL,2026-03-01 03:00:00+00:00,Seattle Kraken,Vancouver Canucks,0.599,0.595,0.6,0.5935,11.0,1.0,0.2,118
401810725,NBA,2026-03-01 20:30:00+00:00,Chicago Bulls,Milwaukee Bucks,0.445,0.445,0.44,0.4366,11.0,1.0,0.2,418
401810726,NBA,2026-03-01 20:30:00+00:00,Denver Nuggets,Minnesota Timberwolves,0.5693,0.575,0.57,0.5659,11.0,0.0,0.4,413
401810724,NBA,2026-03-01 20:30:00+00:00,Brooklyn Nets,Cleveland Cavaliers,0.165,0.165,0.17,0.1605,11.0,0.0,1.0,450
401803300,NHL,2026-03-01 21:00:00+00:00,Utah Mammoth,Chicago Blackhawks,0.745,0.745,0.75,0.7314,11.0,0.0,1.9,185
401803301,NHL,2026-03-01 21:00:00+00:00,San Jose Sharks,Winnipeg Jets,0.4901,0.475,0.49,0.4766,11.0,1.0,0.3,199
401803302,NHL,2026-03-01 22:00:00+00:00,Minnesota Wild,St. Louis Blues,0.6818,0.675,0.68,0.671,11.0,0.0,0.8,154
401810727,NBA,2026-03-01 22:00:00+00:00,Indiana Pacers,Memphis Grizzlies,0.495,0.485,0.49,0.4979,10.0,0.0,1.7,238
401810728,NBA,2026-03-01 23:00:00+00:00,Atlanta Hawks,Portland Trail Blazers,0.675,0.68,0.68,0.6717,11.0,1.0,0.0,330
401810730,NBA,2026-03-01 23:00:00+00:00,Orlando Magic,Detroit Pistons,0.3416,0.345,0.34,0.3488,11.0,0.0,0.6,358
401803299,NHL,2026-03-01 23:30:00+00:00,New York Islanders,Florida Panthers,0.425,0.425,0.44,0.4216,11.0,1.0,0.7,202
401810729,NBA,2026-03-02 01:00:00+00:00,Boston Celtics,Philadelphia 76ers,0.7512,0.745,0.74,0.7438,11.0,1.0,0.2,430
401810731,NBA,2026-03-02 01:00:00+00:00,Dallas Mavericks,Oklahoma City Thunder,0.095,0.095,0.09,0.1182,11.0,0.0,1.3,239
401803303,NHL,2026-03-02 01:00:00+00:00,Anaheim Ducks,Calgary Flames,0.625,0.615,0.61,0.6206,11.0,1.0,0.1,170
401810732,NBA,2026-03-02 02:00:00+00:00,LA Clippers,New Orleans Pelicans,0.745,0.735,0.75,0.74,11.0,1.0,0.1,308
401810733,NBA,2026-03-02 02:30:00+00:00,Los Angeles Lakers,Sacramento Kings,0.8564,0.865,0.87,0.8372,11.0,1.0,0.4,230
401803304,NHL,2026-03-03 00:00:00+00:00,New York Rangers,Columbus Blue Jackets,0.4798,0.485,0.48,0.4834,11.0,0.0,0.0,297
401803305,NHL,2026-03-03 00:30:00+00:00,Toronto Maple Leafs,Philadelphia Flyers,0.5473,0.545,0.55,0.5421,11.0,0.0,0.5,192
401810735,NBA,2026-03-03 00:30:00+00:00,Milwaukee Bucks,Boston Celtics,0.435,0.435,0.43,0.444,11.0,0.0,0.1,1499
401810737,NBA,2026-03-03 03:00:00+00:00,Golden State Warriors,LA Clippers,0.495,0.495,0.5,0.4879,11.0,0.0,0.3,919
401803307,NHL,2026-03-03 03:00:00+00:00,Vancouver Canucks,Dallas Stars,0.355,0.365,0.35,0.3578,11.0,0.0,1.5,226
401803308,NHL,2026-03-03 03:00:00+00:00,Seattle Kraken,Carolina Hurricanes,0.3781,0.375,0.38,0.3785,11.0,1.0,2.0,219
401803309,NHL,2026-03-03 03:30:00+00:00,Los Angeles Kings,Colorado Avalanche,0.375,0.365,0.38,0.3854,11.0,0.0,3.0,184
401803310,NHL,2026-03-04 00:00:00+00:00,Boston Bruins,Pittsburgh Penguins,0.535,0.535,0.53,0.5251,11.0,1.0,0.6,190
401803312,NHL,2026-03-04 00:00:00+00:00,New Jersey Devils,Florida Panthers,0.4824,0.475,0.48,0.4799,11.0,1.0,0.8,191
401810738,NBA,2026-03-04 00:00:00+00:00,Charlotte Hornets,Dallas Mavericks,0.855,0.845,0.85,0.8404,11.0,1.0,1.2,824
401810739,NBA,2026-03-04 00:00:00+00:00,Cleveland Cavaliers,Detroit Pistons,0.425,0.425,0.43,0.433,11.0,1.0,0.3,884
401810741,NBA,2026-03-04 00:30:00+00:00,Miami Heat,Brooklyn Nets,0.8535,0.845,0.85,0.8375,11.0,1.0,6.1,200
401810742,NBA,2026-03-04 00:30:00+00:00,Toronto Raptors,New York Knicks,0.435,0.435,0.43,0.4339,11.0,0.0,0.0,620
401810743,NBA,2026-03-04 01:00:00+00:00,Philadelphia 76ers,San Antonio Spurs,0.2624,0.255,0.25,0.2715,11.0,0.0,0.9,234
401810744,NBA,2026-03-04 01:00:00+00:00,Chicago Bulls,Oklahoma City Thunder,0.225,0.225,0.22,0.2412,11.0,0.0,2.6,201
401803315,NHL,2026-03-04 01:00:00+00:00,Winnipeg Jets,Chicago Blackhawks,0.5792,0.575,0.58,0.5753,11.0,1.0,3.9,88
401810745,NBA,2026-03-04 01:00:00+00:00,Minnesota Timberwolves,Memphis Grizzlies,0.865,0.855,0.87,0.8539,10.0,1.0,0.3,238
401803317,NHL,2026-03-04 02:00:00+00:00,Edmonton Oilers,Ottawa Senators,0.5099,0.495,0.51,0.5142,11.0,1.0,5.5,95
401803316,NHL,2026-03-04 02:00:00+00:00,Calgary Flames,Dallas Stars,0.4406,0.455,0.44,0.4546,11.0,0.0,0.8,174
401803318,NHL,2026-03-04 02:30:00+00:00,Minnesota Wild,Tampa Bay Lightning,0.435,0.445,0.45,0.4404,11.0,1.0,0.5,167
401803319,NHL,2026-03-04 03:00:00+00:00,Anaheim Ducks,Colorado Avalanche,0.4322,0.435,0.43,0.4263,11.0,0.0,0.8,142
401810746,NBA,2026-03-04 03:30:00+00:00,Los Angeles Lakers,New Orleans Pelicans,0.7525,0.755,0.75,0.7386,11.0,1.0,0.6,362
401803322,NHL,2026-03-05 00:00:00+00:00,New Jersey Devils,Toronto Maple Leafs,0.5297,0.525,0.54,0.531,11.0,1.0,0.5,289
401810748,NBA,2026-03-05 00:00:00+00:00,New York Knicks,Oklahoma City Thunder,0.395,0.385,0.38,0.3895,11.0,0.0,0.3,1224
401810749,NBA,2026-03-05 00:30:00+00:00,Boston Celtics,Charlotte Hornets,0.695,0.695,0.7,0.6865,11.0,0.0,1.3,741
401810751,NBA,2026-03-05 01:00:00+00:00,Memphis Grizzlies,Portland Trail Blazers,0.24,0.245,0.24,0.2415,11.0,0.0,0.5,257
401810752,NBA,2026-03-05 02:30:00+00:00,Milwaukee Bucks,Atlanta Hawks,0.495,0.495,0.49,0.5085,11.0,0.0,0.3,456
401803324,NHL,2026-03-05 03:00:00+00:00,Anaheim Ducks,New York Islanders,0.4677,0.465,0.47,0.4773,11.0,1.0,0.1,163
401803325,NHL,2026-03-05 03:00:00+00:00,Seattle Kraken,St. Louis Blues,0.5792,0.575,0.57,0.5734,11.0,0.0,2.2,273
401803323,NHL,2026-03-05 03:00:00+00:00,Vancouver Canucks,Carolina Hurricanes,0.255,0.255,0.25,0.2558,11.0,0.0,0.1,154
401810753,NBA,2026-03-05 03:30:00+00:00,LA Clippers,Indiana Pacers,0.8366,0.835,0.83,0.8293,11.0,1.0,0.4,247
401803326,NHL,2026-03-06 00:00:00+00:00,New York Rangers,Toronto Maple Leafs,0.5528,0.545,0.54,0.5441,11.0,1.0,0.3,222
401803327,NHL,2026-03-06 00:00:00+00:00,Philadelphia Flyers,Utah Mammoth,0.475,0.475,0.47,0.4731,11.0,0.0,0.4,233
401803328,NHL,2026-03-06 00:00:00+00:00,Pittsburgh Penguins,Buffalo Sabres,0.495,0.485,0.49,0.4907,11.0,0.0,0.2,238
401803329,NHL,2026-03-06 00:00:00+00:00,Columbus Blue Jackets,Florida Panthers,0.505,0.505,0.5,0.5057,11.0,1.0,3.1,166
401810754,NBA,2026-03-06 00:00:00+00:00,Orlando Magic,Dallas Mavericks,0.7475,0.745,0.75,0.7366,11.0,1.0,0.1,803
401810757,NBA,2026-03-06 00:30:00+00:00,Houston Rockets,Golden State Warriors,0.7871,0.785,0.78,0.7726,11.0,0.0,0.6,536
401810756,NBA,2026-03-06 00:30:00+00:00,Miami Heat,Brooklyn Nets,0.865,0.865,0.86,0.8531,11.0,1.0,0.1,259
401810759,NBA,2026-03-06 01:00:00+00:00,San Antonio Spurs,Detroit Pistons,0.575,0.575,0.57,0.5752,11.0,1.0,0.0,486
401810758,NBA,2026-03-06 01:00:00+00:00,Minnesota Timberwolves,Toronto Raptors,0.655,0.645,0.66,0.6556,11.0,1.0,1.1,358
401803331,NHL,2026-03-06 01:00:00+00:00,Winnipeg Jets,Tampa Bay Lightning,0.345,0.355,0.34,0.3622,11.0,1.0,1.5,149
401803332,NHL,2026-03-06 02:00:00+00:00,Calgary Flames,Ottawa Senators,0.3819,0.385,0.39,0.3847,11.0,0.0,2.2,107
401803333,NHL,2026-03-06 02:30:00+00:00,Los Angeles Kings,New York Islanders,0.525,0.525,0.53,0.5282,11.0,1.0,2.3,165
401810761,NBA,2026-03-06 03:00:00+00:00,Denver Nuggets,Los Angeles Lakers,0.605,0.605,0.61,0.6055,11.0,1.0,0.3,421
401810762,NBA,2026-03-06 03:00:00+00:00,Sacramento Kings,New Orleans Pelicans,0.305,0.305,0.31,0.305,11.0,0.0,1.7,187
401803334,NHL,2026-03-07 00:00:00+00:00,Detroit Red Wings,Florida Panthers,0.585,0.575,0.59,0.5826,11.0,0.0,2.7,268
401810763,NBA,2026-03-07 00:00:00+00:00,Boston Celtics,Dallas Mavericks,0.895,0.895,0.89,0.8819,11.0,1.0,0.1,748
401810764,NBA,2026-03-07 00:00:00+00:00,Charlotte Hornets,Miami Heat,0.715,0.715,0.72,0.7101,11.0,0.0,0.0,644
401810765,NBA,2026-03-07 01:00:00+00:00,Houston Rockets,Portland Trail Blazers,0.7079,0.705,0.71,0.6956,11.0,1.0,0.9,365
401803335,NHL,2026-03-07 01:00:00+00:00,Dallas Stars,Colorado Avalanche,0.4703,0.475,0.47,0.4749,11.0,0.0,1.0,252
401803336,NHL,2026-03-07 01:30:00+00:00,Chicago Blackhawks,Vancouver Canucks,0.5779,0.575,0.58,0.5929,11.0,0.0,2.4,158
401803337,NHL,2026-03-07 02:00:00+00:00,Edmonton Oilers,Carolina Hurricanes,0.48,0.485,0.48,0.4833,11.0,0.0,3.2,157
401810766,NBA,2026-03-07 02:00:00+00:00,Denver Nuggets,New York Knicks,0.5198,0.515,0.51,0.517,10.0,0.0,0.4,582
401810768,NBA,2026-03-07 02:30:00+00:00,San Antonio Spurs,LA Clippers,0.725,0.725,0.72,0.7041,11.0,1.0,0.1,297
401803340,NHL,2026-03-07 03:00:00+00:00,San Jose Sharks,St. Louis Blues,0.575,0.585,0.58,0.5709,11.0,0.0,3.5,219
401810769,NBA,2026-03-07 03:30:00+00:00,Los Angeles Lakers,Indiana Pacers,0.7929,0.785,0.78,0.7717,11.0,1.0,0.1,272
401810770,NBA,2026-03-07 20:00:00+00:00,Minnesota Timberwolves,Orlando Magic,0.698,0.695,0.7,0.702,11.0,0.0,0.0,539
401803342,NHL,2026-03-07 20:00:00+00:00,New Jersey Devils,New York Rangers,0.6119,0.615,0.61,0.6044,11.0,1.0,1.7,149
401803344,NHL,2026-03-07 22:30:00+00:00,Pittsburgh Penguins,Philadelphia Flyers,0.565,0.56,0.57,0.5597,11.0,0.0,0.6,136
401810772,NBA,2026-03-07 23:00:00+00:00,Atlanta Hawks,Philadelphia 76ers,0.7079,0.71,0.71,0.6955,11.0,1.0,0.2,526
401810771,NBA,2026-03-07 23:00:00+00:00,Detroit Pistons,Brooklyn Nets,0.8564,0.865,0.86,0.8526,11.0,0.0,0.5,402
401803345,NHL,2026-03-08 00:00:00+00:00,Toronto Maple Leafs,Tampa Bay Lightning,0.3383,0.345,0.35,0.3477,11.0,0.0,0.0,135
401803346,NHL,2026-03-08 00:00:00+00:00,Columbus Blue Jackets,Utah Mammoth,0.4802,0.485,0.48,0.4836,11.0,0.0,0.2,112
401803347,NHL,2026-03-08 00:00:00+00:00,Winnipeg Jets,Vancouver Canucks,0.725,0.7325,0.73,0.7149,11.0,1.0,1.3,94
401810773,NBA,2026-03-08 01:00:00+00:00,Memphis Grizzlies,LA Clippers,0.2723,0.275,0.28,0.2744,11.0,0.0,1.1,255
401810775,NBA,2026-03-08 01:30:00+00:00,Oklahoma City Thunder,Golden State Warriors,0.8267,0.825,0.82,0.8377,11.0,1.0,0.5,287
401803349,NHL,2026-03-08 03:00:00+00:00,Calgary Flames,Carolina Hurricanes,0.345,0.355,0.34,0.3479,11.0,1.0,0.7,115
401803350,NHL,2026-03-08 03:00:00+00:00,San Jose Sharks,New York Islanders,0.4328,0.435,0.43,0.4365,11.0,0.0,0.1,128
401803351,NHL,2026-03-08 03:00:00+00:00,Seattle Kraken,Ottawa Senators,0.405,0.405,0.41,0.4056,11.0,0.0,0.5,98
401810776,NBA,2026-03-08 17:00:00+00:00,Cleveland Cavaliers,Boston Celtics,0.525,0.525,0.53,0.5251,11.0,0.0,0.3,860
401803352,NHL,2026-03-08 18:00:00+00:00,Colorado Avalanche,Minnesota Wild,0.625,0.625,0.61,0.6185,11.0,1.0,1.2,241
401810777,NBA,2026-03-08 19:30:00+00:00,Los Angeles Lakers,New York Knicks,0.3614,0.365,0.36,0.3714,11.0,1.0,0.2,802
401803353,NHL,2026-03-08 20:30:00+00:00,Pittsburgh Penguins,Boston Bruins,0.525,0.515,0.52,0.5326,11.0,1.0,1.1,215
401803354,NHL,2026-03-08 22:00:00+00:00,Buffalo Sabres,Tampa Bay Lightning,0.485,0.475,0.49,0.4806,11.0,1.0,2.0,189
401803355,NHL,2026-03-08 22:00:00+00:00,Dallas Stars,Chicago Blackhawks,0.7337,0.735,0.73,0.7299,11.0,1.0,3.4,164
401810778,NBA,2026-03-08 22:00:00+00:00,Miami Heat,Detroit Pistons,0.4901,0.485,0.49,0.4762,9.0,1.0,0.5,717
401810779,NBA,2026-03-08 22:00:00+00:00,Toronto Raptors,Dallas Mavericks,0.785,0.775,0.78,0.7694,11.0,1.0,1.0,301
401803356,NHL,2026-03-08 23:00:00+00:00,New Jersey Devils,Detroit Red Wings,0.485,0.475,0.49,0.4881,11.0,0.0,2.4,134
401810782,NBA,2026-03-09 00:00:00+00:00,San Antonio Spurs,Houston Rockets,0.6683,0.665,0.66,0.6656,11.0,1.0,0.9,395
401810781,NBA,2026-03-09 00:00:00+00:00,Milwaukee Bucks,Orlando Magic,0.3515,0.345,0.35,0.3422,11.0,0.0,2.2,341
401810785,NBA,2026-03-09 01:00:00+00:00,Sacramento Kings,Chicago Bulls,0.3668,0.365,0.36,0.3731,11.0,1.0,0.2,284
401803357,NHL,2026-03-09 01:00:00+00:00,Anaheim Ducks,St. Louis Blues,0.602,0.595,0.61,0.6053,11.0,0.0,1.9,190
401810784,NBA,2026-03-09 01:00:00+00:00,Portland Trail Blazers,Indiana Pacers,0.785,0.775,0.78,0.7757,11.0,1.0,0.3,152
401803359,NHL,2026-03-09 23:00:00+00:00,Philadelphia Flyers,New York Rangers,0.5594,0.555,0.56,0.5595,11.0,0.0,1.7,264
401810786,NBA,2026-03-09 23:00:00+00:00,Cleveland Cavaliers,Philadelphia 76ers,0.8737,0.865,0.86,0.8604,11.0,1.0,0.4,1360
401810787,NBA,2026-03-09 23:30:00+00:00,Brooklyn Nets,Memphis Grizzlies,0.5174,0.515,0.51,0.5184,11.0,1.0,1.3,895
401810788,NBA,2026-03-09 23:30:00+00:00,Oklahoma City Thunder,Denver Nuggets,0.5909,0.595,0.6,0.6224,11.0,1.0,0.3,1176
401803361,NHL,2026-03-10 00:30:00+00:00,Chicago Blackhawks,Utah Mammoth,0.3317,0.325,0.32,0.3346,11.0,1.0,4.0,329
401803362,NHL,2026-03-10 01:00:00+00:00,Vancouver Canucks,Ottawa Senators,0.3234,0.335,0.32,0.3288,11.0,0.0,0.3,190
401810790,NBA,2026-03-10 02:00:00+00:00,LA Clippers,New York Knicks,0.465,0.465,0.46,0.4586,11.0,1.0,0.3,805
401810791,NBA,2026-03-10 23:00:00+00:00,Philadelphia 76ers,Memphis Grizzlies,0.63,0.615,0.62,0.6303,11.0,1.0,0.3,890
401803363,NHL,2026-03-10 23:00:00+00:00,Boston Bruins,Los Angeles Kings,0.595,0.585,0.59,0.5907,11.0,1.0,1.5,133
401803364,NHL,2026-03-10 23:00:00+00:00,Buffalo Sabres,San Jose Sharks,0.655,0.645,0.66,0.6436,11.0,1.0,0.0,124
401803366,NHL,2026-03-10 23:00:00+00:00,Tampa Bay Lightning,Columbus Blue Jackets,0.6782,0.675,0.67,0.6766,11.0,0.0,3.4,232
401803367,NHL,2026-03-10 23:00:00+00:00,Florida Panthers,Detroit Red Wings,0.4802,0.48,0.47,0.4952,11.0,1.0,0.3,295
401803368,NHL,2026-03-10 23:00:00+00:00,New York Rangers,Calgary Flames,0.5323,0.525,0.53,0.5286,11.0,1.0,0.2,127
401803369,NHL,2026-03-10 23:00:00+00:00,Carolina Hurricanes,Pittsburgh Penguins,0.6386,0.635,0.63,0.6429,11.0,1.0,1.2,136
401810792,NBA,2026-03-10 23:30:00+00:00,Brooklyn Nets,Detroit Pistons,0.095,0.095,0.09,0.1189,11.0,0.0,0.9,543
401810794,NBA,2026-03-10 23:30:00+00:00,Atlanta Hawks,Dallas Mavericks,0.785,0.775,0.78,0.7789,11.0,1.0,0.3,315
401803370,NHL,2026-03-10 23:30:00+00:00,St. Louis Blues,New York Islanders,0.4703,0.475,0.46,0.4609,11.0,0.0,3.9,139
401810795,NBA,2026-03-11 00:00:00+00:00,Houston Rockets,Toronto Raptors,0.635,0.645,0.64,0.6295,11.0,1.0,1.5,214
401810797,NBA,2026-03-11 00:00:00+00:00,San Antonio Spurs,Boston Celtics,0.585,0.585,0.59,0.5896,11.0,1.0,0.0,1046
401803372,NHL,2026-03-11 00:00:00+00:00,Minnesota Wild,Utah Mammoth,0.5833,0.585,0.6,0.5914,11.0,1.0,1.2,102
401803373,NHL,2026-03-11 00:30:00+00:00,Winnipeg Jets,Anaheim Ducks,0.565,0.565,0.56,0.5546,11.0,0.0,3.9,99
401803374,NHL,2026-03-11 02:00:00+00:00,Colorado Avalanche,Edmonton Oilers,0.6119,0.605,0.62,0.6124,11.0,0.0,1.0,142
401810798,NBA,2026-03-11 02:00:00+00:00,Golden State Warriors,Chicago Bulls,0.6667,0.675,0.68,0.6605,11.0,0.0,4.0,247
401810799,NBA,2026-03-11 02:00:00+00:00,Portland Trail Blazers,Charlotte Hornets,0.425,0.425,0.42,0.4261,11.0,0.0,0.1,244
401810800,NBA,2026-03-11 02:00:00+00:00,Sacramento Kings,Indiana Pacers,0.5891,0.585,0.58,0.5873,11.0,1.0,0.0,111
401810801,NBA,2026-03-11 03:00:00+00:00,Los Angeles Lakers,Minnesota Timberwolves,0.435,0.435,0.43,0.4413,11.0,1.0,0.2,624
401810802,NBA,2026-03-11 23:30:00+00:00,Orlando Magic,Cleveland Cavaliers,0.405,0.405,0.41,0.4086,11.0,1.0,0.0,1033
401810803,NBA,2026-03-12 00:00:00+00:00,New Orleans Pelicans,Toronto Raptors,0.4406,0.445,0.44,0.4382,11.0,1.0,0.0,725
401810805,NBA,2026-03-12 02:00:00+00:00,Denver Nuggets,Houston Rockets,0.6965,0.695,0.69,0.6916,11.0,1.0,1.5,624
401810806,NBA,2026-03-12 02:00:00+00:00,Sacramento Kings,Charlotte Hornets,0.1194,0.115,0.12,0.131,11.0,0.0,0.4,350
401810807,NBA,2026-03-12 02:30:00+00:00,LA Clippers,Minnesota Timberwolves,0.5396,0.545,0.55,0.5294,11.0,1.0,0.1,656
401803378,NHL,2026-03-12 23:00:00+00:00,Boston Bruins,San Jose Sharks,0.585,0.575,0.58,0.5886,11.0,0.0,0.1,121
401803380,NHL,2026-03-12 23:00:00+00:00,Toronto Maple Leafs,Anaheim Ducks,0.5099,0.505,0.51,0.5045,11.0,1.0,0.3,320
401803381,NHL,2026-03-12 23:00:00+00:00,Tampa Bay Lightning,Detroit Red Wings,0.665,0.665,0.67,0.6591,11.0,1.0,0.9,131
401803382,NHL,2026-03-12 23:00:00+00:00,Florida Panthers,Columbus Blue Jackets,0.4677,0.455,0.47,0.4661,11.0,1.0,1.1,256
401803383,NHL,2026-03-12 23:00:00+00:00,New Jersey Devils,Calgary Flames,0.635,0.625,0.64,0.6301,11.0,0.0,1.8,70
401803384,NHL,2026-03-12 23:00:00+00:00,Carolina Hurricanes,St. Louis Blues,0.715,0.715,0.72,0.7115,11.0,0.0,0.9,148
401810808,NBA,2026-03-12 23:00:00+00:00,Detroit Pistons,Philadelphia 76ers,0.895,0.885,0.9,0.8775,11.0,1.0,0.5,614
401810812,NBA,2026-03-12 23:30:00+00:00,Miami Heat,Milwaukee Bucks,0.6784,0.675,0.67,0.6667,11.0,1.0,1.2,395
401810811,NBA,2026-03-12 23:30:00+00:00,Atlanta Hawks,Brooklyn Nets,0.91,0.905,0.91,0.8863,11.0,1.0,0.2,176
401810966,NBA,2026-03-13 00:00:00+00:00,Memphis Grizzlies,Dallas Mavericks,0.34,0.345,0.34,0.3396,11.0,0.0,0.2,261
401803387,NHL,2026-03-13 00:00:00+00:00,Winnipeg Jets,New York Rangers,0.5779,0.575,0.57,0.5794,11.0,0.0,0.1,63
401803385,NHL,2026-03-13 00:00:00+00:00,Dallas Stars,Edmonton Oilers,0.535,0.535,0.53,0.5396,11.0,1.0,4.5,90
401803386,NHL,2026-03-13 00:00:00+00:00,Minnesota Wild,Philadelphia Flyers,0.6667,0.675,0.68,0.665,11.0,0.0,0.8,73
401803388,NHL,2026-03-13 01:00:00+00:00,Utah Mammoth,Chicago Blackhawks,0.675,0.675,0.67,0.6668,11.0,0.0,3.9,97
401810813,NBA,2026-03-13 01:00:00+00:00,San Antonio Spurs,Denver Nuggets,0.5721,0.575,0.56,0.5722,11.0,0.0,0.2,687
401810814,NBA,2026-03-13 01:30:00+00:00,Oklahoma City Thunder,Boston Celtics,0.7475,0.76,0.77,0.7409,11.0,1.0,0.1,481
401810815,NBA,2026-03-13 02:30:00+00:00,Los Angeles Lakers,Chicago Bulls,0.8267,0.825,0.83,0.8175,11.0,1.0,0.0,263
401803392,NHL,2026-03-13 23:00:00+00:00,New York Islanders,Los Angeles Kings,0.565,0.555,0.56,0.5625,11.0,0.0,0.2,289
401810816,NBA,2026-03-13 23:30:00+00:00,Detroit Pistons,Memphis Grizzlies,0.915,0.915,0.91,0.8998,11.0,1.0,0.6,501
401810817,NBA,2026-03-13 23:30:00+00:00,Indiana Pacers,New York Knicks,0.145,0.145,0.14,0.1574,11.0,0.0,0.7,371
401810820,NBA,2026-03-13 23:30:00+00:00,Dallas Mavericks,Cleveland Cavaliers,0.145,0.155,0.16,0.1539,11.0,0.0,1.5,241
401803393,NHL,2026-03-14 00:00:00+00:00,St. Louis Blues,Edmonton Oilers,0.43,0.435,0.43,0.4276,11.0,1.0,0.1,214
401810819,NBA,2026-03-14 00:00:00+00:00,Houston Rockets,New Orleans Pelicans,0.6816,0.685,0.69,0.6684,11.0,1.0,1.8,317
401810821,NBA,2026-03-14 02:00:00+00:00,Golden State Warriors,Minnesota Timberwolves,0.3582,0.365,0.35,0.3587,11.0,0.0,0.4,354
401810823,NBA,2026-03-14 02:30:00+00:00,LA Clippers,Chicago Bulls,0.865,0.865,0.86,0.8521,11.0,1.0,0.2,208
401803394,NHL,2026-03-14 17:00:00+00:00,Ottawa Senators,Anaheim Ducks,0.625,0.625,0.62,0.6157,11.0,1.0,0.1,186
401810824,NBA,2026-03-14 17:00:00+00:00,Philadelphia 76ers,Brooklyn Nets,0.775,0.775,0.78,0.7593,11.0,1.0,0.5,306
401803396,NHL,2026-03-14 20:00:00+00:00,Winnipeg Jets,Colorado Avalanche,0.375,0.385,0.37,0.3769,11.0,1.0,2.7,173
401803397,NHL,2026-03-14 22:00:00+00:00,Minnesota Wild,New York Rangers,0.6368,0.635,0.65,0.6348,11.0,0.0,2.0,120
401803402,NHL,2026-03-14 23:00:00+00:00,New York Islanders,Calgary Flames,0.5721,0.575,0.57,0.573,11.0,1.0,0.3,115
401803401,NHL,2026-03-14 23:00:00+00:00,New Jersey Devils,Los Angeles Kings,0.585,0.59,0.58,0.5815,11.0,1.0,0.1,91
401803398,NHL,2026-03-14 23:00:00+00:00,Buffalo Sabres,Toronto Maple Leafs,0.675,0.675,0.67,0.6724,11.0,1.0,1.8,86
401803400,NHL,2026-03-14 23:00:00+00:00,Tampa Bay Lightning,Carolina Hurricanes,0.5377,0.535,0.54,0.5358,11.0,0.0,2.9,82
401803404,NHL,2026-03-15 00:00:00+00:00,Dallas Stars,Detroit Red Wings,0.635,0.635,0.64,0.632,11.0,1.0,2.6,86
401810827,NBA,2026-03-15 00:00:00+00:00,Miami Heat,Orlando Magic,0.625,0.635,0.64,0.619,11.0,0.0,0.3,439
401810829,NBA,2026-03-15 00:30:00+00:00,Los Angeles Lakers,Denver Nuggets,0.4604,0.465,0.47,0.4677,11.0,1.0,0.1,577
401803405,NHL,2026-03-15 01:00:00+00:00,Utah Mammoth,Pittsburgh Penguins,0.585,0.585,0.57,0.578,11.0,0.0,0.5,66
401803406,NHL,2026-03-15 02:00:00+00:00,Vancouver Canucks,Seattle Kraken,0.4322,0.435,0.43,0.4335,11.0,0.0,1.1,56
401810830,NBA,2026-03-15 02:30:00+00:00,LA Clippers,Sacramento Kings,0.885,0.895,0.9,0.8694,11.0,0.0,2.9,221
401810831,NBA,2026-03-15 17:00:00+00:00,Oklahoma City Thunder,Minnesota Timberwolves,0.7673,0.775,0.77,0.7598,11.0,1.0,0.6,634
401803408,NHL,2026-03-15 19:00:00+00:00,Winnipeg Jets,St. Louis Blues,0.4901,0.495,0.48,0.4902,11.0,1.0,3.7,161
401810832,NBA,2026-03-15 19:30:00+00:00,Cleveland Cavaliers,Dallas Mavericks,0.895,0.885,0.89,0.8849,11.0,0.0,0.1,425
401810833,NBA,2026-03-15 19:30:00+00:00,Toronto Raptors,Detroit Pistons,0.415,0.415,0.41,0.4092,11.0,1.0,0.4,353
401810834,NBA,2026-03-15 19:30:00+00:00,Milwaukee Bucks,Indiana Pacers,0.735,0.735,0.74,0.736,11.0,1.0,0.9,309
401803409,NHL,2026-03-15 21:00:00+00:00,Ottawa Senators,San Jose Sharks,0.635,0.625,0.63,0.6405,11.0,1.0,0.4,179
401810835,NBA,2026-03-15 22:00:00+00:00,Philadelphia 76ers,Portland Trail Blazers,0.2525,0.255,0.26,0.2568,11.0,1.0,0.5,309
401803411,NHL,2026-03-15 23:30:00+00:00,Minnesota Wild,Toronto Maple Leafs,0.695,0.695,0.7,0.6919,11.0,0.0,1.1,167
401810836,NBA,2026-03-16 00:00:00+00:00,New York Knicks,Golden State Warriors,0.875,0.875,0.87,0.8675,11.0,1.0,0.5,559
401803413,NHL,2026-03-16 00:00:00+00:00,Seattle Kraken,Florida Panthers,0.475,0.475,0.46,0.4665,11.0,1.0,2.8,152
401810838,NBA,2026-03-16 23:00:00+00:00,Atlanta Hawks,Orlando Magic,0.5891,0.585,0.59,0.5858,11.0,1.0,0.4,980
401803416,NHL,2026-03-16 23:00:00+00:00,New York Rangers,Los Angeles Kings,0.5,0.495,0.51,0.4946,11.0,0.0,1.2,206
401803414,NHL,2026-03-16 23:00:00+00:00,Detroit Red Wings,Calgary Flames,0.6169,0.615,0.62,0.6203,11.0,1.0,5.4,162
401803415,NHL,2026-03-16 23:00:00+00:00,New Jersey Devils,Boston Bruins,0.5297,0.525,0.53,0.5325,11.0,1.0,0.0,258
401810840,NBA,2026-03-16 23:30:00+00:00,Brooklyn Nets,Portland Trail Blazers,0.185,0.175,0.18,0.1978,11.0,0.0,0.7,223
401803417,NHL,2026-03-17 00:00:00+00:00,Dallas Stars,Utah Mammoth,0.5871,0.585,0.58,0.5936,11.0,0.0,0.2,191
401810842,NBA,2026-03-17 00:00:00+00:00,Chicago Bulls,Memphis Grizzlies,0.715,0.715,0.72,0.7054,11.0,1.0,1.3,229
401810843,NBA,2026-03-17 00:00:00+00:00,New Orleans Pelicans,Dallas Mavericks,0.745,0.745,0.74,0.7399,11.0,1.0,1.5,349
401803418,NHL,2026-03-17 01:50:00+00:00,Colorado Avalanche,Pittsburgh Penguins,0.6667,0.67,0.66,0.6617,11.0,0.0,1.4,162
401803419,NHL,2026-03-17 23:00:00+00:00,Toronto Maple Leafs,New York Islanders,0.415,0.415,0.42,0.4152,11.0,0.0,0.6,213
401803421,NHL,2026-03-17 23:00:00+00:00,Columbus Blue Jackets,Carolina Hurricanes,0.475,0.465,0.48,0.4758,11.0,1.0,0.7,238
401810846,NBA,2026-03-17 23:00:00+00:00,Charlotte Hornets,Miami Heat,0.6485,0.645,0.65,0.645,11.0,1.0,0.2,723
401810847,NBA,2026-03-17 23:00:00+00:00,Orlando Magic,Oklahoma City Thunder,0.203,0.205,0.2,0.2172,11.0,0.0,2.1,458
401810849,NBA,2026-03-17 23:30:00+00:00,New York Knicks,Indiana Pacers,0.8663,0.865,0.86,0.8521,11.0,1.0,0.9,191
401803423,NHL,2026-03-17 23:30:00+00:00,Chicago Blackhawks,Minnesota Wild,0.385,0.385,0.38,0.3851,11.0,0.0,0.9,181
401810850,NBA,2026-03-18 00:00:00+00:00,Milwaukee Bucks,Cleveland Cavaliers,0.1634,0.165,0.17,0.1758,11.0,0.0,3.6,219
401803424,NHL,2026-03-18 01:00:00+00:00,Edmonton Oilers,San Jose Sharks,0.595,0.595,0.59,0.5927,11.0,1.0,0.1,257
401810852,NBA,2026-03-18 02:00:00+00:00,Denver Nuggets,Philadelphia 76ers,0.896,0.895,0.89,0.8863,11.0,1.0,0.4,210
401810853,NBA,2026-03-18 02:00:00+00:00,Sacramento Kings,San Antonio Spurs,0.1337,0.135,0.13,0.1432,11.0,0.0,2.0,190
401803425,NHL,2026-03-18 02:00:00+00:00,Vancouver Canucks,Florida Panthers,0.4109,0.415,0.41,0.4123,11.0,1.0,1.9,99
401803427,NHL,2026-03-18 02:00:00+00:00,Seattle Kraken,Tampa Bay Lightning,0.375,0.375,0.38,0.374,11.0,0.0,0.3,194
401810854,NBA,2026-03-18 23:00:00+00:00,Boston Celtics,Golden State Warriors,0.8442,0.845,0.85,0.8271,11.0,1.0,0.4,619
401803428,NHL,2026-03-18 23:00:00+00:00,New York Rangers,New Jersey Devils,0.465,0.475,0.46,0.4685,11.0,0.0,0.2,241
401803429,NHL,2026-03-18 23:00:00+00:00,Carolina Hurricanes,Pittsburgh Penguins,0.5495,0.545,0.54,0.5498,11.0,1.0,0.4,208
401810855,NBA,2026-03-18 23:30:00+00:00,Brooklyn Nets,Oklahoma City Thunder,0.0498,0.055,0.06,0.0774,11.0,0.0,3.4,174
401810856,NBA,2026-03-18 23:30:00+00:00,Indiana Pacers,Portland Trail Blazers,0.1465,0.145,0.15,0.1595,11.0,0.0,2.0,293
401810857,NBA,2026-03-19 00:00:00+00:00,Chicago Bulls,Toronto Raptors,0.265,0.265,0.26,0.2791,11.0,0.0,0.2,155
401810860,NBA,2026-03-19 00:00:00+00:00,New Orleans Pelicans,LA Clippers,0.455,0.445,0.45,0.4581,11.0,1.0,0.3,471
401810861,NBA,2026-03-19 00:30:00+00:00,Dallas Mavericks,Atlanta Hawks,0.255,0.255,0.25,0.2673,11.0,0.0,0.6,179
401858693,NBA,2026-03-19 00:30:00+00:00,Memphis Grizzlies,Denver Nuggets,0.125,0.135,0.13,0.1476,11.0,1.0,3.5,106
401803432,NHL,2026-03-19 01:30:00+00:00,Calgary Flames,St. Louis Blues,0.4523,0.445,0.44,0.4472,11.0,1.0,3.4,126
401810862,NBA,2026-03-19 01:30:00+00:00,Houston Rockets,Los Angeles Lakers,0.545,0.545,0.54,0.5431,11.0,0.0,0.1,481
401803431,NHL,2026-03-19 01:30:00+00:00,Colorado Avalanche,Dallas Stars,0.5594,0.555,0.56,0.5611,11.0,0.0,0.4,158
401803433,NHL,2026-03-19 02:00:00+00:00,Anaheim Ducks,Philadelphia Flyers,0.5771,0.575,0.58,0.5787,11.0,0.0,0.1,133
401803434,NHL,2026-03-19 23:00:00+00:00,Boston Bruins,Winnipeg Jets,0.555,0.555,0.56,0.5641,11.0,1.0,0.2,140
401803435,NHL,2026-03-19 23:00:00+00:00,Ottawa Senators,New York Islanders,0.535,0.525,0.52,0.5328,11.0,1.0,0.5,167
401803437,NHL,2026-03-19 23:00:00+00:00,Columbus Blue Jackets,New York Rangers,0.6734,0.67,0.67,0.6602,11.0,1.0,0.4,130
401810863,NBA,2026-03-19 23:00:00+00:00,Charlotte Hornets,Orlando Magic,0.675,0.675,0.67,0.6586,11.0,1.0,1.1,544
401803439,NHL,2026-03-19 23:30:00+00:00,Minnesota Wild,Chicago Blackhawks,0.6429,0.625,0.63,0.659,11.0,0.0,0.2,106
401810866,NBA,2026-03-20 00:00:00+00:00,Chicago Bulls,Cleveland Cavaliers,0.195,0.195,0.19,0.2094,11.0,0.0,2.0,339
401810865,NBA,2026-03-20 00:00:00+00:00,Miami Heat,Los Angeles Lakers,0.5771,0.575,0.57,0.5834,11.0,0.0,0.1,1011
401810867,NBA,2026-03-20 00:00:00+00:00,New Orleans Pelicans,LA Clippers,0.605,0.595,0.6,0.6026,11.0,1.0,0.4,2497
401803440,NHL,2026-03-20 01:00:00+00:00,Edmonton Oilers,Florida Panthers,0.595,0.585,0.6,0.5905,11.0,0.0,9.1,77
401803441,NHL,2026-03-20 02:00:00+00:00,Vancouver Canucks,Tampa Bay Lightning,0.2723,0.265,0.26,0.265,11.0,0.0,0.3,110
401803443,NHL,2026-03-20 02:00:00+00:00,San Jose Sharks,Buffalo Sabres,0.4322,0.445,0.44,0.4344,11.0,0.0,1.2,100
401810870,NBA,2026-03-20 02:00:00+00:00,Sacramento Kings,Philadelphia 76ers,0.435,0.425,0.44,0.4299,11.0,0.0,0.0,278
401803444,NHL,2026-03-20 02:30:00+00:00,Los Angeles Kings,Philadelphia Flyers,0.625,0.645,0.62,0.6125,11.0,0.0,4.5,141
401803445,NHL,2026-03-20 23:00:00+00:00,Toronto Maple Leafs,Carolina Hurricanes,0.3317,0.345,0.34,0.3368,11.0,0.0,3.3,157
401810872,NBA,2026-03-20 23:30:00+00:00,Detroit Pistons,Golden State Warriors,0.675,0.685,0.68,0.6597,11.0,1.0,0.2,528
401810873,NBA,2026-03-21 00:00:00+00:00,Houston Rockets,Atlanta Hawks,0.5891,0.595,0.59,0.5764,11.0,1.0,0.9,536
401810874,NBA,2026-03-21 00:00:00+00:00,Memphis Grizzlies,Boston Celtics,0.095,0.105,0.09,0.1061,11.0,0.0,0.0,282
401810875,NBA,2026-03-21 00:00:00+00:00,Minnesota Timberwolves,Portland Trail Blazers,0.495,0.505,0.5,0.509,11.0,0.0,0.3,394
401803447,NHL,2026-03-21 00:30:00+00:00,Chicago Blackhawks,Colorado Avalanche,0.255,0.255,0.26,0.2622,11.0,0.0,3.6,243
401803448,NHL,2026-03-21 01:00:00+00:00,Calgary Flames,Florida Panthers,0.5198,0.525,0.52,0.5163,11.0,1.0,0.8,166
401810876,NBA,2026-03-21 01:00:00+00:00,Denver Nuggets,Toronto Raptors,0.705,0.695,0.71,0.7002,11.0,1.0,0.7,224
401803449,NHL,2026-03-21 02:00:00+00:00,Utah Mammoth,Anaheim Ducks,0.555,0.545,0.54,0.5601,11.0,0.0,2.0,209
401803450,NHL,2026-03-21 17:00:00+00:00,Pittsburgh Penguins,Winnipeg Jets,0.593,0.595,0.6,0.5926,11.0,1.0,0.1,214
401803452,NHL,2026-03-21 20:00:00+00:00,Minnesota Wild,Dallas Stars,0.4478,0.445,0.44,0.446,11.0,1.0,0.5,220
401803453,NHL,2026-03-21 20:00:00+00:00,Los Angeles Kings,Buffalo Sabres,0.4604,0.465,0.46,0.4581,11.0,0.0,0.2,187
401803454,NHL,2026-03-21 20:00:00+00:00,San Jose Sharks,Philadelphia Flyers,0.5323,0.525,0.54,0.5289,11.0,0.0,0.9,165
401803455,NHL,2026-03-21 21:00:00+00:00,Columbus Blue Jackets,Seattle Kraken,0.635,0.645,0.63,0.6204,11.0,1.0,0.5,112
401810880,NBA,2026-03-21 23:00:00+00:00,New Orleans Pelicans,Cleveland Cavaliers,0.355,0.345,0.35,0.3532,11.0,0.0,0.8,415
401810879,NBA,2026-03-21 23:00:00+00:00,Orlando Magic,Los Angeles Lakers,0.415,0.415,0.41,0.4173,11.0,0.0,0.0,587
401810878,NBA,2026-03-21 23:00:00+00:00,Charlotte Hornets,Memphis Grizzlies,0.9347,0.93,0.93,0.9116,11.0,1.0,0.6,245
401803458,NHL,2026-03-21 23:00:00+00:00,Vancouver Canucks,St. Louis Blues,0.4221,0.435,0.43,0.4228,11.0,0.0,0.5,63
401803457,NHL,2026-03-21 23:00:00+00:00,Ottawa Senators,Toronto Maple Leafs,0.735,0.725,0.74,0.729,11.0,1.0,4.8,81
401803459,NHL,2026-03-22 00:00:00+00:00,Detroit Red Wings,Boston Bruins,0.5297,0.535,0.53,0.5238,11.0,0.0,0.0,252
401810881,NBA,2026-03-22 00:00:00+00:00,Atlanta Hawks,Golden State Warriors,0.745,0.735,0.73,0.7246,11.0,1.0,1.1,288
401810882,NBA,2026-03-22 00:00:00+00:00,Houston Rockets,Miami Heat,0.565,0.56,0.56,0.5599,11.0,1.0,3.1,427
401810883,NBA,2026-03-22 00:00:00+00:00,San Antonio Spurs,Indiana Pacers,0.915,0.915,0.91,0.9021,11.0,1.0,1.9,142
401810884,NBA,2026-03-22 00:30:00+00:00,Dallas Mavericks,LA Clippers,0.2921,0.295,0.29,0.2989,11.0,0.0,0.5,208
401803460,NHL,2026-03-22 02:00:00+00:00,Edmonton Oilers,Tampa Bay Lightning,0.445,0.445,0.44,0.4479,11.0,0.0,0.8,172
401803461,NHL,2026-03-22 16:00:00+00:00,New York Rangers,Winnipeg Jets,0.515,0.515,0.52,0.5161,11.0,0.0,2.1,151
401803463,NHL,2026-03-22 19:00:00+00:00,Pittsburgh Penguins,Carolina Hurricanes,0.425,0.435,0.43,0.4342,11.0,0.0,0.2,129
401810887,NBA,2026-03-22 21:00:00+00:00,Denver Nuggets,Portland Trail Blazers,0.755,0.755,0.76,0.744,11.0,1.0,0.4,455
401810888,NBA,2026-03-22 22:00:00+00:00,Sacramento Kings,Brooklyn Nets,0.6866,0.685,0.68,0.6797,11.0,1.0,0.0,413
401803465,NHL,2026-03-22 23:00:00+00:00,New York Islanders,Columbus Blue Jackets,0.4703,0.475,0.46,0.4718,11.0,1.0,0.4,196
401803467,NHL,2026-03-23 00:00:00+00:00,Calgary Flames,Tampa Bay Lightning,0.398,0.395,0.4,0.3936,11.0,1.0,2.2,205
401803468,NHL,2026-03-23 00:00:00+00:00,Anaheim Ducks,Buffalo Sabres,0.485,0.485,0.47,0.4808,11.0,1.0,0.2,201
401810890,NBA,2026-03-23 00:00:00+00:00,Boston Celtics,Minnesota Timberwolves,0.7871,0.795,0.79,0.7821,11.0,0.0,1.6,409
401803469,NHL,2026-03-23 01:00:00+00:00,Utah Mammoth,Los Angeles Kings,0.6181,0.615,0.62,0.6123,11.0,1.0,4.2,117
401810895,NBA,2026-03-23 23:00:00+00:00,Philadelphia 76ers,Oklahoma City Thunder,0.085,0.085,0.09,0.1122,11.0,0.0,0.5,414
401810896,NBA,2026-03-23 23:00:00+00:00,Miami Heat,San Antonio Spurs,0.395,0.405,0.4,0.4065,11.0,0.0,0.2,1103
401810893,NBA,2026-03-23 23:00:00+00:00,Detroit Pistons,Los Angeles Lakers,0.475,0.475,0.47,0.4802,11.0,1.0,0.0,2417
401810894,NBA,2026-03-23 23:00:00+00:00,Orlando Magic,Indiana Pacers,0.825,0.825,0.82,0.8162,11.0,0.0,0.4,461
401803470,NHL,2026-03-23 23:30:00+00:00,New York Rangers,Ottawa Senators,0.375,0.375,0.38,0.3728,11.0,0.0,1.6,348
401810892,NBA,2026-03-23 23:30:00+00:00,Atlanta Hawks,Memphis Grizzlies,0.885,0.885,0.88,0.8631,11.0,1.0,1.4,267
401810897,NBA,2026-03-24 00:00:00+00:00,Chicago Bulls,Houston Rockets,0.225,0.225,0.23,0.2402,11.0,1.0,0.4,286
401810899,NBA,2026-03-24 01:30:00+00:00,Dallas Mavericks,Golden State Warriors,0.435,0.44,0.43,0.4461,11.0,0.0,1.1,638
401810900,NBA,2026-03-24 02:00:00+00:00,Portland Trail Blazers,Brooklyn Nets,0.905,0.905,0.9,0.8769,11.0,1.0,0.1,231
401810901,NBA,2026-03-24 02:30:00+00:00,LA Clippers,Milwaukee Bucks,0.875,0.875,0.87,0.8595,11.0,1.0,0.1,339
401810902,NBA,2026-03-24 23:00:00+00:00,Charlotte Hornets,Sacramento Kings,0.935,0.935,0.94,0.909,11.0,1.0,0.2,529
401803477,NHL,2026-03-24 23:00:00+00:00,Pittsburgh Penguins,Colorado Avalanche,0.398,0.395,0.39,0.3973,11.0,0.0,0.2,221
401803475,NHL,2026-03-24 23:00:00+00:00,New York Islanders,Chicago Blackhawks,0.605,0.605,0.61,0.6013,11.0,0.0,0.1,159
401803474,NHL,2026-03-24 23:00:00+00:00,Florida Panthers,Seattle Kraken,0.535,0.535,0.53,0.5461,11.0,1.0,0.7,163
401803471,NHL,2026-03-24 23:00:00+00:00,Boston Bruins,Toronto Maple Leafs,0.635,0.635,0.64,0.6422,11.0,0.0,0.1,121
401803473,NHL,2026-03-24 23:00:00+00:00,Detroit Red Wings,Ottawa Senators,0.5419,0.545,0.55,0.542,11.0,0.0,0.3,175
401803478,NHL,2026-03-24 23:30:00+00:00,Tampa Bay Lightning,Minnesota Wild,0.5891,0.585,0.59,0.5897,11.0,1.0,1.5,138
401810903,NBA,2026-03-24 23:30:00+00:00,New York Knicks,New Orleans Pelicans,0.765,0.765,0.77,0.7497,11.0,1.0,0.0,606
401803481,NHL,2026-03-25 00:00:00+00:00,Dallas Stars,New Jersey Devils,0.599,0.605,0.61,0.6025,11.0,0.0,5.0,140
401810904,NBA,2026-03-25 00:00:00+00:00,Cleveland Cavaliers,Orlando Magic,0.797,0.805,0.81,0.7877,11.0,1.0,1.3,492
401803484,NHL,2026-03-25 01:00:00+00:00,Calgary Flames,Los Angeles Kings,0.425,0.43,0.43,0.4316,11.0,1.0,5.0,110
401803483,NHL,2026-03-25 01:30:00+00:00,Utah Mammoth,Edmonton Oilers,0.555,0.555,0.55,0.5473,11.0,0.0,5.0,139
401803485,NHL,2026-03-25 02:00:00+00:00,Vancouver Canucks,Anaheim Ducks,0.375,0.385,0.38,0.3797,11.0,0.0,0.3,158
401810908,NBA,2026-03-25 23:00:00+00:00,Philadelphia 76ers,Chicago Bulls,0.698,0.695,0.69,0.6923,11.0,1.0,0.2,302
401810906,NBA,2026-03-25 23:00:00+00:00,Detroit Pistons,Atlanta Hawks,0.565,0.565,0.56,0.5638,11.0,0.0,0.1,894
401803486,NHL,2026-03-25 23:30:00+00:00,Buffalo Sabres,Boston Bruins,0.655,0.655,0.66,0.653,11.0,0.0,0.5,235
401803487,NHL,2026-03-25 23:30:00+00:00,Toronto Maple Leafs,New York Rangers,0.445,0.445,0.45,0.4461,11.0,1.0,1.2,237
401810909,NBA,2026-03-25 23:30:00+00:00,Boston Celtics,Oklahoma City Thunder,0.4428,0.445,0.44,0.4515,11.0,1.0,0.2,921
401810910,NBA,2026-03-25 23:30:00+00:00,Cleveland Cavaliers,Miami Heat,0.5678,0.565,0.56,0.5695,11.0,0.0,2.2,422
401810911,NBA,2026-03-26 00:00:00+00:00,Memphis Grizzlies,San Antonio Spurs,0.075,0.075,0.08,0.0914,11.0,0.0,0.3,209
401814702,MLB,2026-03-26 00:05:00+00:00,San Francisco Giants,New York Yankees,0.475,0.475,0.48,0.4728,11.0,0.0,0.1,1699
401810913,NBA,2026-03-26 01:42:00+00:00,Minnesota Timberwolves,Houston Rockets,0.4585,0.455,0.46,0.4585,11.0,1.0,1.2,414
401810914,NBA,2026-03-26 02:00:00+00:00,Denver Nuggets,Dallas Mavericks,0.8366,0.835,0.83,0.8234,11.0,1.0,0.6,226
401810915,NBA,2026-03-26 02:00:00+00:00,Golden State Warriors,Brooklyn Nets,0.8465,0.855,0.84,0.8307,11.0,1.0,1.1,148
401810916,NBA,2026-03-26 02:00:00+00:00,Portland Trail Blazers,Milwaukee Bucks,0.8905,0.895,0.88,0.8709,11.0,1.0,0.6,213
401814693,MLB,2026-03-26 17:15:00+00:00,New York Mets,Pittsburgh Pirates,0.525,0.525,0.53,0.5219,11.0,1.0,0.1,802
401814698,MLB,2026-03-26 18:20:00+00:00,Chicago Cubs,Washington Nationals,0.655,0.655,0.66,0.6492,11.0,0.0,0.1,313
401814692,MLB,2026-03-26 19:05:00+00:00,Baltimore Orioles,Minnesota Twins,0.5594,0.565,0.57,0.5641,11.0,1.0,0.2,308
401814689,MLB,2026-03-26 20:10:00+00:00,Cincinnati Reds,Boston Red Sox,0.405,0.405,0.4,0.4093,11.0,0.0,0.3,329
401814695,MLB,2026-03-26 20:10:00+00:00,Houston Astros,Los Angeles Angels,0.62,0.625,0.63,0.6136,11.0,0.0,0.7,211
401814701,MLB,2026-03-26 20:10:00+00:00,San Diego Padres,Detroit Tigers,0.4703,0.475,0.46,0.4673,11.0,0.0,0.2,245
401814694,MLB,2026-03-26 20:15:00+00:00,Philadelphia Phillies,Texas Rangers,0.599,0.595,0.61,0.595,11.0,1.0,0.1,219
401814697,MLB,2026-03-26 20:15:00+00:00,St. Louis Cardinals,Tampa Bay Rays,0.445,0.445,0.44,0.4565,11.0,1.0,0.1,163
401810920,NBA,2026-03-26 23:00:00+00:00,Orlando Magic,Sacramento Kings,0.905,0.905,0.91,0.891,11.0,1.0,0.4,324
401810919,NBA,2026-03-26 23:00:00+00:00,Detroit Pistons,New Orleans Pelicans,0.6617,0.665,0.66,0.6547,11.0,1.0,0.6,622
401810918,NBA,2026-03-26 23:00:00+00:00,Charlotte Hornets,New York Knicks,0.555,0.555,0.55,0.5456,11.0,1.0,0.0,944
401803493,NHL,2026-03-26 23:00:00+00:00,Philadelphia Flyers,Chicago Blackhawks,0.565,0.565,0.57,0.569,11.0,1.0,0.7,132
401803490,NHL,2026-03-26 23:00:00+00:00,Tampa Bay Lightning,Seattle Kraken,0.715,0.715,0.72,0.7166,11.0,0.0,4.4,122
401803491,NHL,2026-03-26 23:00:00+00:00,Florida Panthers,Minnesota Wild,0.4109,0.405,0.4,0.4061,11.0,0.0,1.3,197
401803489,NHL,2026-03-26 23:00:00+00:00,Ottawa Senators,Pittsburgh Penguins,0.5779,0.575,0.57,0.5739,11.0,0.0,0.0,85
401803492,NHL,2026-03-26 23:00:00+00:00,New York Islanders,Dallas Stars,0.47,0.475,0.47,0.4722,11.0,1.0,2.4,98
401803494,NHL,2026-03-27 00:00:00+00:00,St. Louis Blues,San Jose Sharks,0.535,0.535,0.54,0.5424,11.0,1.0,0.1,148
401803496,NHL,2026-03-27 00:00:00+00:00,Winnipeg Jets,Colorado Avalanche,0.3713,0.375,0.37,0.3784,11.0,0.0,1.1,201
401803498,NHL,2026-03-27 01:00:00+00:00,Calgary Flames,Anaheim Ducks,0.4505,0.455,0.45,0.4548,11.0,0.0,1.5,123
401803500,NHL,2026-03-27 02:00:00+00:00,Vancouver Canucks,Los Angeles Kings,0.3719,0.375,0.37,0.3804,11.0,0.0,1.1,88
401814700,MLB,2026-03-27 02:10:00+00:00,Seattle Mariners,Cleveland Guardians,0.6287,0.635,0.64,0.6189,11.0,0.0,0.0,389
401814721,MLB,2026-03-27 20:35:00+00:00,San Francisco Giants,New York Yankees,0.4505,0.455,0.46,0.4528,11.0,0.0,0.1,1008
401803501,NHL,2026-03-27 23:00:00+00:00,Buffalo Sabres,Detroit Red Wings,0.565,0.565,0.57,0.562,11.0,0.0,1.1,179
401803502,NHL,2026-03-27 23:00:00+00:00,New York Rangers,Chicago Blackhawks,0.6119,0.605,0.62,0.6127,11.0,1.0,1.8,157
401810921,NBA,2026-03-27 23:00:00+00:00,Indiana Pacers,LA Clippers,0.215,0.225,0.22,0.2354,11.0,0.0,0.1,408
401814688,MLB,2026-03-27 23:07:00+00:00,Toronto Blue Jays,Athletics,0.6089,0.605,0.6,0.613,11.0,1.0,0.3,502
401814690,MLB,2026-03-27 23:10:00+00:00,Miami Marlins,Colorado Rockies,0.635,0.635,0.63,0.6337,11.0,1.0,0.5,195
401814691,MLB,2026-03-27 23:15:00+00:00,Atlanta Braves,Kansas City Royals,0.5622,0.575,0.57,0.5617,11.0,1.0,0.0,429
401810923,NBA,2026-03-27 23:30:00+00:00,Cleveland Cavaliers,Miami Heat,0.6633,0.665,0.66,0.6613,11.0,1.0,1.4,347
401810922,NBA,2026-03-27 23:30:00+00:00,Boston Celtics,Atlanta Hawks,0.665,0.665,0.66,0.6587,11.0,1.0,0.1,710
401810924,NBA,2026-03-28 00:00:00+00:00,Memphis Grizzlies,Houston Rockets,0.115,0.115,0.12,0.132,11.0,0.0,0.3,175
401810925,NBA,2026-03-28 00:00:00+00:00,Oklahoma City Thunder,Chicago Bulls,0.945,0.955,0.94,0.9216,11.0,1.0,1.8,208
401810926,NBA,2026-03-28 00:30:00+00:00,Toronto Raptors,New Orleans Pelicans,0.7475,0.745,0.75,0.7396,11.0,1.0,3.1,270
401814706,MLB,2026-03-28 01:40:00+00:00,San Diego Padres,Detroit Tigers,0.5495,0.545,0.54,0.5519,11.0,0.0,0.1,341
401810929,NBA,2026-03-28 02:00:00+00:00,Portland Trail Blazers,Dallas Mavericks,0.815,0.815,0.81,0.7983,11.0,0.0,0.1,166
401810930,NBA,2026-03-28 02:30:00+00:00,Los Angeles Lakers,Brooklyn Nets,0.945,0.945,0.94,0.9195,11.0,1.0,0.2,144
401803503,NHL,2026-03-28 17:00:00+00:00,Tampa Bay Lightning,Ottawa Senators,0.5578,0.565,0.57,0.5555,11.0,1.0,0.3,185
401803504,NHL,2026-03-28 17:00:00+00:00,New York Islanders,Florida Panthers,0.6468,0.645,0.64,0.64,11.0,1.0,0.4,165
401814716,MLB,2026-03-28 18:15:00+00:00,St. Louis Cardinals,Tampa Bay Rays,0.485,0.485,0.48,0.4866,11.0,1.0,0.1,383
401814717,MLB,2026-03-28 18:20:00+00:00,Chicago Cubs,Washington Nationals,0.685,0.685,0.68,0.6822,11.0,1.0,0.1,352
401814707,MLB,2026-03-28 19:07:00+00:00,Toronto Blue Jays,Athletics,0.645,0.645,0.64,0.6368,11.0,1.0,0.5,284
401803505,NHL,2026-03-28 19:30:00+00:00,Edmonton Oilers,Anaheim Ducks,0.575,0.575,0.57,0.568,11.0,1.0,1.4,152
401814711,MLB,2026-03-28 20:05:00+00:00,Baltimore Orioles,Minnesota Twins,0.605,0.605,0.61,0.6005,11.0,0.0,0.3,190
401814713,MLB,2026-03-28 20:05:00+00:00,Philadelphia Phillies,Texas Rangers,0.575,0.575,0.58,0.5718,11.0,0.0,0.5,303
401814708,MLB,2026-03-28 20:10:00+00:00,Cincinnati Reds,Boston Red Sox,0.455,0.45,0.46,0.4467,11.0,1.0,0.8,239
401814709,MLB,2026-03-28 20:10:00+00:00,Miami Marlins,Colorado Rockies,0.645,0.645,0.64,0.6329,11.0,1.0,1.4,93
401814712,MLB,2026-03-28 20:10:00+00:00,New York Mets,Pittsburgh Pirates,0.6212,0.615,0.62,0.6068,11.0,1.0,0.8,294
401803509,NHL,2026-03-28 21:00:00+00:00,Columbus Blue Jackets,San Jose Sharks,0.645,0.635,0.64,0.6322,11.0,0.0,1.4,94
401803508,NHL,2026-03-28 21:00:00+00:00,Carolina Hurricanes,New Jersey Devils,0.645,0.635,0.65,0.6458,11.0,1.0,4.7,93
401803507,NHL,2026-03-28 21:00:00+00:00,Pittsburgh Penguins,Dallas Stars,0.4422,0.445,0.44,0.449,11.0,0.0,0.4,110
401803506,NHL,2026-03-28 21:00:00+00:00,Boston Bruins,Minnesota Wild,0.4776,0.475,0.47,0.4835,11.0,1.0,0.2,129
401803510,NHL,2026-03-28 21:30:00+00:00,Buffalo Sabres,Seattle Kraken,0.6287,0.625,0.64,0.6312,11.0,1.0,2.2,93
401810935,NBA,2026-03-28 21:30:00+00:00,Minnesota Timberwolves,Detroit Pistons,0.455,0.445,0.45,0.4672,11.0,0.0,0.1,659
401810932,NBA,2026-03-28 22:00:00+00:00,Charlotte Hornets,Philadelphia 76ers,0.6881,0.685,0.69,0.6821,11.0,0.0,0.3,529
401803511,NHL,2026-03-28 23:00:00+00:00,St. Louis Blues,Toronto Maple Leafs,0.5678,0.585,0.57,0.5746,11.0,1.0,3.0,62
401803513,NHL,2026-03-28 23:00:00+00:00,Colorado Avalanche,Winnipeg Jets,0.7065,0.705,0.71,0.7039,11.0,0.0,5.0,90
401814714,MLB,2026-03-28 23:10:00+00:00,Houston Astros,Los Angeles Angels,0.5594,0.555,0.55,0.5542,11.0,1.0,0.4,195
401814734,MLB,2026-03-28 23:15:00+00:00,San Francisco Giants,New York Yankees,0.4577,0.455,0.47,0.4596,11.0,0.0,0.1,381
401814710,MLB,2026-03-28 23:15:00+00:00,Atlanta Braves,Kansas City Royals,0.5821,0.575,0.57,0.5769,11.0,1.0,1.5,196
401810933,NBA,2026-03-28 23:30:00+00:00,Atlanta Hawks,Sacramento Kings,0.865,0.855,0.86,0.8587,11.0,1.0,3.2,260
401803514,NHL,2026-03-29 00:00:00+00:00,Detroit Red Wings,Philadelphia Flyers,0.5373,0.535,0.55,0.5413,11.0,0.0,0.9,253
401810934,NBA,2026-03-29 00:00:00+00:00,Memphis Grizzlies,Chicago Bulls,0.3532,0.355,0.35,0.3586,11.0,1.0,0.8,262
401814720,MLB,2026-03-29 00:40:00+00:00,San Diego Padres,Detroit Tigers,0.5124,0.515,0.52,0.5036,11.0,1.0,0.4,210
401803515,NHL,2026-03-29 01:00:00+00:00,Los Angeles Kings,Utah Mammoth,0.505,0.495,0.49,0.5072,11.0,0.0,2.5,114
401814719,MLB,2026-03-29 01:40:00+00:00,Seattle Mariners,Cleveland Guardians,0.6188,0.615,0.62,0.6172,11.0,0.0,0.1,194
401803516,NHL,2026-03-29 02:00:00+00:00,Calgary Flames,Vancouver Canucks,0.595,0.585,0.6,0.6009,11.0,1.0,0.1,111
401803518,NHL,2026-03-29 17:00:00+00:00,New York Rangers,Florida Panthers,0.625,0.625,0.63,0.618,11.0,1.0,0.4,203
401814726,MLB,2026-03-29 17:35:00+00:00,Baltimore Orioles,Minnesota Twins,0.5891,0.595,0.6,0.5871,11.0,1.0,0.5,265
401814725,MLB,2026-03-29 17:35:00+00:00,Atlanta Braves,Kansas City Royals,0.595,0.585,0.6,0.5858,11.0,0.0,0.0,356
401814728,MLB,2026-03-29 17:35:00+00:00,Philadelphia Phillies,Texas Rangers,0.595,0.585,0.6,0.5921,11.0,0.0,0.3,380
401814722,MLB,2026-03-29 17:37:00+00:00,Toronto Blue Jays,Athletics,0.585,0.585,0.58,0.5826,11.0,1.0,0.6,301
401814723,MLB,2026-03-29 17:40:00+00:00,Cincinnati Reds,Boston Red Sox,0.4505,0.455,0.45,0.4458,11.0,1.0,0.1,227
401814724,MLB,2026-03-29 17:40:00+00:00,Miami Marlins,Colorado Rockies,0.6382,0.635,0.63,0.6308,11.0,1.0,0.8,144
401814727,MLB,2026-03-29 17:40:00+00:00,New York Mets,Pittsburgh Pirates,0.6368,0.625,0.64,0.625,11.0,0.0,0.4,279
401814729,MLB,2026-03-29 18:10:00+00:00,Houston Astros,Los Angeles Angels,0.6119,0.605,0.62,0.6087,11.0,1.0,0.8,155
401814731,MLB,2026-03-29 18:15:00+00:00,St. Louis Cardinals,Tampa Bay Rays,0.475,0.475,0.47,0.4808,11.0,0.0,0.4,256
401814732,MLB,2026-03-29 18:20:00+00:00,Chicago Cubs,Washington Nationals,0.705,0.695,0.7,0.6868,11.0,0.0,0.1,126
401810937,NBA,2026-03-29 19:30:00+00:00,Milwaukee Bucks,LA Clippers,0.085,0.075,0.09,0.1032,11.0,0.0,0.6,429
401803521,NHL,2026-03-29 21:00:00+00:00,Columbus Blue Jackets,Boston Bruins,0.592,0.595,0.59,0.5873,11.0,0.0,1.2,205
401810938,NBA,2026-03-29 21:00:00+00:00,Indiana Pacers,Miami Heat,0.2388,0.235,0.24,0.2532,11.0,1.0,1.4,363
401810941,NBA,2026-03-29 22:00:00+00:00,Toronto Raptors,Orlando Magic,0.525,0.515,0.53,0.5239,11.0,1.0,1.4,388
401810939,NBA,2026-03-29 22:00:00+00:00,Brooklyn Nets,Sacramento Kings,0.5404,0.545,0.53,0.5266,11.0,1.0,0.7,447
401810940,NBA,2026-03-29 22:00:00+00:00,Charlotte Hornets,Boston Celtics,0.555,0.555,0.56,0.5527,11.0,0.0,0.1,978
401803522,NHL,2026-03-29 23:00:00+00:00,New Jersey Devils,Chicago Blackhawks,0.602,0.605,0.61,0.6003,11.0,1.0,2.3,169
401803523,NHL,2026-03-29 23:00:00+00:00,Philadelphia Flyers,Dallas Stars,0.3819,0.385,0.38,0.3905,11.0,1.0,0.0,187
401810943,NBA,2026-03-29 23:00:00+00:00,New Orleans Pelicans,Houston Rockets,0.3134,0.315,0.31,0.3215,11.0,0.0,0.9,258
401814733,MLB,2026-03-29 23:20:00+00:00,Seattle Mariners,Cleveland Guardians,0.565,0.565,0.56,0.5649,11.0,1.0,0.0,466
401810944,NBA,2026-03-29 23:30:00+00:00,Oklahoma City Thunder,New York Knicks,0.755,0.755,0.75,0.7503,11.0,1.0,0.1,374
401810945,NBA,2026-03-30 02:00:00+00:00,Denver Nuggets,Golden State Warriors,0.835,0.835,0.83,0.8278,11.0,1.0,1.1,550
401814743,MLB,2026-03-30 20:10:00+00:00,Kansas City Royals,Minnesota Twins,0.602,0.605,0.61,0.5983,11.0,1.0,0.2,496
401814739,MLB,2026-03-30 22:35:00+00:00,Baltimore Orioles,Texas Rangers,0.54,0.535,0.54,0.543,11.0,0.0,0.2,393
401814738,MLB,2026-03-30 22:40:00+00:00,Cincinnati Reds,Pittsburgh Pirates,0.555,0.555,0.55,0.5494,11.0,1.0,0.1,378
401803524,NHL,2026-03-30 23:00:00+00:00,New York Islanders,Pittsburgh Penguins,0.555,0.545,0.56,0.5455,11.0,0.0,0.3,216
401810946,NBA,2026-03-30 23:00:00+00:00,Miami Heat,Philadelphia 76ers,0.445,0.455,0.44,0.4474,11.0,1.0,0.0,959
401814737,MLB,2026-03-30 23:07:00+00:00,Toronto Blue Jays,Colorado Rockies,0.7236,0.725,0.72,0.7171,11.0,0.0,0.5,263
401814735,MLB,2026-03-30 23:15:00+00:00,Atlanta Braves,Athletics,0.5545,0.545,0.55,0.5465,11.0,1.0,0.5,290
401810947,NBA,2026-03-30 23:30:00+00:00,Atlanta Hawks,Boston Celtics,0.575,0.575,0.56,0.5604,11.0,1.0,0.0,1684
401814741,MLB,2026-03-30 23:40:00+00:00,Chicago Cubs,Los Angeles Angels,0.635,0.625,0.63,0.6269,11.0,1.0,0.1,321
401814745,MLB,2026-03-30 23:40:00+00:00,Milwaukee Brewers,Tampa Bay Rays,0.599,0.585,0.59,0.5941,11.0,0.0,0.1,255
401814744,MLB,2026-03-30 23:45:00+00:00,St. Louis Cardinals,New York Mets,0.4208,0.415,0.41,0.4237,11.0,0.0,0.6,222
401810949,NBA,2026-03-31 00:00:00+00:00,San Antonio Spurs,Chicago Bulls,0.945,0.945,0.94,0.9171,11.0,1.0,1.8,295
401814742,MLB,2026-03-31 00:10:00+00:00,Houston Astros,Boston Red Sox,0.455,0.465,0.45,0.4528,11.0,1.0,0.4,781
401803525,NHL,2026-03-31 00:30:00+00:00,Colorado Avalanche,Calgary Flames,0.77,0.765,0.78,0.7626,11.0,1.0,1.9,191
401810950,NBA,2026-03-31 00:30:00+00:00,Dallas Mavericks,Minnesota Timberwolves,0.245,0.245,0.25,0.2574,11.0,0.0,0.2,409
401810952,NBA,2026-03-31 01:30:00+00:00,Oklahoma City Thunder,Detroit Pistons,0.845,0.845,0.85,0.8264,11.0,1.0,1.8,460
401814748,MLB,2026-03-31 01:40:00+00:00,Seattle Mariners,New York Yankees,0.4802,0.475,0.48,0.476,11.0,1.0,0.3,536
401814749,MLB,2026-03-31 01:40:00+00:00,San Diego Padres,San Francisco Giants,0.515,0.515,0.52,0.5165,11.0,0.0,0.8,364
401803527,NHL,2026-03-31 02:00:00+00:00,Anaheim Ducks,Toronto Maple Leafs,0.625,0.625,0.63,0.6255,11.0,0.0,0.4,284
401803528,NHL,2026-03-31 02:00:00+00:00,San Jose Sharks,St. Louis Blues,0.495,0.495,0.49,0.4994,11.0,1.0,0.8,247
401814746,MLB,2026-03-31 02:10:00+00:00,Los Angeles Dodgers,Cleveland Guardians,0.6219,0.615,0.63,0.6252,11.0,0.0,0.0,594
401814754,MLB,2026-03-31 22:35:00+00:00,Baltimore Orioles,Texas Rangers,0.465,0.475,0.46,0.4648,11.0,0.0,0.0,614
401814753,MLB,2026-03-31 22:40:00+00:00,Cincinnati Reds,Pittsburgh Pirates,0.4726,0.475,0.47,0.4708,11.0,0.0,0.1,347
401814755,MLB,2026-03-31 22:40:00+00:00,Philadelphia Phillies,Washington Nationals,0.635,0.635,0.64,0.6293,11.0,1.0,0.1,308
401803529,NHL,2026-03-31 23:00:00+00:00,Boston Bruins,Dallas Stars,0.4478,0.455,0.46,0.4548,11.0,1.0,4.8,176
401803530,NHL,2026-03-31 23:00:00+00:00,Buffalo Sabres,New York Islanders,0.615,0.615,0.62,0.606,11.0,1.0,1.0,210
401803532,NHL,2026-03-31 23:00:00+00:00,Florida Panthers,Ottawa Senators,0.375,0.375,0.37,0.3804,11.0,1.0,1.6,168
401803533,NHL,2026-03-31 23:00:00+00:00,New York Rangers,New Jersey Devils,0.465,0.465,0.46,0.4662,11.0,1.0,0.4,154
401803534,NHL,2026-03-31 23:00:00+00:00,Pittsburgh Penguins,Detroit Red Wings,0.5,0.515,0.51,0.5016,11.0,1.0,0.6,173
401814752,MLB,2026-03-31 23:07:00+00:00,Toronto Blue Jays,Colorado Rockies,0.7079,0.695,0.7,0.6975,11.0,1.0,0.7,243
401814750,MLB,2026-03-31 23:15:00+00:00,Atlanta Braves,Athletics,0.595,0.595,0.58,0.584,11.0,0.0,4.3,325
401810955,NBA,2026-03-31 23:30:00+00:00,Brooklyn Nets,Charlotte Hornets,0.065,0.065,0.06,0.0858,11.0,0.0,0.0,507
401803536,NHL,2026-03-31 23:30:00+00:00,Columbus Blue Jackets,Carolina Hurricanes,0.455,0.455,0.46,0.4565,11.0,0.0,0.1,192
401814756,MLB,2026-03-31 23:40:00+00:00,Chicago Cubs,Los Angeles Angels,0.565,0.565,0.56,0.5643,11.0,0.0,0.5,238
401814759,MLB,2026-03-31 23:40:00+00:00,Milwaukee Brewers,Tampa Bay Rays,0.535,0.525,0.54,0.5352,11.0,1.0,1.1,331
401814758,MLB,2026-03-31 23:45:00+00:00,St. Louis Cardinals,New York Mets,0.4192,0.415,0.41,0.4259,11.0,1.0,0.4,231
401810956,NBA,2026-04-01 00:00:00+00:00,Detroit Pistons,Toronto Raptors,0.5871,0.585,0.59,0.5843,11.0,1.0,0.2,486
401810957,NBA,2026-04-01 00:00:00+00:00,Houston Rockets,New York Knicks,0.4876,0.485,0.49,0.4908,11.0,1.0,0.1,561
401858694,NBA,2026-04-01 00:00:00+00:00,Milwaukee Bucks,Dallas Mavericks,0.4378,0.435,0.44,0.4429,11.0,1.0,0.8,343
401814757,MLB,2026-04-01 00:10:00+00:00,Houston Astros,Boston Red Sox,0.57,0.565,0.57,0.5645,11.0,1.0,2.8,200
401803537,NHL,2026-04-01 00:30:00+00:00,Chicago Blackhawks,Winnipeg Jets,0.425,0.425,0.43,0.4234,11.0,0.0,4.2,186
401803538,NHL,2026-04-01 01:00:00+00:00,Edmonton Oilers,Seattle Kraken,0.625,0.625,0.63,0.623,9.0,1.0,4.2,98
401814762,MLB,2026-04-01 01:40:00+00:00,Seattle Mariners,New York Yankees,0.485,0.475,0.49,0.4905,8.0,0.0,0.1,464
401814763,MLB,2026-04-01 01:40:00+00:00,San Diego Padres,San Francisco Giants,0.455,0.465,0.45,0.4515,8.0,0.0,0.8,250
401814760,MLB,2026-04-01 02:10:00+00:00,Los Angeles Dodgers,Cleveland Guardians,0.715,0.705,0.71,0.7045,8.0,1.0,0.4,341
401810958,NBA,2026-04-01 02:30:00+00:00,Los Angeles Lakers,Cleveland Cavaliers,0.555,0.555,0.56,0.5411,9.0,1.0,0.1,1079
401810959,NBA,2026-04-01 03:00:00+00:00,LA Clippers,Portland Trail Blazers,0.645,0.635,0.64,0.6329,11.0,0.0,0.0,476
401814764,MLB,2026-04-01 16:15:00+00:00,Atlanta Braves,Athletics,0.675,0.675,0.67,0.6673,11.0,1.0,0.3,343
401814768,MLB,2026-04-01 16:35:00+00:00,Baltimore Orioles,Texas Rangers,0.515,0.515,0.52,0.5172,11.0,1.0,0.1,470
401814767,MLB,2026-04-01 16:40:00+00:00,Cincinnati Reds,Pittsburgh Pirates,0.4307,0.435,0.44,0.4214,11.0,0.0,0.5,328
401814769,MLB,2026-04-01 17:05:00+00:00,Philadelphia Phillies,Washington Nationals,0.715,0.715,0.72,0.7042,11.0,1.0,0.2,187
401814766,MLB,2026-04-01 17:07:00+00:00,Toronto Blue Jays,Colorado Rockies,0.7186,0.715,0.73,0.7131,11.0,0.0,0.8,136
401814773,MLB,2026-04-01 17:15:00+00:00,St. Louis Cardinals,New York Mets,0.385,0.395,0.39,0.3993,11.0,1.0,0.1,193
401814774,MLB,2026-04-01 17:40:00+00:00,Milwaukee Brewers,Tampa Bay Rays,0.56,0.555,0.56,0.5632,11.0,1.0,0.1,208
401814771,MLB,2026-04-01 18:10:00+00:00,Houston Astros,Boston Red Sox,0.4271,0.435,0.43,0.4352,11.0,1.0,0.4,337
401814770,MLB,2026-04-01 18:20:00+00:00,Chicago Cubs,Los Angeles Angels,0.5891,0.595,0.6,0.5967,11.0,1.0,1.1,155
401814777,MLB,2026-04-01 20:10:00+00:00,Seattle Mariners,New York Yankees,0.5224,0.515,0.51,0.5196,11.0,0.0,0.2,370
401814778,MLB,2026-04-01 20:10:00+00:00,San Diego Padres,San Francisco Giants,0.59,0.585,0.58,0.5846,11.0,1.0,0.6,161
401810962,NBA,2026-04-01 23:00:00+00:00,Orlando Magic,Atlanta Hawks,0.435,0.435,0.43,0.4379,11.0,0.0,0.0,783
401810961,NBA,2026-04-01 23:30:00+00:00,Miami Heat,Boston Celtics,0.365,0.365,0.35,0.3663,11.0,0.0,0.0,852
401814772,MLB,2026-04-01 23:40:00+00:00,Kansas City Royals,Minnesota Twins,0.495,0.495,0.5,0.4946,11.0,1.0,0.9,478
401810965,NBA,2026-04-02 00:00:00+00:00,Houston Rockets,Milwaukee Bucks,0.945,0.945,0.94,0.9221,11.0,1.0,2.0,293
401810964,NBA,2026-04-02 00:00:00+00:00,Chicago Bulls,Indiana Pacers,0.6,0.605,0.61,0.5971,11.0,0.0,0.0,367
401810963,NBA,2026-04-02 00:00:00+00:00,Toronto Raptors,Sacramento Kings,0.855,0.865,0.86,0.844,11.0,0.0,2.1,223
401810858,NBA,2026-04-02 00:00:00+00:00,Memphis Grizzlies,New York Knicks,0.125,0.135,0.12,0.1401,11.0,0.0,3.0,222
401814775,MLB,2026-04-02 00:20:00+00:00,Los Angeles Dodgers,Cleveland Guardians,0.725,0.725,0.72,0.7175,11.0,0.0,0.7,419
401803539,NHL,2026-04-02 00:30:00+00:00,Colorado Avalanche,Vancouver Canucks,0.795,0.795,0.79,0.7935,11.0,0.0,0.7,190
401803540,NHL,2026-04-02 01:00:00+00:00,Los Angeles Kings,St. Louis Blues,0.565,0.565,0.58,0.5657,11.0,1.0,1.6,203
401803541,NHL,2026-04-02 01:00:00+00:00,San Jose Sharks,Anaheim Ducks,0.5099,0.505,0.52,0.4999,11.0,1.0,0.6,382
401810968,NBA,2026-04-02 02:00:00+00:00,Golden State Warriors,San Antonio Spurs,0.105,0.105,0.1,0.1238,11.0,0.0,0.2,335
401810970,NBA,2026-04-02 23:00:00+00:00,Detroit Pistons,Minnesota Timberwolves,0.6584,0.665,0.66,0.6506,11.0,1.0,0.0,584
401803548,NHL,2026-04-02 23:00:00+00:00,Carolina Hurricanes,Columbus Blue Jackets,0.6287,0.625,0.62,0.6314,11.0,1.0,0.2,76
401803547,NHL,2026-04-02 23:00:00+00:00,Philadelphia Flyers,Detroit Red Wings,0.495,0.495,0.5,0.496,11.0,0.0,2.9,75
401803544,NHL,2026-04-02 23:00:00+00:00,Florida Panthers,Boston Bruins,0.395,0.395,0.4,0.4001,10.0,1.0,0.7,116
401803543,NHL,2026-04-02 23:00:00+00:00,Tampa Bay Lightning,Pittsburgh Penguins,0.599,0.595,0.59,0.5941,11.0,1.0,1.2,92
401803542,NHL,2026-04-02 23:00:00+00:00,Ottawa Senators,Buffalo Sabres,0.525,0.515,0.52,0.5198,11.0,1.0,0.1,183
401803549,NHL,2026-04-03 00:00:00+00:00,Dallas Stars,Winnipeg Jets,0.5891,0.585,0.58,0.5836,11.0,1.0,0.6,59
401803550,NHL,2026-04-03 00:00:00+00:00,Minnesota Wild,Vancouver Canucks,0.785,0.785,0.79,0.7819,11.0,1.0,1.8,80
401803551,NHL,2026-04-03 01:00:00+00:00,Edmonton Oilers,Chicago Blackhawks,0.655,0.655,0.65,0.6623,11.0,1.0,1.0,118
401810971,NBA,2026-04-03 01:30:00+00:00,Oklahoma City Thunder,Los Angeles Lakers,0.765,0.765,0.76,0.7565,11.0,1.0,0.0,1346
401814782,MLB,2026-04-03 01:45:00+00:00,San Francisco Giants,New York Mets,0.475,0.475,0.48,0.4742,11.0,1.0,0.6,394
401810973,NBA,2026-04-03 02:00:00+00:00,Portland Trail Blazers,New Orleans Pelicans,0.6766,0.675,0.67,0.6765,11.0,1.0,0.7,254
401810972,NBA,2026-04-03 02:00:00+00:00,Golden State Warriors,Cleveland Cavaliers,0.205,0.205,0.2,0.2091,11.0,0.0,0.7,332
401803553,NHL,2026-04-03 02:00:00+00:00,San Jose Sharks,Toronto Maple Leafs,0.5495,0.555,0.55,0.5526,11.0,1.0,1.1,116
401803554,NHL,2026-04-03 02:00:00+00:00,Seattle Kraken,Utah Mammoth,0.435,0.435,0.44,0.4355,11.0,0.0,0.7,95
401810974,NBA,2026-04-03 02:30:00+00:00,LA Clippers,San Antonio Spurs,0.565,0.565,0.55,0.5606,11.0,0.0,0.2,836
401814785,MLB,2026-04-03 17:05:00+00:00,Washington Nationals,Los Angeles Dodgers,0.275,0.275,0.27,0.2918,11.0,0.0,0.3,390
401814788,MLB,2026-04-03 17:10:00+00:00,Detroit Tigers,St. Louis Cardinals,0.6188,0.625,0.62,0.6169,11.0,1.0,0.5,273
401814786,MLB,2026-04-03 17:35:00+00:00,New York Yankees,Miami Marlins,0.602,0.595,0.59,0.5833,11.0,1.0,0.1,553
401814787,MLB,2026-04-03 18:10:00+00:00,Boston Red Sox,San Diego Padres,0.5297,0.525,0.53,0.5296,11.0,1.0,0.5,339
401814789,MLB,2026-04-03 20:05:00+00:00,Texas Rangers,Cincinnati Reds,0.605,0.6,0.61,0.6028,11.0,0.0,0.3,240
401814792,MLB,2026-04-03 20:10:00+00:00,Colorado Rockies,Philadelphia Phillies,0.365,0.37,0.36,0.3724,11.0,0.0,0.6,192
401814784,MLB,2026-04-03 20:10:00+00:00,Cleveland Guardians,Chicago Cubs,0.4876,0.495,0.49,0.4786,11.0,1.0,0.2,191
401814783,MLB,2026-04-03 20:12:00+00:00,Pittsburgh Pirates,Baltimore Orioles,0.4774,0.475,0.47,0.4762,11.0,1.0,1.2,206
401803556,NHL,2026-04-03 23:00:00+00:00,New York Islanders,Philadelphia Flyers,0.585,0.585,0.59,0.578,11.0,0.0,0.6,206
401810975,NBA,2026-04-03 23:00:00+00:00,Charlotte Hornets,Indiana Pacers,0.915,0.905,0.91,0.8994,11.0,1.0,0.0,361
401810976,NBA,2026-04-03 23:00:00+00:00,Philadelphia 76ers,Minnesota Timberwolves,0.602,0.605,0.6,0.5989,11.0,1.0,0.1,756
401810977,NBA,2026-04-03 23:30:00+00:00,Brooklyn Nets,Atlanta Hawks,0.075,0.075,0.08,0.091,11.0,0.0,1.8,300
401810978,NBA,2026-04-03 23:30:00+00:00,New York Knicks,Chicago Bulls,0.895,0.895,0.9,0.8865,11.0,1.0,1.7,286
401810980,NBA,2026-04-04 00:00:00+00:00,Memphis Grizzlies,Toronto Raptors,0.105,0.105,0.1,0.126,11.0,0.0,2.0,225
401810981,NBA,2026-04-04 00:00:00+00:00,Milwaukee Bucks,Boston Celtics,0.065,0.065,0.07,0.0819,11.0,0.0,0.1,171
401810982,NBA,2026-04-04 00:30:00+00:00,Dallas Mavericks,Orlando Magic,0.2935,0.295,0.3,0.3075,11.0,0.0,0.3,312
401814796,MLB,2026-04-04 01:38:00+00:00,Los Angeles Angels,Seattle Mariners,0.405,0.385,0.41,0.4109,11.0,0.0,0.2,411
401814794,MLB,2026-04-04 01:40:00+00:00,Athletics,Houston Astros,0.5,0.505,0.5,0.4987,11.0,1.0,0.6,479
401810983,NBA,2026-04-04 02:00:00+00:00,Sacramento Kings,New Orleans Pelicans,0.315,0.325,0.31,0.3188,11.0,1.0,0.1,400
401803557,NHL,2026-04-04 02:00:00+00:00,Anaheim Ducks,St. Louis Blues,0.5522,0.555,0.55,0.5622,11.0,0.0,1.8,284
401814795,MLB,2026-04-04 02:15:00+00:00,San Francisco Giants,New York Mets,0.4478,0.455,0.45,0.4562,11.0,0.0,0.0,472
401803558,NHL,2026-04-04 16:30:00+00:00,New York Rangers,Detroit Red Wings,0.4307,0.435,0.44,0.4338,11.0,1.0,0.4,131
401803559,NHL,2026-04-04 17:00:00+00:00,Ottawa Senators,Minnesota Wild,0.5427,0.545,0.54,0.5393,11.0,0.0,0.9,93
401814802,MLB,2026-04-04 17:10:00+00:00,Detroit Tigers,St. Louis Cardinals,0.615,0.625,0.62,0.6056,11.0,1.0,0.0,331
401814804,MLB,2026-04-04 18:10:00+00:00,Kansas City Royals,Milwaukee Brewers,0.485,0.485,0.48,0.4872,11.0,0.0,0.2,375
401803560,NHL,2026-04-04 19:00:00+00:00,Dallas Stars,Colorado Avalanche,0.4802,0.485,0.48,0.4767,10.0,0.0,0.5,87
401810985,NBA,2026-04-04 19:00:00+00:00,Denver Nuggets,San Antonio Spurs,0.455,0.465,0.47,0.46,11.0,1.0,0.2,817
401814799,MLB,2026-04-04 20:05:00+00:00,Washington Nationals,Los Angeles Dodgers,0.2723,0.265,0.28,0.2776,11.0,0.0,0.2,293
401814809,MLB,2026-04-04 20:05:00+00:00,Athletics,Houston Astros,0.5075,0.515,0.5,0.5099,11.0,0.0,0.8,165
401814797,MLB,2026-04-04 20:05:00+00:00,Pittsburgh Pirates,Baltimore Orioles,0.515,0.515,0.51,0.5088,11.0,1.0,0.3,212
401814801,MLB,2026-04-04 20:10:00+00:00,Boston Red Sox,San Diego Padres,0.575,0.575,0.58,0.5691,11.0,0.0,2.4,169
401803561,NHL,2026-04-04 21:00:00+00:00,Tampa Bay Lightning,Boston Bruins,0.6111,0.615,0.6,0.6129,11.0,1.0,2.0,113
401803562,NHL,2026-04-04 21:00:00+00:00,Pittsburgh Penguins,Florida Panthers,0.6782,0.675,0.69,0.6761,11.0,1.0,4.8,80
401810986,NBA,2026-04-04 23:00:00+00:00,Philadelphia 76ers,Detroit Pistons,0.3911,0.385,0.39,0.3932,11.0,0.0,0.4,797
401803565,NHL,2026-04-04 23:00:00+00:00,Carolina Hurricanes,New York Islanders,0.6866,0.675,0.7,0.6902,11.0,1.0,5.7,48
401803566,NHL,2026-04-04 23:00:00+00:00,Columbus Blue Jackets,Winnipeg Jets,0.575,0.585,0.58,0.5698,11.0,0.0,37.3,51
401803567,NHL,2026-04-04 23:00:00+00:00,Vancouver Canucks,Utah Mammoth,0.3333,0.345,0.32,0.3333,11.0,0.0,5.4,45
401803568,NHL,2026-04-04 23:00:00+00:00,Los Angeles Kings,Toronto Maple Leafs,0.645,0.645,0.63,0.6405,11.0,1.0,2.9,47
401814803,MLB,2026-04-04 23:05:00+00:00,Texas Rangers,Cincinnati Reds,0.565,0.555,0.57,0.5642,11.0,0.0,13.5,167
401814800,MLB,2026-04-04 23:05:00+00:00,New York Yankees,Miami Marlins,0.6386,0.645,0.65,0.6413,11.0,1.0,10.7,366
401814805,MLB,2026-04-04 23:10:00+00:00,Minnesota Twins,Tampa Bay Rays,0.4851,0.485,0.49,0.4879,11.0,0.0,2.4,114
401814807,MLB,2026-04-05 00:10:00+00:00,Colorado Rockies,Philadelphia Phillies,0.3085,0.305,0.32,0.314,11.0,0.0,48.7,124
401814811,MLB,2026-04-05 01:38:00+00:00,Los Angeles Angels,Seattle Mariners,0.415,0.405,0.4,0.4114,10.0,1.0,0.0,170
401803570,NHL,2026-04-05 02:00:00+00:00,Anaheim Ducks,Calgary Flames,0.565,0.565,0.57,0.5795,11.0,0.0,0.5,103
401803572,NHL,2026-04-05 02:00:00+00:00,Seattle Kraken,Chicago Blackhawks,0.605,0.605,0.6,0.6064,11.0,0.0,1.4,68
401803573,NHL,2026-04-05 17:00:00+00:00,Detroit Red Wings,Minnesota Wild,0.445,0.445,0.45,0.4521,11.0,0.0,0.1,195
401814813,MLB,2026-04-05 17:10:00+00:00,Cleveland Guardians,Chicago Cubs,0.4478,0.455,0.44,0.4543,11.0,0.0,0.1,485
401814816,MLB,2026-04-05 17:35:00+00:00,Boston Red Sox,San Diego Padres,0.585,0.595,0.59,0.5855,11.0,0.0,0.1,317
401814815,MLB,2026-04-05 17:35:00+00:00,New York Yankees,Miami Marlins,0.725,0.725,0.73,0.718,11.0,0.0,1.9,322
401814814,MLB,2026-04-05 17:35:00+00:00,Washington Nationals,Los Angeles Dodgers,0.385,0.385,0.38,0.3854,11.0,0.0,0.4,582
401814812,MLB,2026-04-05 17:35:00+00:00,Pittsburgh Pirates,Baltimore Orioles,0.535,0.535,0.54,0.5244,11.0,1.0,0.4,327
401814819,MLB,2026-04-05 18:10:00+00:00,Kansas City Royals,Milwaukee Brewers,0.525,0.525,0.53,0.5263,11.0,0.0,0.6,221
401814820,MLB,2026-04-05 18:10:00+00:00,Minnesota Twins,Tampa Bay Rays,0.5025,0.505,0.5,0.5027,11.0,0.0,0.8,113
401814818,MLB,2026-04-05 18:35:00+00:00,Texas Rangers,Cincinnati Reds,0.5297,0.535,0.54,0.5345,11.0,0.0,1.3,188
401803574,NHL,2026-04-05 19:00:00+00:00,Pittsburgh Penguins,Florida Panthers,0.675,0.675,0.67,0.6735,11.0,1.0,2.7,134
401814822,MLB,2026-04-05 19:10:00+00:00,Colorado Rockies,Philadelphia Phillies,0.415,0.425,0.42,0.4185,11.0,1.0,2.5,276
401810987,NBA,2026-04-05 19:30:00+00:00,Boston Celtics,Toronto Raptors,0.795,0.795,0.79,0.7793,11.0,1.0,0.4,542
401810990,NBA,2026-04-05 19:30:00+00:00,Milwaukee Bucks,Memphis Grizzlies,0.7186,0.715,0.71,0.7039,11.0,1.0,0.2,295
401803575,NHL,2026-04-05 19:30:00+00:00,Philadelphia Flyers,Boston Bruins,0.5891,0.585,0.59,0.5773,11.0,1.0,1.2,273
401814825,MLB,2026-04-05 20:05:00+00:00,San Francisco Giants,New York Mets,0.525,0.525,0.53,0.5255,11.0,0.0,0.1,256
401814824,MLB,2026-04-05 20:05:00+00:00,Athletics,Houston Astros,0.455,0.465,0.45,0.4534,11.0,1.0,0.0,375
401814826,MLB,2026-04-05 20:07:00+00:00,Los Angeles Angels,Seattle Mariners,0.395,0.405,0.39,0.3989,11.0,1.0,1.9,192
401803576,NHL,2026-04-05 21:00:00+00:00,Ottawa Senators,Carolina Hurricanes,0.4726,0.475,0.47,0.4752,11.0,1.0,1.5,134
401810991,NBA,2026-04-05 22:00:00+00:00,Cleveland Cavaliers,Indiana Pacers,0.9158,0.925,0.92,0.9064,11.0,1.0,0.8,286
401810992,NBA,2026-04-05 23:00:00+00:00,Minnesota Timberwolves,Charlotte Hornets,0.3713,0.375,0.38,0.3797,11.0,0.0,0.3,781
401810993,NBA,2026-04-05 23:00:00+00:00,New Orleans Pelicans,Orlando Magic,0.305,0.305,0.3,0.3158,11.0,0.0,0.5,356
401814817,MLB,2026-04-05 23:20:00+00:00,Detroit Tigers,St. Louis Cardinals,0.565,0.575,0.56,0.5636,11.0,0.0,0.2,277
401810995,NBA,2026-04-05 23:30:00+00:00,Dallas Mavericks,Los Angeles Lakers,0.485,0.485,0.49,0.4779,11.0,1.0,0.1,1027
401810996,NBA,2026-04-06 01:00:00+00:00,Sacramento Kings,LA Clippers,0.135,0.135,0.14,0.1406,11.0,0.0,0.1,294
401803579,NHL,2026-04-06 01:45:00+00:00,Colorado Avalanche,St. Louis Blues,0.6219,0.625,0.63,0.6354,11.0,0.0,0.9,249
401810997,NBA,2026-04-06 02:00:00+00:00,Golden State Warriors,Houston Rockets,0.3869,0.395,0.4,0.4001,11.0,0.0,0.1,880
401814827,MLB,2026-04-06 20:10:00+00:00,Tampa Bay Rays,Chicago Cubs,0.5396,0.535,0.53,0.5271,11.0,1.0,0.1,596
401814829,MLB,2026-04-06 22:10:00+00:00,Cleveland Guardians,Kansas City Royals,0.525,0.525,0.53,0.5156,11.0,0.0,0.1,277
401814828,MLB,2026-04-06 22:40:00+00:00,Miami Marlins,Cincinnati Reds,0.5622,0.565,0.57,0.5505,11.0,0.0,0.2,236
401814832,MLB,2026-04-06 22:40:00+00:00,Pittsburgh Pirates,San Diego Padres,0.5672,0.565,0.57,0.5575,11.0,0.0,0.1,350
401814831,MLB,2026-04-06 22:45:00+00:00,Boston Red Sox,Milwaukee Brewers,0.465,0.475,0.46,0.4709,11.0,0.0,0.0,469
401814833,MLB,2026-04-06 22:45:00+00:00,Washington Nationals,St. Louis Cardinals,0.485,0.495,0.49,0.49,11.0,1.0,0.3,177
401810998,NBA,2026-04-06 23:00:00+00:00,Atlanta Hawks,New York Knicks,0.515,0.525,0.52,0.5227,11.0,0.0,0.1,952
401810999,NBA,2026-04-06 23:00:00+00:00,Orlando Magic,Detroit Pistons,0.4901,0.485,0.48,0.4823,11.0,1.0,0.0,924
401803580,NHL,2026-04-06 23:00:00+00:00,Buffalo Sabres,Tampa Bay Lightning,0.4826,0.485,0.49,0.4832,11.0,1.0,0.8,228
401814830,MLB,2026-04-06 23:07:00+00:00,Toronto Blue Jays,Los Angeles Dodgers,0.465,0.475,0.47,0.4644,11.0,0.0,0.2,494
401803581,NHL,2026-04-06 23:30:00+00:00,Winnipeg Jets,Seattle Kraken,0.605,0.595,0.61,0.6024,11.0,1.0,1.5,109
401814835,MLB,2026-04-06 23:40:00+00:00,Minnesota Twins,Detroit Tigers,0.5224,0.525,0.52,0.5282,11.0,1.0,0.2,180
401811000,NBA,2026-04-07 00:00:00+00:00,Memphis Grizzlies,Cleveland Cavaliers,0.115,0.115,0.11,0.1289,11.0,0.0,0.7,376
401811001,NBA,2026-04-07 00:00:00+00:00,San Antonio Spurs,Philadelphia 76ers,0.765,0.765,0.77,0.7551,11.0,1.0,0.8,578
401814836,MLB,2026-04-07 00:05:00+00:00,Texas Rangers,Seattle Mariners,0.515,0.515,0.52,0.5129,11.0,1.0,0.3,148
401814837,MLB,2026-04-07 00:40:00+00:00,Colorado Rockies,Houston Astros,0.425,0.435,0.42,0.4239,11.0,1.0,0.7,356
401811002,NBA,2026-04-07 01:00:00+00:00,Denver Nuggets,Portland Trail Blazers,0.7337,0.725,0.73,0.7322,11.0,1.0,0.1,376
401814838,MLB,2026-04-07 01:38:00+00:00,Los Angeles Angels,Atlanta Braves,0.375,0.385,0.38,0.3869,11.0,1.0,0.2,244
401814839,MLB,2026-04-07 01:45:00+00:00,San Francisco Giants,Philadelphia Phillies,0.485,0.485,0.48,0.4804,11.0,0.0,0.0,219
401803582,NHL,2026-04-07 02:00:00+00:00,San Jose Sharks,Chicago Blackhawks,0.593,0.595,0.58,0.589,11.0,1.0,7.6,272
401814844,MLB,2026-04-07 17:10:00+00:00,Cleveland Guardians,Kansas City Royals,0.525,0.535,0.53,0.5286,11.0,1.0,0.2,509
401814842,MLB,2026-04-07 22:40:00+00:00,Tampa Bay Rays,Chicago Cubs,0.5124,0.505,0.51,0.5183,11.0,0.0,0.1,378
401814843,MLB,2026-04-07 22:40:00+00:00,Miami Marlins,Cincinnati Reds,0.565,0.555,0.57,0.5584,11.0,0.0,1.1,279
401814847,MLB,2026-04-07 22:40:00+00:00,Pittsburgh Pirates,San Diego Padres,0.565,0.565,0.56,0.5695,11.0,1.0,1.3,338
401814846,MLB,2026-04-07 22:45:00+00:00,Boston Red Sox,Milwaukee Brewers,0.5891,0.595,0.59,0.5904,11.0,1.0,0.7,411
401814848,MLB,2026-04-07 22:45:00+00:00,Washington Nationals,St. Louis Cardinals,0.5174,0.515,0.52,0.5127,11.0,0.0,2.6,116
401811007,NBA,2026-04-07 23:00:00+00:00,Indiana Pacers,Minnesota Timberwolves,0.135,0.135,0.13,0.1514,11.0,0.0,0.1,355
401803587,NHL,2026-04-07 23:00:00+00:00,New Jersey Devils,Philadelphia Flyers,0.535,0.535,0.53,0.5273,11.0,0.0,2.9,244
401803588,NHL,2026-04-07 23:00:00+00:00,Carolina Hurricanes,Boston Bruins,0.625,0.625,0.62,0.6227,11.0,1.0,1.6,107
401803585,NHL,2026-04-07 23:00:00+00:00,Ottawa Senators,Tampa Bay Lightning,0.575,0.575,0.57,0.5566,11.0,1.0,4.7,182
401803586,NHL,2026-04-07 23:00:00+00:00,Detroit Red Wings,Columbus Blue Jackets,0.505,0.495,0.5,0.5027,11.0,0.0,2.5,271
401814841,MLB,2026-04-07 23:05:00+00:00,New York Yankees,Athletics,0.695,0.695,0.68,0.6952,11.0,1.0,0.9,362
401814845,MLB,2026-04-07 23:07:00+00:00,Toronto Blue Jays,Los Angeles Dodgers,0.4208,0.425,0.42,0.4203,11.0,0.0,0.0,624
401811005,NBA,2026-04-07 23:30:00+00:00,Brooklyn Nets,Milwaukee Bucks,0.4646,0.465,0.46,0.4465,11.0,1.0,1.1,490
401811006,NBA,2026-04-07 23:30:00+00:00,Toronto Raptors,Miami Heat,0.565,0.565,0.56,0.5517,11.0,1.0,0.4,539
401814850,MLB,2026-04-07 23:40:00+00:00,Minnesota Twins,Detroit Tigers,0.395,0.395,0.39,0.3995,11.0,1.0,0.4,237
401803591,NHL,2026-04-08 00:00:00+00:00,Minnesota Wild,Seattle Kraken,0.705,0.705,0.71,0.6915,11.0,1.0,0.5,79
401811004,NBA,2026-04-08 00:00:00+00:00,Boston Celtics,Charlotte Hornets,0.635,0.635,0.64,0.6348,11.0,1.0,0.1,784
401803590,NHL,2026-04-08 00:00:00+00:00,Dallas Stars,Calgary Flames,0.695,0.685,0.7,0.6852,11.0,1.0,1.6,58
401803589,NHL,2026-04-08 00:00:00+00:00,St. Louis Blues,Colorado Avalanche,0.408,0.405,0.4,0.413,11.0,0.0,4.5,99
401814851,MLB,2026-04-08 00:05:00+00:00,Texas Rangers,Seattle Mariners,0.48,0.485,0.48,0.4802,11.0,1.0,0.1,198
401814852,MLB,2026-04-08 00:40:00+00:00,Colorado Rockies,Houston Astros,0.392,0.405,0.39,0.3969,11.0,1.0,0.8,185
401803592,NHL,2026-04-08 01:30:00+00:00,Utah Mammoth,Edmonton Oilers,0.565,0.565,0.56,0.5561,11.0,1.0,0.2,328
401814853,MLB,2026-04-08 01:38:00+00:00,Los Angeles Angels,Atlanta Braves,0.4604,0.455,0.45,0.4586,11.0,0.0,0.3,304
401814854,MLB,2026-04-08 01:45:00+00:00,San Francisco Giants,Philadelphia Phillies,0.4179,0.415,0.41,0.418,11.0,1.0,3.2,234
401811009,NBA,2026-04-08 02:00:00+00:00,Golden State Warriors,Sacramento Kings,0.8955,0.905,0.91,0.8779,11.0,1.0,0.9,275
401811011,NBA,2026-04-08 02:30:00+00:00,LA Clippers,Dallas Mavericks,0.845,0.845,0.84,0.8293,11.0,1.0,0.0,313
401811010,NBA,2026-04-08 02:30:00+00:00,Los Angeles Lakers,Oklahoma City Thunder,0.055,0.055,0.07,0.0822,11.0,0.0,0.0,787
401814862,MLB,2026-04-08 16:35:00+00:00,Pittsburgh Pirates,San Diego Padres,0.4677,0.465,0.47,0.469,11.0,0.0,0.0,634
401814859,MLB,2026-04-08 17:10:00+00:00,Cleveland Guardians,Kansas City Royals,0.4604,0.455,0.45,0.4511,11.0,1.0,0.1,350
401814861,MLB,2026-04-08 17:35:00+00:00,Boston Red Sox,Milwaukee Brewers,0.565,0.565,0.56,0.5594,11.0,1.0,0.2,476
401814866,MLB,2026-04-08 18:35:00+00:00,Texas Rangers,Seattle Mariners,0.4724,0.475,0.47,0.4784,11.0,1.0,0.6,300
401814860,MLB,2026-04-08 19:07:00+00:00,Toronto Blue Jays,Los Angeles Dodgers,0.4208,0.415,0.41,0.4114,11.0,1.0,0.1,673
401814867,MLB,2026-04-08 19:10:00+00:00,Colorado Rockies,Houston Astros,0.4428,0.445,0.45,0.4417,11.0,1.0,0.6,231
401814869,MLB,2026-04-08 19:45:00+00:00,San Francisco Giants,Philadelphia Phillies,0.4495,0.445,0.45,0.4478,11.0,1.0,0.4,249
401814863,MLB,2026-04-08 20:05:00+00:00,Washington Nationals,St. Louis Cardinals,0.4703,0.475,0.47,0.4704,11.0,0.0,1.6,137
401814868,MLB,2026-04-08 20:07:00+00:00,Los Angeles Angels,Atlanta Braves,0.475,0.475,0.46,0.4674,11.0,0.0,0.0,173
401814858,MLB,2026-04-08 22:40:00+00:00,Miami Marlins,Cincinnati Reds,0.545,0.545,0.54,0.5369,11.0,1.0,0.1,359
401814857,MLB,2026-04-08 22:40:00+00:00,Tampa Bay Rays,Chicago Cubs,0.505,0.505,0.51,0.5094,11.0,0.0,0.1,378
401803595,NHL,2026-04-08 23:00:00+00:00,New York Rangers,Buffalo Sabres,0.435,0.455,0.44,0.4368,11.0,0.0,0.2,280
401811013,NBA,2026-04-08 23:00:00+00:00,Cleveland Cavaliers,Atlanta Hawks,0.615,0.615,0.61,0.6055,11.0,1.0,0.2,1105
401811014,NBA,2026-04-08 23:00:00+00:00,Orlando Magic,Minnesota Timberwolves,0.815,0.815,0.81,0.7991,11.0,1.0,0.1,736
401811015,NBA,2026-04-08 23:00:00+00:00,Detroit Pistons,Milwaukee Bucks,0.955,0.955,0.96,0.9346,10.0,1.0,0.3,774
401814856,MLB,2026-04-08 23:05:00+00:00,New York Yankees,Athletics,0.645,0.645,0.65,0.6399,10.0,0.0,0.3,605
401814865,MLB,2026-04-08 23:40:00+00:00,Minnesota Twins,Detroit Tigers,0.4208,0.425,0.42,0.4194,10.0,1.0,0.1,439
401811017,NBA,2026-04-09 01:00:00+00:00,Denver Nuggets,Memphis Grizzlies,0.975,0.9745,0.96,0.9463,10.0,1.0,0.1,699
401811016,NBA,2026-04-09 01:30:00+00:00,San Antonio Spurs,Portland Trail Blazers,0.5891,0.585,0.6,0.5999,11.0,1.0,0.7,1053
401811018,NBA,2026-04-09 02:00:00+00:00,LA Clippers,Oklahoma City Thunder,0.2438,0.245,0.24,0.2594,11.0,0.0,0.1,925
401803597,NHL,2026-04-09 02:00:00+00:00,San Jose Sharks,Edmonton Oilers,0.505,0.505,0.51,0.5008,11.0,0.0,0.1,493
401814872,MLB,2026-04-09 16:10:00+00:00,Miami Marlins,Cincinnati Reds,0.5323,0.535,0.52,0.529,11.0,1.0,0.0,886
401814871,MLB,2026-04-09 17:35:00+00:00,New York Yankees,Athletics,0.6368,0.635,0.64,0.6363,11.0,0.0,0.0,749
401814874,MLB,2026-04-09 17:40:00+00:00,Minnesota Twins,Detroit Tigers,0.445,0.455,0.45,0.4478,11.0,1.0,0.0,513
401803603,NHL,2026-04-09 22:45:00+00:00,New York Islanders,Toronto Maple Leafs,0.725,0.735,0.73,0.7145,11.0,1.0,0.0,373
401803598,NHL,2026-04-09 23:00:00+00:00,Buffalo Sabres,Columbus Blue Jackets,0.495,0.495,0.49,0.4891,11.0,1.0,0.1,358
401803600,NHL,2026-04-09 23:00:00+00:00,Ottawa Senators,Florida Panthers,0.7662,0.765,0.76,0.7635,11.0,1.0,0.7,308
401803601,NHL,2026-04-09 23:00:00+00:00,Detroit Red Wings,Philadelphia Flyers,0.525,0.535,0.52,0.5158,11.0,1.0,0.1,379
401803602,NHL,2026-04-09 23:00:00+00:00,New Jersey Devils,Pittsburgh Penguins,0.495,0.505,0.49,0.4958,11.0,0.0,0.1,246
401811020,NBA,2026-04-09 23:00:00+00:00,Toronto Raptors,Miami Heat,0.607,0.605,0.6,0.6007,11.0,1.0,0.0,1152
401811022,NBA,2026-04-09 23:30:00+00:00,Brooklyn Nets,Indiana Pacers,0.401,0.405,0.4,0.4108,11.0,0.0,0.2,531
401811023,NBA,2026-04-09 23:30:00+00:00,New York Knicks,Boston Celtics,0.605,0.595,0.59,0.6078,11.0,1.0,0.0,2464
401811024,NBA,2026-04-10 00:00:00+00:00,Houston Rockets,Philadelphia 76ers,0.695,0.685,0.69,0.6823,11.0,1.0,1.0,927
401803604,NHL,2026-04-10 00:00:00+00:00,St. Louis Blues,Winnipeg Jets,0.505,0.505,0.51,0.5042,11.0,0.0,0.4,80
401803605,NHL,2026-04-10 01:00:00+00:00,Dallas Stars,Minnesota Wild,0.535,0.535,0.54,0.5307,11.0,1.0,0.2,287
401803607,NHL,2026-04-10 01:00:00+00:00,Colorado Avalanche,Calgary Flames,0.7424,0.74,0.75,0.7407,11.0,1.0,5.7,103
401814875,MLB,2026-04-10 01:40:00+00:00,San Diego Padres,Colorado Rockies,0.625,0.625,0.63,0.622,11.0,1.0,0.2,678
401803609,NHL,2026-04-10 02:00:00+00:00,Anaheim Ducks,San Jose Sharks,0.6,0.605,0.6,0.599,11.0,1.0,0.0,169
401811025,NBA,2026-04-10 02:00:00+00:00,Golden State Warriors,Los Angeles Lakers,0.525,0.525,0.52,0.5261,10.0,0.0,0.0,2114
401803611,NHL,2026-04-10 02:30:00+00:00,Los Angeles Kings,Vancouver Canucks,0.715,0.705,0.71,0.709,11.0,1.0,1.2,112
401814886,MLB,2026-04-10 18:20:00+00:00,Chicago Cubs,Pittsburgh Pirates,0.5891,0.595,0.6,0.5793,11.0,0.0,0.3,1182
401814880,MLB,2026-04-10 22:40:00+00:00,Detroit Tigers,Miami Marlins,0.5477,0.545,0.55,0.5495,11.0,1.0,0.1,577
401814876,MLB,2026-04-10 22:45:00+00:00,Cincinnati Reds,Los Angeles Angels,0.615,0.615,0.62,0.61,11.0,0.0,0.2,357
401811026,NBA,2026-04-10 23:00:00+00:00,Charlotte Hornets,Detroit Pistons,0.6485,0.655,0.65,0.6535,11.0,0.0,0.0,1482
401811028,NBA,2026-04-10 23:00:00+00:00,Atlanta Hawks,Cleveland Cavaliers,0.755,0.765,0.75,0.7479,11.0,1.0,0.2,986
401814881,MLB,2026-04-10 23:07:00+00:00,Toronto Blue Jays,Minnesota Twins,0.585,0.585,0.59,0.5835,11.0,1.0,0.7,297
401814878,MLB,2026-04-10 23:10:00+00:00,New York Mets,Athletics,0.575,0.585,0.58,0.5677,11.0,0.0,0.1,278
401814882,MLB,2026-04-10 23:10:00+00:00,Tampa Bay Rays,New York Yankees,0.4901,0.495,0.48,0.4868,11.0,1.0,0.4,559
401814879,MLB,2026-04-10 23:15:00+00:00,Atlanta Braves,Cleveland Guardians,0.565,0.565,0.57,0.5562,11.0,1.0,0.9,318
401814883,MLB,2026-04-10 23:15:00+00:00,Baltimore Orioles,San Francisco Giants,0.535,0.535,0.54,0.5298,11.0,0.0,0.6,240
401811030,NBA,2026-04-10 23:30:00+00:00,Indiana Pacers,Philadelphia 76ers,0.1095,0.105,0.11,0.1148,11.0,0.0,0.8,348
401811031,NBA,2026-04-10 23:30:00+00:00,New York Knicks,Toronto Raptors,0.705,0.705,0.71,0.6868,11.0,1.0,0.6,497
401811029,NBA,2026-04-10 23:30:00+00:00,Boston Celtics,New Orleans Pelicans,0.9444,0.935,0.93,0.9111,11.0,1.0,0.0,458
401814887,MLB,2026-04-10 23:40:00+00:00,Milwaukee Brewers,Washington Nationals,0.6517,0.645,0.65,0.6463,11.0,0.0,0.1,193
401811032,NBA,2026-04-11 00:00:00+00:00,Chicago Bulls,Orlando Magic,0.095,0.095,0.09,0.1112,11.0,0.0,0.4,176
401811034,NBA,2026-04-11 00:00:00+00:00,Milwaukee Bucks,Brooklyn Nets,0.806,0.795,0.81,0.7986,11.0,1.0,0.6,279
401811035,NBA,2026-04-11 00:00:00+00:00,San Antonio Spurs,Dallas Mavericks,0.935,0.935,0.94,0.915,11.0,1.0,0.5,327
401814884,MLB,2026-04-11 00:15:00+00:00,St. Louis Cardinals,Boston Red Sox,0.445,0.445,0.45,0.4437,11.0,1.0,0.2,372
401811037,NBA,2026-04-11 01:00:00+00:00,Denver Nuggets,Oklahoma City Thunder,0.5606,0.555,0.57,0.5601,11.0,1.0,0.1,1363
401811033,NBA,2026-04-11 01:30:00+00:00,Houston Rockets,Minnesota Timberwolves,0.805,0.805,0.81,0.7888,11.0,0.0,0.1,364
401814888,MLB,2026-04-11 01:40:00+00:00,San Diego Padres,Colorado Rockies,0.605,0.605,0.6,0.6099,11.0,1.0,0.1,254
401814889,MLB,2026-04-11 01:40:00+00:00,Seattle Mariners,Houston Astros,0.5572,0.565,0.57,0.5576,11.0,1.0,0.5,342
401811039,NBA,2026-04-11 02:00:00+00:00,Sacramento Kings,Golden State Warriors,0.1841,0.185,0.18,0.2003,11.0,1.0,0.2,202
401811038,NBA,2026-04-11 02:00:00+00:00,Portland Trail Blazers,LA Clippers,0.5323,0.535,0.53,0.5301,11.0,1.0,0.0,647
401814890,MLB,2026-04-11 02:10:00+00:00,Los Angeles Dodgers,Texas Rangers,0.6683,0.675,0.68,0.6664,11.0,1.0,0.1,489
401803612,NHL,2026-04-11 16:30:00+00:00,Boston Bruins,Tampa Bay Lightning,0.4826,0.475,0.48,0.4793,10.0,0.0,0.2,350
401803613,NHL,2026-04-11 17:00:00+00:00,New York Islanders,Ottawa Senators,0.4523,0.445,0.46,0.4554,11.0,0.0,0.2,149
401814895,MLB,2026-04-11 17:10:00+00:00,Detroit Tigers,Miami Marlins,0.5495,0.555,0.56,0.5563,11.0,1.0,0.1,350
401814901,MLB,2026-04-11 18:20:00+00:00,Chicago Cubs,Pittsburgh Pirates,0.565,0.565,0.57,0.5673,11.0,0.0,0.0,455
401814896,MLB,2026-04-11 19:07:00+00:00,Toronto Blue Jays,Minnesota Twins,0.53,0.525,0.53,0.5267,11.0,0.0,0.5,286
401803615,NHL,2026-04-11 20:00:00+00:00,Los Angeles Kings,Edmonton Oilers,0.525,0.535,0.52,0.516,11.0,1.0,0.2,307
401814893,MLB,2026-04-11 20:10:00+00:00,New York Mets,Athletics,0.599,0.595,0.59,0.5946,11.0,0.0,0.0,340
401814891,MLB,2026-04-11 20:10:00+00:00,Cincinnati Reds,Los Angeles Angels,0.5427,0.535,0.55,0.5472,11.0,1.0,0.4,236
401803616,NHL,2026-04-11 21:00:00+00:00,Detroit Red Wings,New Jersey Devils,0.555,0.55,0.55,0.5539,11.0,0.0,0.8,117
401803617,NHL,2026-04-11 21:00:00+00:00,Chicago Blackhawks,St. Louis Blues,0.4221,0.435,0.43,0.4261,11.0,0.0,2.0,73
401803619,NHL,2026-04-11 21:00:00+00:00,Dallas Stars,New York Rangers,0.6269,0.615,0.63,0.6178,11.0,1.0,0.2,103
401803620,NHL,2026-04-11 21:00:00+00:00,Utah Mammoth,Carolina Hurricanes,0.5396,0.535,0.55,0.5367,11.0,0.0,0.1,189
401814897,MLB,2026-04-11 22:10:00+00:00,Tampa Bay Rays,New York Yankees,0.3831,0.385,0.39,0.3891,11.0,1.0,0.2,374
401803621,NHL,2026-04-11 23:00:00+00:00,Toronto Maple Leafs,Florida Panthers,0.5821,0.585,0.59,0.5778,11.0,0.0,0.2,88
401803623,NHL,2026-04-11 23:00:00+00:00,Winnipeg Jets,Philadelphia Flyers,0.525,0.525,0.52,0.5293,10.0,0.0,0.1,105
401803624,NHL,2026-04-11 23:00:00+00:00,Seattle Kraken,Calgary Flames,0.5373,0.545,0.53,0.5393,11.0,1.0,0.5,46
401814902,MLB,2026-04-11 23:10:00+00:00,Milwaukee Brewers,Washington Nationals,0.615,0.615,0.62,0.615,11.0,0.0,0.1,308
401814899,MLB,2026-04-11 23:15:00+00:00,St. Louis Cardinals,Boston Red Sox,0.445,0.445,0.45,0.4416,11.0,0.0,0.2,440
401814898,MLB,2026-04-11 23:15:00+00:00,Baltimore Orioles,San Francisco Giants,0.4802,0.485,0.48,0.4806,11.0,1.0,0.1,342
401814894,MLB,2026-04-11 23:15:00+00:00,Atlanta Braves,Cleveland Guardians,0.525,0.535,0.53,0.5221,11.0,0.0,0.2,353
401814903,MLB,2026-04-12 00:40:00+00:00,San Diego Padres,Colorado Rockies,0.602,0.595,0.59,0.6007,11.0,1.0,0.7,264
401814905,MLB,2026-04-12 01:10:00+00:00,Los Angeles Dodgers,Texas Rangers,0.625,0.625,0.63,0.6233,11.0,1.0,0.3,542
401814904,MLB,2026-04-12 01:40:00+00:00,Seattle Mariners,Houston Astros,0.5821,0.585,0.58,0.5855,11.0,1.0,0.5,362
401803626,NHL,2026-04-12 02:00:00+00:00,San Jose Sharks,Vancouver Canucks,0.635,0.625,0.64,0.637,11.0,0.0,0.0,162
401814913,MLB,2026-04-12 17:35:00+00:00,Baltimore Orioles,San Francisco Giants,0.5297,0.535,0.54,0.5277,11.0,1.0,0.1,444
401814911,MLB,2026-04-12 17:37:00+00:00,Toronto Blue Jays,Minnesota Twins,0.555,0.565,0.56,0.5611,11.0,0.0,0.2,377
401814908,MLB,2026-04-12 17:40:00+00:00,New York Mets,Athletics,0.599,0.595,0.6,0.5998,11.0,0.0,0.8,307
401814906,MLB,2026-04-12 17:40:00+00:00,Cincinnati Reds,Los Angeles Angels,0.495,0.495,0.49,0.4947,10.0,0.0,0.4,258
401814910,MLB,2026-04-12 17:40:00+00:00,Detroit Tigers,Miami Marlins,0.615,0.615,0.62,0.6129,11.0,1.0,0.0,270
401814912,MLB,2026-04-12 17:40:00+00:00,Tampa Bay Rays,New York Yankees,0.4394,0.435,0.43,0.4359,11.0,1.0,0.3,613
401814917,MLB,2026-04-12 18:10:00+00:00,Milwaukee Brewers,Washington Nationals,0.6583,0.645,0.66,0.6537,11.0,0.0,0.3,251
401814914,MLB,2026-04-12 18:15:00+00:00,St. Louis Cardinals,Boston Red Sox,0.4826,0.485,0.48,0.4839,11.0,0.0,0.2,261
401814916,MLB,2026-04-12 18:20:00+00:00,Chicago Cubs,Pittsburgh Pirates,0.555,0.545,0.54,0.5478,11.0,1.0,0.6,327
401814919,MLB,2026-04-12 20:10:00+00:00,Seattle Mariners,Houston Astros,0.625,0.635,0.63,0.6268,11.0,1.0,0.8,312
401814918,MLB,2026-04-12 20:10:00+00:00,San Diego Padres,Colorado Rockies,0.67,0.665,0.67,0.6639,11.0,1.0,4.5,230
401814920,MLB,2026-04-12 20:10:00+00:00,Los Angeles Dodgers,Texas Rangers,0.535,0.535,0.54,0.5412,11.0,0.0,0.1,634
401811046,NBA,2026-04-12 22:00:00+00:00,Philadelphia 76ers,Milwaukee Bucks,0.9196,0.925,0.92,0.8986,11.0,1.0,0.3,348
401811047,NBA,2026-04-12 22:00:00+00:00,Toronto Raptors,Brooklyn Nets,0.975,0.9775,0.97,0.9533,8.0,1.0,0.1,644
401811044,NBA,2026-04-12 22:00:00+00:00,Miami Heat,Atlanta Hawks,0.7871,0.795,0.8,0.7876,11.0,1.0,0.4,853
401811045,NBA,2026-04-12 22:00:00+00:00,New York Knicks,Charlotte Hornets,0.1238,0.125,0.13,0.1353,11.0,0.0,0.1,699
401811043,NBA,2026-04-12 22:00:00+00:00,Indiana Pacers,Detroit Pistons,0.095,0.095,0.1,0.1136,11.0,0.0,1.6,282
401811041,NBA,2026-04-12 22:00:00+00:00,Boston Celtics,Orlando Magic,0.145,0.155,0.16,0.1534,11.0,1.0,0.1,920
401803629,NHL,2026-04-12 22:00:00+00:00,Columbus Blue Jackets,Boston Bruins,0.655,0.645,0.65,0.6436,11.0,0.0,1.5,296
401803630,NHL,2026-04-12 23:00:00+00:00,New Jersey Devils,Ottawa Senators,0.53,0.525,0.53,0.5204,11.0,1.0,0.7,226
401814909,MLB,2026-04-12 23:20:00+00:00,Atlanta Braves,Cleveland Guardians,0.645,0.635,0.64,0.6367,11.0,1.0,0.0,440
401803631,NHL,2026-04-13 00:00:00+00:00,Anaheim Ducks,Vancouver Canucks,0.725,0.715,0.72,0.7292,11.0,0.0,0.4,139
401811055,NBA,2026-04-13 00:30:00+00:00,Portland Trail Blazers,Sacramento Kings,0.945,0.95,0.95,0.9209,11.0,1.0,0.2,331
401811054,NBA,2026-04-13 00:30:00+00:00,LA Clippers,Golden State Warriors,0.595,0.595,0.59,0.6014,11.0,1.0,0.0,1298
401811052,NBA,2026-04-13 00:30:00+00:00,San Antonio Spurs,Denver Nuggets,0.7929,0.785,0.79,0.7857,11.0,0.0,0.1,639
401811049,NBA,2026-04-13 00:30:00+00:00,Houston Rockets,Memphis Grizzlies,0.895,0.905,0.89,0.8766,11.0,1.0,0.1,182
401811048,NBA,2026-04-13 00:30:00+00:00,Dallas Mavericks,Chicago Bulls,0.6482,0.635,0.64,0.6818,11.0,1.0,0.3,328
401811050,NBA,2026-04-13 00:30:00+00:00,Minnesota Timberwolves,New Orleans Pelicans,0.6131,0.595,0.61,0.6227,11.0,1.0,0.0,360
401803632,NHL,2026-04-13 01:00:00+00:00,Calgary Flames,Utah Mammoth,0.405,0.4,0.41,0.4022,11.0,1.0,0.1,144
401814928,MLB,2026-04-13 20:10:00+00:00,Seattle Mariners,Houston Astros,0.615,0.615,0.62,0.6128,11.0,1.0,0.0,901
401814923,MLB,2026-04-13 22:40:00+00:00,Philadelphia Phillies,Chicago Cubs,0.6181,0.625,0.62,0.6185,11.0,1.0,0.1,601
401814925,MLB,2026-04-13 22:40:00+00:00,Pittsburgh Pirates,Washington Nationals,0.665,0.665,0.66,0.6613,11.0,1.0,0.1,519
401803634,NHL,2026-04-13 23:00:00+00:00,Florida Panthers,New York Rangers,0.42,0.425,0.42,0.4183,11.0,1.0,0.7,279
401803633,NHL,2026-04-13 23:00:00+00:00,Tampa Bay Lightning,Detroit Red Wings,0.6287,0.625,0.63,0.6335,11.0,1.0,0.1,220
401803635,NHL,2026-04-13 23:00:00+00:00,Philadelphia Flyers,Carolina Hurricanes,0.595,0.5829,0.58,0.5949,11.0,1.0,0.4,477
401814921,MLB,2026-04-13 23:05:00+00:00,New York Yankees,Los Angeles Angels,0.625,0.625,0.62,0.6178,11.0,1.0,0.6,605
401803636,NHL,2026-04-13 23:30:00+00:00,Toronto Maple Leafs,Dallas Stars,0.3518,0.365,0.35,0.3643,11.0,0.0,1.6,138
401814926,MLB,2026-04-13 23:40:00+00:00,Minnesota Twins,Boston Red Sox,0.405,0.405,0.41,0.4019,11.0,1.0,0.2,504
401814927,MLB,2026-04-13 23:45:00+00:00,St. Louis Cardinals,Cleveland Guardians,0.4826,0.485,0.48,0.4774,11.0,0.0,0.1,341
401803637,NHL,2026-04-14 00:00:00+00:00,St. Louis Blues,Minnesota Wild,0.6188,0.615,0.63,0.6203,11.0,1.0,0.3,486
401803639,NHL,2026-04-14 00:30:00+00:00,Chicago Blackhawks,Buffalo Sabres,0.3582,0.365,0.37,0.3529,11.0,0.0,0.6,210
401803640,NHL,2026-04-14 01:30:00+00:00,Edmonton Oilers,Colorado Avalanche,0.4596,0.4554,0.46,0.4697,11.0,0.0,0.1,193
401803642,NHL,2026-04-14 01:30:00+00:00,Seattle Kraken,Los Angeles Kings,0.39,0.395,0.39,0.3922,11.0,0.0,0.7,129
401814930,MLB,2026-04-14 01:40:00+00:00,Athletics,Texas Rangers,0.465,0.465,0.47,0.4635,11.0,0.0,0.1,602
401814929,MLB,2026-04-14 02:10:00+00:00,Los Angeles Dodgers,New York Mets,0.585,0.585,0.58,0.5954,11.0,1.0,0.0,1496
401814936,MLB,2026-04-14 22:40:00+00:00,Cincinnati Reds,San Francisco Giants,0.5099,0.515,0.52,0.5102,11.0,1.0,0.1,412
401814933,MLB,2026-04-14 22:40:00+00:00,Philadelphia Phillies,Chicago Cubs,0.565,0.565,0.57,0.5642,11.0,0.0,0.1,435
401814934,MLB,2026-04-14 22:40:00+00:00,Detroit Tigers,Kansas City Royals,0.5198,0.525,0.52,0.5253,11.0,1.0,0.2,430
401803643,NHL,2026-04-14 23:00:00+00:00,Boston Bruins,New Jersey Devils,0.585,0.585,0.59,0.5802,11.0,1.0,2.0,222
401803644,NHL,2026-04-14 23:00:00+00:00,New York Islanders,Carolina Hurricanes,0.625,0.605,0.62,0.6163,11.0,0.0,1.5,276
401814931,MLB,2026-04-14 23:05:00+00:00,New York Yankees,Los Angeles Angels,0.615,0.615,0.62,0.6133,11.0,0.0,1.0,387
401814935,MLB,2026-04-14 23:15:00+00:00,Atlanta Braves,Miami Marlins,0.595,0.595,0.6,0.5954,11.0,1.0,2.7,359
401866755,NBA,2026-04-14 23:30:00+00:00,Charlotte Hornets,Miami Heat,0.695,0.695,0.69,0.6836,10.0,1.0,0.0,2510
401814942,MLB,2026-04-14 23:40:00+00:00,Milwaukee Brewers,Toronto Blue Jays,0.5274,0.525,0.53,0.5242,11.0,0.0,0.2,339
401814938,MLB,2026-04-14 23:40:00+00:00,Minnesota Twins,Boston Red Sox,0.4428,0.435,0.44,0.4384,11.0,1.0,0.5,367
401814939,MLB,2026-04-14 23:45:00+00:00,St. Louis Cardinals,Cleveland Guardians,0.465,0.465,0.46,0.4607,11.0,1.0,4.0,203
401803647,NHL,2026-04-15 00:00:00+00:00,Minnesota Wild,Anaheim Ducks,0.38,0.375,0.38,0.3951,11.0,1.0,1.0,262
401814940,MLB,2026-04-15 00:10:00+00:00,Houston Astros,Colorado Rockies,0.605,0.605,0.61,0.605,11.0,1.0,0.7,252
401803648,NHL,2026-04-15 01:00:00+00:00,Utah Mammoth,Winnipeg Jets,0.665,0.665,0.67,0.6538,11.0,1.0,0.5,233
401803649,NHL,2026-04-15 01:00:00+00:00,Calgary Flames,Colorado Avalanche,0.4129,0.385,0.42,0.413,11.0,0.0,3.5,137
401803650,NHL,2026-04-15 01:30:00+00:00,St. Louis Blues,Pittsburgh Penguins,0.66,0.645,0.66,0.6554,11.0,1.0,2.1,309
401814944,MLB,2026-04-15 01:40:00+00:00,San Diego Padres,Seattle Mariners,0.485,0.485,0.49,0.4762,11.0,1.0,0.1,439
401814945,MLB,2026-04-15 01:40:00+00:00,Athletics,Texas Rangers,0.465,0.465,0.47,0.4588,11.0,1.0,0.0,320
401803651,NHL,2026-04-15 02:00:00+00:00,Vancouver Canucks,Los Angeles Kings,0.405,0.405,0.41,0.4094,11.0,1.0,0.5,168
401814943,MLB,2026-04-15 02:10:00+00:00,Los Angeles Dodgers,New York Mets,0.6386,0.635,0.64,0.6381,11.0,1.0,0.2,710
401814954,MLB,2026-04-15 17:15:00+00:00,St. Louis Cardinals,Cleveland Guardians,0.5025,0.505,0.5,0.5016,11.0,1.0,0.1,395
401814953,MLB,2026-04-15 17:40:00+00:00,Minnesota Twins,Boston Red Sox,0.4604,0.465,0.46,0.4739,11.0,0.0,0.1,452
401814948,MLB,2026-04-15 22:40:00+00:00,Philadelphia Phillies,Chicago Cubs,0.565,0.565,0.56,0.5604,11.0,0.0,0.2,486
401814949,MLB,2026-04-15 22:40:00+00:00,Detroit Tigers,Kansas City Royals,0.5396,0.535,0.55,0.5413,11.0,1.0,0.1,393
401814951,MLB,2026-04-15 22:40:00+00:00,Cincinnati Reds,San Francisco Giants,0.495,0.505,0.51,0.4972,11.0,1.0,0.2,483
401814952,MLB,2026-04-15 22:40:00+00:00,Pittsburgh Pirates,Washington Nationals,0.615,0.615,0.61,0.6195,11.0,1.0,0.0,358
401803652,NHL,2026-04-15 23:00:00+00:00,Buffalo Sabres,Dallas Stars,0.435,0.435,0.44,0.4302,11.0,0.0,0.2,350
401803653,NHL,2026-04-15 23:00:00+00:00,Tampa Bay Lightning,New York Rangers,0.565,0.555,0.55,0.5645,11.0,0.0,0.1,502
401803654,NHL,2026-04-15 23:00:00+00:00,Florida Panthers,Detroit Red Wings,0.3769,0.385,0.39,0.3936,11.0,1.0,3.3,296
401814946,MLB,2026-04-15 23:05:00+00:00,New York Yankees,Los Angeles Angels,0.645,0.645,0.64,0.6315,11.0,1.0,0.8,527
401814950,MLB,2026-04-15 23:15:00+00:00,Atlanta Braves,Miami Marlins,0.599,0.595,0.6,0.5962,11.0,1.0,0.0,333
401866757,NBA,2026-04-15 23:30:00+00:00,Philadelphia 76ers,Orlando Magic,0.5075,0.52,0.5,0.5204,10.0,1.0,0.0,3003
401803655,NHL,2026-04-15 23:30:00+00:00,Ottawa Senators,Toronto Maple Leafs,0.635,0.625,0.64,0.6447,11.0,1.0,0.5,276
401814957,MLB,2026-04-15 23:40:00+00:00,Milwaukee Brewers,Toronto Blue Jays,0.485,0.485,0.49,0.4748,11.0,1.0,0.1,341
401814955,MLB,2026-04-16 00:10:00+00:00,Houston Astros,Colorado Rockies,0.6287,0.625,0.62,0.6282,11.0,1.0,0.2,218
401803656,NHL,2026-04-16 00:30:00+00:00,Chicago Blackhawks,San Jose Sharks,0.475,0.485,0.49,0.4738,11.0,1.0,0.9,127
401814959,MLB,2026-04-16 01:40:00+00:00,San Diego Padres,Seattle Mariners,0.5025,0.505,0.5,0.501,11.0,1.0,0.2,461
401814960,MLB,2026-04-16 01:40:00+00:00,Athletics,Texas Rangers,0.5198,0.525,0.53,0.5222,11.0,1.0,0.1,344
401814964,MLB,2026-04-16 16:40:00+00:00,Cincinnati Reds,San Francisco Giants,0.535,0.535,0.54,0.5413,11.0,0.0,0.2,739
401814963,MLB,2026-04-16 17:10:00+00:00,Detroit Tigers,Kansas City Royals,0.475,0.475,0.47,0.474,11.0,1.0,0.5,577
401814961,MLB,2026-04-16 17:35:00+00:00,New York Yankees,Los Angeles Angels,0.73,0.725,0.73,0.7192,11.0,0.0,0.1,604
401814968,MLB,2026-04-16 17:40:00+00:00,Milwaukee Brewers,Toronto Blue Jays,0.5176,0.515,0.52,0.52,11.0,1.0,1.9,393
401814970,MLB,2026-04-16 19:05:00+00:00,Athletics,Texas Rangers,0.495,0.495,0.51,0.4938,11.0,0.0,0.1,349
401814962,MLB,2026-04-16 22:10:00+00:00,Cleveland Guardians,Baltimore Orioles,0.545,0.545,0.54,0.5423,11.0,1.0,0.0,907
401803660,NHL,2026-04-16 23:30:00+00:00,Utah Mammoth,St. Louis Blues,0.5297,0.535,0.54,0.5179,11.0,0.0,1.1,709
401803659,NHL,2026-04-17 00:00:00+00:00,Winnipeg Jets,San Jose Sharks,0.595,0.585,0.59,0.5935,11.0,0.0,0.2,267
401814966,MLB,2026-04-17 00:10:00+00:00,Houston Astros,Colorado Rockies,0.595,0.595,0.6,0.5983,11.0,0.0,0.0,936
401814969,MLB,2026-04-17 00:40:00+00:00,San Diego Padres,Seattle Mariners,0.485,0.485,0.48,0.4757,11.0,1.0,0.1,1748
401803661,NHL,2026-04-17 01:00:00+00:00,Calgary Flames,Los Angeles Kings,0.3881,0.395,0.38,0.3929,11.0,1.0,2.5,330
401803662,NHL,2026-04-17 01:00:00+00:00,Edmonton Oilers,Vancouver Canucks,0.745,0.745,0.74,0.7445,11.0,1.0,1.7,254
401803663,NHL,2026-04-17 02:00:00+00:00,Colorado Avalanche,Seattle Kraken,0.6667,0.675,0.68,0.6587,11.0,1.0,0.2,481
401814979,MLB,2026-04-17 18:20:00+00:00,Chicago Cubs,New York Mets,0.585,0.58,0.58,0.5817,11.0,1.0,0.0,1362
401814972,MLB,2026-04-17 22:10:00+00:00,Cleveland Guardians,Baltimore Orioles,0.5594,0.565,0.55,0.556,11.0,0.0,0.4,775
401814976,MLB,2026-04-17 22:45:00+00:00,Washington Nationals,San Francisco Giants,0.425,0.425,0.43,0.4274,11.0,0.0,0.7,466
401814974,MLB,2026-04-17 23:05:00+00:00,New York Yankees,Kansas City Royals,0.615,0.615,0.62,0.6138,11.0,1.0,0.0,579
401814975,MLB,2026-04-17 23:10:00+00:00,Miami Marlins,Milwaukee Brewers,0.515,0.515,0.5,0.5141,11.0,0.0,0.0,297
401814973,MLB,2026-04-17 23:15:00+00:00,Boston Red Sox,Detroit Tigers,0.535,0.545,0.54,0.5358,11.0,1.0,0.0,499
401866758,NBA,2026-04-17 23:30:00+00:00,Orlando Magic,Charlotte Hornets,0.425,0.425,0.43,0.4202,11.0,1.0,0.1,3190
401814978,MLB,2026-04-18 00:10:00+00:00,Minnesota Twins,Cincinnati Reds,0.605,0.605,0.6,0.5985,10.0,0.0,0.6,277
401814980,MLB,2026-04-18 00:10:00+00:00,Houston Astros,St. Louis Cardinals,0.5396,0.535,0.55,0.5374,11.0,0.0,0.1,247
401814981,MLB,2026-04-18 00:40:00+00:00,Colorado Rockies,Los Angeles Dodgers,0.265,0.263,0.27,0.2693,11.0,0.0,0.3,562
401814983,MLB,2026-04-18 01:38:00+00:00,Los Angeles Angels,San Diego Padres,0.545,0.545,0.54,0.5392,11.0,1.0,0.2,629
401814984,MLB,2026-04-18 01:40:00+00:00,Seattle Mariners,Texas Rangers,0.545,0.545,0.54,0.5438,11.0,0.0,0.1,316
401869187,NBA,2026-04-18 17:00:00+00:00,Cleveland Cavaliers,Toronto Raptors,0.765,0.69,0.76,0.7588,11.0,1.0,0.1,1004
401814989,MLB,2026-04-18 17:35:00+00:00,New York Yankees,Kansas City Royals,0.597,0.595,0.59,0.5952,11.0,1.0,0.1,733
401814993,MLB,2026-04-18 18:10:00+00:00,Minnesota Twins,Cincinnati Reds,0.5495,0.545,0.54,0.5435,11.0,0.0,0.0,530
401814994,MLB,2026-04-18 18:20:00+00:00,Chicago Cubs,New York Mets,0.515,0.515,0.52,0.5114,11.0,1.0,0.1,620
401869715,NHL,2026-04-18 19:00:00+00:00,Carolina Hurricanes,Ottawa Senators,0.565,0.565,0.57,0.5684,11.0,1.0,0.4,325
401814992,MLB,2026-04-18 19:30:00+00:00,Pittsburgh Pirates,Tampa Bay Rays,0.5792,0.585,0.59,0.5779,11.0,0.0,0.3,367
401869188,NBA,2026-04-18 19:30:00+00:00,Denver Nuggets,Minnesota Timberwolves,0.725,0.66,0.72,0.7083,11.0,1.0,0.0,1158
401814991,MLB,2026-04-18 20:05:00+00:00,Washington Nationals,San Francisco Giants,0.4925,0.495,0.49,0.4973,11.0,0.0,0.9,280
401814988,MLB,2026-04-18 20:10:00+00:00,Boston Red Sox,Detroit Tigers,0.4307,0.435,0.42,0.4307,11.0,0.0,0.1,398
401814990,MLB,2026-04-18 20:10:00+00:00,Miami Marlins,Milwaukee Brewers,0.5224,0.525,0.52,0.5089,11.0,0.0,0.6,270
401869716,NHL,2026-04-18 21:30:00+00:00,Dallas Stars,Minnesota Wild,0.545,0.545,0.54,0.5331,11.0,0.0,0.0,492
401869189,NBA,2026-04-18 22:00:00+00:00,New York Knicks,Atlanta Hawks,0.685,0.635,0.69,0.6837,11.0,1.0,0.0,1089
401814987,MLB,2026-04-18 22:10:00+00:00,Cleveland Guardians,Baltimore Orioles,0.565,0.565,0.56,0.5586,11.0,1.0,0.5,303
401814995,MLB,2026-04-18 23:10:00+00:00,Houston Astros,St. Louis Cardinals,0.5594,0.555,0.56,0.5656,11.0,0.0,0.0,270
401814999,MLB,2026-04-18 23:15:00+00:00,Seattle Mariners,Texas Rangers,0.5572,0.565,0.56,0.5605,11.0,1.0,0.1,290
401869717,NHL,2026-04-19 00:00:00+00:00,Pittsburgh Penguins,Philadelphia Flyers,0.575,0.575,0.58,0.5692,11.0,0.0,0.2,476
401814996,MLB,2026-04-19 00:10:00+00:00,Colorado Rockies,Los Angeles Dodgers,0.275,0.285,0.27,0.2875,11.0,1.0,0.2,490
401869190,NBA,2026-04-19 00:30:00+00:00,Los Angeles Lakers,Houston Rockets,0.435,0.445,0.43,0.4393,11.0,1.0,0.0,2429
401814998,MLB,2026-04-19 01:38:00+00:00,Los Angeles Angels,San Diego Padres,0.495,0.495,0.49,0.4902,11.0,0.0,0.2,460
401869191,NBA,2026-04-19 17:00:00+00:00,Boston Celtics,Philadelphia 76ers,0.875,0.875,0.87,0.8577,11.0,1.0,0.1,2590
401815007,MLB,2026-04-19 17:35:00+00:00,Pittsburgh Pirates,Tampa Bay Rays,0.4899,0.495,0.5,0.5076,11.0,1.0,0.0,408
401815004,MLB,2026-04-19 17:35:00+00:00,New York Yankees,Kansas City Royals,0.585,0.585,0.59,0.5809,11.0,1.0,0.1,761
401815006,MLB,2026-04-19 17:35:00+00:00,Washington Nationals,San Francisco Giants,0.435,0.445,0.43,0.437,11.0,1.0,0.2,538
401815002,MLB,2026-04-19 17:40:00+00:00,Cleveland Guardians,Baltimore Orioles,0.5297,0.535,0.54,0.5292,11.0,1.0,0.6,231
401815005,MLB,2026-04-19 17:40:00+00:00,Miami Marlins,Milwaukee Brewers,0.5099,0.515,0.51,0.5117,11.0,1.0,0.5,444
401815008,MLB,2026-04-19 18:10:00+00:00,Minnesota Twins,Cincinnati Reds,0.515,0.515,0.52,0.5128,11.0,0.0,1.8,230
401815010,MLB,2026-04-19 18:10:00+00:00,Houston Astros,St. Louis Cardinals,0.555,0.555,0.56,0.5606,11.0,0.0,0.9,316
401815009,MLB,2026-04-19 18:20:00+00:00,Chicago Cubs,New York Mets,0.5622,0.555,0.57,0.5585,11.0,1.0,1.1,480
401869721,NHL,2026-04-19 19:00:00+00:00,Colorado Avalanche,Los Angeles Kings,0.715,0.705,0.71,0.7136,11.0,1.0,0.8,355
401815011,MLB,2026-04-19 19:10:00+00:00,Colorado Rockies,Los Angeles Dodgers,0.3384,0.3485,0.34,0.349,11.0,1.0,1.6,456
401815013,MLB,2026-04-19 20:07:00+00:00,Los Angeles Angels,San Diego Padres,0.4229,0.415,0.42,0.425,11.0,0.0,0.1,350
401815014,MLB,2026-04-19 20:10:00+00:00,Seattle Mariners,Texas Rangers,0.555,0.555,0.55,0.561,11.0,1.0,0.7,238
401815003,MLB,2026-04-19 20:35:00+00:00,Boston Red Sox,Detroit Tigers,0.575,0.575,0.58,0.5642,11.0,0.0,0.5,331
401869193,NBA,2026-04-19 22:30:00+00:00,Detroit Pistons,Orlando Magic,0.785,0.785,0.78,0.7653,11.0,0.0,0.0,1639
401869719,NHL,2026-04-19 23:30:00+00:00,Buffalo Sabres,Boston Bruins,0.595,0.595,0.59,0.5988,11.0,1.0,0.0,630
401869194,NBA,2026-04-20 01:00:00+00:00,San Antonio Spurs,Portland Trail Blazers,0.8535,0.855,0.84,0.8389,11.0,1.0,0.0,1249
401815018,MLB,2026-04-20 15:10:00+00:00,Boston Red Sox,Detroit Tigers,0.5522,0.555,0.55,0.5559,11.0,1.0,0.2,1024
401815019,MLB,2026-04-20 22:10:00+00:00,Cleveland Guardians,Houston Astros,0.555,0.555,0.55,0.5523,11.0,0.0,0.3,890
401815017,MLB,2026-04-20 22:40:00+00:00,Tampa Bay Rays,Cincinnati Reds,0.525,0.525,0.52,0.527,11.0,0.0,0.5,526
401815020,MLB,2026-04-20 22:40:00+00:00,Miami Marlins,St. Louis Cardinals,0.5539,0.565,0.56,0.5559,11.0,1.0,0.0,572
401869794,NHL,2026-04-20 23:00:00+00:00,Pittsburgh Penguins,Philadelphia Flyers,0.575,0.575,0.58,0.5801,11.0,0.0,0.1,546
401869369,NBA,2026-04-20 23:00:00+00:00,Cleveland Cavaliers,Toronto Raptors,0.795,0.795,0.8,0.782,11.0,1.0,0.2,1503
401869781,NHL,2026-04-20 23:30:00+00:00,Carolina Hurricanes,Ottawa Senators,0.5792,0.575,0.58,0.5736,11.0,1.0,0.3,509
401815021,MLB,2026-04-20 23:40:00+00:00,Kansas City Royals,Baltimore Orioles,0.495,0.495,0.48,0.4889,11.0,0.0,1.0,427
401815022,MLB,2026-04-20 23:40:00+00:00,Chicago Cubs,Philadelphia Phillies,0.5099,0.515,0.51,0.5126,11.0,1.0,0.1,537
401869387,NBA,2026-04-21 00:00:00+00:00,New York Knicks,Atlanta Hawks,0.6782,0.685,0.69,0.6778,11.0,0.0,0.0,1691
401815023,MLB,2026-04-21 00:40:00+00:00,Colorado Rockies,Los Angeles Dodgers,0.345,0.345,0.36,0.341,11.0,0.0,0.1,872
401815025,MLB,2026-04-21 01:38:00+00:00,Los Angeles Angels,Toronto Blue Jays,0.495,0.485,0.5,0.4894,11.0,0.0,0.5,531
401815024,MLB,2026-04-21 01:40:00+00:00,Seattle Mariners,Athletics,0.565,0.565,0.57,0.5673,11.0,0.0,0.0,449
401869780,NHL,2026-04-21 01:50:00+00:00,Dallas Stars,Minnesota Wild,0.57,0.565,0.56,0.5636,11.0,1.0,0.1,687
401869722,NHL,2026-04-21 02:22:00+00:00,Edmonton Oilers,Anaheim Ducks,0.6386,0.635,0.63,0.6337,11.0,1.0,0.1,440
401869395,NBA,2026-04-21 02:30:00+00:00,Denver Nuggets,Minnesota Timberwolves,0.725,0.725,0.72,0.7218,11.0,0.0,0.0,2271
401815028,MLB,2026-04-21 22:10:00+00:00,Cleveland Guardians,Houston Astros,0.585,0.585,0.59,0.5817,11.0,1.0,0.1,930
401815027,MLB,2026-04-21 22:40:00+00:00,Tampa Bay Rays,Cincinnati Reds,0.4901,0.495,0.49,0.4927,11.0,0.0,0.6,438
401815029,MLB,2026-04-21 22:40:00+00:00,Detroit Tigers,Milwaukee Brewers,0.505,0.505,0.5,0.5055,11.0,0.0,0.6,550
401815032,MLB,2026-04-21 22:40:00+00:00,Miami Marlins,St. Louis Cardinals,0.525,0.525,0.52,0.5183,11.0,0.0,0.3,370
401815026,MLB,2026-04-21 22:45:00+00:00,Washington Nationals,Atlanta Braves,0.405,0.405,0.4,0.4175,11.0,1.0,0.0,658
401815031,MLB,2026-04-21 22:45:00+00:00,Boston Red Sox,New York Yankees,0.535,0.535,0.53,0.5346,11.0,0.0,0.1,893
401869396,NBA,2026-04-21 23:00:00+00:00,Boston Celtics,Philadelphia 76ers,0.875,0.875,0.88,0.8584,11.0,0.0,0.0,1918
401815030,MLB,2026-04-21 23:10:00+00:00,New York Mets,Minnesota Twins,0.595,0.595,0.59,0.5954,11.0,0.0,0.4,514
401869757,NHL,2026-04-21 23:30:00+00:00,Buffalo Sabres,Boston Bruins,0.599,0.595,0.61,0.5959,11.0,0.0,0.2,627
401815034,MLB,2026-04-21 23:40:00+00:00,Chicago Cubs,Philadelphia Phillies,0.545,0.545,0.55,0.5422,11.0,1.0,0.1,677
401815033,MLB,2026-04-21 23:40:00+00:00,Kansas City Royals,Baltimore Orioles,0.5274,0.535,0.53,0.5381,11.0,1.0,1.3,338
401869378,NBA,2026-04-22 00:00:00+00:00,San Antonio Spurs,Portland Trail Blazers,0.835,0.845,0.83,0.8271,11.0,0.0,0.0,1105
401815035,MLB,2026-04-22 00:05:00+00:00,Texas Rangers,Pittsburgh Pirates,0.505,0.515,0.5,0.5132,11.0,1.0,0.7,295
401815036,MLB,2026-04-22 00:40:00+00:00,Colorado Rockies,San Diego Padres,0.425,0.425,0.43,0.4285,11.0,0.0,0.2,409
401815040,MLB,2026-04-22 01:38:00+00:00,Los Angeles Angels,Toronto Blue Jays,0.505,0.505,0.5,0.509,11.0,0.0,0.6,279
401815037,MLB,2026-04-22 01:40:00+00:00,Seattle Mariners,Athletics,0.5891,0.595,0.6,0.5944,11.0,0.0,0.3,329
401815039,MLB,2026-04-22 01:45:00+00:00,San Francisco Giants,Los Angeles Dodgers,0.3819,0.385,0.38,0.3802,11.0,1.0,0.2,671
401869792,NHL,2026-04-22 02:22:00+00:00,Colorado Avalanche,Los Angeles Kings,0.702,0.695,0.69,0.7045,11.0,1.0,0.6,318
401869397,NBA,2026-04-22 02:30:00+00:00,Los Angeles Lakers,Houston Rockets,0.3317,0.325,0.33,0.3272,11.0,1.0,0.0,3853
401815047,MLB,2026-04-22 16:10:00+00:00,Miami Marlins,St. Louis Cardinals,0.575,0.575,0.58,0.5615,11.0,1.0,0.0,747
401815043,MLB,2026-04-22 17:10:00+00:00,Cleveland Guardians,Houston Astros,0.597,0.595,0.59,0.5985,11.0,0.0,0.3,602
401815042,MLB,2026-04-22 17:10:00+00:00,Tampa Bay Rays,Cincinnati Reds,0.5594,0.565,0.55,0.5586,11.0,1.0,0.2,549
401815048,MLB,2026-04-22 18:10:00+00:00,Kansas City Royals,Baltimore Orioles,0.5427,0.545,0.55,0.5451,11.0,0.0,0.2,376
401815055,MLB,2026-04-22 19:07:00+00:00,Los Angeles Angels,Toronto Blue Jays,0.575,0.575,0.57,0.5773,11.0,1.0,0.0,580
401815052,MLB,2026-04-22 20:10:00+00:00,Seattle Mariners,Athletics,0.625,0.635,0.62,0.6232,11.0,1.0,0.2,472
401815044,MLB,2026-04-22 22:40:00+00:00,Detroit Tigers,Milwaukee Brewers,0.5495,0.545,0.55,0.5495,11.0,1.0,0.1,587
401815046,MLB,2026-04-22 22:45:00+00:00,Boston Red Sox,New York Yankees,0.455,0.455,0.45,0.4561,11.0,0.0,0.2,829
401869411,NBA,2026-04-22 23:00:00+00:00,Detroit Pistons,Orlando Magic,0.775,0.775,0.78,0.7611,11.0,1.0,0.0,3089
401869796,NHL,2026-04-22 23:00:00+00:00,Philadelphia Flyers,Pittsburgh Penguins,0.495,0.495,0.49,0.5013,11.0,1.0,0.2,749
401815045,MLB,2026-04-22 23:10:00+00:00,New York Mets,Minnesota Twins,0.5891,0.595,0.59,0.5918,11.0,1.0,0.6,579
401815049,MLB,2026-04-22 23:40:00+00:00,Chicago Cubs,Philadelphia Phillies,0.635,0.635,0.62,0.6306,11.0,1.0,0.2,483
401815050,MLB,2026-04-23 00:05:00+00:00,Texas Rangers,Pittsburgh Pirates,0.4901,0.485,0.5,0.4845,11.0,0.0,0.1,408
401815051,MLB,2026-04-23 00:40:00+00:00,Colorado Rockies,San Diego Padres,0.405,0.405,0.4,0.4106,11.0,1.0,0.2,388
401869782,NHL,2026-04-23 01:30:00+00:00,Minnesota Wild,Dallas Stars,0.545,0.545,0.54,0.5601,11.0,0.0,0.0,892
401815054,MLB,2026-04-23 01:45:00+00:00,San Francisco Giants,Los Angeles Dodgers,0.3515,0.355,0.35,0.3554,11.0,1.0,0.2,901
401869768,NHL,2026-04-23 02:00:00+00:00,Edmonton Oilers,Anaheim Ducks,0.6287,0.625,0.64,0.6274,11.0,0.0,0.9,457
401815057,MLB,2026-04-23 17:10:00+00:00,Detroit Tigers,Milwaukee Brewers,0.675,0.675,0.68,0.6731,11.0,1.0,0.5,651
401815060,MLB,2026-04-23 18:20:00+00:00,Chicago Cubs,Philadelphia Phillies,0.4901,0.485,0.49,0.4904,11.0,1.0,0.0,837
401815062,MLB,2026-04-23 19:10:00+00:00,Colorado Rockies,San Diego Padres,0.4208,0.425,0.42,0.4204,11.0,0.0,0.2,336
401815059,MLB,2026-04-23 22:10:00+00:00,Boston Red Sox,New York Yankees,0.4208,0.425,0.42,0.4256,11.0,0.0,0.0,914
401869759,NHL,2026-04-23 23:00:00+00:00,Boston Bruins,Buffalo Sabres,0.515,0.515,0.53,0.5128,11.0,0.0,0.4,671
401869389,NBA,2026-04-23 23:00:00+00:00,Atlanta Hawks,New York Knicks,0.4901,0.495,0.49,0.4783,11.0,1.0,0.2,2796
401815058,MLB,2026-04-23 23:10:00+00:00,New York Mets,Minnesota Twins,0.515,0.515,0.51,0.5103,11.0,1.0,0.8,544
401869783,NHL,2026-04-23 23:30:00+00:00,Ottawa Senators,Carolina Hurricanes,0.525,0.525,0.52,0.5327,11.0,0.0,0.0,496
401869375,NBA,2026-04-24 00:00:00+00:00,Toronto Raptors,Cleveland Cavaliers,0.425,0.425,0.42,0.4307,11.0,1.0,0.0,1325
401815061,MLB,2026-04-24 00:05:00+00:00,Texas Rangers,Pittsburgh Pirates,0.585,0.585,0.59,0.5866,11.0,1.0,0.0,492
401869398,NBA,2026-04-24 01:30:00+00:00,Minnesota Timberwolves,Denver Nuggets,0.525,0.515,0.51,0.5202,11.0,1.0,0.0,2189
401869793,NHL,2026-04-24 02:00:00+00:00,Los Angeles Kings,Colorado Avalanche,0.415,0.415,0.4,0.4126,11.0,0.0,0.2,597
401815068,MLB,2026-04-24 22:40:00+00:00,Cincinnati Reds,Detroit Tigers,0.485,0.485,0.49,0.4875,11.0,1.0,0.2,822
401869404,NBA,2026-04-24 23:00:00+00:00,Philadelphia 76ers,Boston Celtics,0.2289,0.225,0.23,0.2412,11.0,0.0,0.0,2191
401815065,MLB,2026-04-24 23:05:00+00:00,Baltimore Orioles,Boston Red Sox,0.535,0.535,0.54,0.5324,11.0,1.0,0.5,550
401815066,MLB,2026-04-24 23:07:00+00:00,Toronto Blue Jays,Cleveland Guardians,0.4703,0.465,0.47,0.4708,11.0,0.0,0.2,462
401815067,MLB,2026-04-24 23:10:00+00:00,New York Mets,Colorado Rockies,0.655,0.655,0.65,0.6453,11.0,0.0,2.0,422
401815069,MLB,2026-04-24 23:10:00+00:00,Tampa Bay Rays,Minnesota Twins,0.555,0.555,0.55,0.5597,11.0,1.0,0.2,288
401815070,MLB,2026-04-24 23:15:00+00:00,Atlanta Braves,Philadelphia Phillies,0.595,0.605,0.59,0.5959,11.0,1.0,0.4,668
401815071,MLB,2026-04-24 23:40:00+00:00,Kansas City Royals,Los Angeles Angels,0.505,0.505,0.5,0.4997,11.0,1.0,0.1,282
401815074,MLB,2026-04-24 23:40:00+00:00,Milwaukee Brewers,Pittsburgh Pirates,0.495,0.505,0.49,0.4896,11.0,0.0,0.2,368
401869400,NBA,2026-04-25 00:00:00+00:00,Houston Rockets,Los Angeles Lakers,0.675,0.675,0.67,0.6739,11.0,0.0,0.0,5386
401815072,MLB,2026-04-25 00:05:00+00:00,Texas Rangers,Athletics,0.55,0.545,0.56,0.5545,11.0,0.0,0.5,312
401815073,MLB,2026-04-25 00:10:00+00:00,Houston Astros,New York Yankees,0.4129,0.415,0.41,0.417,11.0,0.0,0.6,499
401815075,MLB,2026-04-25 00:15:00+00:00,St. Louis Cardinals,Seattle Mariners,0.435,0.435,0.43,0.4306,11.0,0.0,0.3,246
401869770,NHL,2026-04-25 02:00:00+00:00,Anaheim Ducks,Edmonton Oilers,0.435,0.445,0.44,0.4368,11.0,1.0,0.1,404
401815077,MLB,2026-04-25 02:15:00+00:00,Los Angeles Dodgers,Chicago Cubs,0.585,0.585,0.58,0.5849,11.0,0.0,0.2,632
401815078,MLB,2026-04-25 02:15:00+00:00,San Francisco Giants,Miami Marlins,0.495,0.495,0.49,0.4898,11.0,0.0,0.6,297
401869382,NBA,2026-04-25 02:30:00+00:00,Portland Trail Blazers,San Antonio Spurs,0.475,0.475,0.48,0.4701,11.0,0.0,0.2,2201
401815080,MLB,2026-04-25 16:05:00+00:00,Baltimore Orioles,Boston Red Sox,0.535,0.535,0.54,0.5356,11.0,0.0,0.1,705
401869414,NBA,2026-04-25 17:00:00+00:00,Orlando Magic,Detroit Pistons,0.4604,0.455,0.45,0.4618,11.0,1.0,0.2,1773
401815090,MLB,2026-04-25 18:15:00+00:00,St. Louis Cardinals,Seattle Mariners,0.4307,0.425,0.42,0.4284,11.0,0.0,0.1,610
401869786,NHL,2026-04-25 19:00:00+00:00,Ottawa Senators,Carolina Hurricanes,0.445,0.435,0.45,0.4403,11.0,0.0,0.1,370
401815081,MLB,2026-04-25 19:07:00+00:00,Toronto Blue Jays,Cleveland Guardians,0.575,0.575,0.57,0.5728,11.0,1.0,0.4,383
401815093,MLB,2026-04-25 20:05:00+00:00,San Francisco Giants,Miami Marlins,0.5099,0.505,0.51,0.5012,11.0,1.0,0.9,378
401815084,MLB,2026-04-25 20:10:00+00:00,Tampa Bay Rays,Minnesota Twins,0.555,0.555,0.56,0.5487,11.0,1.0,0.1,231
401869784,NHL,2026-04-25 21:30:00+00:00,Minnesota Wild,Dallas Stars,0.535,0.525,0.53,0.5588,11.0,1.0,0.1,504
401869391,NBA,2026-04-25 22:00:00+00:00,Atlanta Hawks,New York Knicks,0.465,0.465,0.46,0.4581,11.0,0.0,0.0,2124
401815087,MLB,2026-04-25 23:05:00+00:00,Texas Rangers,Athletics,0.535,0.525,0.54,0.5363,11.0,1.0,0.5,427
401815086,MLB,2026-04-25 23:10:00+00:00,Kansas City Royals,Los Angeles Angels,0.555,0.555,0.55,0.5551,11.0,1.0,1.2,378
401815088,MLB,2026-04-25 23:10:00+00:00,Houston Astros,New York Yankees,0.4208,0.415,0.41,0.4158,11.0,0.0,0.1,628
401815089,MLB,2026-04-25 23:10:00+00:00,Milwaukee Brewers,Pittsburgh Pirates,0.575,0.575,0.57,0.5634,11.0,0.0,0.1,385
401815083,MLB,2026-04-25 23:15:00+00:00,Cincinnati Reds,Detroit Tigers,0.495,0.495,0.5,0.4976,11.0,1.0,0.3,214
401815092,MLB,2026-04-25 23:15:00+00:00,Los Angeles Dodgers,Chicago Cubs,0.5396,0.535,0.54,0.536,11.0,1.0,0.3,615
401869799,NHL,2026-04-26 00:00:00+00:00,Philadelphia Flyers,Pittsburgh Penguins,0.5396,0.525,0.54,0.5279,11.0,0.0,0.8,732
401869399,NBA,2026-04-26 00:30:00+00:00,Minnesota Timberwolves,Denver Nuggets,0.465,0.465,0.47,0.4815,11.0,1.0,0.0,2274
401869377,NBA,2026-04-26 17:00:00+00:00,Toronto Raptors,Cleveland Cavaliers,0.385,0.385,0.38,0.385,11.0,1.0,0.3,1575
401815095,MLB,2026-04-26 17:35:00+00:00,Baltimore Orioles,Boston Red Sox,0.5572,0.555,0.57,0.5574,11.0,0.0,0.2,541
401815100,MLB,2026-04-26 17:35:00+00:00,Atlanta Braves,Philadelphia Phillies,0.6584,0.655,0.65,0.6576,11.0,1.0,0.0,667
401815096,MLB,2026-04-26 17:37:00+00:00,Toronto Blue Jays,Cleveland Guardians,0.545,0.545,0.54,0.54,11.0,1.0,0.3,300
401815097,MLB,2026-04-26 17:40:00+00:00,New York Mets,Colorado Rockies,0.6935,0.695,0.7,0.6811,11.0,0.0,1.0,334
401815098,MLB,2026-04-26 17:40:00+00:00,Cincinnati Reds,Detroit Tigers,0.505,0.505,0.5,0.4998,11.0,0.0,0.9,283
401815099,MLB,2026-04-26 17:40:00+00:00,Tampa Bay Rays,Minnesota Twins,0.5672,0.565,0.56,0.573,11.0,1.0,0.6,241
401869762,NHL,2026-04-26 18:00:00+00:00,Boston Bruins,Buffalo Sabres,0.525,0.525,0.54,0.5234,11.0,0.0,0.0,637
401815104,MLB,2026-04-26 18:10:00+00:00,Milwaukee Brewers,Pittsburgh Pirates,0.5297,0.525,0.52,0.5242,11.0,1.0,0.4,275
401815103,MLB,2026-04-26 18:10:00+00:00,Houston Astros,New York Yankees,0.4505,0.455,0.44,0.4525,11.0,1.0,0.2,501
401815105,MLB,2026-04-26 18:15:00+00:00,St. Louis Cardinals,Seattle Mariners,0.455,0.455,0.45,0.4535,11.0,0.0,0.9,205
401815102,MLB,2026-04-26 18:35:00+00:00,Texas Rangers,Athletics,0.5075,0.505,0.52,0.518,11.0,0.0,1.4,226
401869385,NBA,2026-04-26 19:30:00+00:00,Portland Trail Blazers,San Antonio Spurs,0.325,0.335,0.33,0.3101,11.0,0.0,0.1,1333
401815108,MLB,2026-04-26 20:05:00+00:00,San Francisco Giants,Miami Marlins,0.535,0.535,0.54,0.5339,11.0,1.0,0.0,248
401815101,MLB,2026-04-26 20:10:00+00:00,Kansas City Royals,Los Angeles Angels,0.5198,0.515,0.52,0.5127,11.0,1.0,0.2,217
401815107,MLB,2026-04-26 20:10:00+00:00,Los Angeles Dodgers,Chicago Cubs,0.525,0.515,0.53,0.5256,11.0,1.0,0.1,585
401869795,NHL,2026-04-26 20:30:00+00:00,Los Angeles Kings,Colorado Avalanche,0.385,0.395,0.39,0.3895,11.0,0.0,0.7,463
401869406,NBA,2026-04-26 23:00:00+00:00,Philadelphia 76ers,Boston Celtics,0.3283,0.325,0.33,0.3319,11.0,0.0,0.0,2757
401869405,NBA,2026-04-27 01:30:00+00:00,Houston Rockets,Los Angeles Lakers,0.601,0.605,0.6,0.5779,11.0,1.0,0.0,6743
401869772,NHL,2026-04-27 01:52:00+00:00,Anaheim Ducks,Edmonton Oilers,0.445,0.445,0.45,0.4494,11.0,1.0,0.0,780
401815112,MLB,2026-04-27 22:10:00+00:00,Cleveland Guardians,Tampa Bay Rays,0.565,0.565,0.56,0.5623,11.0,0.0,0.2,816
401815111,MLB,2026-04-27 22:40:00+00:00,Pittsburgh Pirates,St. Louis Cardinals,0.535,0.525,0.52,0.5258,11.0,0.0,0.2,640
401869801,NHL,2026-04-27 23:00:00+00:00,Pittsburgh Penguins,Philadelphia Flyers,0.5495,0.545,0.55,0.544,11.0,1.0,0.2,917
401815110,MLB,2026-04-27 23:07:00+00:00,Toronto Blue Jays,Boston Red Sox,0.555,0.555,0.56,0.555,11.0,0.0,0.1,666
401815115,MLB,2026-04-27 23:40:00+00:00,Minnesota Twins,Seattle Mariners,0.465,0.465,0.46,0.4575,11.0,1.0,0.4,506
401869415,NBA,2026-04-28 00:00:00+00:00,Orlando Magic,Detroit Pistons,0.399,0.405,0.41,0.3961,11.0,1.0,0.2,2622
401815114,MLB,2026-04-28 00:05:00+00:00,Texas Rangers,New York Yankees,0.401,0.405,0.41,0.4035,11.0,0.0,0.4,703
401815116,MLB,2026-04-28 01:40:00+00:00,San Diego Padres,Chicago Cubs,0.5198,0.525,0.53,0.5211,11.0,1.0,0.3,913
401815117,MLB,2026-04-28 02:10:00+00:00,Los Angeles Dodgers,Miami Marlins,0.725,0.725,0.72,0.7227,11.0,1.0,0.2,580
401869401,NBA,2026-04-28 02:30:00+00:00,Denver Nuggets,Minnesota Timberwolves,0.805,0.805,0.8,0.8051,11.0,1.0,0.2,2466
401815124,MLB,2026-04-28 22:10:00+00:00,Cleveland Guardians,Tampa Bay Rays,0.5396,0.545,0.55,0.5427,11.0,0.0,0.1,705
401815121,MLB,2026-04-28 22:35:00+00:00,Baltimore Orioles,Houston Astros,0.555,0.555,0.55,0.5512,11.0,1.0,0.7,527
401815119,MLB,2026-04-28 22:40:00+00:00,Cincinnati Reds,Colorado Rockies,0.645,0.645,0.64,0.6391,11.0,1.0,0.2,325
401815122,MLB,2026-04-28 22:40:00+00:00,Philadelphia Phillies,San Francisco Giants,0.585,0.585,0.58,0.5848,11.0,1.0,0.0,502
401815123,MLB,2026-04-28 22:40:00+00:00,Pittsburgh Pirates,St. Louis Cardinals,0.5891,0.585,0.58,0.5871,11.0,0.0,0.2,313
401869408,NBA,2026-04-28 23:00:00+00:00,Boston Celtics,Philadelphia 76ers,0.795,0.795,0.79,0.7857,11.0,0.0,0.4,1864
401815118,MLB,2026-04-28 23:07:00+00:00,Toronto Blue Jays,Boston Red Sox,0.5099,0.515,0.51,0.5131,11.0,1.0,0.2,396
401815125,MLB,2026-04-28 23:10:00+00:00,New York Mets,Washington Nationals,0.625,0.625,0.62,0.6171,11.0,1.0,0.5,322
401815120,MLB,2026-04-28 23:15:00+00:00,Atlanta Braves,Detroit Tigers,0.5396,0.535,0.53,0.5338,11.0,1.0,0.2,424
401869764,NHL,2026-04-28 23:30:00+00:00,Buffalo Sabres,Boston Bruins,0.6089,0.615,0.6,0.6038,11.0,0.0,0.3,646
401815129,MLB,2026-04-28 23:40:00+00:00,Minnesota Twins,Seattle Mariners,0.465,0.465,0.46,0.4681,11.0,0.0,1.1,211
401869392,NBA,2026-04-29 00:00:00+00:00,New York Knicks,Atlanta Hawks,0.6881,0.695,0.7,0.6905,11.0,1.0,0.1,1832
401869785,NHL,2026-04-29 00:00:00+00:00,Dallas Stars,Minnesota Wild,0.5404,0.535,0.54,0.5365,11.0,0.0,0.6,563
401815128,MLB,2026-04-29 00:05:00+00:00,Texas Rangers,New York Yankees,0.4703,0.475,0.46,0.4776,11.0,0.0,0.8,517
401815130,MLB,2026-04-29 01:40:00+00:00,San Diego Padres,Chicago Cubs,0.4776,0.485,0.47,0.4806,11.0,0.0,0.2,478
401815131,MLB,2026-04-29 01:40:00+00:00,Athletics,Kansas City Royals,0.495,0.495,0.5,0.4989,11.0,0.0,0.1,300
401869774,NHL,2026-04-29 02:00:00+00:00,Edmonton Oilers,Anaheim Ducks,0.585,0.585,0.58,0.5912,11.0,1.0,0.4,650
401815132,MLB,2026-04-29 02:10:00+00:00,Los Angeles Dodgers,Miami Marlins,0.715,0.715,0.71,0.7122,11.0,0.0,0.2,474
401815139,MLB,2026-04-29 17:10:00+00:00,Cleveland Guardians,Tampa Bay Rays,0.515,0.515,0.51,0.513,11.0,1.0,0.4,503
401815144,MLB,2026-04-29 17:40:00+00:00,Minnesota Twins,Seattle Mariners,0.445,0.455,0.45,0.4473,11.0,0.0,1.0,336
401815143,MLB,2026-04-29 18:35:00+00:00,Texas Rangers,New York Yankees,0.4802,0.485,0.49,0.4833,11.0,1.0,0.1,585
401815133,MLB,2026-04-29 19:07:00+00:00,Toronto Blue Jays,Boston Red Sox,0.5202,0.515,0.51,0.5149,11.0,1.0,1.1,271
401815147,MLB,2026-04-29 19:10:00+00:00,Los Angeles Dodgers,Miami Marlins,0.705,0.695,0.71,0.677,11.0,0.0,0.3,425
401815145,MLB,2026-04-29 20:10:00+00:00,San Diego Padres,Chicago Cubs,0.515,0.51,0.51,0.513,11.0,0.0,0.1,383
401815134,MLB,2026-04-29 22:40:00+00:00,Cincinnati Reds,Colorado Rockies,0.585,0.585,0.59,0.5799,11.0,0.0,0.1,346
401815138,MLB,2026-04-29 22:40:00+00:00,Pittsburgh Pirates,St. Louis Cardinals,0.545,0.545,0.55,0.5436,11.0,0.0,0.1,378
401869416,NBA,2026-04-29 23:00:00+00:00,Detroit Pistons,Orlando Magic,0.7772,0.775,0.78,0.7867,11.0,1.0,0.0,3236
401815140,MLB,2026-04-29 23:10:00+00:00,New York Mets,Washington Nationals,0.5891,0.595,0.58,0.5903,11.0,0.0,0.0,326
401815135,MLB,2026-04-29 23:15:00+00:00,Atlanta Braves,Detroit Tigers,0.435,0.435,0.44,0.4395,11.0,1.0,0.0,574
401869802,NHL,2026-04-29 23:30:00+00:00,Philadelphia Flyers,Pittsburgh Penguins,0.515,0.505,0.51,0.5196,11.0,1.0,0.0,797
401869380,NBA,2026-04-29 23:30:00+00:00,Cleveland Cavaliers,Toronto Raptors,0.775,0.765,0.77,0.7727,11.0,1.0,0.5,1185
401815146,MLB,2026-04-30 01:40:00+00:00,Athletics,Kansas City Royals,0.5198,0.525,0.52,0.5229,11.0,1.0,0.1,351
401869407,NBA,2026-04-30 02:00:00+00:00,Los Angeles Lakers,Houston Rockets,0.585,0.595,0.6,0.5928,11.0,0.0,0.0,3043
401815149,MLB,2026-04-30 16:15:00+00:00,Atlanta Braves,Detroit Tigers,0.5396,0.535,0.55,0.5318,11.0,0.0,0.0,750
401815150,MLB,2026-04-30 16:35:00+00:00,Baltimore Orioles,Houston Astros,0.545,0.555,0.55,0.5472,11.0,1.0,0.2,367
401815151,MLB,2026-04-30 16:35:00+00:00,Philadelphia Phillies,San Francisco Giants,0.5792,0.585,0.58,0.5788,11.0,1.0,0.2,350
401815152,MLB,2026-04-30 16:35:00+00:00,Pittsburgh Pirates,St. Louis Cardinals,0.6782,0.685,0.68,0.6791,11.0,0.0,0.2,352
401815148,MLB,2026-04-30 16:40:00+00:00,Cincinnati Reds,Colorado Rockies,0.595,0.595,0.59,0.5973,11.0,1.0,0.7,195
401815153,MLB,2026-04-30 17:10:00+00:00,New York Mets,Washington Nationals,0.635,0.635,0.64,0.6332,11.0,0.0,0.2,228
401815156,MLB,2026-04-30 19:05:00+00:00,Athletics,Kansas City Royals,0.525,0.525,0.52,0.5287,11.0,1.0,0.1,302
401815163,MLB,2026-05-01 22:40:00+00:00,Detroit Tigers,Texas Rangers,0.505,0.505,0.5,0.5133,11.0,0.0,0.1,228
401815158,MLB,2026-05-01 22:45:00+00:00,Pittsburgh Pirates,Cincinnati Reds,0.555,0.545,0.55,0.5532,11.0,1.0,0.1,149
401815160,MLB,2026-05-01 22:45:00+00:00,Washington Nationals,Milwaukee Brewers,0.4109,0.405,0.4,0.412,11.0,0.0,0.1,118
401869417,NBA,2026-05-01 23:00:00+00:00,Orlando Magic,Detroit Pistons,0.405,0.415,0.41,0.4086,11.0,0.0,0.0,876
401815157,MLB,2026-05-01 23:05:00+00:00,New York Yankees,Baltimore Orioles,0.625,0.625,0.63,0.6259,11.0,1.0,0.8,168
401815159,MLB,2026-05-01 23:10:00+00:00,Boston Red Sox,Houston Astros,0.525,0.535,0.52,0.5251,11.0,1.0,0.6,88
401815162,MLB,2026-05-01 23:10:00+00:00,Tampa Bay Rays,San Francisco Giants,0.565,0.555,0.57,0.5566,11.0,1.0,0.2,101
401869381,NBA,2026-05-01 23:30:00+00:00,Toronto Raptors,Cleveland Cavaliers,0.365,0.365,0.37,0.3589,11.0,1.0,0.1,438
401869765,NHL,2026-05-01 23:30:00+00:00,Boston Bruins,Buffalo Sabres,0.4703,0.465,0.46,0.4638,11.0,0.0,0.1,290
401815166,MLB,2026-05-02 00:10:00+00:00,Minnesota Twins,Toronto Blue Jays,0.5,0.5,0.51,0.5019,11.0,0.0,0.9,69
401815165,MLB,2026-05-02 00:15:00+00:00,St. Louis Cardinals,Los Angeles Dodgers,0.3911,0.395,0.38,0.3878,11.0,1.0,0.4,173
401815167,MLB,2026-05-02 00:40:00+00:00,Colorado Rockies,Atlanta Braves,0.385,0.385,0.38,0.378,11.0,0.0,1.1,136
401869409,NBA,2026-05-02 01:30:00+00:00,Houston Rockets,Los Angeles Lakers,0.6212,0.515,0.61,0.6053,11.0,0.0,0.0,1726
401815171,MLB,2026-05-02 01:38:00+00:00,Los Angeles Angels,New York Mets,0.505,0.495,0.5,0.4912,11.0,0.0,0.4,139
401815169,MLB,2026-05-02 01:40:00+00:00,Athletics,Cleveland Guardians,0.485,0.485,0.48,0.484,11.0,0.0,1.5,69
401815170,MLB,2026-05-02 01:45:00+00:00,Seattle Mariners,Kansas City Royals,0.565,0.565,0.57,0.5631,11.0,0.0,0.9,105
401815172,MLB,2026-05-02 17:35:00+00:00,New York Yankees,Baltimore Orioles,0.6089,0.615,0.61,0.6074,11.0,1.0,0.0,963
401815181,MLB,2026-05-02 18:10:00+00:00,Minnesota Twins,Toronto Blue Jays,0.4406,0.445,0.45,0.4391,11.0,0.0,0.3,505
401815175,MLB,2026-05-02 20:05:00+00:00,Washington Nationals,Milwaukee Brewers,0.455,0.455,0.46,0.4554,11.0,0.0,0.2,276
401815184,MLB,2026-05-02 20:05:00+00:00,Athletics,Cleveland Guardians,0.555,0.545,0.55,0.5522,11.0,0.0,0.2,308
401815173,MLB,2026-05-02 20:05:00+00:00,Pittsburgh Pirates,Cincinnati Reds,0.555,0.555,0.56,0.5572,11.0,1.0,0.1,344
401815174,MLB,2026-05-02 20:10:00+00:00,Boston Red Sox,Houston Astros,0.555,0.555,0.55,0.5566,11.0,0.0,0.4,267
401815176,MLB,2026-05-02 20:10:00+00:00,Miami Marlins,Philadelphia Phillies,0.5522,0.545,0.54,0.5458,11.0,1.0,0.3,335
401815177,MLB,2026-05-02 22:10:00+00:00,Tampa Bay Rays,San Francisco Giants,0.4876,0.495,0.48,0.4865,11.0,1.0,70.4,253
401856898,WNBA,2026-05-10 22:00:00+00:00,Los Angeles Sparks,Las Vegas Aces,0.475,0.465,0.47,0.4724,11.0,0.0,0.2,108
401815291,MLB,2026-05-10 23:20:00+00:00,Kansas City Royals,Detroit Tigers,0.5396,0.545,0.53,0.5325,11.0,0.0,0.1,391
401871155,NBA,2026-05-10 23:30:00+00:00,Minnesota Timberwolves,San Antonio Spurs,0.365,0.355,0.37,0.3678,11.0,1.0,0.0,2053
401815298,MLB,2026-05-11 22:10:00+00:00,Cleveland Guardians,Los Angeles Angels,0.6089,0.605,0.6,0.6022,11.0,1.0,0.1,868
401815299,MLB,2026-05-11 22:35:00+00:00,Baltimore Orioles,New York Yankees,0.4208,0.425,0.41,0.4215,11.0,1.0,0.1,1338
401815300,MLB,2026-05-11 23:07:00+00:00,Toronto Blue Jays,Tampa Bay Rays,0.525,0.525,0.53,0.5275,11.0,0.0,0.0,956
401871419,NHL,2026-05-12 00:00:00+00:00,Minnesota Wild,Colorado Avalanche,0.415,0.425,0.42,0.4226,11.0,0.0,0.1,1280
401871336,NBA,2026-05-12 00:00:00+00:00,Cleveland Cavaliers,Detroit Pistons,0.5891,0.585,0.58,0.5959,11.0,1.0,0.0,4725
401815302,MLB,2026-05-12 00:10:00+00:00,Houston Astros,Seattle Mariners,0.425,0.415,0.43,0.4199,11.0,0.0,0.3,522
401871329,NBA,2026-05-12 02:30:00+00:00,Los Angeles Lakers,Oklahoma City Thunder,0.175,0.41,0.18,0.176,11.0,0.0,0.0,6533
401815304,MLB,2026-05-12 22:10:00+00:00,Cleveland Guardians,Los Angeles Angels,0.565,0.555,0.55,0.5544,11.0,1.0,0.1,732
401815308,MLB,2026-05-12 22:35:00+00:00,Baltimore Orioles,New York Yankees,0.4406,0.445,0.44,0.4385,11.0,0.0,0.1,1140
401815306,MLB,2026-05-12 22:40:00+00:00,Pittsburgh Pirates,Colorado Rockies,0.715,0.715,0.72,0.7142,11.0,1.0,0.4,567
401815311,MLB,2026-05-12 22:40:00+00:00,Cincinnati Reds,Washington Nationals,0.565,0.565,0.57,0.5638,11.0,0.0,0.2,401
401815309,MLB,2026-05-12 22:45:00+00:00,Boston Red Sox,Philadelphia Phillies,0.445,0.445,0.44,0.4371,11.0,0.0,0.1,523
401815310,MLB,2026-05-12 23:07:00+00:00,Toronto Blue Jays,Tampa Bay Rays,0.4802,0.485,0.48,0.4805,11.0,0.0,0.3,693
401815307,MLB,2026-05-12 23:10:00+00:00,New York Mets,Detroit Tigers,0.575,0.575,0.57,0.571,11.0,1.0,0.1,327
401815305,MLB,2026-05-12 23:15:00+00:00,Atlanta Braves,Chicago Cubs,0.535,0.535,0.54,0.5284,11.0,1.0,0.2,568
401815315,MLB,2026-05-12 23:40:00+00:00,Milwaukee Brewers,San Diego Padres,0.5693,0.575,0.57,0.5756,11.0,1.0,0.1,335
401815314,MLB,2026-05-12 23:40:00+00:00,Minnesota Twins,Miami Marlins,0.5,0.495,0.5,0.499,11.0,1.0,0.0,280
401856901,WNBA,2026-05-13 00:00:00+00:00,Dallas Wings,Atlanta Dream,0.4703,0.47,0.46,0.4642,11.0,0.0,0.2,237
401871156,NBA,2026-05-13 00:00:00+00:00,San Antonio Spurs,Minnesota Timberwolves,0.785,0.785,0.78,0.7747,11.0,1.0,0.0,4384
401815316,MLB,2026-05-13 00:10:00+00:00,Houston Astros,Seattle Mariners,0.355,0.355,0.35,0.366,11.0,0.0,0.4,350
401815318,MLB,2026-05-13 01:40:00+00:00,Athletics,St. Louis Cardinals,0.595,0.585,0.6,0.5927,11.0,0.0,0.5,425
401856902,WNBA,2026-05-13 02:00:00+00:00,Phoenix Mercury,Minnesota Lynx,0.645,0.645,0.64,0.6475,11.0,0.0,0.1,75
401856903,WNBA,2026-05-13 02:00:00+00:00,Portland Fire,New York Liberty,0.1244,0.135,0.12,0.1506,10.0,1.0,0.5,117
401815323,MLB,2026-05-13 17:05:00+00:00,Baltimore Orioles,New York Yankees,0.395,0.405,0.4,0.4004,11.0,1.0,0.2,1311
401815319,MLB,2026-05-13 17:10:00+00:00,Cleveland Guardians,Los Angeles Angels,0.5891,0.585,0.59,0.5844,11.0,1.0,1.0,586
401815326,MLB,2026-05-13 22:40:00+00:00,Cincinnati Reds,Washington Nationals,0.615,0.625,0.61,0.6151,11.0,0.0,0.1,557
401815321,MLB,2026-05-13 22:40:00+00:00,Pittsburgh Pirates,Colorado Rockies,0.6287,0.625,0.63,0.6233,11.0,0.0,0.0,722
401815324,MLB,2026-05-13 22:45:00+00:00,Boston Red Sox,Philadelphia Phillies,0.5396,0.54,0.55,0.5469,11.0,1.0,1.0,649
401856904,WNBA,2026-05-13 23:00:00+00:00,Toronto Tempo,Seattle Storm,0.585,0.585,0.58,0.5762,11.0,1.0,4.7,159
401815325,MLB,2026-05-13 23:07:00+00:00,Toronto Blue Jays,Tampa Bay Rays,0.575,0.565,0.58,0.5705,11.0,1.0,0.1,678
401815322,MLB,2026-05-13 23:10:00+00:00,New York Mets,Detroit Tigers,0.525,0.525,0.53,0.524,11.0,1.0,0.0,384
401815320,MLB,2026-05-13 23:15:00+00:00,Atlanta Braves,Chicago Cubs,0.445,0.455,0.44,0.448,11.0,1.0,0.0,903
401815329,MLB,2026-05-13 23:40:00+00:00,Minnesota Twins,Miami Marlins,0.455,0.455,0.45,0.4553,11.0,0.0,1.6,382
401815330,MLB,2026-05-13 23:40:00+00:00,Milwaukee Brewers,San Diego Padres,0.595,0.595,0.6,0.5893,11.0,0.0,0.8,451
401871420,NHL,2026-05-14 00:00:00+00:00,Colorado Avalanche,Minnesota Wild,0.665,0.665,0.66,0.6654,11.0,1.0,0.1,801
401871337,NBA,2026-05-14 00:00:00+00:00,Detroit Pistons,Cleveland Cavaliers,0.615,0.615,0.61,0.6065,11.0,0.0,0.1,3449
401815331,MLB,2026-05-14 00:10:00+00:00,Houston Astros,Seattle Mariners,0.435,0.435,0.44,0.4407,11.0,1.0,0.3,444
401815333,MLB,2026-05-14 01:40:00+00:00,Athletics,St. Louis Cardinals,0.565,0.565,0.56,0.5621,11.0,1.0,0.2,411
401815332,MLB,2026-05-14 02:10:00+00:00,Los Angeles Dodgers,San Francisco Giants,0.695,0.685,0.68,0.6843,11.0,1.0,0.1,646
401856907,WNBA,2026-05-14 02:30:00+00:00,Los Angeles Sparks,Indiana Fever,0.4901,0.495,0.48,0.4918,11.0,0.0,0.1,221
401815335,MLB,2026-05-14 16:35:00+00:00,Pittsburgh Pirates,Colorado Rockies,0.6089,0.605,0.59,0.6075,11.0,1.0,0.4,801
401815338,MLB,2026-05-14 16:40:00+00:00,Cincinnati Reds,Washington Nationals,0.585,0.595,0.58,0.585,11.0,1.0,0.0,587
401815336,MLB,2026-05-14 17:10:00+00:00,New York Mets,Detroit Tigers,0.5891,0.585,0.58,0.5876,11.0,1.0,0.2,497
401815340,MLB,2026-05-14 17:40:00+00:00,Minnesota Twins,Miami Marlins,0.485,0.485,0.49,0.4945,11.0,1.0,0.0,394
401815341,MLB,2026-05-14 17:40:00+00:00,Milwaukee Brewers,San Diego Padres,0.5622,0.555,0.55,0.5603,11.0,1.0,0.1,613
401815342,MLB,2026-05-14 18:10:00+00:00,Houston Astros,Seattle Mariners,0.4901,0.495,0.5,0.4893,11.0,0.0,0.1,443
401815344,MLB,2026-05-14 19:05:00+00:00,Athletics,St. Louis Cardinals,0.535,0.535,0.53,0.5295,11.0,0.0,0.0,664
401815337,MLB,2026-05-14 22:45:00+00:00,Boston Red Sox,Philadelphia Phillies,0.525,0.525,0.52,0.5241,11.0,0.0,0.0,1173
401815334,MLB,2026-05-14 23:15:00+00:00,Atlanta Braves,Chicago Cubs,0.6386,0.635,0.65,0.6407,11.0,0.0,0.1,1420
401856908,WNBA,2026-05-15 00:00:00+00:00,Dallas Wings,Minnesota Lynx,0.599,0.59,0.6,0.6025,11.0,0.0,0.1,453
401856909,WNBA,2026-05-15 02:00:00+00:00,Portland Fire,New York Liberty,0.175,0.175,0.18,0.1699,11.0,0.0,0.3,440
401815343,MLB,2026-05-15 02:10:00+00:00,Los Angeles Dodgers,San Francisco Giants,0.615,0.615,0.62,0.6106,11.0,1.0,0.0,1407
401815345,MLB,2026-05-15 22:45:00+00:00,Washington Nationals,Baltimore Orioles,0.4406,0.445,0.44,0.4427,11.0,1.0,0.6,390
401871338,NBA,2026-05-15 23:00:00+00:00,Cleveland Cavaliers,Detroit Pistons,0.615,0.615,0.61,0.6142,11.0,0.0,0.0,3377
401815347,MLB,2026-05-15 23:10:00+00:00,Cleveland Guardians,Cincinnati Reds,0.5594,0.555,0.55,0.5579,11.0,0.0,0.5,369
401815348,MLB,2026-05-15 23:10:00+00:00,Tampa Bay Rays,Miami Marlins,0.5297,0.525,0.53,0.5273,11.0,1.0,0.4,558
401815354,MLB,2026-05-15 23:10:00+00:00,Minnesota Twins,Milwaukee Brewers,0.505,0.495,0.5,0.4996,11.0,0.0,0.0,358
401815349,MLB,2026-05-15 23:15:00+00:00,New York Mets,New York Yankees,0.425,0.425,0.42,0.4236,11.0,0.0,0.0,842
401815346,MLB,2026-05-15 23:15:00+00:00,Atlanta Braves,Boston Red Sox,0.575,0.575,0.57,0.576,11.0,1.0,0.2,639
401856911,WNBA,2026-05-15 23:30:00+00:00,Indiana Fever,Washington Mystics,0.775,0.765,0.78,0.7675,11.0,0.0,1.6,155
401815355,MLB,2026-05-16 00:10:00+00:00,Houston Astros,Texas Rangers,0.495,0.495,0.49,0.4915,11.0,1.0,0.7,296
401815353,MLB,2026-05-16 00:15:00+00:00,St. Louis Cardinals,Kansas City Royals,0.5,0.505,0.51,0.4935,11.0,1.0,1.6,285
401871157,NBA,2026-05-16 01:30:00+00:00,Minnesota Timberwolves,San Antonio Spurs,0.325,0.4,0.33,0.3284,11.0,0.0,0.1,2900
401815357,MLB,2026-05-16 01:38:00+00:00,Los Angeles Angels,Los Angeles Dodgers,0.3614,0.375,0.37,0.3732,11.0,0.0,0.1,755
401815358,MLB,2026-05-16 01:40:00+00:00,Seattle Mariners,San Diego Padres,0.545,0.545,0.55,0.5483,11.0,0.0,0.2,410
401815359,MLB,2026-05-16 01:40:00+00:00,Athletics,San Francisco Giants,0.535,0.545,0.54,0.5431,11.0,1.0,0.5,389
401856912,WNBA,2026-05-16 02:00:00+00:00,Los Angeles Sparks,Toronto Tempo,0.745,0.755,0.74,0.7365,11.0,1.0,0.2,127
401856913,WNBA,2026-05-16 02:00:00+00:00,Phoenix Mercury,Chicago Sky,0.6287,0.625,0.62,0.6206,11.0,1.0,2.2,120
401815366,MLB,2026-05-16 17:10:00+00:00,Detroit Tigers,Toronto Blue Jays,0.5099,0.5101,0.51,0.5131,11.0,0.0,0.1,954
401815368,MLB,2026-05-16 18:15:00+00:00,St. Louis Cardinals,Kansas City Royals,0.505,0.505,0.51,0.5033,11.0,1.0,0.3,566
401815360,MLB,2026-05-16 20:05:00+00:00,Washington Nationals,Baltimore Orioles,0.505,0.505,0.51,0.4983,11.0,1.0,0.1,374
401815363,MLB,2026-05-16 20:10:00+00:00,Tampa Bay Rays,Miami Marlins,0.555,0.555,0.56,0.5547,11.0,0.0,0.0,703
401815362,MLB,2026-05-16 22:10:00+00:00,Cleveland Guardians,Cincinnati Reds,0.585,0.585,0.59,0.58,11.0,1.0,0.2,540
401815369,MLB,2026-05-16 23:10:00+00:00,Minnesota Twins,Milwaukee Brewers,0.4495,0.455,0.46,0.4551,11.0,0.0,0.5,414
401815370,MLB,2026-05-16 23:10:00+00:00,Houston Astros,Texas Rangers,0.425,0.425,0.43,0.4287,11.0,1.0,0.1,441
401815361,MLB,2026-05-16 23:15:00+00:00,Atlanta Braves,Boston Red Sox,0.5198,0.525,0.52,0.5221,11.0,0.0,0.1,799
401815364,MLB,2026-05-16 23:15:00+00:00,New York Mets,New York Yankees,0.475,0.475,0.47,0.4689,11.0,1.0,0.1,990
401815373,MLB,2026-05-16 23:15:00+00:00,Seattle Mariners,San Diego Padres,0.605,0.605,0.61,0.6074,11.0,0.0,0.2,513
401815372,MLB,2026-05-17 01:38:00+00:00,Los Angeles Angels,Los Angeles Dodgers,0.445,0.455,0.44,0.4458,11.0,0.0,0.0,1112
401815374,MLB,2026-05-17 01:40:00+00:00,Athletics,San Francisco Giants,0.555,0.555,0.55,0.5507,11.0,0.0,0.2,535
401815378,MLB,2026-05-17 16:15:00+00:00,Tampa Bay Rays,Miami Marlins,0.575,0.575,0.57,0.5761,11.0,1.0,0.0,709
401856915,WNBA,2026-05-17 17:30:00+00:00,Atlanta Dream,Las Vegas Aces,0.395,0.385,0.39,0.3984,11.0,0.0,0.3,332
401815375,MLB,2026-05-17 17:35:00+00:00,Washington Nationals,Baltimore Orioles,0.475,0.475,0.47,0.4777,11.0,0.0,0.5,374
401815376,MLB,2026-05-17 17:35:00+00:00,Atlanta Braves,Boston Red Sox,0.575,0.575,0.58,0.5763,11.0,1.0,0.2,677
401815377,MLB,2026-05-17 17:40:00+00:00,Cleveland Guardians,Cincinnati Reds,0.585,0.585,0.59,0.5914,11.0,1.0,0.0,284
401815379,MLB,2026-05-17 17:40:00+00:00,New York Mets,New York Yankees,0.5297,0.525,0.53,0.524,11.0,1.0,0.2,589
401815381,MLB,2026-05-17 17:40:00+00:00,Detroit Tigers,Toronto Blue Jays,0.475,0.4697,0.48,0.4672,11.0,0.0,0.9,299
401815384,MLB,2026-05-17 18:10:00+00:00,Minnesota Twins,Milwaukee Brewers,0.4406,0.445,0.45,0.4426,11.0,1.0,0.9,269
401815385,MLB,2026-05-17 18:10:00+00:00,Houston Astros,Texas Rangers,0.465,0.465,0.46,0.4672,11.0,0.0,0.1,241
401815383,MLB,2026-05-17 18:15:00+00:00,St. Louis Cardinals,Kansas City Royals,0.525,0.525,0.53,0.5237,11.0,0.0,0.0,283
401815389,MLB,2026-05-17 20:05:00+00:00,Athletics,San Francisco Giants,0.575,0.575,0.58,0.5725,11.0,0.0,0.1,317
401815387,MLB,2026-05-17 20:07:00+00:00,Los Angeles Angels,Los Angeles Dodgers,0.425,0.425,0.44,0.4286,11.0,0.0,0.2,881
401856916,WNBA,2026-05-17 22:00:00+00:00,Indiana Fever,Seattle Storm,0.8366,0.845,0.84,0.8309,11.0,1.0,0.5,198
401856914,WNBA,2026-05-17 23:00:00+00:00,Minnesota Lynx,Chicago Sky,0.6915,0.685,0.69,0.6798,11.0,0.0,0.0,210
401856917,WNBA,2026-05-17 23:00:00+00:00,Los Angeles Sparks,Toronto Tempo,0.7376,0.735,0.74,0.7313,11.0,0.0,0.3,152
401815388,MLB,2026-05-17 23:20:00+00:00,Seattle Mariners,San Diego Padres,0.5792,0.585,0.58,0.5819,11.0,0.0,0.2,1227
401815392,MLB,2026-05-18 22:40:00+00:00,Philadelphia Phillies,Cincinnati Reds,0.5297,0.525,0.53,0.5207,11.0,1.0,0.4,780
401815393,MLB,2026-05-18 22:40:00+00:00,Detroit Tigers,Cleveland Guardians,0.5693,0.555,0.57,0.5728,11.0,0.0,0.5,622
401815390,MLB,2026-05-18 22:40:00+00:00,Miami Marlins,Atlanta Braves,0.505,0.515,0.5,0.5101,11.0,1.0,0.1,1517
401815391,MLB,2026-05-18 22:40:00+00:00,Tampa Bay Rays,Baltimore Orioles,0.565,0.565,0.56,0.565,11.0,1.0,0.1,1057
401815394,MLB,2026-05-18 22:45:00+00:00,Washington Nationals,New York Mets,0.465,0.465,0.46,0.4688,11.0,0.0,0.8,441
401815395,MLB,2026-05-18 23:05:00+00:00,New York Yankees,Toronto Blue Jays,0.605,0.605,0.61,0.6054,11.0,1.0,0.0,696
401815396,MLB,2026-05-18 23:10:00+00:00,Kansas City Royals,Boston Red Sox,0.495,0.505,0.49,0.4916,11.0,0.0,1.0,331
401815397,MLB,2026-05-18 23:40:00+00:00,Minnesota Twins,Houston Astros,0.515,0.515,0.52,0.5112,11.0,1.0,0.9,284
401815398,MLB,2026-05-18 23:40:00+00:00,Chicago Cubs,Milwaukee Brewers,0.595,0.595,0.59,0.5911,11.0,0.0,0.1,512
401856918,WNBA,2026-05-19 00:00:00+00:00,Dallas Wings,Washington Mystics,0.6188,0.625,0.62,0.6238,11.0,1.0,1.2,198
401873197,NBA,2026-05-19 00:30:00+00:00,Oklahoma City Thunder,San Antonio Spurs,0.695,0.695,0.69,0.6854,11.0,0.0,0.0,8365
401815399,MLB,2026-05-19 00:40:00+00:00,Colorado Rockies,Texas Rangers,0.435,0.435,0.44,0.4245,10.0,1.0,0.0,475
401815400,MLB,2026-05-19 01:38:00+00:00,Los Angeles Angels,Athletics,0.4505,0.445,0.44,0.4552,10.0,1.0,0.2,398
401815402,MLB,2026-05-19 01:40:00+00:00,San Diego Padres,Los Angeles Dodgers,0.435,0.435,0.44,0.434,10.0,1.0,0.0,1038
401815405,MLB,2026-05-19 22:40:00+00:00,Tampa Bay Rays,Baltimore Orioles,0.5099,0.505,0.51,0.5094,10.0,1.0,0.0,994
401815406,MLB,2026-05-19 22:40:00+00:00,Philadelphia Phillies,Cincinnati Reds,0.565,0.565,0.56,0.5612,10.0,0.0,0.0,701
401815407,MLB,2026-05-19 22:40:00+00:00,Detroit Tigers,Cleveland Guardians,0.405,0.405,0.41,0.4081,10.0,0.0,0.1,701
401815408,MLB,2026-05-19 22:45:00+00:00,Washington Nationals,New York Mets,0.435,0.435,0.43,0.4385,10.0,1.0,0.0,484
401815409,MLB,2026-05-19 23:05:00+00:00,New York Yankees,Toronto Blue Jays,0.545,0.555,0.55,0.5482,10.0,1.0,0.1,608
401815410,MLB,2026-05-19 23:40:00+00:00,Kansas City Royals,Boston Red Sox,0.455,0.455,0.45,0.4568,10.0,0.0,0.5,407
401815411,MLB,2026-05-19 23:40:00+00:00,Minnesota Twins,Houston Astros,0.565,0.555,0.56,0.5635,10.0,0.0,0.3,368
401815412,MLB,2026-05-19 23:40:00+00:00,Chicago Cubs,Milwaukee Brewers,0.475,0.475,0.48,0.4785,10.0,0.0,0.5,634
401815413,MLB,2026-05-19 23:45:00+00:00,St. Louis Cardinals,Pittsburgh Pirates,0.515,0.525,0.51,0.5105,10.0,1.0,0.2,312
401873341,NBA,2026-05-20 00:00:00+00:00,New York Knicks,Cleveland Cavaliers,0.675,0.675,0.67,0.6735,10.0,1.0,0.0,6801
401815414,MLB,2026-05-20 00:40:00+00:00,Colorado Rockies,Texas Rangers,0.505,0.495,0.5,0.5056,10.0,0.0,0.1,439
401815415,MLB,2026-05-20 01:38:00+00:00,Los Angeles Angels,Athletics,0.565,0.565,0.55,0.5583,11.0,0.0,0.2,442
401815417,MLB,2026-05-20 01:40:00+00:00,San Diego Padres,Los Angeles Dodgers,0.395,0.395,0.39,0.403,11.0,0.0,0.2,913
401856920,WNBA,2026-05-20 02:00:00+00:00,Phoenix Mercury,Toronto Tempo,0.735,0.735,0.75,0.7345,11.0,0.0,1.2,192
401815421,MLB,2026-05-20 17:05:00+00:00,Philadelphia Phillies,Cincinnati Reds,0.585,0.585,0.57,0.5799,11.0,0.0,0.3,927
401815420,MLB,2026-05-20 17:10:00+00:00,Tampa Bay Rays,Baltimore Orioles,0.5198,0.515,0.53,0.5205,11.0,1.0,0.1,1195
401815426,MLB,2026-05-20 17:40:00+00:00,Minnesota Twins,Houston Astros,0.565,0.565,0.56,0.5751,11.0,1.0,0.2,582
401815429,MLB,2026-05-20 19:10:00+00:00,Colorado Rockies,Texas Rangers,0.465,0.465,0.46,0.4727,11.0,0.0,0.0,590
401815422,MLB,2026-05-20 22:40:00+00:00,Detroit Tigers,Cleveland Guardians,0.475,0.475,0.47,0.4788,11.0,0.0,0.3,597
401815423,MLB,2026-05-20 22:45:00+00:00,Washington Nationals,New York Mets,0.465,0.465,0.47,0.4673,11.0,1.0,0.1,427
401856921,WNBA,2026-05-20 23:00:00+00:00,Indiana Fever,Portland Fire,0.795,0.805,0.8,0.7851,11.0,1.0,0.2,458
401815424,MLB,2026-05-20 23:05:00+00:00,New York Yankees,Toronto Blue Jays,0.615,0.615,0.61,0.6081,11.0,0.0,0.4,657
401815425,MLB,2026-05-20 23:40:00+00:00,Kansas City Royals,Boston Red Sox,0.5198,0.515,0.52,0.5172,11.0,0.0,0.9,444
401815427,MLB,2026-05-20 23:40:00+00:00,Chicago Cubs,Milwaukee Brewers,0.5099,0.505,0.5,0.5142,11.0,0.0,0.1,810
401815428,MLB,2026-05-20 23:45:00+00:00,St. Louis Cardinals,Pittsburgh Pirates,0.515,0.515,0.52,0.5116,11.0,0.0,2.1,492
401873198,NBA,2026-05-21 00:30:00+00:00,Oklahoma City Thunder,San Antonio Spurs,0.685,0.695,0.68,0.6987,11.0,1.0,0.0,9980
401815432,MLB,2026-05-21 00:40:00+00:00,San Diego Padres,Los Angeles Dodgers,0.365,0.355,0.36,0.3648,11.0,0.0,0.2,767
401856922,WNBA,2026-05-21 01:00:00+00:00,Chicago Sky,Dallas Wings,0.415,0.415,0.42,0.4213,11.0,0.0,0.4,239
401815430,MLB,2026-05-21 01:38:00+00:00,Los Angeles Angels,Athletics,0.455,0.465,0.46,0.4593,11.0,0.0,0.2,659
401815435,MLB,2026-05-21 17:10:00+00:00,Detroit Tigers,Cleveland Guardians,0.5396,0.535,0.54,0.5324,11.0,0.0,0.1,1215
401815438,MLB,2026-05-21 17:15:00+00:00,St. Louis Cardinals,Pittsburgh Pirates,0.4703,0.485,0.47,0.4758,11.0,0.0,0.0,927
401815436,MLB,2026-05-21 20:05:00+00:00,Washington Nationals,New York Mets,0.485,0.495,0.48,0.4941,11.0,0.0,0.0,971
401815437,MLB,2026-05-21 23:05:00+00:00,New York Yankees,Toronto Blue Jays,0.565,0.565,0.56,0.5644,11.0,0.0,0.0,1142
401856925,WNBA,2026-05-22 00:00:00+00:00,Minnesota Lynx,Toronto Tempo,0.675,0.675,0.67,0.6683,11.0,1.0,0.2,222
401873342,NBA,2026-05-22 00:00:00+00:00,New York Knicks,Cleveland Cavaliers,0.6386,0.645,0.64,0.6429,11.0,1.0,0.0,5745
401815439,MLB,2026-05-22 01:38:00+00:00,Los Angeles Angels,Athletics,0.525,0.525,0.52,0.523,11.0,0.0,0.0,1174
401856926,WNBA,2026-05-22 02:00:00+00:00,Phoenix Mercury,Los Angeles Sparks,0.5764,0.575,0.57,0.5633,11.0,0.0,0.5,225
401815449,MLB,2026-05-22 18:20:00+00:00,Chicago Cubs,Houston Astros,0.5693,0.575,0.58,0.5697,11.0,0.0,0.0,1518
401815441,MLB,2026-05-22 22:40:00+00:00,Philadelphia Phillies,Cleveland Guardians,0.615,0.615,0.62,0.6196,11.0,0.0,0.1,1188
401815447,MLB,2026-05-22 23:05:00+00:00,New York Yankees,Tampa Bay Rays,0.575,0.565,0.56,0.5696,11.0,0.0,0.1,1315
401815445,MLB,2026-05-22 23:07:00+00:00,Toronto Blue Jays,Pittsburgh Pirates,0.595,0.595,0.59,0.5962,11.0,1.0,0.7,581
401815444,MLB,2026-05-22 23:10:00+00:00,Miami Marlins,New York Mets,0.5099,0.515,0.51,0.5126,11.0,1.0,0.9,512
401815443,MLB,2026-05-22 23:10:00+00:00,Boston Red Sox,Minnesota Twins,0.575,0.575,0.58,0.5802,11.0,0.0,0.5,444
401815442,MLB,2026-05-22 23:15:00+00:00,Baltimore Orioles,Detroit Tigers,0.5495,0.545,0.54,0.5451,11.0,1.0,0.1,320
401815448,MLB,2026-05-22 23:15:00+00:00,Atlanta Braves,Washington Nationals,0.645,0.645,0.65,0.6297,11.0,1.0,0.6,688
401856927,WNBA,2026-05-22 23:30:00+00:00,Atlanta Dream,Dallas Wings,0.6453,0.645,0.65,0.6566,11.0,1.0,0.1,180
401815450,MLB,2026-05-22 23:40:00+00:00,Milwaukee Brewers,Los Angeles Dodgers,0.505,0.505,0.51,0.5057,11.0,1.0,0.1,792
401815451,MLB,2026-05-22 23:40:00+00:00,Kansas City Royals,Seattle Mariners,0.485,0.485,0.49,0.4876,11.0,0.0,0.0,392
401873199,NBA,2026-05-23 00:30:00+00:00,San Antonio Spurs,Oklahoma City Thunder,0.575,0.565,0.58,0.5632,11.0,0.0,0.0,8282
401815455,MLB,2026-05-23 01:38:00+00:00,Los Angeles Angels,Texas Rangers,0.401,0.405,0.41,0.4102,11.0,1.0,0.2,544
401815452,MLB,2026-05-23 01:40:00+00:00,San Diego Padres,Athletics,0.525,0.535,0.53,0.5324,11.0,1.0,0.0,466
401856930,WNBA,2026-05-23 17:00:00+00:00,Chicago Sky,Minnesota Lynx,0.455,0.465,0.46,0.4692,11.0,0.0,0.3,298
401815464,MLB,2026-05-23 18:20:00+00:00,Chicago Cubs,Houston Astros,0.575,0.565,0.57,0.5728,11.0,0.0,0.1,899
401815460,MLB,2026-05-23 19:07:00+00:00,Toronto Blue Jays,Pittsburgh Pirates,0.4208,0.435,0.42,0.4341,11.0,1.0,0.0,837
401815456,MLB,2026-05-23 20:05:00+00:00,Philadelphia Phillies,Cleveland Guardians,0.615,0.615,0.61,0.6128,11.0,1.0,0.1,611
401815458,MLB,2026-05-23 20:10:00+00:00,Boston Red Sox,Minnesota Twins,0.535,0.545,0.53,0.5375,11.0,0.0,0.0,322
401815459,MLB,2026-05-23 20:10:00+00:00,Miami Marlins,New York Mets,0.5099,0.515,0.51,0.5104,11.0,1.0,0.8,348
401815466,MLB,2026-05-23 20:10:00+00:00,Kansas City Royals,Seattle Mariners,0.4726,0.465,0.46,0.4658,11.0,1.0,0.1,455
401856931,WNBA,2026-05-23 22:00:00+00:00,Toronto Tempo,Portland Fire,0.6683,0.665,0.65,0.652,11.0,0.0,0.0,135
401815461,MLB,2026-05-23 23:15:00+00:00,Cincinnati Reds,St. Louis Cardinals,0.505,0.505,0.5,0.4994,11.0,1.0,0.0,192
401815465,MLB,2026-05-23 23:15:00+00:00,Milwaukee Brewers,Los Angeles Dodgers,0.485,0.495,0.49,0.4808,11.0,0.0,0.1,995
401873343,NBA,2026-05-24 00:00:00+00:00,Cleveland Cavaliers,New York Knicks,0.565,0.565,0.56,0.5662,11.0,0.0,0.0,7555
401856932,WNBA,2026-05-24 00:00:00+00:00,Las Vegas Aces,Los Angeles Sparks,0.785,0.785,0.78,0.7743,11.0,0.0,0.5,269
401815467,MLB,2026-05-24 01:40:00+00:00,San Diego Padres,Athletics,0.455,0.465,0.46,0.4587,11.0,1.0,0.5,827
401815470,MLB,2026-05-24 02:05:00+00:00,Los Angeles Angels,Texas Rangers,0.445,0.435,0.43,0.4362,11.0,1.0,0.1,553
401815475,MLB,2026-05-24 16:15:00+00:00,Toronto Blue Jays,Pittsburgh Pirates,0.615,0.615,0.62,0.6116,11.0,0.0,0.0,774
401815472,MLB,2026-05-24 16:35:00+00:00,Baltimore Orioles,Detroit Tigers,0.54,0.535,0.54,0.543,11.0,1.0,0.1,525
401815471,MLB,2026-05-24 17:35:00+00:00,Philadelphia Phillies,Cleveland Guardians,0.485,0.485,0.48,0.4868,11.0,0.0,0.3,613
401815473,MLB,2026-05-24 17:35:00+00:00,Boston Red Sox,Minnesota Twins,0.6089,0.605,0.62,0.6082,11.0,0.0,0.1,495
401815477,MLB,2026-05-24 17:35:00+00:00,New York Yankees,Tampa Bay Rays,0.565,0.565,0.56,0.5583,11.0,1.0,0.2,781
401815474,MLB,2026-05-24 17:40:00+00:00,Miami Marlins,New York Mets,0.5396,0.535,0.53,0.5398,11.0,1.0,0.1,454
401815481,MLB,2026-05-24 18:10:00+00:00,Kansas City Royals,Seattle Mariners,0.4703,0.475,0.47,0.4714,11.0,1.0,0.0,342
401815480,MLB,2026-05-24 18:10:00+00:00,Milwaukee Brewers,Los Angeles Dodgers,0.425,0.425,0.42,0.4237,11.0,0.0,0.0,631
401815479,MLB,2026-05-24 18:20:00+00:00,Chicago Cubs,Houston Astros,0.6089,0.605,0.6,0.6064,11.0,0.0,0.2,444
401856933,WNBA,2026-05-24 19:00:00+00:00,Atlanta Dream,Phoenix Mercury,0.685,0.665,0.69,0.666,11.0,1.0,0.0,182
401856934,WNBA,2026-05-24 19:30:00+00:00,New York Liberty,Dallas Wings,0.695,0.705,0.7,0.6792,11.0,0.0,0.2,194
401815482,MLB,2026-05-24 20:10:00+00:00,San Diego Padres,Athletics,0.6089,0.615,0.6,0.6098,11.0,0.0,0.8,379
401856935,WNBA,2026-05-24 22:00:00+00:00,Seattle Storm,Washington Mystics,0.365,0.375,0.36,0.3646,11.0,1.0,0.4,242
401815485,MLB,2026-05-24 23:20:00+00:00,Los Angeles Angels,Texas Rangers,0.525,0.525,0.53,0.5298,11.0,1.0,0.1,707
401873200,NBA,2026-05-25 00:00:00+00:00,San Antonio Spurs,Oklahoma City Thunder,0.575,0.575,0.57,0.5714,11.0,1.0,0.0,7964
401815489,MLB,2026-05-25 17:35:00+00:00,Baltimore Orioles,Tampa Bay Rays,0.485,0.485,0.48,0.4873,11.0,1.0,0.1,1597
401815486,MLB,2026-05-25 17:35:00+00:00,Pittsburgh Pirates,Chicago Cubs,0.4703,0.475,0.48,0.4673,11.0,1.0,0.0,1214
401815494,MLB,2026-05-25 18:10:00+00:00,Milwaukee Brewers,St. Louis Cardinals,0.665,0.665,0.67,0.6659,11.0,1.0,0.6,727
401815493,MLB,2026-05-25 19:40:00+00:00,Kansas City Royals,New York Yankees,0.4604,0.465,0.46,0.4544,11.0,0.0,0.2,915
401815487,MLB,2026-05-25 20:10:00+00:00,New York Mets,Cincinnati Reds,0.555,0.565,0.56,0.5513,11.0,0.0,0.1,590
401815490,MLB,2026-05-25 22:10:00+00:00,Cleveland Guardians,Washington Nationals,0.615,0.615,0.62,0.6129,11.0,0.0,0.2,472
401815497,MLB,2026-05-25 22:40:00+00:00,San Diego Padres,Philadelphia Phillies,0.485,0.485,0.49,0.4749,11.0,0.0,0.0,982
401815491,MLB,2026-05-25 23:05:00+00:00,Texas Rangers,Houston Astros,0.525,0.525,0.52,0.5236,11.0,0.0,0.3,596
401815488,MLB,2026-05-25 23:07:00+00:00,Toronto Blue Jays,Miami Marlins,0.575,0.575,0.59,0.5792,11.0,0.0,0.2,591
401873344,NBA,2026-05-26 00:00:00+00:00,Cleveland Cavaliers,New York Knicks,0.4604,0.465,0.46,0.4553,11.0,0.0,0.0,8415
401815496,MLB,2026-05-26 01:10:00+00:00,Los Angeles Dodgers,Colorado Rockies,0.745,0.745,0.75,0.7351,11.0,1.0,0.2,748
401815498,MLB,2026-05-26 01:40:00+00:00,Athletics,Seattle Mariners,0.5,0.495,0.5,0.4901,11.0,0.0,0.0,861
401815505,MLB,2026-05-26 22:10:00+00:00,Cleveland Guardians,Washington Nationals,0.545,0.545,0.54,0.5449,11.0,0.0,0.0,952
401815504,MLB,2026-05-26 22:35:00+00:00,Baltimore Orioles,Tampa Bay Rays,0.4901,0.485,0.48,0.492,11.0,1.0,0.1,904
401815499,MLB,2026-05-26 22:40:00+00:00,Detroit Tigers,Los Angeles Angels,0.5622,0.565,0.56,0.5545,11.0,0.0,0.1,478
401815501,MLB,2026-05-26 22:40:00+00:00,Pittsburgh Pirates,Chicago Cubs,0.555,0.565,0.55,0.5581,11.0,1.0,0.3,667
401815500,MLB,2026-05-26 22:45:00+00:00,Boston Red Sox,Atlanta Braves,0.5099,0.515,0.5,0.5035,11.0,0.0,0.5,987
401815503,MLB,2026-05-26 23:07:00+00:00,Toronto Blue Jays,Miami Marlins,0.535,0.535,0.53,0.5308,11.0,1.0,0.1,434
401815502,MLB,2026-05-26 23:10:00+00:00,New York Mets,Cincinnati Reds,0.4703,0.485,0.47,0.4751,11.0,0.0,0.3,565
401815508,MLB,2026-05-26 23:40:00+00:00,Kansas City Royals,New York Yankees,0.355,0.375,0.36,0.3577,11.0,0.0,0.2,729
401815509,MLB,2026-05-26 23:40:00+00:00,Milwaukee Brewers,St. Louis Cardinals,0.655,0.645,0.65,0.6534,11.0,1.0,0.4,648
401815506,MLB,2026-05-27 00:05:00+00:00,Texas Rangers,Houston Astros,0.5495,0.545,0.54,0.5452,11.0,1.0,0.0,441
401873201,NBA,2026-05-27 00:30:00+00:00,Oklahoma City Thunder,San Antonio Spurs,0.585,0.585,0.59,0.5934,11.0,1.0,0.0,10744
401815513,MLB,2026-05-27 01:40:00+00:00,Athletics,Seattle Mariners,0.515,0.525,0.51,0.5129,11.0,0.0,0.0,555
401815512,MLB,2026-05-27 01:40:00+00:00,San Diego Padres,Philadelphia Phillies,0.505,0.505,0.5,0.5049,11.0,0.0,0.2,578
401815511,MLB,2026-05-27 02:10:00+00:00,Los Angeles Dodgers,Colorado Rockies,0.675,0.675,0.68,0.6756,11.0,1.0,0.0,693
401815518,MLB,2026-05-27 17:07:00+00:00,Toronto Blue Jays,Miami Marlins,0.585,0.585,0.59,0.583,11.0,1.0,0.0,934
401815520,MLB,2026-05-27 17:10:00+00:00,Cleveland Guardians,Washington Nationals,0.6188,0.615,0.62,0.622,11.0,1.0,0.1,811
401815524,MLB,2026-05-27 17:40:00+00:00,Milwaukee Brewers,St. Louis Cardinals,0.615,0.605,0.6,0.6111,11.0,1.0,0.1,849
401815528,MLB,2026-05-27 19:05:00+00:00,Athletics,Seattle Mariners,0.475,0.475,0.47,0.4757,11.0,0.0,0.3,551
401815527,MLB,2026-05-27 20:10:00+00:00,San Diego Padres,Philadelphia Phillies,0.445,0.435,0.45,0.4386,11.0,0.0,0.1,1044
401815519,MLB,2026-05-27 22:35:00+00:00,Baltimore Orioles,Tampa Bay Rays,0.4703,0.475,0.46,0.4617,11.0,1.0,0.0,1264
401815514,MLB,2026-05-27 22:40:00+00:00,Detroit Tigers,Los Angeles Angels,0.505,0.505,0.51,0.5094,11.0,1.0,0.1,615
401815516,MLB,2026-05-27 22:40:00+00:00,Pittsburgh Pirates,Chicago Cubs,0.5297,0.525,0.53,0.5301,11.0,0.0,0.1,920
401815515,MLB,2026-05-27 22:45:00+00:00,Boston Red Sox,Atlanta Braves,0.515,0.515,0.51,0.5099,11.0,1.0,0.1,1211
401856938,WNBA,2026-05-27 23:00:00+00:00,New York Liberty,Phoenix Mercury,0.6287,0.6255,0.63,0.6196,11.0,1.0,0.0,372
401815517,MLB,2026-05-27 23:10:00+00:00,New York Mets,Cincinnati Reds,0.525,0.525,0.53,0.5307,11.0,1.0,0.1,686
401815523,MLB,2026-05-27 23:40:00+00:00,Kansas City Royals,New York Yankees,0.405,0.415,0.41,0.4152,11.0,0.0,0.0,1399
401856939,WNBA,2026-05-28 00:00:00+00:00,Chicago Sky,Toronto Tempo,0.645,0.625,0.65,0.6343,11.0,0.0,1.4,226
401815521,MLB,2026-05-28 00:05:00+00:00,Texas Rangers,Houston Astros,0.565,0.565,0.57,0.5671,11.0,0.0,0.0,506
401856940,WNBA,2026-05-28 01:00:00+00:00,Minnesota Lynx,Atlanta Dream,0.4307,0.415,0.42,0.4273,11.0,1.0,0.0,326
401856942,WNBA,2026-05-28 02:00:00+00:00,Seattle Storm,Washington Mystics,0.415,0.415,0.42,0.4094,11.0,0.0,1.1,301
401815526,MLB,2026-05-28 02:10:00+00:00,Los Angeles Dodgers,Colorado Rockies,0.795,0.795,0.8,0.7822,11.0,1.0,0.1,968
401815529,MLB,2026-05-28 17:10:00+00:00,Detroit Tigers,Los Angeles Angels,0.555,0.555,0.55,0.551,11.0,0.0,0.0,1043
401815530,MLB,2026-05-28 20:10:00+00:00,Boston Red Sox,Atlanta Braves,0.445,0.445,0.44,0.4484,11.0,0.0,0.0,1824
401815532,MLB,2026-05-28 22:35:00+00:00,Baltimore Orioles,Toronto Blue Jays,0.5297,0.535,0.53,0.5411,11.0,0.0,0.0,1245
401815531,MLB,2026-05-28 22:40:00+00:00,Pittsburgh Pirates,Chicago Cubs,0.615,0.615,0.6,0.6068,11.0,0.0,0.1,1216
401856943,WNBA,2026-05-29 00:00:00+00:00,Dallas Wings,Las Vegas Aces,0.3614,0.355,0.36,0.3586,11.0,1.0,0.1,398
401815533,MLB,2026-05-29 00:05:00+00:00,Texas Rangers,Houston Astros,0.565,0.575,0.56,0.5709,11.0,0.0,0.0,1179
401873202,NBA,2026-05-29 00:30:00+00:00,San Antonio Spurs,Oklahoma City Thunder,0.585,0.595,0.59,0.5922,11.0,1.0,0.0,8752
401815536,MLB,2026-05-29 22:40:00+00:00,Cincinnati Reds,Atlanta Braves,0.445,0.455,0.46,0.4455,11.0,0.0,0.1,2722
401815539,MLB,2026-05-29 22:45:00+00:00,Pittsburgh Pirates,Minnesota Twins,0.555,0.555,0.55,0.547,11.0,1.0,0.0,810
401815540,MLB,2026-05-29 22:45:00+00:00,Washington Nationals,San Diego Padres,0.5198,0.515,0.51,0.5157,11.0,0.0,0.1,1237
401815541,MLB,2026-05-29 23:05:00+00:00,Baltimore Orioles,Toronto Blue Jays,0.5396,0.545,0.53,0.537,11.0,0.0,0.2,628
401815538,MLB,2026-05-29 23:10:00+00:00,New York Mets,Miami Marlins,0.515,0.515,0.51,0.5063,11.0,1.0,0.1,795
401815535,MLB,2026-05-29 23:10:00+00:00,Tampa Bay Rays,Los Angeles Angels,0.595,0.585,0.6,0.5856,11.0,1.0,0.0,1078
401815537,MLB,2026-05-29 23:10:00+00:00,Cleveland Guardians,Boston Red Sox,0.5396,0.535,0.53,0.5323,11.0,1.0,0.1,645
401815542,MLB,2026-05-29 23:15:00+00:00,St. Louis Cardinals,Chicago Cubs,0.455,0.455,0.46,0.4525,11.0,1.0,0.5,702
401856945,WNBA,2026-05-29 23:30:00+00:00,New York Liberty,Phoenix Mercury,0.6584,0.655,0.65,0.6574,11.0,1.0,2.0,199
401856946,WNBA,2026-05-29 23:30:00+00:00,Washington Mystics,Los Angeles Sparks,0.555,0.555,0.55,0.5551,11.0,0.0,1.0,283
401856947,WNBA,2026-05-29 23:30:00+00:00,Chicago Sky,Minnesota Lynx,0.3614,0.365,0.36,0.3763,11.0,0.0,0.6,348
401815544,MLB,2026-05-30 00:05:00+00:00,Texas Rangers,Kansas City Royals,0.535,0.535,0.54,0.536,11.0,1.0,0.4,388
401815545,MLB,2026-05-30 00:10:00+00:00,Houston Astros,Milwaukee Brewers,0.445,0.445,0.45,0.4375,11.0,0.0,0.8,663
401815546,MLB,2026-05-30 00:40:00+00:00,Colorado Rockies,San Francisco Giants,0.425,0.425,0.42,0.4254,11.0,1.0,0.1,490
401815548,MLB,2026-05-30 01:40:00+00:00,Athletics,New York Yankees,0.435,0.445,0.43,0.4349,11.0,0.0,0.0,1307
401815549,MLB,2026-05-30 02:15:00+00:00,Los Angeles Dodgers,Philadelphia Phillies,0.515,0.515,0.51,0.5198,11.0,1.0,0.2,1508
401856949,WNBA,2026-05-30 17:00:00+00:00,Toronto Tempo,Seattle Storm,0.675,0.675,0.68,0.6679,11.0,1.0,0.3,138
401815554,MLB,2026-05-30 20:05:00+00:00,Pittsburgh Pirates,Minnesota Twins,0.575,0.575,0.57,0.5726,11.0,1.0,0.1,468
401815555,MLB,2026-05-30 20:05:00+00:00,Washington Nationals,San Diego Padres,0.4604,0.465,0.47,0.4618,11.0,1.0,0.1,676
401815556,MLB,2026-05-30 20:05:00+00:00,Baltimore Orioles,Toronto Blue Jays,0.465,0.465,0.47,0.4629,11.0,1.0,0.1,627
401815559,MLB,2026-05-30 20:05:00+00:00,Texas Rangers,Kansas City Royals,0.515,0.515,0.52,0.521,11.0,1.0,0.0,554
401815550,MLB,2026-05-30 20:10:00+00:00,Tampa Bay Rays,Los Angeles Angels,0.605,0.605,0.61,0.6038,11.0,0.0,0.0,989
401815552,MLB,2026-05-30 20:10:00+00:00,Cleveland Guardians,Boston Red Sox,0.535,0.525,0.54,0.5385,11.0,0.0,0.2,525
401815553,MLB,2026-05-30 20:10:00+00:00,New York Mets,Miami Marlins,0.545,0.535,0.55,0.5336,11.0,1.0,0.0,377
401815560,MLB,2026-05-30 20:10:00+00:00,Houston Astros,Milwaukee Brewers,0.485,0.485,0.48,0.486,11.0,1.0,0.1,439
401815557,MLB,2026-05-30 23:15:00+00:00,St. Louis Cardinals,Chicago Cubs,0.4505,0.455,0.44,0.4473,11.0,0.0,0.0,756
401815551,MLB,2026-05-30 23:15:00+00:00,Cincinnati Reds,Atlanta Braves,0.4604,0.455,0.46,0.4644,11.0,0.0,0.0,1530
401873203,NBA,2026-05-31 00:00:00+00:00,Oklahoma City Thunder,San Antonio Spurs,0.5707,0.565,0.55,0.5716,11.0,0.0,0.0,14853
401815561,MLB,2026-05-31 01:10:00+00:00,Colorado Rockies,San Francisco Giants,0.485,0.485,0.48,0.4856,11.0,1.0,0.4,560
401815563,MLB,2026-05-31 02:05:00+00:00,Athletics,New York Yankees,0.405,0.415,0.41,0.4141,11.0,1.0,0.1,1367
401815564,MLB,2026-05-31 02:10:00+00:00,Los Angeles Dodgers,Philadelphia Phillies,0.535,0.5377,0.54,0.5343,11.0,0.0,0.1,1206
401815571,MLB,2026-05-31 16:15:00+00:00,Baltimore Orioles,Toronto Blue Jays,0.555,0.555,0.56,0.5532,10.0,1.0,0.1,1351
401815569,MLB,2026-05-31 17:35:00+00:00,Pittsburgh Pirates,Minnesota Twins,0.599,0.605,0.59,0.603,11.0,1.0,0.0,780
401815570,MLB,2026-05-31 17:35:00+00:00,Washington Nationals,San Diego Padres,0.495,0.495,0.5,0.4917,11.0,1.0,0.3,999
401815568,MLB,2026-05-31 17:40:00+00:00,New York Mets,Miami Marlins,0.585,0.575,0.59,0.5833,11.0,1.0,0.2,609
401815567,MLB,2026-05-31 17:40:00+00:00,Cleveland Guardians,Boston Red Sox,0.5099,0.515,0.52,0.5148,11.0,0.0,0.2,656
401815565,MLB,2026-05-31 17:40:00+00:00,Tampa Bay Rays,Los Angeles Angels,0.655,0.655,0.65,0.6474,11.0,1.0,0.0,726
401815566,MLB,2026-05-31 17:40:00+00:00,Cincinnati Reds,Atlanta Braves,0.4604,0.465,0.46,0.4677,11.0,1.0,0.1,1454
401815575,MLB,2026-05-31 18:10:00+00:00,Houston Astros,Milwaukee Brewers,0.3614,0.365,0.36,0.3669,11.0,0.0,0.3,966
401815574,MLB,2026-05-31 18:35:00+00:00,Texas Rangers,Kansas City Royals,0.5099,0.505,0.52,0.5112,11.0,1.0,0.4,324
401815576,MLB,2026-05-31 19:10:00+00:00,Colorado Rockies,San Francisco Giants,0.495,0.495,0.49,0.4944,11.0,0.0,0.2,499
401815578,MLB,2026-05-31 20:05:00+00:00,Athletics,New York Yankees,0.375,0.385,0.38,0.3884,11.0,0.0,0.0,1014
401815579,MLB,2026-05-31 20:10:00+00:00,Los Angeles Dodgers,Philadelphia Phillies,0.6782,0.675,0.69,0.6796,11.0,1.0,0.2,1047
401815572,MLB,2026-05-31 23:20:00+00:00,St. Louis Cardinals,Chicago Cubs,0.5198,0.525,0.52,0.5227,11.0,1.0,0.0,3095
401815580,MLB,2026-06-01 22:40:00+00:00,Tampa Bay Rays,Detroit Tigers,0.599,0.595,0.6,0.5877,11.0,0.0,0.1,2058
401815581,MLB,2026-06-01 23:10:00+00:00,Cincinnati Reds,Kansas City Royals,0.5495,0.555,0.55,0.5433,11.0,0.0,0.2,1636
401815584,MLB,2026-06-01 23:40:00+00:00,Milwaukee Brewers,San Francisco Giants,0.599,0.595,0.6,0.5951,11.0,1.0,0.0,1639
401815585,MLB,2026-06-01 23:45:00+00:00,St. Louis Cardinals,Texas Rangers,0.465,0.455,0.47,0.459,11.0,0.0,0.1,1187
401856953,WNBA,2026-06-02 00:00:00+00:00,Dallas Wings,Seattle Storm,0.8465,0.855,0.84,0.8358,11.0,1.0,0.1,537
401815588,MLB,2026-06-02 01:40:00+00:00,Seattle Mariners,New York Mets,0.5396,0.545,0.54,0.5414,11.0,1.0,0.1,1306
401856954,WNBA,2026-06-02 02:00:00+00:00,Phoenix Mercury,Minnesota Lynx,0.425,0.435,0.43,0.4303,11.0,0.0,0.3,706
401815591,MLB,2026-06-02 22:40:00+00:00,Tampa Bay Rays,Detroit Tigers,0.565,0.565,0.57,0.5687,11.0,0.0,0.1,1584
401815594,MLB,2026-06-02 22:40:00+00:00,Philadelphia Phillies,San Diego Padres,0.5792,0.585,0.58,0.5805,11.0,1.0,0.2,1377
401815589,MLB,2026-06-02 22:45:00+00:00,Boston Red Sox,Baltimore Orioles,0.555,0.545,0.56,0.5545,11.0,0.0,0.1,836
401815590,MLB,2026-06-02 23:05:00+00:00,New York Yankees,Cleveland Guardians,0.645,0.635,0.65,0.6462,11.0,0.0,0.4,1181
401815592,MLB,2026-06-02 23:10:00+00:00,Cincinnati Reds,Kansas City Royals,0.535,0.525,0.54,0.5337,11.0,1.0,0.3,488
401815595,MLB,2026-06-02 23:15:00+00:00,Atlanta Braves,Toronto Blue Jays,0.5198,0.515,0.51,0.5197,11.0,1.0,0.0,1013
401856956,WNBA,2026-06-02 23:30:00+00:00,Washington Mystics,Chicago Sky,0.4604,0.465,0.47,0.4559,11.0,1.0,0.4,473
401815599,MLB,2026-06-02 23:40:00+00:00,Milwaukee Brewers,San Francisco Giants,0.695,0.695,0.69,0.697,11.0,1.0,0.5,964
401815600,MLB,2026-06-02 23:45:00+00:00,St. Louis Cardinals,Texas Rangers,0.495,0.495,0.5,0.4955,11.0,0.0,0.2,360
401815596,MLB,2026-06-03 00:05:00+00:00,Chicago Cubs,Athletics,0.535,0.535,0.54,0.5385,11.0,0.0,0.5,557
401815598,MLB,2026-06-03 00:10:00+00:00,Houston Astros,Pittsburgh Pirates,0.515,0.525,0.51,0.5136,11.0,0.0,0.2,519
401815603,MLB,2026-06-03 01:40:00+00:00,Seattle Mariners,New York Mets,0.575,0.575,0.58,0.5793,11.0,1.0,0.1,620
401856958,WNBA,2026-06-03 02:00:00+00:00,Los Angeles Sparks,Las Vegas Aces,0.2836,0.285,0.29,0.2913,11.0,0.0,0.5,370
401815606,MLB,2026-06-03 17:10:00+00:00,Tampa Bay Rays,Detroit Tigers,0.5693,0.565,0.56,0.565,8.0,0.0,0.0,768
401815618,MLB,2026-06-03 19:40:00+00:00,Seattle Mariners,New York Mets,0.5594,0.565,0.57,0.5642,11.0,0.0,0.1,809
401815609,MLB,2026-06-03 22:40:00+00:00,Philadelphia Phillies,San Diego Padres,0.675,0.665,0.66,0.6724,8.0,1.0,0.0,1152
401815604,MLB,2026-06-03 22:45:00+00:00,Boston Red Sox,Baltimore Orioles,0.5792,0.575,0.57,0.5779,8.0,1.0,0.0,744
401815605,MLB,2026-06-03 23:05:00+00:00,New York Yankees,Cleveland Guardians,0.555,0.555,0.55,0.5514,8.0,0.0,0.5,906
401815607,MLB,2026-06-03 23:10:00+00:00,Cincinnati Reds,Kansas City Royals,0.5891,0.585,0.59,0.5902,8.0,0.0,0.1,521
401815610,MLB,2026-06-03 23:15:00+00:00,Atlanta Braves,Toronto Blue Jays,0.575,0.575,0.58,0.5764,8.0,1.0,0.3,810
401856959,WNBA,2026-06-03 23:30:00+00:00,New York Liberty,Toronto Tempo,0.745,0.745,0.74,0.7449,8.0,1.0,0.6,236
401815614,MLB,2026-06-03 23:40:00+00:00,Milwaukee Brewers,San Francisco Giants,0.555,0.555,0.56,0.5509,8.0,0.0,0.3,781
401815615,MLB,2026-06-03 23:45:00+00:00,St. Louis Cardinals,Texas Rangers,0.5099,0.515,0.51,0.5157,8.0,1.0,0.5,502
401815611,MLB,2026-06-04 00:05:00+00:00,Chicago Cubs,Athletics,0.545,0.545,0.55,0.5536,10.0,0.0,0.0,559
401815613,MLB,2026-06-04 00:10:00+00:00,Houston Astros,Pittsburgh Pirates,0.4307,0.435,0.42,0.4361,10.0,1.0,0.3,551
401859963,NBA,2026-06-04 00:30:00+00:00,San Antonio Spurs,New York Knicks,0.635,0.635,0.64,0.6242,10.0,0.0,0.0,18449
401815616,MLB,2026-06-04 01:38:00+00:00,Los Angeles Angels,Colorado Rockies,0.565,0.565,0.57,0.569,11.0,1.0,0.3,465
401856960,WNBA,2026-06-04 02:00:00+00:00,Seattle Storm,Phoenix Mercury,0.302,0.295,0.3,0.2957,11.0,0.0,2.6,187
401815621,MLB,2026-06-04 17:05:00+00:00,Philadelphia Phillies,San Diego Padres,0.6584,0.665,0.67,0.6553,11.0,1.0,0.0,1316
401815619,MLB,2026-06-04 17:35:00+00:00,Boston Red Sox,Baltimore Orioles,0.5198,0.525,0.53,0.5217,11.0,0.0,0.1,956
401815620,MLB,2026-06-04 17:35:00+00:00,New York Yankees,Cleveland Guardians,0.599,0.595,0.6,0.6012,11.0,1.0,0.0,1065
401815626,MLB,2026-06-04 18:10:00+00:00,Milwaukee Brewers,San Francisco Giants,0.6386,0.635,0.64,0.6325,11.0,0.0,0.1,682
401856961,WNBA,2026-06-04 23:00:00+00:00,Indiana Fever,Atlanta Dream,0.5,0.495,0.51,0.5023,11.0,1.0,0.3,989
401815622,MLB,2026-06-04 23:15:00+00:00,Atlanta Braves,Toronto Blue Jays,0.698,0.695,0.69,0.6948,11.0,0.0,0.0,1986
401815624,MLB,2026-06-04 23:40:00+00:00,Minnesota Twins,Kansas City Royals,0.485,0.485,0.48,0.4871,11.0,0.0,0.1,986
401815623,MLB,2026-06-05 00:05:00+00:00,Chicago Cubs,Athletics,0.575,0.575,0.57,0.5653,11.0,1.0,0.0,1400
401815625,MLB,2026-06-05 00:10:00+00:00,Houston Astros,Pittsburgh Pirates,0.5099,0.505,0.5,0.5081,11.0,0.0,0.0,1007
401815638,MLB,2026-06-05 18:20:00+00:00,Chicago Cubs,San Francisco Giants,0.615,0.605,0.61,0.6215,11.0,0.0,0.3,1485
401815632,MLB,2026-06-05 22:40:00+00:00,Detroit Tigers,Seattle Mariners,0.4703,0.475,0.46,0.4708,11.0,1.0,0.1,1368
401815629,MLB,2026-06-05 23:05:00+00:00,New York Yankees,Boston Red Sox,0.565,0.565,0.56,0.5637,11.0,0.0,0.0,1265
401815628,MLB,2026-06-05 23:07:00+00:00,Toronto Blue Jays,Baltimore Orioles,0.565,0.565,0.56,0.567,11.0,0.0,0.2,528
401815633,MLB,2026-06-05 23:10:00+00:00,Miami Marlins,Tampa Bay Rays,0.4505,0.455,0.45,0.4554,11.0,0.0,0.2,604
401815631,MLB,2026-06-05 23:15:00+00:00,Atlanta Braves,Pittsburgh Pirates,0.575,0.575,0.58,0.5765,11.0,1.0,0.1,756
401815634,MLB,2026-06-06 00:10:00+00:00,Houston Astros,Athletics,0.5,0.495,0.49,0.5021,11.0,1.0,0.1,496
401815637,MLB,2026-06-06 00:15:00+00:00,Minnesota Twins,Kansas City Royals,0.515,0.515,0.51,0.5134,11.0,1.0,0.3,295
401815635,MLB,2026-06-06 00:15:00+00:00,St. Louis Cardinals,Cincinnati Reds,0.565,0.565,0.57,0.5644,11.0,1.0,0.3,332
401815636,MLB,2026-06-06 00:15:00+00:00,Texas Rangers,Cleveland Guardians,0.455,0.465,0.45,0.4632,11.0,1.0,0.3,601
401859964,NBA,2026-06-06 00:30:00+00:00,San Antonio Spurs,New York Knicks,0.685,0.675,0.68,0.6786,11.0,0.0,0.0,23961
401815639,MLB,2026-06-06 00:40:00+00:00,Colorado Rockies,Milwaukee Brewers,0.405,0.415,0.41,0.4128,11.0,0.0,0.4,544
401815641,MLB,2026-06-06 01:40:00+00:00,San Diego Padres,New York Mets,0.545,0.545,0.54,0.5405,11.0,0.0,0.1,546
401856964,WNBA,2026-06-06 02:00:00+00:00,Los Angeles Sparks,Dallas Wings,0.445,0.455,0.44,0.4548,11.0,0.0,0.5,438
401815640,MLB,2026-06-06 02:10:00+00:00,Los Angeles Dodgers,Los Angeles Angels,0.645,0.635,0.64,0.6383,11.0,1.0,0.0,971
401856966,WNBA,2026-06-06 17:00:00+00:00,Minnesota Lynx,Seattle Storm,0.885,0.885,0.88,0.868,11.0,1.0,0.2,413
401815647,MLB,2026-06-06 17:10:00+00:00,Detroit Tigers,Seattle Mariners,0.4604,0.465,0.47,0.4628,11.0,0.0,0.2,1754
401815652,MLB,2026-06-06 18:10:00+00:00,Minnesota Twins,Kansas City Royals,0.575,0.575,0.58,0.5668,11.0,0.0,0.2,861
401815650,MLB,2026-06-06 18:15:00+00:00,St. Louis Cardinals,Cincinnati Reds,0.535,0.535,0.54,0.5369,11.0,1.0,0.1,558
401815653,MLB,2026-06-06 18:20:00+00:00,Chicago Cubs,San Francisco Giants,0.585,0.575,0.58,0.5806,11.0,1.0,0.0,1020
401815643,MLB,2026-06-06 19:07:00+00:00,Toronto Blue Jays,Baltimore Orioles,0.515,0.515,0.52,0.5141,11.0,1.0,0.1,585
401815646,MLB,2026-06-06 20:10:00+00:00,Atlanta Braves,Pittsburgh Pirates,0.5099,0.505,0.52,0.5103,11.0,1.0,0.1,820
401815648,MLB,2026-06-06 20:10:00+00:00,Miami Marlins,Tampa Bay Rays,0.455,0.455,0.46,0.4561,11.0,1.0,0.0,744
401815649,MLB,2026-06-06 20:10:00+00:00,Houston Astros,Athletics,0.5396,0.545,0.54,0.538,11.0,1.0,0.4,452
401856968,WNBA,2026-06-06 22:00:00+00:00,Atlanta Dream,Washington Mystics,0.7673,0.775,0.76,0.7752,11.0,1.0,0.0,548
401815651,MLB,2026-06-06 23:35:00+00:00,Texas Rangers,Cleveland Guardians,0.535,0.525,0.52,0.5318,11.0,0.0,0.0,1251
401856969,WNBA,2026-06-07 00:00:00+00:00,New York Liberty,Indiana Fever,0.5792,0.575,0.57,0.5743,11.0,1.0,0.1,836
401815654,MLB,2026-06-07 01:10:00+00:00,Colorado Rockies,Milwaukee Brewers,0.2723,0.265,0.26,0.2775,11.0,0.0,0.0,1075
401815656,MLB,2026-06-07 02:10:00+00:00,San Diego Padres,New York Mets,0.465,0.465,0.46,0.4683,11.0,1.0,0.0,1512
401815655,MLB,2026-06-07 02:10:00+00:00,Los Angeles Dodgers,Los Angeles Angels,0.7574,0.755,0.76,0.7518,11.0,1.0,0.0,1206
401815659,MLB,2026-06-07 17:35:00+00:00,New York Yankees,Boston Red Sox,0.565,0.565,0.57,0.5765,10.0,1.0,0.1,1836
401815661,MLB,2026-06-07 17:35:00+00:00,Atlanta Braves,Pittsburgh Pirates,0.575,0.575,0.57,0.5806,10.0,1.0,0.0,1520
401815658,MLB,2026-06-07 17:37:00+00:00,Toronto Blue Jays,Baltimore Orioles,0.555,0.545,0.56,0.5551,10.0,1.0,0.0,552
401815662,MLB,2026-06-07 17:40:00+00:00,Detroit Tigers,Seattle Mariners,0.535,0.525,0.52,0.5187,10.0,1.0,0.3,687
401815663,MLB,2026-06-07 17:40:00+00:00,Miami Marlins,Tampa Bay Rays,0.495,0.495,0.5,0.4961,10.0,1.0,0.4,426
401815664,MLB,2026-06-07 18:10:00+00:00,Houston Astros,Athletics,0.505,0.505,0.51,0.503,11.0,0.0,0.0,608
401815667,MLB,2026-06-07 18:10:00+00:00,Minnesota Twins,Kansas City Royals,0.4802,0.475,0.48,0.4751,11.0,0.0,0.8,419
401815665,MLB,2026-06-07 18:15:00+00:00,St. Louis Cardinals,Cincinnati Reds,0.575,0.575,0.57,0.5782,11.0,1.0,0.9,412
401815666,MLB,2026-06-07 18:35:00+00:00,Texas Rangers,Cleveland Guardians,0.565,0.565,0.56,0.5694,11.0,1.0,0.1,577
401856970,WNBA,2026-06-07 19:00:00+00:00,Toronto Tempo,Chicago Sky,0.625,0.625,0.61,0.6008,11.0,1.0,0.8,435
401815669,MLB,2026-06-07 19:10:00+00:00,Colorado Rockies,Milwaukee Brewers,0.375,0.375,0.37,0.3728,11.0,0.0,0.8,603
401815670,MLB,2026-06-07 20:10:00+00:00,Los Angeles Dodgers,Los Angeles Angels,0.695,0.695,0.7,0.6924,11.0,0.0,0.1,900
401815671,MLB,2026-06-07 20:10:00+00:00,San Diego Padres,New York Mets,0.4901,0.485,0.49,0.4964,11.0,0.0,0.0,620
401815668,MLB,2026-06-08 00:30:00+00:00,Chicago Cubs,San Francisco Giants,0.535,0.545,0.54,0.5359,11.0,0.0,0.0,3713
401815676,MLB,2026-06-08 22:35:00+00:00,Baltimore Orioles,Seattle Mariners,0.465,0.465,0.47,0.4666,11.0,0.0,0.1,1505
401815673,MLB,2026-06-08 22:40:00+00:00,Tampa Bay Rays,Boston Red Sox,0.495,0.495,0.5,0.4948,11.0,1.0,0.0,1100
401815674,MLB,2026-06-08 22:40:00+00:00,Cleveland Guardians,New York Yankees,0.535,0.535,0.53,0.5413,11.0,0.0,0.3,1540
401856973,WNBA,2026-06-08 23:00:00+00:00,Washington Mystics,Indiana Fever,0.3317,0.335,0.34,0.3314,11.0,0.0,0.1,409
401815675,MLB,2026-06-08 23:07:00+00:00,Toronto Blue Jays,Philadelphia Phillies,0.385,0.385,0.38,0.3794,11.0,0.0,0.7,1227
401859965,NBA,2026-06-09 00:30:00+00:00,New York Knicks,San Antonio Spurs,0.525,0.535,0.53,0.53,11.0,0.0,0.0,28220
401815678,MLB,2026-06-09 01:38:00+00:00,Los Angeles Angels,Houston Astros,0.455,0.465,0.46,0.457,11.0,0.0,0.1,1394
401815677,MLB,2026-06-09 01:40:00+00:00,San Diego Padres,Cincinnati Reds,0.565,0.565,0.56,0.5538,11.0,1.0,0.3,673
401815680,MLB,2026-06-09 01:45:00+00:00,San Francisco Giants,Washington Nationals,0.585,0.575,0.58,0.5774,11.0,0.0,0.0,827
401856974,WNBA,2026-06-09 02:00:00+00:00,Las Vegas Aces,Seattle Storm,0.896,0.895,0.89,0.8896,10.0,1.0,0.1,471
401815679,MLB,2026-06-09 02:05:00+00:00,Athletics,Milwaukee Brewers,0.415,0.425,0.42,0.4167,11.0,0.0,0.2,1393
401815687,MLB,2026-06-09 22:35:00+00:00,Baltimore Orioles,Seattle Mariners,0.4703,0.475,0.47,0.4709,11.0,0.0,0.0,1754
401815682,MLB,2026-06-09 22:40:00+00:00,Tampa Bay Rays,Boston Red Sox,0.475,0.465,0.48,0.4745,11.0,1.0,0.0,1119
401815683,MLB,2026-06-09 22:40:00+00:00,Pittsburgh Pirates,Los Angeles Dodgers,0.515,0.525,0.52,0.5191,11.0,0.0,0.2,1990
401815684,MLB,2026-06-09 22:40:00+00:00,Detroit Tigers,Minnesota Twins,0.545,0.545,0.55,0.5405,11.0,1.0,1.4,604
401815685,MLB,2026-06-09 22:40:00+00:00,Cleveland Guardians,New York Yankees,0.475,0.465,0.47,0.4749,11.0,0.0,0.1,1295
401856975,WNBA,2026-06-09 23:00:00+00:00,Chicago Sky,Atlanta Dream,0.2228,0.215,0.23,0.2304,11.0,0.0,0.4,443
401815686,MLB,2026-06-09 23:07:00+00:00,Toronto Blue Jays,Philadelphia Phillies,0.495,0.495,0.49,0.4996,11.0,1.0,0.1,975
401815688,MLB,2026-06-09 23:10:00+00:00,New York Mets,St. Louis Cardinals,0.545,0.545,0.54,0.545,11.0,0.0,0.0,996
401815690,MLB,2026-06-09 23:40:00+00:00,Kansas City Royals,Texas Rangers,0.465,0.465,0.47,0.4642,11.0,1.0,0.9,411
401856976,WNBA,2026-06-10 00:00:00+00:00,Minnesota Lynx,Dallas Wings,0.6287,0.615,0.62,0.6244,10.0,1.0,0.1,407
401815691,MLB,2026-06-10 00:40:00+00:00,Colorado Rockies,Chicago Cubs,0.401,0.405,0.41,0.4063,11.0,1.0,0.1,762
401815693,MLB,2026-06-10 01:38:00+00:00,Los Angeles Angels,Houston Astros,0.465,0.465,0.46,0.4676,11.0,1.0,0.0,527
401815692,MLB,2026-06-10 01:40:00+00:00,San Diego Padres,Cincinnati Reds,0.455,0.455,0.46,0.4481,11.0,0.0,0.0,1022
401815695,MLB,2026-06-10 01:45:00+00:00,San Francisco Giants,Washington Nationals,0.495,0.495,0.5,0.5014,11.0,0.0,0.0,658
401815694,MLB,2026-06-10 02:05:00+00:00,Athletics,Milwaukee Brewers,0.485,0.485,0.49,0.5008,11.0,1.0,0.0,936
401815700,MLB,2026-06-10 17:10:00+00:00,Cleveland Guardians,New York Yankees,0.525,0.515,0.51,0.52,11.0,0.0,0.0,1678
401815697,MLB,2026-06-10 17:10:00+00:00,Tampa Bay Rays,Boston Red Sox,0.595,0.595,0.59,0.5954,11.0,1.0,0.1,1208
401815710,MLB,2026-06-10 19:45:00+00:00,San Francisco Giants,Washington Nationals,0.505,0.505,0.49,0.5067,11.0,1.0,0.1,1285
401815707,MLB,2026-06-10 20:10:00+00:00,San Diego Padres,Cincinnati Reds,0.595,0.595,0.6,0.596,11.0,1.0,0.3,909
401815702,MLB,2026-06-10 22:35:00+00:00,Baltimore Orioles,Seattle Mariners,0.495,0.495,0.49,0.4919,11.0,1.0,0.3,976
401815698,MLB,2026-06-10 22:40:00+00:00,Pittsburgh Pirates,Los Angeles Dodgers,0.345,0.345,0.34,0.3523,11.0,1.0,0.0,1378
401815699,MLB,2026-06-10 22:40:00+00:00,Detroit Tigers,Minnesota Twins,0.605,0.615,0.61,0.6098,11.0,0.0,1.4,499
401815701,MLB,2026-06-10 23:07:00+00:00,Toronto Blue Jays,Philadelphia Phillies,0.445,0.445,0.45,0.4476,11.0,0.0,0.2,730
401815703,MLB,2026-06-10 23:10:00+00:00,New York Mets,St. Louis Cardinals,0.555,0.555,0.54,0.5524,11.0,0.0,0.8,624
401815705,MLB,2026-06-10 23:40:00+00:00,Kansas City Royals,Texas Rangers,0.475,0.475,0.47,0.4812,11.0,0.0,0.0,389
401859966,NBA,2026-06-11 00:30:00+00:00,New York Knicks,San Antonio Spurs,0.5396,0.545,0.54,0.5512,11.0,1.0,0.0,23942
401815706,MLB,2026-06-11 00:40:00+00:00,Colorado Rockies,Chicago Cubs,0.375,0.375,0.37,0.3913,11.0,1.0,0.0,605
401815709,MLB,2026-06-11 01:05:00+00:00,Athletics,Milwaukee Brewers,0.505,0.505,0.51,0.5022,11.0,1.0,0.0,621
401815708,MLB,2026-06-11 01:38:00+00:00,Los Angeles Angels,Houston Astros,0.525,0.525,0.53,0.5281,11.0,1.0,0.1,691
401856979,WNBA,2026-06-11 02:00:00+00:00,Seattle Storm,Los Angeles Sparks,0.27,0.275,0.28,0.2749,11.0,0.0,0.3,265
401815713,MLB,2026-06-11 17:10:00+00:00,Detroit Tigers,Minnesota Twins,0.5396,0.545,0.55,0.5408,11.0,1.0,0.1,696
401815715,MLB,2026-06-11 17:10:00+00:00,New York Mets,St. Louis Cardinals,0.575,0.585,0.57,0.5749,11.0,1.0,0.0,1408
401815717,MLB,2026-06-11 18:10:00+00:00,Kansas City Royals,Texas Rangers,0.515,0.515,0.51,0.5175,11.0,0.0,0.1,660
401815718,MLB,2026-06-11 19:10:00+00:00,Colorado Rockies,Chicago Cubs,0.4208,0.415,0.41,0.4108,11.0,0.0,46.2,512
401815712,MLB,2026-06-11 22:40:00+00:00,Pittsburgh Pirates,Los Angeles Dodgers,0.375,0.375,0.38,0.3881,11.0,0.0,8.9,1304
401856980,WNBA,2026-06-11 23:00:00+00:00,Indiana Fever,Chicago Sky,0.797,0.805,0.8,0.7852,11.0,1.0,89.9,207
401815714,MLB,2026-06-11 23:00:00+00:00,Baltimore Orioles,Seattle Mariners,0.4901,0.495,0.49,0.4894,11.0,1.0,6.4,576
401856982,WNBA,2026-06-12 01:00:00+00:00,Dallas Wings,Phoenix Mercury,0.698,0.705,0.7,0.7001,11.0,1.0,0.0,246
401815725,MLB,2026-06-12 22:45:00+00:00,Washington Nationals,Seattle Mariners,0.425,0.425,0.43,0.4313,11.0,0.0,0.1,1047
401815724,MLB,2026-06-12 23:05:00+00:00,Baltimore Orioles,San Diego Padres,0.545,0.545,0.54,0.5417,11.0,1.0,0.1,965
401815721,MLB,2026-06-12 23:10:00+00:00,Cleveland Guardians,Detroit Tigers,0.535,0.535,0.54,0.5308,11.0,1.0,0.4,721
401815726,MLB,2026-06-12 23:10:00+00:00,Boston Red Sox,Texas Rangers,0.5495,0.545,0.54,0.5477,11.0,1.0,0.1,762
401815720,MLB,2026-06-12 23:15:00+00:00,New York Mets,Atlanta Braves,0.535,0.535,0.54,0.5367,11.0,1.0,0.1,1570
401856984,WNBA,2026-06-12 23:30:00+00:00,Washington Mystics,Toronto Tempo,0.4926,0.5,0.49,0.5104,11.0,1.0,0.1,511
401815723,MLB,2026-06-12 23:37:00+00:00,Toronto Blue Jays,New York Yankees,0.525,0.525,0.52,0.5259,11.0,1.0,0.2,1041
401815729,MLB,2026-06-12 23:40:00+00:00,Milwaukee Brewers,Philadelphia Phillies,0.6881,0.695,0.69,0.6851,11.0,1.0,0.0,944
401815730,MLB,2026-06-13 00:10:00+00:00,Minnesota Twins,St. Louis Cardinals,0.555,0.565,0.55,0.5518,11.0,1.0,0.1,484
401815727,MLB,2026-06-13 00:10:00+00:00,Kansas City Royals,Houston Astros,0.495,0.505,0.51,0.5017,11.0,0.0,0.1,372
401815733,MLB,2026-06-13 01:38:00+00:00,Los Angeles Angels,Tampa Bay Rays,0.395,0.395,0.41,0.4031,11.0,1.0,0.2,797
401815732,MLB,2026-06-13 02:05:00+00:00,Athletics,Colorado Rockies,0.665,0.665,0.66,0.6602,11.0,1.0,0.0,658
401815731,MLB,2026-06-13 02:15:00+00:00,San Francisco Giants,Chicago Cubs,0.5396,0.545,0.53,0.5367,11.0,0.0,0.1,949
401815745,MLB,2026-06-13 18:10:00+00:00,Minnesota Twins,St. Louis Cardinals,0.4901,0.495,0.5,0.4923,11.0,0.0,0.1,1513
401815738,MLB,2026-06-13 19:07:00+00:00,Toronto Blue Jays,New York Yankees,0.475,0.485,0.47,0.482,11.0,0.0,0.0,1932
401815737,MLB,2026-06-13 20:05:00+00:00,Pittsburgh Pirates,Miami Marlins,0.515,0.515,0.51,0.5088,11.0,1.0,0.7,805
401815739,MLB,2026-06-13 20:05:00+00:00,Baltimore Orioles,San Diego Padres,0.5323,0.525,0.53,0.5285,11.0,0.0,0.0,728
401815740,MLB,2026-06-13 20:05:00+00:00,Washington Nationals,Seattle Mariners,0.5198,0.515,0.52,0.519,11.0,1.0,0.0,739
401815741,MLB,2026-06-13 20:10:00+00:00,Boston Red Sox,Texas Rangers,0.535,0.535,0.53,0.5292,11.0,1.0,0.1,591
401815735,MLB,2026-06-13 20:10:00+00:00,New York Mets,Atlanta Braves,0.5099,0.515,0.52,0.5207,11.0,0.0,0.1,975
401815736,MLB,2026-06-13 20:10:00+00:00,Cleveland Guardians,Detroit Tigers,0.435,0.445,0.43,0.4392,11.0,1.0,0.0,630
401815742,MLB,2026-06-13 23:10:00+00:00,Kansas City Royals,Houston Astros,0.5495,0.555,0.55,0.5447,11.0,0.0,0.0,567
401815744,MLB,2026-06-13 23:10:00+00:00,Milwaukee Brewers,Philadelphia Phillies,0.599,0.605,0.6,0.5976,11.0,0.0,0.1,960
401856987,WNBA,2026-06-14 00:00:00+00:00,Las Vegas Aces,Minnesota Lynx,0.595,0.595,0.58,0.5898,11.0,1.0,0.4,336
401859967,NBA,2026-06-14 00:30:00+00:00,San Antonio Spurs,New York Knicks,0.6386,0.635,0.635,0.639,11.0,0.0,0.0,26838
401856989,WNBA,2026-06-14 02:00:00+00:00,Phoenix Mercury,Los Angeles Sparks,0.475,0.485,0.48,0.4763,11.0,0.0,0.3,231
401815746,MLB,2026-06-14 02:05:00+00:00,San Francisco Giants,Chicago Cubs,0.475,0.475,0.48,0.4783,11.0,0.0,0.2,1025
401815747,MLB,2026-06-14 02:05:00+00:00,Athletics,Colorado Rockies,0.585,0.575,0.58,0.5832,11.0,1.0,0.3,775
401815748,MLB,2026-06-14 02:07:00+00:00,Los Angeles Angels,Tampa Bay Rays,0.485,0.485,0.49,0.4838,11.0,1.0,0.7,686
401815754,MLB,2026-06-14 17:35:00+00:00,Baltimore Orioles,San Diego Padres,0.555,0.565,0.56,0.558,11.0,0.0,0.1,772
401815755,MLB,2026-06-14 17:35:00+00:00,Washington Nationals,Seattle Mariners,0.455,0.455,0.44,0.4541,11.0,1.0,0.1,1005
401815753,MLB,2026-06-14 17:37:00+00:00,Toronto Blue Jays,New York Yankees,0.455,0.455,0.45,0.4576,11.0,0.0,0.1,1190
401815750,MLB,2026-06-14 17:40:00+00:00,New York Mets,Atlanta Braves,0.545,0.555,0.55,0.5341,11.0,1.0,0.2,1306
401815757,MLB,2026-06-14 18:10:00+00:00,Kansas City Royals,Houston Astros,0.5198,0.525,0.52,0.521,11.0,1.0,0.0,579
401815759,MLB,2026-06-14 18:10:00+00:00,Milwaukee Brewers,Philadelphia Phillies,0.465,0.455,0.46,0.4582,11.0,1.0,0.3,650
401815760,MLB,2026-06-14 18:10:00+00:00,Minnesota Twins,St. Louis Cardinals,0.505,0.495,0.5,0.5051,11.0,1.0,0.2,522
401856990,WNBA,2026-06-14 19:00:00+00:00,New York Liberty,Washington Mystics,0.8564,0.855,0.85,0.8553,11.0,1.0,0.9,455
401856991,WNBA,2026-06-14 19:00:00+00:00,Toronto Tempo,Atlanta Dream,0.2935,0.285,0.28,0.2845,11.0,0.0,0.7,278
401815762,MLB,2026-06-14 19:05:00+00:00,Athletics,Colorado Rockies,0.645,0.645,0.64,0.6381,11.0,0.0,0.3,426
401815761,MLB,2026-06-14 19:10:00+00:00,San Francisco Giants,Chicago Cubs,0.5495,0.545,0.55,0.5492,11.0,1.0,0.0,677
401815763,MLB,2026-06-14 20:07:00+00:00,Los Angeles Angels,Tampa Bay Rays,0.465,0.475,0.47,0.4714,11.0,0.0,0.4,610
401815756,MLB,2026-06-14 23:20:00+00:00,Boston Red Sox,Texas Rangers,0.5198,0.505,0.52,0.5153,11.0,0.0,0.0,1763
401815765,MLB,2026-06-15 22:40:00+00:00,Philadelphia Phillies,Miami Marlins,0.645,0.645,0.65,0.6357,11.0,1.0,0.1,2796
401815764,MLB,2026-06-15 22:45:00+00:00,Washington Nationals,Kansas City Royals,0.555,0.555,0.55,0.5514,11.0,1.0,0.2,1899
401815766,MLB,2026-06-15 23:10:00+00:00,Cincinnati Reds,New York Mets,0.555,0.555,0.56,0.5541,11.0,1.0,0.0,1962
401815770,MLB,2026-06-15 23:45:00+00:00,St. Louis Cardinals,San Diego Padres,0.5891,0.585,0.59,0.5955,11.0,1.0,0.0,1398
401856992,WNBA,2026-06-16 00:00:00+00:00,Dallas Wings,Las Vegas Aces,0.405,0.415,0.4,0.4025,11.0,1.0,0.2,966
401815769,MLB,2026-06-16 00:05:00+00:00,Texas Rangers,Minnesota Twins,0.585,0.575,0.58,0.576,11.0,0.0,0.2,690
401815767,MLB,2026-06-16 00:05:00+00:00,Chicago Cubs,Colorado Rockies,0.665,0.665,0.67,0.6676,11.0,1.0,0.1,1172
401815768,MLB,2026-06-16 00:10:00+00:00,Houston Astros,Detroit Tigers,0.525,0.525,0.52,0.5287,11.0,0.0,0.2,1094
401815772,MLB,2026-06-16 01:40:00+00:00,Athletics,Pittsburgh Pirates,0.5396,0.535,0.53,0.5333,11.0,1.0,60.9,884
401815773,MLB,2026-06-16 02:00:00+00:00,Los Angeles Dodgers,Tampa Bay Rays,0.625,0.625,0.62,0.6246,11.0,1.0,90.8,1571
401815776,MLB,2026-06-16 22:40:00+00:00,Philadelphia Phillies,Miami Marlins,0.615,0.625,0.61,0.615,11.0,1.0,0.0,2011
401815775,MLB,2026-06-16 22:45:00+00:00,Washington Nationals,Kansas City Royals,0.565,0.565,0.56,0.553,11.0,1.0,0.0,1760
401815779,MLB,2026-06-16 22:45:00+00:00,Boston Red Sox,Toronto Blue Jays,0.475,0.485,0.47,0.4772,11.0,0.0,0.0,1371
401856995,WNBA,2026-06-16 23:00:00+00:00,Indiana Fever,Toronto Tempo,0.7772,0.775,0.79,0.7706,11.0,1.0,0.1,748
401815777,MLB,2026-06-16 23:10:00+00:00,Cincinnati Reds,New York Mets,0.475,0.485,0.49,0.484,11.0,1.0,0.1,1224
401815780,MLB,2026-06-16 23:40:00+00:00,Milwaukee Brewers,Cleveland Guardians,0.585,0.585,0.59,0.582,11.0,1.0,0.1,806
401815784,MLB,2026-06-16 23:45:00+00:00,St. Louis Cardinals,San Diego Padres,0.5198,0.525,0.51,0.5179,11.0,1.0,0.1,998
401815781,MLB,2026-06-17 00:05:00+00:00,Chicago Cubs,Colorado Rockies,0.6584,0.665,0.66,0.6502,11.0,0.0,0.1,768
401815783,MLB,2026-06-17 00:05:00+00:00,Texas Rangers,Minnesota Twins,0.545,0.545,0.55,0.5418,11.0,0.0,0.0,574
401815782,MLB,2026-06-17 00:10:00+00:00,Houston Astros,Detroit Tigers,0.605,0.595,0.61,0.6076,11.0,1.0,0.1,925
401815786,MLB,2026-06-17 01:40:00+00:00,Seattle Mariners,Baltimore Orioles,0.575,0.575,0.57,0.5748,11.0,1.0,0.1,861
401815787,MLB,2026-06-17 01:40:00+00:00,Athletics,Pittsburgh Pirates,0.5693,0.575,0.57,0.5677,11.0,0.0,0.1,848
401815788,MLB,2026-06-17 02:10:00+00:00,Los Angeles Dodgers,Tampa Bay Rays,0.5693,0.565,0.57,0.5644,11.0,1.0,0.0,1574
401815792,MLB,2026-06-17 16:40:00+00:00,Cincinnati Reds,New York Mets,0.4406,0.445,0.45,0.451,11.0,0.0,0.0,1551
401815790,MLB,2026-06-17 17:05:00+00:00,Washington Nationals,Kansas City Royals,0.5495,0.545,0.56,0.5451,11.0,0.0,0.1,1072
401815797,MLB,2026-06-17 18:10:00+00:00,Houston Astros,Detroit Tigers,0.505,0.505,0.49,0.5024,11.0,1.0,0.2,803
401815798,MLB,2026-06-17 18:15:00+00:00,St. Louis Cardinals,San Diego Padres,0.535,0.535,0.55,0.5399,11.0,0.0,0.2,775
401815802,MLB,2026-06-17 19:10:00+00:00,Los Angeles Dodgers,Tampa Bay Rays,0.5891,0.585,0.6,0.5859,11.0,1.0,0.0,1737
401815794,MLB,2026-06-17 22:45:00+00:00,Boston Red Sox,Toronto Blue Jays,0.5245,0.515,0.52,0.5289,11.0,0.0,0.1,2560
401815793,MLB,2026-06-17 23:15:00+00:00,Atlanta Braves,San Francisco Giants,0.565,0.565,0.57,0.5586,11.0,0.0,0.2,1675
401815795,MLB,2026-06-17 23:40:00+00:00,Milwaukee Brewers,Cleveland Guardians,0.535,0.535,0.54,0.5361,11.0,1.0,0.1,1424
401815796,MLB,2026-06-18 00:05:00+00:00,Chicago Cubs,Colorado Rockies,0.655,0.655,0.66,0.6482,11.0,1.0,0.1,1130
401815800,MLB,2026-06-18 01:40:00+00:00,Seattle Mariners,Baltimore Orioles,0.545,0.535,0.54,0.548,11.0,0.0,0.0,1804
401815801,MLB,2026-06-18 01:40:00+00:00,Athletics,Pittsburgh Pirates,0.445,0.445,0.44,0.4477,11.0,0.0,0.1,1617
401856999,WNBA,2026-06-18 02:00:00+00:00,Los Angeles Sparks,Minnesota Lynx,0.195,0.205,0.2,0.1894,11.0,0.0,0.1,528
401857000,WNBA,2026-06-18 02:00:00+00:00,Phoenix Mercury,Las Vegas Aces,0.285,0.285,0.28,0.2938,11.0,0.0,0.3,315
401815806,MLB,2026-06-18 17:35:00+00:00,Boston Red Sox,Toronto Blue Jays,0.5594,0.565,0.57,0.5573,11.0,0.0,0.0,2670
401815807,MLB,2026-06-18 18:10:00+00:00,Milwaukee Brewers,Cleveland Guardians,0.575,0.565,0.57,0.5742,11.0,0.0,0.0,1845
401815808,MLB,2026-06-18 18:35:00+00:00,Texas Rangers,Minnesota Twins,0.465,0.475,0.47,0.4701,11.0,0.0,0.1,1282
401815811,MLB,2026-06-18 20:10:00+00:00,Seattle Mariners,Baltimore Orioles,0.535,0.545,0.55,0.5489,11.0,1.0,0.0,1231
401815804,MLB,2026-06-18 22:40:00+00:00,Philadelphia Phillies,New York Mets,0.535,0.525,0.53,0.5274,11.0,0.0,0.0,2784
401857002,WNBA,2026-06-18 23:30:00+00:00,Indiana Fever,Atlanta Dream,0.4826,0.485,0.49,0.4801,11.0,0.0,0.1,1491
401815809,MLB,2026-06-18 23:40:00+00:00,Kansas City Royals,St. Louis Cardinals,0.515,0.515,0.52,0.51,11.0,1.0,0.1,1404
401815810,MLB,2026-06-19 01:40:00+00:00,Athletics,Los Angeles Angels,0.6324,0.635,0.64,0.6114,11.0,1.0,0.0,1820
401815820,MLB,2026-06-19 18:20:00+00:00,Chicago Cubs,Toronto Blue Jays,0.535,0.535,0.53,0.5294,11.0,1.0,0.0,2491
401815813,MLB,2026-06-19 23:05:00+00:00,New York Yankees,Cincinnati Reds,0.7178,0.725,0.72,0.7083,11.0,1.0,0.1,1788
401815816,MLB,2026-06-19 23:10:00+00:00,Tampa Bay Rays,Washington Nationals,0.595,0.595,0.59,0.5892,11.0,1.0,0.3,1240
401815815,MLB,2026-06-19 23:10:00+00:00,Miami Marlins,San Francisco Giants,0.5099,0.505,0.51,0.5098,11.0,1.0,0.0,1267
401815814,MLB,2026-06-19 23:15:00+00:00,Atlanta Braves,Milwaukee Brewers,0.385,0.385,0.39,0.3885,11.0,1.0,0.1,1773
401857004,WNBA,2026-06-19 23:30:00+00:00,New York Liberty,Washington Mystics,0.8663,0.865,0.86,0.8487,11.0,0.0,0.5,478
401815818,MLB,2026-06-20 00:05:00+00:00,Texas Rangers,San Diego Padres,0.595,0.585,0.6,0.5916,11.0,1.0,0.0,862
401815817,MLB,2026-06-20 00:10:00+00:00,Houston Astros,Cleveland Guardians,0.5396,0.525,0.54,0.536,11.0,1.0,0.0,958
401815819,MLB,2026-06-20 00:15:00+00:00,Kansas City Royals,St. Louis Cardinals,0.465,0.475,0.47,0.4755,11.0,1.0,0.2,884
401815821,MLB,2026-06-20 00:40:00+00:00,Colorado Rockies,Pittsburgh Pirates,0.435,0.435,0.44,0.4362,11.0,1.0,0.0,1281
401815822,MLB,2026-06-20 01:40:00+00:00,Athletics,Los Angeles Angels,0.575,0.575,0.58,0.5815,11.0,1.0,0.0,984
401815823,MLB,2026-06-20 02:10:00+00:00,Los Angeles Dodgers,Baltimore Orioles,0.665,0.655,0.67,0.6501,11.0,1.0,0.0,1773
401815837,MLB,2026-06-20 02:10:00+00:00,Seattle Mariners,Boston Red Sox,0.5198,0.515,0.52,0.513,11.0,0.0,0.1,1113
401857006,WNBA,2026-06-20 17:00:00+00:00,Atlanta Dream,Indiana Fever,0.615,0.625,0.61,0.6249,11.0,1.0,0.1,815
401815826,MLB,2026-06-20 17:35:00+00:00,New York Yankees,Cincinnati Reds,0.655,0.655,0.65,0.6454,11.0,0.0,0.1,1856
401815833,MLB,2026-06-20 18:20:00+00:00,Chicago Cubs,Toronto Blue Jays,0.555,0.555,0.55,0.549,11.0,0.0,0.1,1192
401857007,WNBA,2026-06-20 19:07:00+00:00,Phoenix Mercury,Seattle Storm,0.6734,0.705,0.7,0.689,11.0,1.0,0.1,303
401815832,MLB,2026-06-20 20:05:00+00:00,Texas Rangers,San Diego Padres,0.5396,0.535,0.535,0.5358,11.0,0.0,0.1,1311
401815827,MLB,2026-06-20 20:10:00+00:00,Atlanta Braves,Milwaukee Brewers,0.555,0.555,0.555,0.5586,11.0,1.0,0.0,1071
401815829,MLB,2026-06-20 20:10:00+00:00,Miami Marlins,San Francisco Giants,0.575,0.575,0.57,0.5695,11.0,1.0,0.1,1209
401815830,MLB,2026-06-20 20:10:00+00:00,Tampa Bay Rays,Washington Nationals,0.525,0.525,0.525,0.531,11.0,0.0,0.1,798
401815828,MLB,2026-06-20 23:15:00+00:00,Philadelphia Phillies,New York Mets,0.645,0.655,0.645,0.6349,11.0,1.0,0.0,1633
401815831,MLB,2026-06-20 23:15:00+00:00,Houston Astros,Cleveland Guardians,0.5891,0.585,0.58,0.5807,11.0,0.0,0.0,1406
401857008,WNBA,2026-06-21 00:00:00+00:00,Dallas Wings,Chicago Sky,0.797,0.775,0.79,0.7983,11.0,1.0,0.4,656
401815834,MLB,2026-06-21 01:10:00+00:00,Colorado Rockies,Pittsburgh Pirates,0.335,0.335,0.33,0.3372,11.0,1.0,0.1,1540
401815835,MLB,2026-06-21 02:05:00+00:00,Athletics,Los Angeles Angels,0.595,0.595,0.6,0.59,11.0,0.0,0.1,1081
401814478,MLB,2026-06-21 02:10:00+00:00,Seattle Mariners,Boston Red Sox,0.535,0.515,0.54,0.5375,11.0,0.0,0.0,1347
401815836,MLB,2026-06-21 02:10:00+00:00,Los Angeles Dodgers,Baltimore Orioles,0.715,0.705,0.72,0.7036,11.0,0.0,0.0,1742
401815840,MLB,2026-06-21 17:35:00+00:00,New York Yankees,Cincinnati Reds,0.5099,0.515,0.51,0.5119,11.0,0.0,0.0,2325
401815841,MLB,2026-06-21 17:35:00+00:00,Atlanta Braves,Milwaukee Brewers,0.5198,0.515,0.515,0.5165,11.0,0.0,0.0,1824
401815843,MLB,2026-06-21 17:40:00+00:00,Miami Marlins,San Francisco Giants,0.4307,0.435,0.43,0.4332,11.0,1.0,0.0,977
401815844,MLB,2026-06-21 17:40:00+00:00,Tampa Bay Rays,Washington Nationals,0.5495,0.535,0.555,0.547,11.0,1.0,0.1,806
401815845,MLB,2026-06-21 18:10:00+00:00,Houston Astros,Cleveland Guardians,0.545,0.555,0.555,0.5464,11.0,1.0,0.3,526
401815847,MLB,2026-06-21 18:10:00+00:00,Kansas City Royals,St. Louis Cardinals,0.4604,0.465,0.455,0.4599,11.0,0.0,0.1,664
401815846,MLB,2026-06-21 18:35:00+00:00,Texas Rangers,San Diego Padres,0.599,0.595,0.595,0.5965,11.0,1.0,0.3,591
401815849,MLB,2026-06-21 19:10:00+00:00,Colorado Rockies,Pittsburgh Pirates,0.425,0.425,0.425,0.4277,11.0,0.0,0.2,500
401815850,MLB,2026-06-21 20:05:00+00:00,Athletics,Los Angeles Angels,0.555,0.545,0.55,0.5469,11.0,0.0,0.1,646
401815851,MLB,2026-06-21 20:10:00+00:00,Los Angeles Dodgers,Baltimore Orioles,0.685,0.675,0.685,0.6729,11.0,0.0,0.1,930
401815852,MLB,2026-06-21 20:10:00+00:00,Seattle Mariners,Boston Red Sox,0.5396,0.535,0.54,0.5403,11.0,1.0,0.1,786
401857010,WNBA,2026-06-21 22:00:00+00:00,Minnesota Lynx,Washington Mystics,0.8663,0.865,0.86,0.8644,11.0,0.0,0.1,667
401815842,MLB,2026-06-21 23:20:00+00:00,Philadelphia Phillies,New York Mets,0.625,0.615,0.62,0.622,11.0,1.0,0.0,3172
401857011,WNBA,2026-06-22 00:00:00+00:00,Los Angeles Sparks,New York Liberty,0.305,0.315,0.32,0.3423,11.0,1.0,0.0,925
401815858,MLB,2026-06-22 22:10:00+00:00,Detroit Tigers,New York Yankees,0.465,0.475,0.46,0.4637,11.0,1.0,0.0,3646
401815860,MLB,2026-06-22 22:40:00+00:00,Miami Marlins,Texas Rangers,0.555,0.545,0.555,0.5516,11.0,0.0,0.0,1510
401815856,MLB,2026-06-22 22:40:00+00:00,Tampa Bay Rays,Kansas City Royals,0.635,0.625,0.63,0.6263,11.0,0.0,0.1,1529
401815859,MLB,2026-06-22 22:45:00+00:00,Washington Nationals,Philadelphia Phillies,0.525,0.535,0.53,0.5335,11.0,1.0,0.0,1307
401815855,MLB,2026-06-22 23:07:00+00:00,Toronto Blue Jays,Houston Astros,0.5495,0.555,0.555,0.5445,11.0,1.0,0.1,918
401815857,MLB,2026-06-22 23:10:00+00:00,Cincinnati Reds,Milwaukee Brewers,0.415,0.425,0.415,0.4218,11.0,0.0,0.1,1226
401857013,WNBA,2026-06-22 23:30:00+00:00,Atlanta Dream,Toronto Tempo,0.885,0.885,0.88,0.884,11.0,1.0,0.0,880
401815863,MLB,2026-06-22 23:40:00+00:00,Minnesota Twins,Los Angeles Dodgers,0.415,0.425,0.415,0.418,11.0,0.0,0.0,1301
401857014,WNBA,2026-06-23 00:00:00+00:00,Indiana Fever,Phoenix Mercury,0.735,0.725,0.73,0.726,11.0,1.0,0.0,459
401815864,MLB,2026-06-23 00:40:00+00:00,Colorado Rockies,Boston Red Sox,0.445,0.445,0.445,0.439,11.0,1.0,0.0,543
401815866,MLB,2026-06-23 01:38:00+00:00,Los Angeles Angels,Baltimore Orioles,0.395,0.395,0.4,0.4054,11.0,0.0,0.1,781
401857015,WNBA,2026-06-23 02:00:00+00:00,Seattle Storm,Dallas Wings,0.215,0.215,0.22,0.2192,11.0,0.0,0.1,652
401815868,MLB,2026-06-23 20:07:00+00:00,Toronto Blue Jays,Houston Astros,0.535,0.535,0.525,0.5265,11.0,0.0,0.0,2304
401815869,MLB,2026-06-23 22:40:00+00:00,Tampa Bay Rays,Kansas City Royals,0.635,0.635,0.635,0.6277,11.0,0.0,0.3,1000
401815873,MLB,2026-06-23 22:40:00+00:00,Pittsburgh Pirates,Seattle Mariners,0.445,0.445,0.45,0.4535,11.0,0.0,0.3,1343
401815874,MLB,2026-06-23 22:40:00+00:00,Miami Marlins,Texas Rangers,0.605,0.595,0.6,0.5962,11.0,1.0,0.0,1178
401815867,MLB,2026-06-23 23:10:00+00:00,New York Mets,Chicago Cubs,0.485,0.495,0.49,0.4866,11.0,0.0,0.1,1073
401815870,MLB,2026-06-23 23:10:00+00:00,Cincinnati Reds,Milwaukee Brewers,0.505,0.505,0.505,0.505,11.0,0.0,0.8,1054
401815877,MLB,2026-06-23 23:40:00+00:00,Minnesota Twins,Los Angeles Dodgers,0.3812,0.385,0.38,0.382,11.0,0.0,0.2,1364
401815878,MLB,2026-06-24 00:40:00+00:00,Colorado Rockies,Boston Red Sox,0.405,0.405,0.4,0.4047,11.0,0.0,0.7,739
401815881,MLB,2026-06-24 01:38:00+00:00,Los Angeles Angels,Baltimore Orioles,0.435,0.435,0.435,0.4422,11.0,1.0,0.0,1346
401815880,MLB,2026-06-24 01:40:00+00:00,San Diego Padres,Atlanta Braves,0.5,0.505,0.5,0.497,11.0,1.0,0.1,1139
401815879,MLB,2026-06-24 01:45:00+00:00,San Francisco Giants,Athletics,0.565,0.585,0.575,0.5664,11.0,1.0,0.1,884
401857016,WNBA,2026-06-24 02:00:00+00:00,Las Vegas Aces,New York Liberty,0.5572,0.555,0.57,0.5581,11.0,0.0,0.0,1317
401815889,MLB,2026-06-24 16:10:00+00:00,Miami Marlins,Texas Rangers,0.4776,0.475,0.475,0.4696,11.0,1.0,0.1,1533
401815893,MLB,2026-06-24 19:10:00+00:00,Colorado Rockies,Boston Red Sox,0.401,0.395,0.39,0.3912,11.0,1.0,0.2,1153
401815896,MLB,2026-06-24 20:07:00+00:00,Los Angeles Angels,Baltimore Orioles,0.505,0.505,0.515,0.5133,11.0,1.0,0.0,1081
401815884,MLB,2026-06-24 22:40:00+00:00,Tampa Bay Rays,Kansas City Royals,0.575,0.575,0.58,0.5659,11.0,1.0,0.2,874
401815888,MLB,2026-06-24 22:40:00+00:00,Pittsburgh Pirates,Seattle Mariners,0.5075,0.505,0.51,0.511,11.0,1.0,0.3,1263
401815883,MLB,2026-06-24 23:07:00+00:00,Toronto Blue Jays,Houston Astros,0.565,0.565,0.565,0.5634,11.0,0.0,0.2,859
401815882,MLB,2026-06-24 23:10:00+00:00,New York Mets,Chicago Cubs,0.495,0.495,0.495,0.4928,11.0,0.0,0.1,1420
401815885,MLB,2026-06-24 23:10:00+00:00,Cincinnati Reds,Milwaukee Brewers,0.455,0.465,0.45,0.4546,11.0,0.0,0.1,1037
401857018,WNBA,2026-06-24 23:30:00+00:00,Washington Mystics,Minnesota Lynx,0.225,0.215,0.23,0.2265,11.0,0.0,0.1,550
401857017,WNBA,2026-06-24 23:30:00+00:00,Indiana Fever,Phoenix Mercury,0.7673,0.765,0.78,0.7665,11.0,0.0,0.1,801
401815892,MLB,2026-06-24 23:40:00+00:00,Minnesota Twins,Los Angeles Dodgers,0.401,0.405,0.395,0.4084,11.0,0.0,0.0,1950
401815895,MLB,2026-06-25 00:40:00+00:00,San Diego Padres,Atlanta Braves,0.4703,0.475,0.475,0.4835,11.0,1.0,3.4,1686
401815894,MLB,2026-06-25 01:45:00+00:00,San Francisco Giants,Athletics,0.4876,0.495,0.49,0.4875,11.0,1.0,0.1,1557
401815899,MLB,2026-06-25 16:10:00+00:00,Tampa Bay Rays,Kansas City Royals,0.5693,0.585,0.575,0.5715,11.0,1.0,0.0,2159
401815902,MLB,2026-06-25 16:35:00+00:00,Pittsburgh Pirates,Seattle Mariners,0.4208,0.425,0.42,0.4293,11.0,1.0,0.0,1985
401815905,MLB,2026-06-25 19:45:00+00:00,San Francisco Giants,Athletics,0.5495,0.545,0.55,0.5506,11.0,0.0,0.0,2697
401815898,MLB,2026-06-25 22:40:00+00:00,Detroit Tigers,Houston Astros,0.5297,0.535,0.535,0.5216,11.0,0.0,0.0,2070
401857021,WNBA,2026-06-25 23:00:00+00:00,Toronto Tempo,Los Angeles Sparks,0.495,0.485,0.49,0.4905,11.0,1.0,0.2,958
401815903,MLB,2026-06-25 23:07:00+00:00,Toronto Blue Jays,Texas Rangers,0.565,0.565,0.57,0.5648,11.0,0.0,0.0,1069
401815897,MLB,2026-06-25 23:10:00+00:00,New York Mets,Chicago Cubs,0.495,0.495,0.49,0.499,11.0,0.0,0.4,2008
401815900,MLB,2026-06-25 23:10:00+00:00,Boston Red Sox,New York Yankees,0.435,0.435,0.43,0.4277,11.0,1.0,0.0,3073
401857022,WNBA,2026-06-26 02:00:00+00:00,Las Vegas Aces,Dallas Wings,0.665,0.675,0.67,0.6792,11.0,1.0,0.1,1384
401857023,WNBA,2026-06-26 02:00:00+00:00,Seattle Storm,New York Liberty,0.2426,0.235,0.25,0.2423,11.0,1.0,0.0,1007
401815907,MLB,2026-06-26 22:40:00+00:00,Pittsburgh Pirates,Cincinnati Reds,0.615,0.625,0.615,0.6217,11.0,0.0,0.0,2135
401815908,MLB,2026-06-26 22:40:00+00:00,Detroit Tigers,Houston Astros,0.5,0.505,0.51,0.5079,11.0,1.0,0.0,2132
401815913,MLB,2026-06-26 23:05:00+00:00,Baltimore Orioles,Washington Nationals,0.555,0.555,0.555,0.5563,11.0,1.0,0.1,1285
401815912,MLB,2026-06-26 23:07:00+00:00,Toronto Blue Jays,Texas Rangers,0.515,0.515,0.51,0.5082,11.0,0.0,0.0,1009
401815910,MLB,2026-06-26 23:10:00+00:00,New York Mets,Philadelphia Phillies,0.395,0.415,0.4,0.4103,11.0,0.0,0.2,1807
401815911,MLB,2026-06-26 23:10:00+00:00,Cleveland Guardians,Seattle Mariners,0.5,0.505,0.505,0.5,11.0,0.0,0.0,910
401815909,MLB,2026-06-26 23:10:00+00:00,Boston Red Sox,New York Yankees,0.525,0.525,0.52,0.5245,11.0,1.0,0.1,1761
401815914,MLB,2026-06-26 23:45:00+00:00,Milwaukee Brewers,Chicago Cubs,0.685,0.685,0.685,0.6814,11.0,1.0,0.0,1502
401815915,MLB,2026-06-27 00:10:00+00:00,Minnesota Twins,Colorado Rockies,0.615,0.605,0.615,0.6141,11.0,1.0,0.2,608
401815917,MLB,2026-06-27 00:15:00+00:00,St. Louis Cardinals,Miami Marlins,0.485,0.495,0.495,0.4979,11.0,0.0,0.3,903
401815918,MLB,2026-06-27 01:38:00+00:00,Los Angeles Angels,Athletics,0.485,0.485,0.48,0.4897,11.0,0.0,0.1,674
401815920,MLB,2026-06-27 01:45:00+00:00,San Diego Padres,Los Angeles Dodgers,0.425,0.425,0.425,0.4257,11.0,1.0,0.0,1538
401815919,MLB,2026-06-27 02:15:00+00:00,San Francisco Giants,Atlanta Braves,0.4703,0.465,0.465,0.471,11.0,0.0,0.0,1448
401815923,MLB,2026-06-27 17:10:00+00:00,Detroit Tigers,Houston Astros,0.5495,0.555,0.555,0.5529,11.0,0.0,0.2,1678
401857027,WNBA,2026-06-27 18:00:00+00:00,Toronto Tempo,Phoenix Mercury,0.6617,0.665,0.66,0.6577,11.0,0.0,0.0,613
401815927,MLB,2026-06-27 19:07:00+00:00,Toronto Blue Jays,Texas Rangers,0.645,0.645,0.645,0.6343,11.0,0.0,0.0,1325
401815925,MLB,2026-06-27 20:10:00+00:00,New York Mets,Philadelphia Phillies,0.545,0.545,0.54,0.5461,11.0,1.0,8.4,1534
401815928,MLB,2026-06-27 23:05:00+00:00,Baltimore Orioles,Washington Nationals,0.505,0.505,0.505,0.5102,11.0,0.0,0.2,785
401815926,MLB,2026-06-27 23:10:00+00:00,Cleveland Guardians,Seattle Mariners,0.4171,0.425,0.42,0.4257,11.0,1.0,0.3,599
401815929,MLB,2026-06-27 23:10:00+00:00,Milwaukee Brewers,Chicago Cubs,0.585,0.595,0.59,0.5851,11.0,0.0,0.0,1502
401815930,MLB,2026-06-27 23:10:00+00:00,Minnesota Twins,Colorado Rockies,0.565,0.565,0.565,0.5632,11.0,0.0,0.1,597
401815932,MLB,2026-06-27 23:15:00+00:00,St. Louis Cardinals,Miami Marlins,0.565,0.565,0.57,0.5586,11.0,0.0,0.0,623
401857028,WNBA,2026-06-28 00:00:00+00:00,Indiana Fever,Los Angeles Sparks,0.705,0.705,0.69,0.7048,11.0,1.0,0.0,1047
401815935,MLB,2026-06-28 00:40:00+00:00,San Diego Padres,Los Angeles Dodgers,0.345,0.345,0.35,0.3559,11.0,0.0,0.2,1723
401857029,WNBA,2026-06-28 01:00:00+00:00,Seattle Storm,Atlanta Dream,0.235,0.225,0.24,0.2372,11.0,1.0,0.3,800
401815934,MLB,2026-06-28 01:05:00+00:00,San Francisco Giants,Atlanta Braves,0.545,0.545,0.54,0.5424,11.0,1.0,0.0,1291
401815933,MLB,2026-06-28 01:38:00+00:00,Los Angeles Angels,Athletics,0.5099,0.505,0.51,0.5089,11.0,1.0,0.2,875
401815937,MLB,2026-06-28 17:35:00+00:00,Pittsburgh Pirates,Cincinnati Reds,0.555,0.555,0.555,0.5554,11.0,1.0,0.1,1693
401815943,MLB,2026-06-28 17:35:00+00:00,Baltimore Orioles,Washington Nationals,0.645,0.645,0.645,0.6434,11.0,0.0,0.1,1242
401815942,MLB,2026-06-28 17:37:00+00:00,Toronto Blue Jays,Texas Rangers,0.545,0.545,0.55,0.543,11.0,0.0,0.1,1163
401815938,MLB,2026-06-28 17:40:00+00:00,Detroit Tigers,Houston Astros,0.485,0.495,0.485,0.4889,11.0,0.0,0.0,1315
401815940,MLB,2026-06-28 17:40:00+00:00,New York Mets,Philadelphia Phillies,0.401,0.405,0.405,0.4048,11.0,0.0,0.0,1351
401815941,MLB,2026-06-28 17:40:00+00:00,Cleveland Guardians,Seattle Mariners,0.5297,0.535,0.535,0.5313,11.0,1.0,0.0,788
401857030,WNBA,2026-06-28 18:00:00+00:00,Dallas Wings,Minnesota Lynx,0.4129,0.415,0.42,0.4163,11.0,0.0,0.1,817
401815944,MLB,2026-06-28 18:10:00+00:00,Milwaukee Brewers,Chicago Cubs,0.605,0.605,0.605,0.5966,11.0,0.0,0.4,978
401815945,MLB,2026-06-28 18:10:00+00:00,Minnesota Twins,Colorado Rockies,0.599,0.605,0.605,0.6017,11.0,1.0,0.1,444
401815947,MLB,2026-06-28 18:15:00+00:00,St. Louis Cardinals,Miami Marlins,0.535,0.535,0.535,0.5286,11.0,1.0,0.1,567
401815948,MLB,2026-06-28 19:15:00+00:00,Los Angeles Angels,Athletics,0.495,0.505,0.495,0.501,11.0,1.0,0.4,589
401857032,WNBA,2026-06-28 20:00:00+00:00,Chicago Sky,Las Vegas Aces,0.2723,0.265,0.26,0.277,11.0,0.0,0.3,478
401815949,MLB,2026-06-28 20:05:00+00:00,San Francisco Giants,Atlanta Braves,0.3812,0.375,0.375,0.3799,11.0,1.0,0.0,1004
401815950,MLB,2026-06-28 20:10:00+00:00,San Diego Padres,Los Angeles Dodgers,0.445,0.445,0.44,0.4443,11.0,0.0,0.1,1366
401815939,MLB,2026-06-28 23:20:00+00:00,Boston Red Sox,New York Yankees,0.505,0.505,0.505,0.5057,11.0,1.0,0.0,6509
401815953,MLB,2026-06-29 23:07:00+00:00,Toronto Blue Jays,New York Mets,0.535,0.525,0.535,0.5373,11.0,1.0,0.2,1112
401815956,MLB,2026-06-29 23:10:00+00:00,Boston Red Sox,Washington Nationals,0.6188,0.625,0.61,0.613,11.0,1.0,0.1,1176
401815957,MLB,2026-06-29 23:40:00+00:00,Milwaukee Brewers,Cincinnati Reds,0.555,0.545,0.56,0.5535,11.0,1.0,0.1,1127
401815959,MLB,2026-06-30 00:05:00+00:00,Chicago Cubs,San Diego Padres,0.595,0.595,0.59,0.5977,11.0,1.0,0.0,961
401815958,MLB,2026-06-30 00:10:00+00:00,Houston Astros,Minnesota Twins,0.565,0.555,0.56,0.5589,11.0,0.0,0.3,769
401815960,MLB,2026-06-30 00:40:00+00:00,Colorado Rockies,Miami Marlins,0.405,0.415,0.41,0.4173,11.0,0.0,0.1,1120
401815961,MLB,2026-06-30 01:40:00+00:00,Seattle Mariners,Los Angeles Angels,0.6485,0.655,0.65,0.6444,11.0,1.0,0.0,756
401815962,MLB,2026-06-30 01:40:00+00:00,Athletics,Los Angeles Dodgers,0.4724,0.475,0.475,0.4784,11.0,0.0,0.0,2782
401815967,MLB,2026-06-30 22:40:00+00:00,Philadelphia Phillies,Pittsburgh Pirates,0.6584,0.665,0.665,0.6579,11.0,1.0,0.0,1725
401815969,MLB,2026-06-30 22:40:00+00:00,Cleveland Guardians,Texas Rangers,0.455,0.465,0.465,0.467,11.0,0.0,0.0,1485
401857321,WNBA,2026-06-30 23:00:00+00:00,New York Liberty,Las Vegas Aces,0.695,0.685,0.69,0.6799,11.0,1.0,0.1,1443
401815966,MLB,2026-06-30 23:07:00+00:00,Toronto Blue Jays,New York Mets,0.495,0.4905,0.49,0.4897,11.0,0.0,0.3,1027
401815970,MLB,2026-06-30 23:10:00+00:00,Boston Red Sox,Washington Nationals,0.545,0.555,0.55,0.5522,11.0,0.0,0.0,949
401815968,MLB,2026-06-30 23:15:00+00:00,Atlanta Braves,St. Louis Cardinals,0.575,0.572,0.57,0.5697,11.0,0.0,0.1,1112
401815974,MLB,2026-06-30 23:40:00+00:00,Kansas City Royals,Tampa Bay Rays,0.4802,0.4895,0.485,0.4835,11.0,0.0,0.3,1018
401815971,MLB,2026-06-30 23:40:00+00:00,Milwaukee Brewers,Cincinnati Reds,0.605,0.605,0.605,0.6082,11.0,1.0,0.0,797
401815973,MLB,2026-07-01 00:05:00+00:00,Chicago Cubs,San Diego Padres,0.575,0.575,0.575,0.5817,11.0,1.0,0.1,818
401815972,MLB,2026-07-01 00:10:00+00:00,Houston Astros,Minnesota Twins,0.485,0.485,0.485,0.4918,11.0,1.0,0.1,832
401815975,MLB,2026-07-01 00:40:00+00:00,Colorado Rockies,Miami Marlins,0.445,0.445,0.445,0.4493,11.0,0.0,0.1,850
401815976,MLB,2026-07-01 01:40:00+00:00,Seattle Mariners,Los Angeles Angels,0.635,0.645,0.63,0.6299,11.0,1.0,0.0,983
401815977,MLB,2026-07-01 01:40:00+00:00,Athletics,Los Angeles Dodgers,0.375,0.375,0.37,0.3809,11.0,0.0,0.0,2454
401815983,MLB,2026-07-01 23:15:00+00:00,Atlanta Braves,St. Louis Cardinals,0.5495,0.545,0.55,0.5545,11.0,1.0,0.0,897
401815989,MLB,2026-07-01 23:40:00+00:00,Kansas City Royals,Tampa Bay Rays,0.4208,0.425,0.42,0.4225,11.0,0.0,0.2,981
401815987,MLB,2026-07-02 00:10:00+00:00,Houston Astros,Minnesota Twins,0.5833,0.585,0.585,0.5806,11.0,0.0,0.0,681
401815990,MLB,2026-07-02 00:40:00+00:00,Colorado Rockies,Miami Marlins,0.425,0.455,0.43,0.432,11.0,1.0,0.1,1399
401815991,MLB,2026-07-02 01:40:00+00:00,Athletics,Los Angeles Dodgers,0.395,0.405,0.4,0.4023,11.0,1.0,0.0,2496
