game_id,league,start_utc,team1,team2,poly_p1,poly_p2,poly_raw1,poly_raw2,poly_stale1,poly_stale2,poly_outcome
401815982,MLB,2026-07-01 22:40:00+00:00,Philadelphia Phillies,Pittsburgh Pirates,0.555,0.445,0.555,0.445,0.9,0.9,2
401815986,MLB,2026-07-02 00:00:00+00:00,Milwaukee Brewers,Cincinnati Reds,0.635,0.365,0.635,0.365,0.8,0.7,2
401815990,MLB,2026-07-02 00:40:00+00:00,Colorado Rockies,Miami Marlins,0.455,0.545,0.455,0.545,0.9,0.9,1
401815988,MLB,2026-07-01 18:20:00+00:00,Chicago Cubs,San Diego Padres,0.5245,0.4755,0.5245,0.4755,0.9,0.9,1
401815981,MLB,2026-07-01 19:07:00+00:00,Toronto Blue Jays,New York Mets,0.525,0.475,0.525,0.475,0.9,0.9,1
401815992,MLB,2026-07-02 01:40:00+00:00,Arizona Diamondbacks,San Francisco Giants,0.545,0.455,0.545,0.455,0.9,0.9,2
401815991,MLB,2026-07-02 01:40:00+00:00,Athletics,Los Angeles Dodgers,0.405,0.595,0.405,0.595,0.9,0.9,1
401815984,MLB,2026-07-01 17:10:00+00:00,Cleveland Guardians,Texas Rangers,0.535,0.465,0.535,0.465,0.9,0.9,1
401815989,MLB,2026-07-01 23:40:00+00:00,Kansas City Royals,Tampa Bay Rays,0.425,0.575,0.425,0.575,0.9,0.9,2
401815983,MLB,2026-07-01 23:15:00+00:00,Atlanta Braves,St. Louis Cardinals,0.545,0.455,0.545,0.455,0.9,0.9,1
401815987,MLB,2026-07-02 00:10:00+00:00,Houston Astros,Minnesota Twins,0.585,0.415,0.585,0.415,0.9,0.9,2
401815980,MLB,2026-07-01 17:35:00+00:00,New York Yankees,Detroit Tigers,0.535,0.465,0.535,0.465,0.9,0.9,2
401815985,MLB,2026-07-01 17:35:00+00:00,Boston Red Sox,Washington Nationals,0.575,0.425,0.575,0.425,0.9,0.9,2
401815979,MLB,2026-07-01 16:35:00+00:00,Baltimore Orioles,Chicago White Sox,0.585,0.415,0.585,0.415,0.9,0.9,1
401815974,MLB,2026-06-30 23:40:00+00:00,Kansas City Royals,Tampa Bay Rays,0.4895,0.5105,0.4895,0.5105,0.9,0.9,2
401815966,MLB,2026-06-30 23:07:00+00:00,Toronto Blue Jays,New York Mets,0.4905,0.5095,0.4905,0.5095,0.9,0.9,2
401815973,MLB,2026-07-01 00:05:00+00:00,Chicago Cubs,San Diego Padres,0.575,0.425,0.575,0.425,0.9,0.9,1
401815972,MLB,2026-07-01 00:10:00+00:00,Houston Astros,Minnesota Twins,0.485,0.515,0.485,0.515,0.9,0.9,1
401815977,MLB,2026-07-01 01:40:00+00:00,Athletics,Los Angeles Dodgers,0.375,0.625,0.375,0.625,0.9,0.9,2
401815976,MLB,2026-07-01 01:40:00+00:00,Seattle Mariners,Los Angeles Angels,0.645,0.355,0.645,0.355,0.9,0.9,1
401815964,MLB,2026-06-30 22:35:00+00:00,Baltimore Orioles,Chicago White Sox,0.575,0.425,0.575,0.425,0.9,0.9,2
401815965,MLB,2026-06-30 23:05:00+00:00,New York Yankees,Detroit Tigers,0.5045,0.4955,0.5045,0.4955,0.9,0.9,2
401815975,MLB,2026-07-01 00:40:00+00:00,Colorado Rockies,Miami Marlins,0.445,0.555,0.445,0.555,0.9,0.9,2
401815969,MLB,2026-06-30 22:40:00+00:00,Cleveland Guardians,Texas Rangers,0.465,0.535,0.465,0.535,0.9,0.9,2
401815978,MLB,2026-07-01 01:40:00+00:00,Arizona Diamondbacks,San Francisco Giants,0.515,0.485,0.515,0.485,0.9,0.9,1
401815968,MLB,2026-06-30 23:15:00+00:00,Atlanta Braves,St. Louis Cardinals,0.572,0.428,0.572,0.428,0.9,0.9,2
401815971,MLB,2026-06-30 23:40:00+00:00,Milwaukee Brewers,Cincinnati Reds,0.605,0.395,0.605,0.395,0.9,0.9,1
401815967,MLB,2026-06-30 22:40:00+00:00,Philadelphia Phillies,Pittsburgh Pirates,0.665,0.335,0.665,0.335,0.9,0.9,1
401815970,MLB,2026-06-30 23:10:00+00:00,Boston Red Sox,Washington Nationals,0.555,0.445,0.555,0.445,0.9,0.9,2
401815958,MLB,2026-06-30 00:10:00+00:00,Houston Astros,Minnesota Twins,0.555,0.445,0.555,0.445,0.9,0.9,2
401815960,MLB,2026-06-30 00:40:00+00:00,Colorado Rockies,Miami Marlins,0.415,0.585,0.415,0.585,0.9,0.9,2
401815962,MLB,2026-06-30 01:40:00+00:00,Athletics,Los Angeles Dodgers,0.475,0.525,0.475,0.525,0.9,0.9,2
401815955,MLB,2026-06-29 23:00:00+00:00,Cleveland Guardians,Texas Rangers,0.595,0.405,0.595,0.405,0.9,0.9,2
401815963,MLB,2026-06-30 01:40:00+00:00,Arizona Diamondbacks,San Francisco Giants,0.555,0.445,0.555,0.445,0.9,0.9,1
401815961,MLB,2026-06-30 01:40:00+00:00,Seattle Mariners,Los Angeles Angels,0.655,0.345,0.655,0.345,0.9,0.9,1
401815953,MLB,2026-06-29 23:07:00+00:00,Toronto Blue Jays,New York Mets,0.525,0.475,0.525,0.475,0.9,0.9,1
401815952,MLB,2026-06-29 23:05:00+00:00,New York Yankees,Detroit Tigers,0.565,0.435,0.565,0.435,0.9,0.9,2
401815956,MLB,2026-06-29 23:10:00+00:00,Boston Red Sox,Washington Nationals,0.625,0.375,0.625,0.375,0.9,0.9,1
401815954,MLB,2026-06-29 22:40:00+00:00,Philadelphia Phillies,Pittsburgh Pirates,0.525,0.475,0.525,0.475,0.9,0.9,2
401815957,MLB,2026-06-29 23:40:00+00:00,Milwaukee Brewers,Cincinnati Reds,0.545,0.455,0.545,0.455,0.9,0.9,1
401815959,MLB,2026-06-30 00:05:00+00:00,Chicago Cubs,San Diego Padres,0.595,0.405,0.595,0.405,0.9,0.9,1
401815951,MLB,2026-06-29 22:35:00+00:00,Baltimore Orioles,Chicago White Sox,0.555,0.445,0.555,0.445,0.9,0.9,2
401815936,MLB,2026-06-28 17:40:00+00:00,Tampa Bay Rays,Arizona Diamondbacks,0.635,0.365,0.635,0.365,0.9,0.9,1
401815938,MLB,2026-06-28 17:40:00+00:00,Detroit Tigers,Houston Astros,0.495,0.505,0.495,0.505,0.9,0.9,2
401815939,MLB,2026-06-28 23:20:00+00:00,Boston Red Sox,New York Yankees,0.505,0.495,0.505,0.495,0.9,0.9,1
401815945,MLB,2026-06-28 18:10:00+00:00,Minnesota Twins,Colorado Rockies,0.605,0.395,0.605,0.395,0.9,0.9,1
401815940,MLB,2026-06-28 17:40:00+00:00,New York Mets,Philadelphia Phillies,0.405,0.595,0.405,0.595,0.9,0.9,2
401815948,MLB,2026-06-28 19:15:00+00:00,Los Angeles Angels,Athletics,0.505,0.495,0.505,0.495,0.7,0.7,1
401815947,MLB,2026-06-28 18:15:00+00:00,St. Louis Cardinals,Miami Marlins,0.535,0.465,0.535,0.465,0.9,0.9,1
401815949,MLB,2026-06-28 20:05:00+00:00,San Francisco Giants,Atlanta Braves,0.375,0.625,0.375,0.625,0.9,0.9,1
401815950,MLB,2026-06-28 20:10:00+00:00,San Diego Padres,Los Angeles Dodgers,0.445,0.555,0.445,0.555,0.9,0.9,2
401815942,MLB,2026-06-28 17:37:00+00:00,Toronto Blue Jays,Texas Rangers,0.545,0.455,0.545,0.455,0.9,0.9,2
401815943,MLB,2026-06-28 17:35:00+00:00,Baltimore Orioles,Washington Nationals,0.645,0.355,0.645,0.355,0.9,0.9,2
401815941,MLB,2026-06-28 17:40:00+00:00,Cleveland Guardians,Seattle Mariners,0.535,0.465,0.535,0.465,0.9,0.9,1
401815944,MLB,2026-06-28 18:10:00+00:00,Milwaukee Brewers,Chicago Cubs,0.605,0.395,0.605,0.395,0.9,0.9,2
401815937,MLB,2026-06-28 17:35:00+00:00,Pittsburgh Pirates,Cincinnati Reds,0.555,0.445,0.555,0.445,0.9,0.9,1
401815946,MLB,2026-06-28 18:10:00+00:00,Chicago White Sox,Kansas City Royals,0.565,0.435,0.565,0.435,0.9,0.9,2
401815921,MLB,2026-06-27 22:10:00+00:00,Tampa Bay Rays,Arizona Diamondbacks,0.555,0.445,0.555,0.445,0.9,0.9,1
401815932,MLB,2026-06-27 23:15:00+00:00,St. Louis Cardinals,Miami Marlins,0.565,0.435,0.565,0.435,0.9,0.9,2
401815923,MLB,2026-06-27 17:10:00+00:00,Detroit Tigers,Houston Astros,0.555,0.445,0.555,0.445,0.9,0.9,2
401815928,MLB,2026-06-27 23:05:00+00:00,Baltimore Orioles,Washington Nationals,0.505,0.495,0.505,0.495,0.9,0.9,2
401815927,MLB,2026-06-27 19:07:00+00:00,Toronto Blue Jays,Texas Rangers,0.645,0.355,0.645,0.355,0.7,0.7,2
401815924,MLB,2026-06-27 17:00:00+00:00,Boston Red Sox,New York Yankees,0.495,0.505,0.495,0.505,0.9,0.9,1
401815930,MLB,2026-06-27 23:10:00+00:00,Minnesota Twins,Colorado Rockies,0.565,0.435,0.565,0.435,0.9,0.9,2
401815926,MLB,2026-06-27 23:10:00+00:00,Cleveland Guardians,Seattle Mariners,0.425,0.575,0.425,0.575,0.9,0.9,1
401815933,MLB,2026-06-28 01:38:00+00:00,Los Angeles Angels,Athletics,0.505,0.495,0.505,0.495,0.9,0.9,1
401815935,MLB,2026-06-28 00:40:00+00:00,San Diego Padres,Los Angeles Dodgers,0.345,0.655,0.345,0.655,0.9,0.9,2
401815934,MLB,2026-06-28 01:05:00+00:00,San Francisco Giants,Atlanta Braves,0.545,0.455,0.545,0.455,0.9,0.9,1
401815929,MLB,2026-06-27 23:10:00+00:00,Milwaukee Brewers,Chicago Cubs,0.595,0.405,0.595,0.405,0.9,0.9,2
401815922,MLB,2026-06-27 20:40:00+00:00,Pittsburgh Pirates,Cincinnati Reds,0.485,0.515,0.485,0.515,0.7,0.7,2
401815925,MLB,2026-06-27 20:10:00+00:00,New York Mets,Philadelphia Phillies,0.545,0.455,0.545,0.455,0.9,0.9,1
401815931,MLB,2026-06-27 20:10:00+00:00,Chicago White Sox,Kansas City Royals,0.535,0.465,0.535,0.465,0.9,0.9,1
401815918,MLB,2026-06-27 01:38:00+00:00,Los Angeles Angels,Athletics,0.485,0.515,0.485,0.515,0.9,0.9,2
401815914,MLB,2026-06-26 23:45:00+00:00,Milwaukee Brewers,Chicago Cubs,0.685,0.315,0.685,0.315,0.9,0.9,1
401815916,MLB,2026-06-26 23:40:00+00:00,Chicago White Sox,Kansas City Royals,0.545,0.455,0.545,0.455,0.9,0.9,1
401815907,MLB,2026-06-26 22:40:00+00:00,Pittsburgh Pirates,Cincinnati Reds,0.625,0.375,0.625,0.375,0.9,0.9,2
401815911,MLB,2026-06-26 23:10:00+00:00,Cleveland Guardians,Seattle Mariners,0.505,0.495,0.505,0.495,0.9,0.9,2
401815906,MLB,2026-06-26 23:10:00+00:00,Tampa Bay Rays,Arizona Diamondbacks,0.555,0.445,0.555,0.445,0.9,0.9,1
401815920,MLB,2026-06-27 01:45:00+00:00,San Diego Padres,Los Angeles Dodgers,0.425,0.575,0.425,0.575,0.9,0.9,1
401815917,MLB,2026-06-27 00:15:00+00:00,St. Louis Cardinals,Miami Marlins,0.495,0.505,0.495,0.505,0.9,0.9,2
401815915,MLB,2026-06-27 00:10:00+00:00,Minnesota Twins,Colorado Rockies,0.605,0.395,0.605,0.395,0.9,0.9,1
401815909,MLB,2026-06-26 23:10:00+00:00,Boston Red Sox,New York Yankees,0.525,0.475,0.525,0.475,0.9,0.9,1
401815912,MLB,2026-06-26 23:07:00+00:00,Toronto Blue Jays,Texas Rangers,0.515,0.485,0.515,0.485,0.9,0.9,2
401815919,MLB,2026-06-27 02:15:00+00:00,San Francisco Giants,Atlanta Braves,0.465,0.535,0.465,0.535,0.9,0.9,2
401815913,MLB,2026-06-26 23:05:00+00:00,Baltimore Orioles,Washington Nationals,0.555,0.445,0.555,0.445,0.9,0.9,1
401815908,MLB,2026-06-26 22:40:00+00:00,Detroit Tigers,Houston Astros,0.505,0.495,0.505,0.495,0.9,0.9,1
401815910,MLB,2026-06-26 23:10:00+00:00,New York Mets,Philadelphia Phillies,0.415,0.585,0.415,0.585,0.9,0.9,2
401815899,MLB,2026-06-25 16:10:00+00:00,Tampa Bay Rays,Kansas City Royals,0.585,0.415,0.585,0.415,0.9,0.9,1
401815900,MLB,2026-06-25 23:10:00+00:00,Boston Red Sox,New York Yankees,0.435,0.565,0.435,0.565,0.9,0.9,1
401815905,MLB,2026-06-25 19:45:00+00:00,San Francisco Giants,Athletics,0.545,0.455,0.545,0.455,0.9,0.9,2
401815903,MLB,2026-06-25 23:07:00+00:00,Toronto Blue Jays,Texas Rangers,0.565,0.435,0.565,0.435,0.9,0.9,2
401815898,MLB,2026-06-25 22:40:00+00:00,Detroit Tigers,Houston Astros,0.535,0.465,0.535,0.465,0.8,0.8,2
401815901,MLB,2026-06-25 22:45:00+00:00,Washington Nationals,Philadelphia Phillies,0.385,0.615,0.385,0.615,0.9,0.9,2
401815897,MLB,2026-06-25 23:10:00+00:00,New York Mets,Chicago Cubs,0.495,0.505,0.495,0.505,0.9,0.9,2
401815902,MLB,2026-06-25 16:35:00+00:00,Pittsburgh Pirates,Seattle Mariners,0.425,0.575,0.425,0.575,0.9,0.9,1
401815893,MLB,2026-06-24 19:10:00+00:00,Colorado Rockies,Boston Red Sox,0.395,0.605,0.395,0.605,0.7,0.7,1
401815890,MLB,2026-06-24 23:45:00+00:00,St. Louis Cardinals,Arizona Diamondbacks,0.515,0.485,0.515,0.485,0.9,0.9,2
401815891,MLB,2026-06-24 18:10:00+00:00,Chicago White Sox,Cleveland Guardians,0.495,0.505,0.495,0.505,0.9,0.9,2
401815888,MLB,2026-06-24 22:40:00+00:00,Pittsburgh Pirates,Seattle Mariners,0.505,0.495,0.505,0.495,0.9,0.9,1
401815894,MLB,2026-06-25 01:45:00+00:00,San Francisco Giants,Athletics,0.495,0.505,0.495,0.505,0.7,0.7,1
401815886,MLB,2026-06-24 22:40:00+00:00,Detroit Tigers,New York Yankees,0.535,0.465,0.535,0.465,0.9,0.9,2
401815895,MLB,2026-06-25 00:40:00+00:00,San Diego Padres,Atlanta Braves,0.475,0.525,0.475,0.525,0.9,0.9,1
401815885,MLB,2026-06-24 23:10:00+00:00,Cincinnati Reds,Milwaukee Brewers,0.465,0.535,0.465,0.535,0.9,0.9,2
401815882,MLB,2026-06-24 23:10:00+00:00,New York Mets,Chicago Cubs,0.495,0.505,0.495,0.505,0.9,0.9,2
401815887,MLB,2026-06-24 22:45:00+00:00,Washington Nationals,Philadelphia Phillies,0.455,0.545,0.455,0.545,0.9,0.9,2
401815892,MLB,2026-06-24 23:40:00+00:00,Minnesota Twins,Los Angeles Dodgers,0.405,0.595,0.405,0.595,0.9,0.9,2
401815884,MLB,2026-06-24 22:40:00+00:00,Tampa Bay Rays,Kansas City Royals,0.575,0.425,0.575,0.425,0.9,0.9,1
401815883,MLB,2026-06-24 23:07:00+00:00,Toronto Blue Jays,Houston Astros,0.565,0.435,0.565,0.435,0.9,0.9,2
401815896,MLB,2026-06-24 20:07:00+00:00,Los Angeles Angels,Baltimore Orioles,0.505,0.495,0.505,0.495,0.9,0.9,1
401815889,MLB,2026-06-24 16:10:00+00:00,Miami Marlins,Texas Rangers,0.475,0.525,0.475,0.525,0.9,0.9,1
401815873,MLB,2026-06-23 22:40:00+00:00,Pittsburgh Pirates,Seattle Mariners,0.445,0.555,0.445,0.555,0.9,0.9,2
401815867,MLB,2026-06-23 23:10:00+00:00,New York Mets,Chicago Cubs,0.495,0.505,0.495,0.505,0.9,0.9,2
401815875,MLB,2026-06-23 23:45:00+00:00,St. Louis Cardinals,Arizona Diamondbacks,0.505,0.495,0.505,0.495,0.9,0.9,2
401815881,MLB,2026-06-24 01:38:00+00:00,Los Angeles Angels,Baltimore Orioles,0.435,0.565,0.435,0.565,0.9,0.9,1
401815872,MLB,2026-06-23 22:45:00+00:00,Washington Nationals,Philadelphia Phillies,0.375,0.625,0.375,0.625,0.9,0.9,2
401815880,MLB,2026-06-24 01:40:00+00:00,San Diego Padres,Atlanta Braves,0.505,0.495,0.505,0.495,0.7,0.7,1
401815869,MLB,2026-06-23 22:40:00+00:00,Tampa Bay Rays,Kansas City Royals,0.635,0.365,0.635,0.365,0.9,0.9,2
401815870,MLB,2026-06-23 23:10:00+00:00,Cincinnati Reds,Milwaukee Brewers,0.505,0.495,0.505,0.495,0.9,0.9,2
401815871,MLB,2026-06-23 22:40:00+00:00,Detroit Tigers,New York Yankees,0.485,0.515,0.485,0.515,0.9,0.9,2
401815868,MLB,2026-06-23 20:07:00+00:00,Toronto Blue Jays,Houston Astros,0.535,0.465,0.535,0.465,0.9,0.9,2
401815874,MLB,2026-06-23 22:40:00+00:00,Miami Marlins,Texas Rangers,0.595,0.405,0.595,0.405,0.9,0.9,1
401815879,MLB,2026-06-24 01:45:00+00:00,San Francisco Giants,Athletics,0.585,0.415,0.585,0.415,0.9,0.9,1
401815876,MLB,2026-06-23 23:40:00+00:00,Chicago White Sox,Cleveland Guardians,0.485,0.515,0.485,0.515,0.9,0.9,1
401815878,MLB,2026-06-24 00:40:00+00:00,Colorado Rockies,Boston Red Sox,0.405,0.595,0.405,0.595,0.9,0.9,2
401815877,MLB,2026-06-23 23:40:00+00:00,Minnesota Twins,Los Angeles Dodgers,0.385,0.615,0.385,0.615,0.9,0.9,2
401815857,MLB,2026-06-22 23:10:00+00:00,Cincinnati Reds,Milwaukee Brewers,0.425,0.575,0.425,0.575,0.9,0.9,2
401815865,MLB,2026-06-23 02:00:00+00:00,San Diego Padres,Atlanta Braves,0.515,0.485,0.515,0.485,0.5,0.5,1
401815866,MLB,2026-06-23 01:38:00+00:00,Los Angeles Angels,Baltimore Orioles,0.395,0.605,0.395,0.605,0.9,0.9,2
401815860,MLB,2026-06-22 22:40:00+00:00,Miami Marlins,Texas Rangers,0.545,0.455,0.545,0.455,0.9,0.9,2
401815858,MLB,2026-06-22 22:10:00+00:00,Detroit Tigers,New York Yankees,0.475,0.525,0.475,0.525,0.9,0.9,1
401815861,MLB,2026-06-22 23:45:00+00:00,St. Louis Cardinals,Arizona Diamondbacks,0.585,0.415,0.585,0.415,0.7,0.7,1
401815855,MLB,2026-06-22 23:07:00+00:00,Toronto Blue Jays,Houston Astros,0.555,0.445,0.555,0.445,0.9,0.9,1
401815863,MLB,2026-06-22 23:40:00+00:00,Minnesota Twins,Los Angeles Dodgers,0.425,0.575,0.425,0.575,0.9,0.9,2
401815854,MLB,2026-06-22 23:10:00+00:00,New York Mets,Chicago Cubs,0.455,0.545,0.455,0.545,0.9,0.9,2
401815859,MLB,2026-06-22 22:45:00+00:00,Washington Nationals,Philadelphia Phillies,0.535,0.465,0.535,0.465,0.9,0.9,1
401815862,MLB,2026-06-22 23:40:00+00:00,Chicago White Sox,Cleveland Guardians,0.495,0.505,0.495,0.505,0.9,0.9,1
401815864,MLB,2026-06-23 00:40:00+00:00,Colorado Rockies,Boston Red Sox,0.445,0.555,0.445,0.555,0.9,0.9,1
401815856,MLB,2026-06-22 22:40:00+00:00,Tampa Bay Rays,Kansas City Royals,0.625,0.375,0.625,0.375,0.9,0.9,2
401815852,MLB,2026-06-21 20:10:00+00:00,Seattle Mariners,Boston Red Sox,0.535,0.465,0.535,0.465,0.9,0.9,1
401815841,MLB,2026-06-21 17:35:00+00:00,Atlanta Braves,Milwaukee Brewers,0.515,0.485,0.515,0.485,0.9,0.9,2
401815843,MLB,2026-06-21 17:40:00+00:00,Miami Marlins,San Francisco Giants,0.435,0.565,0.435,0.565,0.9,0.9,1
401815849,MLB,2026-06-21 19:10:00+00:00,Colorado Rockies,Pittsburgh Pirates,0.425,0.575,0.425,0.575,0.7,0.7,2
401815844,MLB,2026-06-21 17:40:00+00:00,Tampa Bay Rays,Washington Nationals,0.535,0.465,0.535,0.465,0.9,0.9,1
401815847,MLB,2026-06-21 18:10:00+00:00,Kansas City Royals,St. Louis Cardinals,0.465,0.535,0.465,0.535,0.9,0.9,2
401815845,MLB,2026-06-21 18:10:00+00:00,Houston Astros,Cleveland Guardians,0.555,0.445,0.555,0.445,0.9,0.9,1
401815842,MLB,2026-06-21 23:20:00+00:00,Philadelphia Phillies,New York Mets,0.615,0.385,0.615,0.385,0.9,0.9,1
401815840,MLB,2026-06-21 17:35:00+00:00,New York Yankees,Cincinnati Reds,0.515,0.485,0.515,0.485,0.9,0.9,2
401815853,MLB,2026-06-21 19:15:00+00:00,Arizona Diamondbacks,Minnesota Twins,0.555,0.445,0.555,0.445,0.9,0.9,2
401815846,MLB,2026-06-21 18:35:00+00:00,Texas Rangers,San Diego Padres,0.595,0.405,0.595,0.405,0.7,0.7,1
401815850,MLB,2026-06-21 20:05:00+00:00,Athletics,Los Angeles Angels,0.545,0.455,0.545,0.455,0.9,0.9,2
401815851,MLB,2026-06-21 20:10:00+00:00,Los Angeles Dodgers,Baltimore Orioles,0.675,0.325,0.675,0.325,0.9,0.9,2
401815839,MLB,2026-06-21 17:40:00+00:00,Detroit Tigers,Chicago White Sox,0.525,0.475,0.525,0.475,0.9,0.9,1
401815836,MLB,2026-06-21 02:10:00+00:00,Los Angeles Dodgers,Baltimore Orioles,0.705,0.295,0.705,0.295,0.9,0.9,2
401815835,MLB,2026-06-21 02:05:00+00:00,Athletics,Los Angeles Angels,0.595,0.405,0.595,0.405,0.9,0.9,2
401815828,MLB,2026-06-20 23:15:00+00:00,Philadelphia Phillies,New York Mets,0.655,0.345,0.655,0.345,0.9,0.9,1
401815838,MLB,2026-06-21 02:10:00+00:00,Arizona Diamondbacks,Minnesota Twins,0.525,0.475,0.525,0.475,0.9,0.9,2
401815834,MLB,2026-06-21 01:10:00+00:00,Colorado Rockies,Pittsburgh Pirates,0.335,0.665,0.335,0.665,0.9,0.9,1
401814478,MLB,2026-06-21 02:10:00+00:00,Seattle Mariners,Boston Red Sox,0.515,0.485,0.515,0.485,0.9,0.9,2
401815831,MLB,2026-06-20 23:15:00+00:00,Houston Astros,Cleveland Guardians,0.585,0.415,0.585,0.415,0.9,0.9,2
401815827,MLB,2026-06-20 20:10:00+00:00,Atlanta Braves,Milwaukee Brewers,0.555,0.445,0.555,0.445,0.9,0.9,1
401815832,MLB,2026-06-20 20:05:00+00:00,Texas Rangers,San Diego Padres,0.535,0.465,0.535,0.465,0.9,0.9,2
401815833,MLB,2026-06-20 18:20:00+00:00,Chicago Cubs,Toronto Blue Jays,0.555,0.445,0.555,0.445,0.9,0.9,2
401815830,MLB,2026-06-20 20:10:00+00:00,Tampa Bay Rays,Washington Nationals,0.525,0.475,0.525,0.475,0.9,0.9,2
401815829,MLB,2026-06-20 20:10:00+00:00,Miami Marlins,San Francisco Giants,0.575,0.425,0.575,0.425,0.9,0.9,1
401815826,MLB,2026-06-20 17:35:00+00:00,New York Yankees,Cincinnati Reds,0.655,0.345,0.655,0.345,0.9,0.9,2
401815825,MLB,2026-06-20 17:10:00+00:00,Detroit Tigers,Chicago White Sox,0.525,0.475,0.525,0.475,0.9,0.9,1
401815812,MLB,2026-06-19 22:40:00+00:00,Detroit Tigers,Chicago White Sox,0.645,0.355,0.645,0.355,0.9,0.9,1
401815819,MLB,2026-06-20 00:15:00+00:00,Kansas City Royals,St. Louis Cardinals,0.475,0.525,0.475,0.525,0.9,0.9,1
401815837,MLB,2026-06-20 02:10:00+00:00,Seattle Mariners,Boston Red Sox,0.515,0.485,0.515,0.485,0.9,0.9,2
401815817,MLB,2026-06-20 00:10:00+00:00,Houston Astros,Cleveland Guardians,0.525,0.475,0.525,0.475,0.9,0.9,1
401815815,MLB,2026-06-19 23:10:00+00:00,Miami Marlins,San Francisco Giants,0.505,0.495,0.505,0.495,0.9,0.9,1
401815818,MLB,2026-06-20 00:05:00+00:00,Texas Rangers,San Diego Padres,0.585,0.415,0.585,0.415,0.9,0.9,1
401815814,MLB,2026-06-19 23:15:00+00:00,Atlanta Braves,Milwaukee Brewers,0.385,0.615,0.385,0.615,0.7,0.7,1
401815823,MLB,2026-06-20 02:10:00+00:00,Los Angeles Dodgers,Baltimore Orioles,0.655,0.345,0.655,0.345,0.9,0.9,1
401815822,MLB,2026-06-20 01:40:00+00:00,Athletics,Los Angeles Angels,0.575,0.425,0.575,0.425,0.9,0.9,1
401815820,MLB,2026-06-19 18:20:00+00:00,Chicago Cubs,Toronto Blue Jays,0.535,0.465,0.535,0.465,0.9,0.9,1
401815824,MLB,2026-06-20 01:45:00+00:00,Arizona Diamondbacks,Minnesota Twins,0.605,0.395,0.605,0.395,0.9,0.9,1
401815816,MLB,2026-06-19 23:10:00+00:00,Tampa Bay Rays,Washington Nationals,0.595,0.405,0.595,0.405,0.9,0.9,1
401815821,MLB,2026-06-20 00:40:00+00:00,Colorado Rockies,Pittsburgh Pirates,0.435,0.565,0.435,0.565,0.9,0.9,1
401815813,MLB,2026-06-19 23:05:00+00:00,New York Yankees,Cincinnati Reds,0.725,0.275,0.725,0.275,0.9,0.9,1
401815808,MLB,2026-06-18 18:35:00+00:00,Texas Rangers,Minnesota Twins,0.475,0.525,0.475,0.525,0.9,0.9,2
401815806,MLB,2026-06-18 17:35:00+00:00,Boston Red Sox,Toronto Blue Jays,0.565,0.435,0.565,0.435,0.9,0.9,2
401815807,MLB,2026-06-18 18:10:00+00:00,Milwaukee Brewers,Cleveland Guardians,0.565,0.435,0.565,0.435,0.9,0.9,2
401815804,MLB,2026-06-18 22:40:00+00:00,Philadelphia Phillies,New York Mets,0.525,0.475,0.525,0.475,0.9,0.9,2
401815809,MLB,2026-06-18 23:40:00+00:00,Kansas City Royals,St. Louis Cardinals,0.515,0.485,0.515,0.485,0.9,0.9,1
401815810,MLB,2026-06-19 01:40:00+00:00,Athletics,Los Angeles Angels,0.635,0.365,0.635,0.365,0.9,0.9,1
401815803,MLB,2026-06-18 23:05:00+00:00,New York Yankees,Chicago White Sox,0.615,0.385,0.615,0.385,0.7,0.7,2
401815811,MLB,2026-06-18 20:10:00+00:00,Seattle Mariners,Baltimore Orioles,0.545,0.455,0.545,0.455,0.9,0.9,1
401815792,MLB,2026-06-17 16:40:00+00:00,Cincinnati Reds,New York Mets,0.445,0.555,0.445,0.555,0.9,0.9,2
401815793,MLB,2026-06-17 23:15:00+00:00,Atlanta Braves,San Francisco Giants,0.565,0.435,0.565,0.435,0.9,0.9,2
401815790,MLB,2026-06-17 17:05:00+00:00,Washington Nationals,Kansas City Royals,0.545,0.455,0.545,0.455,0.9,0.9,2
401815799,MLB,2026-06-17 19:40:00+00:00,Arizona Diamondbacks,Los Angeles Angels,0.615,0.385,0.615,0.385,0.9,0.9,1
401815800,MLB,2026-06-18 01:40:00+00:00,Seattle Mariners,Baltimore Orioles,0.535,0.465,0.535,0.465,0.9,0.9,2
401815802,MLB,2026-06-17 19:10:00+00:00,Los Angeles Dodgers,Tampa Bay Rays,0.585,0.415,0.585,0.415,0.9,0.9,1
401815801,MLB,2026-06-18 01:40:00+00:00,Athletics,Pittsburgh Pirates,0.445,0.555,0.445,0.555,0.9,0.9,2
401815796,MLB,2026-06-18 00:05:00+00:00,Chicago Cubs,Colorado Rockies,0.655,0.345,0.655,0.345,0.9,0.9,1
401815795,MLB,2026-06-17 23:40:00+00:00,Milwaukee Brewers,Cleveland Guardians,0.535,0.465,0.535,0.465,0.9,0.9,1
401815794,MLB,2026-06-17 22:45:00+00:00,Boston Red Sox,Toronto Blue Jays,0.515,0.485,0.515,0.485,0.9,0.9,2
401815789,MLB,2026-06-17 23:05:00+00:00,New York Yankees,Chicago White Sox,0.615,0.385,0.615,0.385,0.9,0.9,1
401815798,MLB,2026-06-17 18:15:00+00:00,St. Louis Cardinals,San Diego Padres,0.535,0.465,0.535,0.465,0.9,0.9,2
401815797,MLB,2026-06-17 18:10:00+00:00,Houston Astros,Detroit Tigers,0.505,0.495,0.505,0.495,0.9,0.9,1
401815791,MLB,2026-06-17 17:05:00+00:00,Philadelphia Phillies,Miami Marlins,0.525,0.475,0.525,0.475,0.9,0.9,2
401815787,MLB,2026-06-17 01:40:00+00:00,Athletics,Pittsburgh Pirates,0.575,0.425,0.575,0.425,0.7,0.7,2
401815780,MLB,2026-06-16 23:40:00+00:00,Milwaukee Brewers,Cleveland Guardians,0.585,0.415,0.585,0.415,0.9,0.9,1
401815781,MLB,2026-06-17 00:05:00+00:00,Chicago Cubs,Colorado Rockies,0.665,0.335,0.665,0.335,0.9,0.9,2
401815786,MLB,2026-06-17 01:40:00+00:00,Seattle Mariners,Baltimore Orioles,0.575,0.425,0.575,0.425,0.7,0.7,1
401815782,MLB,2026-06-17 00:10:00+00:00,Houston Astros,Detroit Tigers,0.595,0.405,0.595,0.405,0.9,0.9,1
401815775,MLB,2026-06-16 22:45:00+00:00,Washington Nationals,Kansas City Royals,0.565,0.435,0.565,0.435,0.9,0.9,1
401815779,MLB,2026-06-16 22:45:00+00:00,Boston Red Sox,Toronto Blue Jays,0.485,0.515,0.485,0.515,0.9,0.9,2
401815774,MLB,2026-06-16 23:05:00+00:00,New York Yankees,Chicago White Sox,0.575,0.425,0.575,0.425,0.9,0.9,1
401815788,MLB,2026-06-17 02:10:00+00:00,Los Angeles Dodgers,Tampa Bay Rays,0.565,0.435,0.565,0.435,0.9,0.9,1
401815785,MLB,2026-06-17 01:40:00+00:00,Arizona Diamondbacks,Los Angeles Angels,0.495,0.505,0.495,0.505,0.7,0.7,2
401815783,MLB,2026-06-17 00:05:00+00:00,Texas Rangers,Minnesota Twins,0.545,0.455,0.545,0.455,0.9,0.9,2
401815784,MLB,2026-06-16 23:45:00+00:00,St. Louis Cardinals,San Diego Padres,0.525,0.475,0.525,0.475,0.9,0.9,1
401815778,MLB,2026-06-16 23:15:00+00:00,Atlanta Braves,San Francisco Giants,0.595,0.405,0.595,0.405,0.9,0.9,2
401815777,MLB,2026-06-16 23:10:00+00:00,Cincinnati Reds,New York Mets,0.485,0.515,0.485,0.515,0.9,0.9,1
401815776,MLB,2026-06-16 22:40:00+00:00,Philadelphia Phillies,Miami Marlins,0.625,0.375,0.625,0.375,0.9,0.9,1
401815771,MLB,2026-06-16 01:40:00+00:00,Arizona Diamondbacks,Los Angeles Angels,0.575,0.425,0.575,0.425,0.9,0.9,1
401815764,MLB,2026-06-15 22:45:00+00:00,Washington Nationals,Kansas City Royals,0.555,0.445,0.555,0.445,0.9,0.9,1
401815765,MLB,2026-06-15 22:40:00+00:00,Philadelphia Phillies,Miami Marlins,0.645,0.355,0.645,0.355,0.9,0.9,1
401815773,MLB,2026-06-16 02:00:00+00:00,Los Angeles Dodgers,Tampa Bay Rays,0.625,0.375,0.625,0.375,0.9,0.9,1
401815772,MLB,2026-06-16 01:40:00+00:00,Athletics,Pittsburgh Pirates,0.535,0.465,0.535,0.465,0.9,0.9,1
401815768,MLB,2026-06-16 00:10:00+00:00,Houston Astros,Detroit Tigers,0.525,0.475,0.525,0.475,0.9,0.9,2
401815769,MLB,2026-06-16 00:05:00+00:00,Texas Rangers,Minnesota Twins,0.575,0.425,0.575,0.425,0.9,0.9,2
401815767,MLB,2026-06-16 00:05:00+00:00,Chicago Cubs,Colorado Rockies,0.665,0.335,0.665,0.335,0.9,0.9,1
401815766,MLB,2026-06-15 23:10:00+00:00,Cincinnati Reds,New York Mets,0.555,0.445,0.555,0.445,0.9,0.9,1
401815770,MLB,2026-06-15 23:45:00+00:00,St. Louis Cardinals,San Diego Padres,0.585,0.415,0.585,0.415,0.9,0.9,1
401815750,MLB,2026-06-14 17:40:00+00:00,New York Mets,Atlanta Braves,0.555,0.445,0.555,0.445,0.9,0.9,1
401815749,MLB,2026-06-14 17:40:00+00:00,Cincinnati Reds,Arizona Diamondbacks,0.485,0.515,0.485,0.515,0.9,0.9,2
401815752,MLB,2026-06-14 16:15:00+00:00,Pittsburgh Pirates,Miami Marlins,0.575,0.425,0.575,0.425,0.9,0.9,2
401815763,MLB,2026-06-14 20:07:00+00:00,Los Angeles Angels,Tampa Bay Rays,0.475,0.525,0.475,0.525,0.9,0.9,2
401815761,MLB,2026-06-14 19:10:00+00:00,San Francisco Giants,Chicago Cubs,0.545,0.455,0.545,0.455,0.9,0.9,1
401815760,MLB,2026-06-14 18:10:00+00:00,Minnesota Twins,St. Louis Cardinals,0.495,0.505,0.495,0.505,0.9,0.9,1
401815759,MLB,2026-06-14 18:10:00+00:00,Milwaukee Brewers,Philadelphia Phillies,0.455,0.545,0.455,0.545,0.9,0.9,1
401815757,MLB,2026-06-14 18:10:00+00:00,Kansas City Royals,Houston Astros,0.525,0.475,0.525,0.475,0.9,0.9,1
401815758,MLB,2026-06-14 18:10:00+00:00,Chicago White Sox,Los Angeles Dodgers,0.345,0.655,0.345,0.655,0.9,0.9,1
401815754,MLB,2026-06-14 17:35:00+00:00,Baltimore Orioles,San Diego Padres,0.565,0.435,0.565,0.435,0.9,0.9,2
401815762,MLB,2026-06-14 19:05:00+00:00,Athletics,Colorado Rockies,0.645,0.355,0.645,0.355,0.9,0.9,2
401815756,MLB,2026-06-14 23:20:00+00:00,Boston Red Sox,Texas Rangers,0.505,0.495,0.505,0.495,0.9,0.9,2
401815755,MLB,2026-06-14 17:35:00+00:00,Washington Nationals,Seattle Mariners,0.455,0.545,0.455,0.545,0.9,0.9,1
401815753,MLB,2026-06-14 17:37:00+00:00,Toronto Blue Jays,New York Yankees,0.455,0.545,0.455,0.545,0.9,0.9,2
401815743,MLB,2026-06-13 20:10:00+00:00,Chicago White Sox,Los Angeles Dodgers,0.345,0.655,0.345,0.655,0.9,0.9,2
401815739,MLB,2026-06-13 20:05:00+00:00,Baltimore Orioles,San Diego Padres,0.525,0.475,0.525,0.475,0.7,0.7,2
401815744,MLB,2026-06-13 23:10:00+00:00,Milwaukee Brewers,Philadelphia Phillies,0.605,0.395,0.605,0.395,0.9,0.9,2
401815737,MLB,2026-06-13 20:05:00+00:00,Pittsburgh Pirates,Miami Marlins,0.515,0.485,0.515,0.485,0.7,0.7,1
401815748,MLB,2026-06-14 02:07:00+00:00,Los Angeles Angels,Tampa Bay Rays,0.485,0.515,0.485,0.515,0.9,0.9,1
401815746,MLB,2026-06-14 02:05:00+00:00,San Francisco Giants,Chicago Cubs,0.475,0.525,0.475,0.525,0.9,0.9,2
401815742,MLB,2026-06-13 23:10:00+00:00,Kansas City Royals,Houston Astros,0.555,0.445,0.555,0.445,0.9,0.9,2
401815741,MLB,2026-06-13 20:10:00+00:00,Boston Red Sox,Texas Rangers,0.535,0.465,0.535,0.465,0.9,0.9,1
401815740,MLB,2026-06-13 20:05:00+00:00,Washington Nationals,Seattle Mariners,0.515,0.485,0.515,0.485,0.7,0.7,1
401815738,MLB,2026-06-13 19:07:00+00:00,Toronto Blue Jays,New York Yankees,0.485,0.515,0.485,0.515,0.9,0.9,2
401815735,MLB,2026-06-13 20:10:00+00:00,New York Mets,Atlanta Braves,0.515,0.485,0.515,0.485,0.9,0.9,2
401815736,MLB,2026-06-13 20:10:00+00:00,Cleveland Guardians,Detroit Tigers,0.445,0.555,0.445,0.555,0.9,0.9,1
401815734,MLB,2026-06-13 20:10:00+00:00,Cincinnati Reds,Arizona Diamondbacks,0.425,0.575,0.425,0.575,0.9,0.9,1
401815747,MLB,2026-06-14 02:05:00+00:00,Athletics,Colorado Rockies,0.575,0.425,0.575,0.425,0.9,0.9,1
401815745,MLB,2026-06-13 18:10:00+00:00,Minnesota Twins,St. Louis Cardinals,0.495,0.505,0.495,0.505,0.9,0.9,2
401815725,MLB,2026-06-12 22:45:00+00:00,Washington Nationals,Seattle Mariners,0.425,0.575,0.425,0.575,0.9,0.9,2
401815733,MLB,2026-06-13 01:38:00+00:00,Los Angeles Angels,Tampa Bay Rays,0.395,0.605,0.395,0.605,0.9,0.9,1
401815727,MLB,2026-06-13 00:10:00+00:00,Kansas City Royals,Houston Astros,0.505,0.495,0.505,0.495,0.9,0.9,2
401815730,MLB,2026-06-13 00:10:00+00:00,Minnesota Twins,St. Louis Cardinals,0.565,0.435,0.565,0.435,0.9,0.9,1
401815726,MLB,2026-06-12 23:10:00+00:00,Boston Red Sox,Texas Rangers,0.545,0.455,0.545,0.455,0.9,0.9,1
401815723,MLB,2026-06-12 23:37:00+00:00,Toronto Blue Jays,New York Yankees,0.525,0.475,0.525,0.475,0.7,0.7,1
401815719,MLB,2026-06-12 23:15:00+00:00,Cincinnati Reds,Arizona Diamondbacks,0.505,0.495,0.505,0.495,0.9,0.9,2
401815731,MLB,2026-06-13 02:15:00+00:00,San Francisco Giants,Chicago Cubs,0.545,0.455,0.545,0.455,0.9,0.9,2
401815732,MLB,2026-06-13 02:05:00+00:00,Athletics,Colorado Rockies,0.665,0.335,0.665,0.335,0.9,0.9,1
401815729,MLB,2026-06-12 23:40:00+00:00,Milwaukee Brewers,Philadelphia Phillies,0.695,0.305,0.695,0.305,0.9,0.9,1
401815728,MLB,2026-06-12 23:40:00+00:00,Chicago White Sox,Los Angeles Dodgers,0.415,0.585,0.415,0.585,0.9,0.9,1
401815720,MLB,2026-06-12 23:15:00+00:00,New York Mets,Atlanta Braves,0.535,0.465,0.535,0.465,0.9,0.9,1
401815721,MLB,2026-06-12 23:10:00+00:00,Cleveland Guardians,Detroit Tigers,0.535,0.465,0.535,0.465,0.9,0.9,1
401815724,MLB,2026-06-12 23:05:00+00:00,Baltimore Orioles,San Diego Padres,0.545,0.455,0.545,0.455,0.9,0.9,1
401815722,MLB,2026-06-12 22:40:00+00:00,Pittsburgh Pirates,Miami Marlins,0.575,0.425,0.575,0.425,0.9,0.9,2
401815715,MLB,2026-06-11 17:10:00+00:00,New York Mets,St. Louis Cardinals,0.585,0.415,0.585,0.415,0.9,0.9,1
401815713,MLB,2026-06-11 17:10:00+00:00,Detroit Tigers,Minnesota Twins,0.545,0.455,0.545,0.455,0.9,0.9,1
401815712,MLB,2026-06-11 22:40:00+00:00,Pittsburgh Pirates,Los Angeles Dodgers,0.375,0.625,0.375,0.625,0.9,0.9,2
401815714,MLB,2026-06-11 23:00:00+00:00,Baltimore Orioles,Seattle Mariners,0.495,0.505,0.495,0.505,0.9,0.9,1
401815717,MLB,2026-06-11 18:10:00+00:00,Kansas City Royals,Texas Rangers,0.515,0.485,0.515,0.485,0.9,0.9,2
401815711,MLB,2026-06-11 17:10:00+00:00,Miami Marlins,Arizona Diamondbacks,0.535,0.465,0.535,0.465,0.9,0.9,1
401815718,MLB,2026-06-11 19:10:00+00:00,Colorado Rockies,Chicago Cubs,0.415,0.585,0.415,0.585,0.9,0.9,2
401815710,MLB,2026-06-10 19:45:00+00:00,San Francisco Giants,Washington Nationals,0.505,0.495,0.505,0.495,0.7,0.7,1
401815708,MLB,2026-06-11 01:38:00+00:00,Los Angeles Angels,Houston Astros,0.525,0.475,0.525,0.475,0.9,0.9,1
401815701,MLB,2026-06-10 23:07:00+00:00,Toronto Blue Jays,Philadelphia Phillies,0.445,0.555,0.445,0.555,0.9,0.9,2
401815702,MLB,2026-06-10 22:35:00+00:00,Baltimore Orioles,Seattle Mariners,0.495,0.505,0.495,0.505,0.9,0.9,1
401815704,MLB,2026-06-10 23:40:00+00:00,Chicago White Sox,Atlanta Braves,0.425,0.575,0.425,0.575,0.9,0.9,1
401815696,MLB,2026-06-10 22:40:00+00:00,Miami Marlins,Arizona Diamondbacks,0.475,0.525,0.475,0.525,0.9,0.9,1
401815709,MLB,2026-06-11 01:05:00+00:00,Athletics,Milwaukee Brewers,0.505,0.495,0.505,0.495,0.9,0.9,1
401815700,MLB,2026-06-10 17:10:00+00:00,Cleveland Guardians,New York Yankees,0.515,0.485,0.515,0.485,0.9,0.9,2
401815705,MLB,2026-06-10 23:40:00+00:00,Kansas City Royals,Texas Rangers,0.475,0.525,0.475,0.525,0.9,0.9,2
401815703,MLB,2026-06-10 23:10:00+00:00,New York Mets,St. Louis Cardinals,0.555,0.445,0.555,0.445,0.9,0.9,2
401815698,MLB,2026-06-10 22:40:00+00:00,Pittsburgh Pirates,Los Angeles Dodgers,0.345,0.655,0.345,0.655,0.9,0.9,1
401815697,MLB,2026-06-10 17:10:00+00:00,Tampa Bay Rays,Boston Red Sox,0.595,0.405,0.595,0.405,0.9,0.9,1
401815706,MLB,2026-06-11 00:40:00+00:00,Colorado Rockies,Chicago Cubs,0.375,0.625,0.375,0.625,0.9,0.9,1
401815699,MLB,2026-06-10 22:40:00+00:00,Detroit Tigers,Minnesota Twins,0.615,0.385,0.615,0.385,0.9,0.9,2
401815707,MLB,2026-06-10 20:10:00+00:00,San Diego Padres,Cincinnati Reds,0.595,0.405,0.595,0.405,0.9,0.9,1
401815695,MLB,2026-06-10 01:45:00+00:00,San Francisco Giants,Washington Nationals,0.495,0.505,0.495,0.505,0.9,0.9,2
401815690,MLB,2026-06-09 23:40:00+00:00,Kansas City Royals,Texas Rangers,0.465,0.535,0.465,0.535,0.9,0.9,1
401815689,MLB,2026-06-09 23:40:00+00:00,Chicago White Sox,Atlanta Braves,0.415,0.585,0.415,0.585,0.9,0.9,1
401815694,MLB,2026-06-10 02:05:00+00:00,Athletics,Milwaukee Brewers,0.485,0.515,0.485,0.515,0.9,0.9,1
401815685,MLB,2026-06-09 22:40:00+00:00,Cleveland Guardians,New York Yankees,0.465,0.535,0.465,0.535,0.9,0.9,2
401815683,MLB,2026-06-09 22:40:00+00:00,Pittsburgh Pirates,Los Angeles Dodgers,0.525,0.475,0.525,0.475,0.9,0.9,2
401815687,MLB,2026-06-09 22:35:00+00:00,Baltimore Orioles,Seattle Mariners,0.475,0.525,0.475,0.525,0.9,0.9,2
401815692,MLB,2026-06-10 01:40:00+00:00,San Diego Padres,Cincinnati Reds,0.455,0.545,0.455,0.545,0.9,0.9,2
401815693,MLB,2026-06-10 01:38:00+00:00,Los Angeles Angels,Houston Astros,0.465,0.535,0.465,0.535,0.9,0.9,1
401815682,MLB,2026-06-09 22:40:00+00:00,Tampa Bay Rays,Boston Red Sox,0.465,0.535,0.465,0.535,0.9,0.9,1
401815688,MLB,2026-06-09 23:10:00+00:00,New York Mets,St. Louis Cardinals,0.545,0.455,0.545,0.455,0.9,0.9,2
401815686,MLB,2026-06-09 23:07:00+00:00,Toronto Blue Jays,Philadelphia Phillies,0.495,0.505,0.495,0.505,0.9,0.9,1
401815681,MLB,2026-06-09 22:40:00+00:00,Miami Marlins,Arizona Diamondbacks,0.555,0.445,0.555,0.445,0.9,0.9,1
401815684,MLB,2026-06-09 22:40:00+00:00,Detroit Tigers,Minnesota Twins,0.545,0.455,0.545,0.455,0.9,0.9,1
401815691,MLB,2026-06-10 00:40:00+00:00,Colorado Rockies,Chicago Cubs,0.405,0.595,0.405,0.595,0.9,0.9,1
401815678,MLB,2026-06-09 01:38:00+00:00,Los Angeles Angels,Houston Astros,0.465,0.535,0.465,0.535,0.9,0.9,2
401815677,MLB,2026-06-09 01:40:00+00:00,San Diego Padres,Cincinnati Reds,0.565,0.435,0.565,0.435,0.9,0.9,1
401815674,MLB,2026-06-08 22:40:00+00:00,Cleveland Guardians,New York Yankees,0.535,0.465,0.535,0.465,0.7,0.8,2
401815673,MLB,2026-06-08 22:40:00+00:00,Tampa Bay Rays,Boston Red Sox,0.495,0.505,0.495,0.505,0.8,0.7,1
401815676,MLB,2026-06-08 22:35:00+00:00,Baltimore Orioles,Seattle Mariners,0.465,0.535,0.465,0.535,0.9,0.9,2
401815679,MLB,2026-06-09 02:05:00+00:00,Athletics,Milwaukee Brewers,0.425,0.575,0.425,0.575,0.9,0.9,2
401815680,MLB,2026-06-09 01:45:00+00:00,San Francisco Giants,Washington Nationals,0.575,0.425,0.575,0.425,0.9,0.9,2
401815675,MLB,2026-06-08 23:07:00+00:00,Toronto Blue Jays,Philadelphia Phillies,0.385,0.615,0.385,0.615,0.9,0.9,2
401815658,MLB,2026-06-07 17:37:00+00:00,Toronto Blue Jays,Baltimore Orioles,0.545,0.455,0.545,0.455,0.9,0.9,1
401815667,MLB,2026-06-07 18:10:00+00:00,Minnesota Twins,Kansas City Royals,0.475,0.525,0.475,0.525,0.9,0.9,2
401815671,MLB,2026-06-07 20:10:00+00:00,San Diego Padres,New York Mets,0.485,0.515,0.485,0.515,0.9,0.9,2
401815660,MLB,2026-06-07 17:35:00+00:00,Philadelphia Phillies,Chicago White Sox,0.605,0.395,0.605,0.395,0.9,0.9,1
401815663,MLB,2026-06-07 17:40:00+00:00,Miami Marlins,Tampa Bay Rays,0.495,0.505,0.495,0.505,0.9,0.9,1
401815668,MLB,2026-06-08 00:30:00+00:00,Chicago Cubs,San Francisco Giants,0.545,0.455,0.545,0.455,0.9,1.0,2
401815670,MLB,2026-06-07 20:10:00+00:00,Los Angeles Dodgers,Los Angeles Angels,0.695,0.305,0.695,0.305,0.9,0.9,2
401815672,MLB,2026-06-07 19:15:00+00:00,Arizona Diamondbacks,Washington Nationals,0.545,0.455,0.545,0.455,0.9,0.9,1
401815669,MLB,2026-06-07 19:10:00+00:00,Colorado Rockies,Milwaukee Brewers,0.375,0.625,0.375,0.625,0.9,0.9,2
401815666,MLB,2026-06-07 18:35:00+00:00,Texas Rangers,Cleveland Guardians,0.565,0.435,0.565,0.435,0.9,0.9,1
401815665,MLB,2026-06-07 18:15:00+00:00,St. Louis Cardinals,Cincinnati Reds,0.575,0.425,0.575,0.425,0.9,0.9,1
401815662,MLB,2026-06-07 17:40:00+00:00,Detroit Tigers,Seattle Mariners,0.525,0.475,0.525,0.475,0.9,0.9,1
401815664,MLB,2026-06-07 18:10:00+00:00,Houston Astros,Athletics,0.505,0.495,0.505,0.495,0.9,0.9,2
401815659,MLB,2026-06-07 17:35:00+00:00,New York Yankees,Boston Red Sox,0.565,0.435,0.565,0.435,0.9,0.9,1
401815661,MLB,2026-06-07 17:35:00+00:00,Atlanta Braves,Pittsburgh Pirates,0.575,0.425,0.575,0.425,0.9,0.9,1
401815653,MLB,2026-06-06 18:20:00+00:00,Chicago Cubs,San Francisco Giants,0.575,0.425,0.575,0.425,0.9,0.9,1
401815648,MLB,2026-06-06 20:10:00+00:00,Miami Marlins,Tampa Bay Rays,0.455,0.545,0.455,0.545,0.9,0.9,1
401815645,MLB,2026-06-06 20:05:00+00:00,Philadelphia Phillies,Chicago White Sox,0.555,0.445,0.555,0.445,0.9,0.9,2
401815646,MLB,2026-06-06 20:10:00+00:00,Atlanta Braves,Pittsburgh Pirates,0.505,0.495,0.505,0.495,0.9,0.9,1
401815643,MLB,2026-06-06 19:07:00+00:00,Toronto Blue Jays,Baltimore Orioles,0.515,0.485,0.515,0.485,0.9,0.9,1
401815650,MLB,2026-06-06 18:15:00+00:00,St. Louis Cardinals,Cincinnati Reds,0.535,0.465,0.535,0.465,0.7,0.7,1
401815651,MLB,2026-06-06 23:35:00+00:00,Texas Rangers,Cleveland Guardians,0.525,0.475,0.525,0.475,0.9,0.9,2
401815655,MLB,2026-06-07 02:10:00+00:00,Los Angeles Dodgers,Los Angeles Angels,0.755,0.245,0.755,0.245,0.9,0.9,1
401815654,MLB,2026-06-07 01:10:00+00:00,Colorado Rockies,Milwaukee Brewers,0.265,0.735,0.265,0.735,0.9,0.9,2
401815649,MLB,2026-06-06 20:10:00+00:00,Houston Astros,Athletics,0.545,0.455,0.545,0.455,0.9,0.9,1
401815657,MLB,2026-06-06 20:10:00+00:00,Arizona Diamondbacks,Washington Nationals,0.585,0.415,0.585,0.415,0.9,0.9,2
401815652,MLB,2026-06-06 18:10:00+00:00,Minnesota Twins,Kansas City Royals,0.575,0.425,0.575,0.425,0.9,0.9,2
401815647,MLB,2026-06-06 17:10:00+00:00,Detroit Tigers,Seattle Mariners,0.465,0.535,0.465,0.535,0.9,0.9,2
401815656,MLB,2026-06-07 02:10:00+00:00,San Diego Padres,New York Mets,0.465,0.535,0.465,0.535,0.9,0.9,1
401815636,MLB,2026-06-06 00:15:00+00:00,Texas Rangers,Cleveland Guardians,0.465,0.535,0.465,0.535,0.7,0.7,1
401815628,MLB,2026-06-05 23:07:00+00:00,Toronto Blue Jays,Baltimore Orioles,0.565,0.435,0.565,0.435,0.9,0.9,2
401815633,MLB,2026-06-05 23:10:00+00:00,Miami Marlins,Tampa Bay Rays,0.455,0.545,0.455,0.545,0.9,0.9,2
401815640,MLB,2026-06-06 02:10:00+00:00,Los Angeles Dodgers,Los Angeles Angels,0.635,0.365,0.635,0.365,0.9,0.9,1
401815639,MLB,2026-06-06 00:40:00+00:00,Colorado Rockies,Milwaukee Brewers,0.415,0.585,0.415,0.585,0.9,0.9,2
401815635,MLB,2026-06-06 00:15:00+00:00,St. Louis Cardinals,Cincinnati Reds,0.565,0.435,0.565,0.435,0.7,0.7,1
401815637,MLB,2026-06-06 00:15:00+00:00,Minnesota Twins,Kansas City Royals,0.515,0.485,0.515,0.485,0.7,0.7,1
401815634,MLB,2026-06-06 00:10:00+00:00,Houston Astros,Athletics,0.495,0.505,0.495,0.505,0.9,0.9,1
401815631,MLB,2026-06-05 23:15:00+00:00,Atlanta Braves,Pittsburgh Pirates,0.575,0.425,0.575,0.425,0.9,0.9,1
401815629,MLB,2026-06-05 23:05:00+00:00,New York Yankees,Boston Red Sox,0.565,0.435,0.565,0.435,0.9,0.9,2
401815630,MLB,2026-06-05 22:40:00+00:00,Philadelphia Phillies,Chicago White Sox,0.635,0.365,0.635,0.365,0.9,0.9,1
401815638,MLB,2026-06-05 18:20:00+00:00,Chicago Cubs,San Francisco Giants,0.605,0.395,0.605,0.395,0.9,0.9,2
401815632,MLB,2026-06-05 22:40:00+00:00,Detroit Tigers,Seattle Mariners,0.475,0.525,0.475,0.525,0.9,0.9,1
401815642,MLB,2026-06-06 01:40:00+00:00,Arizona Diamondbacks,Washington Nationals,0.535,0.465,0.535,0.465,0.9,0.9,2
401815641,MLB,2026-06-06 01:40:00+00:00,San Diego Padres,New York Mets,0.545,0.455,0.545,0.455,0.9,0.9,2
401815627,MLB,2026-06-05 01:40:00+00:00,Arizona Diamondbacks,Los Angeles Dodgers,0.445,0.555,0.445,0.555,0.9,0.9,1
401815621,MLB,2026-06-04 17:05:00+00:00,Philadelphia Phillies,San Diego Padres,0.665,0.335,0.665,0.335,0.8,0.8,1
401815624,MLB,2026-06-04 23:40:00+00:00,Minnesota Twins,Kansas City Royals,0.485,0.515,0.485,0.515,0.9,0.9,2
401815625,MLB,2026-06-05 00:10:00+00:00,Houston Astros,Pittsburgh Pirates,0.505,0.495,0.505,0.495,0.9,0.9,2
401815623,MLB,2026-06-05 00:05:00+00:00,Chicago Cubs,Athletics,0.575,0.425,0.575,0.425,0.9,0.9,1
401815622,MLB,2026-06-04 23:15:00+00:00,Atlanta Braves,Toronto Blue Jays,0.695,0.305,0.695,0.305,0.9,0.9,2
401815626,MLB,2026-06-04 18:10:00+00:00,Milwaukee Brewers,San Francisco Giants,0.635,0.365,0.635,0.365,0.9,0.9,2
401815620,MLB,2026-06-04 17:35:00+00:00,New York Yankees,Cleveland Guardians,0.595,0.405,0.595,0.405,0.9,0.9,1
401815619,MLB,2026-06-04 17:35:00+00:00,Boston Red Sox,Baltimore Orioles,0.525,0.475,0.525,0.475,0.9,0.9,2
401815613,MLB,2026-06-04 00:10:00+00:00,Houston Astros,Pittsburgh Pirates,0.435,0.565,0.435,0.565,0.7,0.7,1
401815611,MLB,2026-06-04 00:05:00+00:00,Chicago Cubs,Athletics,0.545,0.455,0.545,0.455,0.9,0.9,2
401815616,MLB,2026-06-04 01:38:00+00:00,Los Angeles Angels,Colorado Rockies,0.565,0.435,0.565,0.435,0.9,0.9,1
401815615,MLB,2026-06-03 23:45:00+00:00,St. Louis Cardinals,Texas Rangers,0.515,0.485,0.515,0.485,0.9,0.9,1
401815614,MLB,2026-06-03 23:40:00+00:00,Milwaukee Brewers,San Francisco Giants,0.555,0.445,0.555,0.445,0.9,0.9,2
401815610,MLB,2026-06-03 23:15:00+00:00,Atlanta Braves,Toronto Blue Jays,0.575,0.425,0.575,0.425,0.9,0.9,1
401815607,MLB,2026-06-03 23:10:00+00:00,Cincinnati Reds,Kansas City Royals,0.585,0.415,0.585,0.415,0.9,0.9,2
401815605,MLB,2026-06-03 23:05:00+00:00,New York Yankees,Cleveland Guardians,0.555,0.445,0.555,0.445,0.9,0.9,2
401815604,MLB,2026-06-03 22:45:00+00:00,Boston Red Sox,Baltimore Orioles,0.575,0.425,0.575,0.425,0.9,0.9,1
401815609,MLB,2026-06-03 22:40:00+00:00,Philadelphia Phillies,San Diego Padres,0.665,0.335,0.665,0.335,0.9,0.9,1
401815618,MLB,2026-06-03 19:40:00+00:00,Seattle Mariners,New York Mets,0.565,0.435,0.565,0.435,0.9,0.9,2
401815612,MLB,2026-06-03 17:40:00+00:00,Minnesota Twins,Chicago White Sox,0.565,0.435,0.565,0.435,0.9,0.9,2
401815606,MLB,2026-06-03 17:10:00+00:00,Tampa Bay Rays,Detroit Tigers,0.565,0.435,0.565,0.435,0.9,0.9,2
401815608,MLB,2026-06-03 17:05:00+00:00,Washington Nationals,Miami Marlins,0.495,0.505,0.495,0.505,0.9,0.9,2
401815617,MLB,2026-06-04 01:40:00+00:00,Arizona Diamondbacks,Los Angeles Dodgers,0.345,0.655,0.345,0.655,0.9,0.9,2
401815601,MLB,2026-06-03 01:38:00+00:00,Los Angeles Angels,Colorado Rockies,0.595,0.405,0.595,0.405,0.9,0.9,2
401815593,MLB,2026-06-02 22:45:00+00:00,Washington Nationals,Miami Marlins,0.515,0.485,0.515,0.485,0.9,0.9,2
401815592,MLB,2026-06-02 23:10:00+00:00,Cincinnati Reds,Kansas City Royals,0.525,0.475,0.525,0.475,0.9,0.9,1
401815589,MLB,2026-06-02 22:45:00+00:00,Boston Red Sox,Baltimore Orioles,0.545,0.455,0.545,0.455,0.9,0.9,2
401815600,MLB,2026-06-02 23:45:00+00:00,St. Louis Cardinals,Texas Rangers,0.495,0.505,0.495,0.505,0.9,0.9,2
401815595,MLB,2026-06-02 23:15:00+00:00,Atlanta Braves,Toronto Blue Jays,0.515,0.485,0.515,0.485,0.9,0.9,1
401815603,MLB,2026-06-03 01:40:00+00:00,Seattle Mariners,New York Mets,0.575,0.425,0.575,0.425,0.9,0.9,1
401815599,MLB,2026-06-02 23:40:00+00:00,Milwaukee Brewers,San Francisco Giants,0.695,0.305,0.695,0.305,0.9,0.9,1
401815594,MLB,2026-06-02 22:40:00+00:00,Philadelphia Phillies,San Diego Padres,0.585,0.415,0.585,0.415,0.9,0.9,1
401815597,MLB,2026-06-02 23:40:00+00:00,Minnesota Twins,Chicago White Sox,0.465,0.535,0.465,0.535,0.9,0.9,1
401815596,MLB,2026-06-03 00:05:00+00:00,Chicago Cubs,Athletics,0.535,0.465,0.535,0.465,0.9,0.9,2
401815602,MLB,2026-06-03 01:40:00+00:00,Arizona Diamondbacks,Los Angeles Dodgers,0.475,0.525,0.475,0.525,0.9,0.9,2
401815590,MLB,2026-06-02 23:05:00+00:00,New York Yankees,Cleveland Guardians,0.635,0.365,0.635,0.365,0.9,0.9,2
401815598,MLB,2026-06-03 00:10:00+00:00,Houston Astros,Pittsburgh Pirates,0.525,0.475,0.525,0.475,0.9,0.9,2
401815591,MLB,2026-06-02 22:40:00+00:00,Tampa Bay Rays,Detroit Tigers,0.565,0.435,0.565,0.435,0.9,0.9,2
401815586,MLB,2026-06-02 01:38:00+00:00,Los Angeles Angels,Colorado Rockies,0.645,0.355,0.645,0.355,0.9,0.9,2
401815582,MLB,2026-06-01 22:45:00+00:00,Washington Nationals,Miami Marlins,0.565,0.435,0.565,0.435,0.7,0.7,2
401815583,MLB,2026-06-01 23:40:00+00:00,Minnesota Twins,Chicago White Sox,0.565,0.435,0.565,0.435,0.9,0.9,1
401815581,MLB,2026-06-01 23:10:00+00:00,Cincinnati Reds,Kansas City Royals,0.555,0.445,0.555,0.445,0.9,0.9,2
401815580,MLB,2026-06-01 22:40:00+00:00,Tampa Bay Rays,Detroit Tigers,0.595,0.405,0.595,0.405,0.9,0.9,2
401815584,MLB,2026-06-01 23:40:00+00:00,Milwaukee Brewers,San Francisco Giants,0.595,0.405,0.595,0.405,0.9,0.9,1
401815588,MLB,2026-06-02 01:40:00+00:00,Seattle Mariners,New York Mets,0.545,0.455,0.545,0.455,0.9,0.9,1
401815587,MLB,2026-06-02 01:40:00+00:00,Arizona Diamondbacks,Los Angeles Dodgers,0.405,0.595,0.405,0.595,0.9,0.9,1
401815585,MLB,2026-06-01 23:45:00+00:00,St. Louis Cardinals,Texas Rangers,0.455,0.545,0.455,0.545,0.9,0.9,2
401815572,MLB,2026-05-31 23:20:00+00:00,St. Louis Cardinals,Chicago Cubs,0.525,0.475,0.525,0.475,0.9,0.9,1
401815575,MLB,2026-05-31 18:10:00+00:00,Houston Astros,Milwaukee Brewers,0.365,0.635,0.365,0.635,0.9,0.9,2
401815579,MLB,2026-05-31 20:10:00+00:00,Los Angeles Dodgers,Philadelphia Phillies,0.675,0.325,0.675,0.325,0.9,0.9,1
401815576,MLB,2026-05-31 19:10:00+00:00,Colorado Rockies,San Francisco Giants,0.495,0.505,0.495,0.505,0.9,0.9,2
401815571,MLB,2026-05-31 16:15:00+00:00,Baltimore Orioles,Toronto Blue Jays,0.555,0.445,0.555,0.445,0.9,0.9,1
401815567,MLB,2026-05-31 17:40:00+00:00,Cleveland Guardians,Boston Red Sox,0.515,0.485,0.515,0.485,0.9,0.9,2
401815578,MLB,2026-05-31 20:05:00+00:00,Athletics,New York Yankees,0.385,0.615,0.385,0.615,0.9,0.9,2
401815573,MLB,2026-05-31 18:10:00+00:00,Chicago White Sox,Detroit Tigers,0.555,0.445,0.555,0.445,0.9,0.9,1
401815566,MLB,2026-05-31 17:40:00+00:00,Cincinnati Reds,Atlanta Braves,0.465,0.535,0.465,0.535,0.9,0.9,1
401815574,MLB,2026-05-31 18:35:00+00:00,Texas Rangers,Kansas City Royals,0.505,0.495,0.505,0.495,0.9,0.9,1
401815577,MLB,2026-05-31 20:10:00+00:00,Seattle Mariners,Arizona Diamondbacks,0.575,0.425,0.575,0.425,0.9,0.9,1
401815568,MLB,2026-05-31 17:40:00+00:00,New York Mets,Miami Marlins,0.575,0.425,0.575,0.425,0.9,0.9,1
401815570,MLB,2026-05-31 17:35:00+00:00,Washington Nationals,San Diego Padres,0.495,0.505,0.495,0.505,0.9,0.9,1
401815569,MLB,2026-05-31 17:35:00+00:00,Pittsburgh Pirates,Minnesota Twins,0.605,0.395,0.605,0.395,0.9,0.9,1
401815565,MLB,2026-05-31 17:40:00+00:00,Tampa Bay Rays,Los Angeles Angels,0.655,0.345,0.655,0.345,0.9,0.9,1
401815550,MLB,2026-05-30 20:10:00+00:00,Tampa Bay Rays,Los Angeles Angels,0.605,0.395,0.605,0.395,0.9,0.9,2
401815551,MLB,2026-05-30 23:15:00+00:00,Cincinnati Reds,Atlanta Braves,0.455,0.545,0.455,0.545,0.9,0.9,2
401815555,MLB,2026-05-30 20:05:00+00:00,Washington Nationals,San Diego Padres,0.465,0.535,0.465,0.535,0.9,0.9,1
401815554,MLB,2026-05-30 20:05:00+00:00,Pittsburgh Pirates,Minnesota Twins,0.575,0.425,0.575,0.425,0.9,0.9,1
401815561,MLB,2026-05-31 01:10:00+00:00,Colorado Rockies,San Francisco Giants,0.485,0.515,0.485,0.515,0.7,0.7,1
401815556,MLB,2026-05-30 20:05:00+00:00,Baltimore Orioles,Toronto Blue Jays,0.465,0.535,0.465,0.535,0.9,0.9,1
401815560,MLB,2026-05-30 20:10:00+00:00,Houston Astros,Milwaukee Brewers,0.485,0.515,0.485,0.515,0.9,0.9,1
401815553,MLB,2026-05-30 20:10:00+00:00,New York Mets,Miami Marlins,0.535,0.465,0.535,0.465,0.9,0.9,1
401815562,MLB,2026-05-31 02:10:00+00:00,Seattle Mariners,Arizona Diamondbacks,0.565,0.435,0.565,0.435,0.9,0.9,1
401815564,MLB,2026-05-31 02:10:00+00:00,Los Angeles Dodgers,Philadelphia Phillies,0.5377,0.4623,0.535,0.46,0.9,0.9,2
401815563,MLB,2026-05-31 02:05:00+00:00,Athletics,New York Yankees,0.415,0.585,0.415,0.585,0.9,0.9,1
401815552,MLB,2026-05-30 20:10:00+00:00,Cleveland Guardians,Boston Red Sox,0.525,0.475,0.525,0.475,0.9,0.9,2
401815559,MLB,2026-05-30 20:05:00+00:00,Texas Rangers,Kansas City Royals,0.515,0.485,0.515,0.485,0.9,0.9,1
401815558,MLB,2026-05-30 18:10:00+00:00,Chicago White Sox,Detroit Tigers,0.505,0.495,0.505,0.495,0.9,0.9,1
401815557,MLB,2026-05-30 23:15:00+00:00,St. Louis Cardinals,Chicago Cubs,0.455,0.545,0.455,0.545,0.9,0.9,2
401815542,MLB,2026-05-29 23:15:00+00:00,St. Louis Cardinals,Chicago Cubs,0.455,0.545,0.455,0.545,0.9,0.9,1
401815543,MLB,2026-05-29 23:40:00+00:00,Chicago White Sox,Detroit Tigers,0.505,0.495,0.505,0.495,0.7,0.7,1
401815535,MLB,2026-05-29 23:10:00+00:00,Tampa Bay Rays,Los Angeles Angels,0.585,0.415,0.585,0.415,0.9,0.9,1
401815538,MLB,2026-05-29 23:10:00+00:00,New York Mets,Miami Marlins,0.515,0.485,0.515,0.485,0.9,0.9,1
401815549,MLB,2026-05-30 02:15:00+00:00,Los Angeles Dodgers,Philadelphia Phillies,0.515,0.485,0.515,0.485,0.9,0.9,1
401815547,MLB,2026-05-30 02:10:00+00:00,Seattle Mariners,Arizona Diamondbacks,0.565,0.435,0.565,0.435,0.9,0.9,1
401815548,MLB,2026-05-30 01:40:00+00:00,Athletics,New York Yankees,0.445,0.555,0.445,0.555,0.9,0.9,2
401815546,MLB,2026-05-30 00:40:00+00:00,Colorado Rockies,San Francisco Giants,0.425,0.575,0.425,0.575,0.9,0.9,1
401815545,MLB,2026-05-30 00:10:00+00:00,Houston Astros,Milwaukee Brewers,0.445,0.555,0.445,0.555,0.9,0.9,2
401815544,MLB,2026-05-30 00:05:00+00:00,Texas Rangers,Kansas City Royals,0.535,0.465,0.535,0.465,0.9,0.9,1
401815537,MLB,2026-05-29 23:10:00+00:00,Cleveland Guardians,Boston Red Sox,0.535,0.465,0.535,0.465,0.9,0.9,1
401815541,MLB,2026-05-29 23:05:00+00:00,Baltimore Orioles,Toronto Blue Jays,0.545,0.455,0.545,0.455,0.9,0.9,2
401815540,MLB,2026-05-29 22:45:00+00:00,Washington Nationals,San Diego Padres,0.515,0.485,0.515,0.485,0.9,0.9,2
401815536,MLB,2026-05-29 22:40:00+00:00,Cincinnati Reds,Atlanta Braves,0.455,0.545,0.455,0.545,0.9,0.9,2
401815539,MLB,2026-05-29 22:45:00+00:00,Pittsburgh Pirates,Minnesota Twins,0.555,0.445,0.555,0.445,0.9,0.9,1
401815533,MLB,2026-05-29 00:05:00+00:00,Texas Rangers,Houston Astros,0.575,0.425,0.575,0.425,0.7,0.7,2
401815531,MLB,2026-05-28 22:40:00+00:00,Pittsburgh Pirates,Chicago Cubs,0.615,0.385,0.615,0.385,0.7,0.7,2
401815532,MLB,2026-05-28 22:35:00+00:00,Baltimore Orioles,Toronto Blue Jays,0.535,0.465,0.535,0.465,0.9,0.9,2
401815530,MLB,2026-05-28 20:10:00+00:00,Boston Red Sox,Atlanta Braves,0.445,0.555,0.445,0.555,0.9,0.9,2
401815534,MLB,2026-05-28 18:10:00+00:00,Chicago White Sox,Minnesota Twins,0.605,0.395,0.605,0.395,0.9,0.9,1
401815529,MLB,2026-05-28 17:10:00+00:00,Detroit Tigers,Los Angeles Angels,0.555,0.445,0.555,0.445,0.9,0.9,2
401815514,MLB,2026-05-27 22:40:00+00:00,Detroit Tigers,Los Angeles Angels,0.505,0.495,0.505,0.495,0.9,0.9,1
401815526,MLB,2026-05-28 02:10:00+00:00,Los Angeles Dodgers,Colorado Rockies,0.795,0.205,0.795,0.205,0.9,0.9,1
401815521,MLB,2026-05-28 00:05:00+00:00,Texas Rangers,Houston Astros,0.565,0.435,0.565,0.435,0.9,0.9,2
401815523,MLB,2026-05-27 23:40:00+00:00,Kansas City Royals,New York Yankees,0.415,0.585,0.415,0.585,0.9,0.9,2
401815522,MLB,2026-05-27 23:40:00+00:00,Chicago White Sox,Minnesota Twins,0.495,0.505,0.495,0.505,0.9,0.9,1
401815515,MLB,2026-05-27 22:45:00+00:00,Boston Red Sox,Atlanta Braves,0.515,0.485,0.515,0.485,0.9,0.9,1
401815517,MLB,2026-05-27 23:10:00+00:00,New York Mets,Cincinnati Reds,0.525,0.475,0.525,0.475,0.9,0.9,1
401815516,MLB,2026-05-27 22:40:00+00:00,Pittsburgh Pirates,Chicago Cubs,0.525,0.475,0.525,0.475,0.9,0.9,2
401815519,MLB,2026-05-27 22:35:00+00:00,Baltimore Orioles,Tampa Bay Rays,0.475,0.525,0.475,0.525,0.9,0.9,1
401815527,MLB,2026-05-27 20:10:00+00:00,San Diego Padres,Philadelphia Phillies,0.435,0.565,0.435,0.565,0.9,0.9,2
401815525,MLB,2026-05-27 19:45:00+00:00,San Francisco Giants,Arizona Diamondbacks,0.485,0.515,0.485,0.515,0.9,0.9,2
401815524,MLB,2026-05-27 17:40:00+00:00,Milwaukee Brewers,St. Louis Cardinals,0.605,0.395,0.605,0.395,0.9,0.9,1
401815528,MLB,2026-05-27 19:05:00+00:00,Athletics,Seattle Mariners,0.475,0.525,0.475,0.525,0.9,0.9,2
401815518,MLB,2026-05-27 17:07:00+00:00,Toronto Blue Jays,Miami Marlins,0.585,0.415,0.585,0.415,0.9,0.9,1
401815520,MLB,2026-05-27 17:10:00+00:00,Cleveland Guardians,Washington Nationals,0.615,0.385,0.615,0.385,0.9,0.9,1
401815511,MLB,2026-05-27 02:10:00+00:00,Los Angeles Dodgers,Colorado Rockies,0.675,0.325,0.675,0.325,0.9,0.9,1
401815509,MLB,2026-05-26 23:40:00+00:00,Milwaukee Brewers,St. Louis Cardinals,0.645,0.355,0.645,0.355,0.9,0.9,1
401815508,MLB,2026-05-26 23:40:00+00:00,Kansas City Royals,New York Yankees,0.375,0.625,0.375,0.625,0.9,0.9,2
401815502,MLB,2026-05-26 23:10:00+00:00,New York Mets,Cincinnati Reds,0.485,0.515,0.485,0.515,0.9,0.9,2
401815503,MLB,2026-05-26 23:07:00+00:00,Toronto Blue Jays,Miami Marlins,0.535,0.465,0.535,0.465,0.9,0.9,1
401815504,MLB,2026-05-26 22:35:00+00:00,Baltimore Orioles,Tampa Bay Rays,0.485,0.515,0.485,0.515,0.9,0.9,1
401815505,MLB,2026-05-26 22:10:00+00:00,Cleveland Guardians,Washington Nationals,0.545,0.455,0.545,0.455,0.7,0.7,2
401815510,MLB,2026-05-27 01:45:00+00:00,San Francisco Giants,Arizona Diamondbacks,0.505,0.495,0.505,0.495,0.9,0.9,2
401815512,MLB,2026-05-27 01:40:00+00:00,San Diego Padres,Philadelphia Phillies,0.505,0.495,0.505,0.495,0.9,0.9,2
401815513,MLB,2026-05-27 01:40:00+00:00,Athletics,Seattle Mariners,0.525,0.475,0.525,0.475,0.9,0.9,2
401815506,MLB,2026-05-27 00:05:00+00:00,Texas Rangers,Houston Astros,0.545,0.455,0.545,0.455,0.9,0.9,1
401815507,MLB,2026-05-26 23:40:00+00:00,Chicago White Sox,Minnesota Twins,0.485,0.515,0.485,0.515,0.9,0.9,2
401815501,MLB,2026-05-26 22:40:00+00:00,Pittsburgh Pirates,Chicago Cubs,0.565,0.435,0.565,0.435,0.9,0.9,1
401815499,MLB,2026-05-26 22:40:00+00:00,Detroit Tigers,Los Angeles Angels,0.565,0.435,0.565,0.435,0.9,0.9,2
401815500,MLB,2026-05-26 22:45:00+00:00,Boston Red Sox,Atlanta Braves,0.515,0.485,0.515,0.485,0.9,0.9,2
401815498,MLB,2026-05-26 01:40:00+00:00,Athletics,Seattle Mariners,0.495,0.505,0.495,0.505,0.9,0.9,2
401815488,MLB,2026-05-25 23:07:00+00:00,Toronto Blue Jays,Miami Marlins,0.575,0.425,0.575,0.425,0.9,0.9,2
401815496,MLB,2026-05-26 01:10:00+00:00,Los Angeles Dodgers,Colorado Rockies,0.745,0.255,0.745,0.255,0.9,0.9,1
401815491,MLB,2026-05-25 23:05:00+00:00,Texas Rangers,Houston Astros,0.525,0.475,0.525,0.475,0.9,0.9,2
401815497,MLB,2026-05-25 22:40:00+00:00,San Diego Padres,Philadelphia Phillies,0.485,0.515,0.485,0.515,0.9,0.9,2
401815490,MLB,2026-05-25 22:10:00+00:00,Cleveland Guardians,Washington Nationals,0.615,0.385,0.615,0.385,0.9,0.9,2
401815495,MLB,2026-05-25 21:05:00+00:00,San Francisco Giants,Arizona Diamondbacks,0.545,0.455,0.545,0.455,0.9,0.9,2
401815487,MLB,2026-05-25 20:10:00+00:00,New York Mets,Cincinnati Reds,0.565,0.435,0.565,0.435,0.9,0.9,2
401815493,MLB,2026-05-25 19:40:00+00:00,Kansas City Royals,New York Yankees,0.465,0.535,0.465,0.535,0.9,0.9,2
401815494,MLB,2026-05-25 18:10:00+00:00,Milwaukee Brewers,St. Louis Cardinals,0.665,0.335,0.665,0.335,0.9,0.9,1
401815492,MLB,2026-05-25 18:10:00+00:00,Chicago White Sox,Minnesota Twins,0.515,0.485,0.515,0.485,0.9,0.9,1
401815486,MLB,2026-05-25 17:35:00+00:00,Pittsburgh Pirates,Chicago Cubs,0.475,0.525,0.475,0.525,0.9,0.9,1
401815489,MLB,2026-05-25 17:35:00+00:00,Baltimore Orioles,Tampa Bay Rays,0.485,0.515,0.485,0.515,0.9,0.9,1
401815478,MLB,2026-05-24 20:10:00+00:00,Atlanta Braves,Washington Nationals,0.585,0.415,0.585,0.415,0.9,0.9,2
401815483,MLB,2026-05-24 20:05:00+00:00,San Francisco Giants,Chicago White Sox,0.535,0.465,0.535,0.465,0.9,0.9,1
401815484,MLB,2026-05-24 20:10:00+00:00,Arizona Diamondbacks,Colorado Rockies,0.645,0.355,0.645,0.355,0.9,0.9,1
401815477,MLB,2026-05-24 17:35:00+00:00,New York Yankees,Tampa Bay Rays,0.565,0.435,0.565,0.435,0.9,0.9,1
401815485,MLB,2026-05-24 23:20:00+00:00,Los Angeles Angels,Texas Rangers,0.525,0.475,0.525,0.475,0.9,0.9,1
401815479,MLB,2026-05-24 18:20:00+00:00,Chicago Cubs,Houston Astros,0.605,0.395,0.605,0.395,0.9,0.9,2
401815480,MLB,2026-05-24 18:10:00+00:00,Milwaukee Brewers,Los Angeles Dodgers,0.425,0.575,0.425,0.575,0.9,0.9,2
401815481,MLB,2026-05-24 18:10:00+00:00,Kansas City Royals,Seattle Mariners,0.475,0.525,0.475,0.525,0.9,0.9,1
401815471,MLB,2026-05-24 17:35:00+00:00,Philadelphia Phillies,Cleveland Guardians,0.485,0.515,0.485,0.515,0.9,0.9,2
401815473,MLB,2026-05-24 17:35:00+00:00,Boston Red Sox,Minnesota Twins,0.605,0.395,0.605,0.395,0.9,0.9,2
401815475,MLB,2026-05-24 16:15:00+00:00,Toronto Blue Jays,Pittsburgh Pirates,0.615,0.385,0.615,0.385,0.9,0.9,2
401815472,MLB,2026-05-24 16:35:00+00:00,Baltimore Orioles,Detroit Tigers,0.535,0.465,0.535,0.465,0.9,0.9,1
401815474,MLB,2026-05-24 17:40:00+00:00,Miami Marlins,New York Mets,0.535,0.465,0.535,0.465,0.9,0.9,1
401815482,MLB,2026-05-24 20:10:00+00:00,San Diego Padres,Athletics,0.615,0.385,0.615,0.385,0.9,0.9,2
401815459,MLB,2026-05-23 20:10:00+00:00,Miami Marlins,New York Mets,0.515,0.485,0.515,0.485,0.9,0.9,1
401815460,MLB,2026-05-23 19:07:00+00:00,Toronto Blue Jays,Pittsburgh Pirates,0.435,0.565,0.435,0.565,0.9,0.9,1
401815467,MLB,2026-05-24 01:40:00+00:00,San Diego Padres,Athletics,0.465,0.535,0.465,0.535,0.9,0.9,1
401815465,MLB,2026-05-23 23:15:00+00:00,Milwaukee Brewers,Los Angeles Dodgers,0.495,0.505,0.495,0.505,0.9,0.9,2
401815461,MLB,2026-05-23 23:15:00+00:00,Cincinnati Reds,St. Louis Cardinals,0.505,0.495,0.505,0.495,0.9,0.9,1
401815466,MLB,2026-05-23 20:10:00+00:00,Kansas City Royals,Seattle Mariners,0.465,0.535,0.465,0.535,0.9,0.9,1
401815456,MLB,2026-05-23 20:05:00+00:00,Philadelphia Phillies,Cleveland Guardians,0.615,0.385,0.615,0.385,0.9,0.9,1
401873649,MLB,2026-05-24 22:05:00+00:00,Baltimore Orioles,Detroit Tigers,0.545,0.455,0.545,0.455,0.9,0.9,2
401815464,MLB,2026-05-23 18:20:00+00:00,Chicago Cubs,Houston Astros,0.565,0.435,0.565,0.435,0.9,0.9,2
401815469,MLB,2026-05-24 02:10:00+00:00,Arizona Diamondbacks,Colorado Rockies,0.635,0.365,0.635,0.365,0.9,0.9,1
401815470,MLB,2026-05-24 02:05:00+00:00,Los Angeles Angels,Texas Rangers,0.435,0.565,0.435,0.565,0.9,0.9,1
401815458,MLB,2026-05-23 20:10:00+00:00,Boston Red Sox,Minnesota Twins,0.545,0.455,0.545,0.455,0.9,0.9,2
401815463,MLB,2026-05-23 20:10:00+00:00,Atlanta Braves,Washington Nationals,0.605,0.395,0.605,0.395,0.9,0.9,2
401815468,MLB,2026-05-23 20:05:00+00:00,San Francisco Giants,Chicago White Sox,0.505,0.495,0.505,0.495,0.9,0.9,1
401815453,MLB,2026-05-23 02:15:00+00:00,San Francisco Giants,Chicago White Sox,0.485,0.515,0.485,0.515,0.9,0.9,2
401815452,MLB,2026-05-23 01:40:00+00:00,San Diego Padres,Athletics,0.535,0.465,0.535,0.465,0.9,0.9,1
401815454,MLB,2026-05-23 01:40:00+00:00,Arizona Diamondbacks,Colorado Rockies,0.675,0.325,0.675,0.325,0.9,0.9,2
401815455,MLB,2026-05-23 01:38:00+00:00,Los Angeles Angels,Texas Rangers,0.405,0.595,0.405,0.595,0.9,0.9,1
401815450,MLB,2026-05-22 23:40:00+00:00,Milwaukee Brewers,Los Angeles Dodgers,0.505,0.495,0.505,0.495,0.9,0.9,1
401815451,MLB,2026-05-22 23:40:00+00:00,Kansas City Royals,Seattle Mariners,0.485,0.515,0.485,0.515,0.9,0.9,2
401815448,MLB,2026-05-22 23:15:00+00:00,Atlanta Braves,Washington Nationals,0.645,0.355,0.645,0.355,0.9,0.9,1
401815442,MLB,2026-05-22 23:15:00+00:00,Baltimore Orioles,Detroit Tigers,0.545,0.455,0.545,0.455,0.9,0.9,1
401815444,MLB,2026-05-22 23:10:00+00:00,Miami Marlins,New York Mets,0.515,0.485,0.515,0.485,0.9,0.9,1
401815445,MLB,2026-05-22 23:07:00+00:00,Toronto Blue Jays,Pittsburgh Pirates,0.595,0.405,0.595,0.405,0.9,0.9,1
401815443,MLB,2026-05-22 23:10:00+00:00,Boston Red Sox,Minnesota Twins,0.575,0.425,0.575,0.425,0.9,0.9,2
401815447,MLB,2026-05-22 23:05:00+00:00,New York Yankees,Tampa Bay Rays,0.565,0.435,0.565,0.435,0.9,0.9,2
401815441,MLB,2026-05-22 22:40:00+00:00,Philadelphia Phillies,Cleveland Guardians,0.615,0.385,0.615,0.385,0.9,0.9,2
401873647,MLB,2026-05-23 17:10:00+00:00,Cincinnati Reds,St. Louis Cardinals,0.5126,0.4874,0.51,0.485,0.9,0.9,2
401815449,MLB,2026-05-22 18:20:00+00:00,Chicago Cubs,Houston Astros,0.575,0.425,0.575,0.425,0.9,0.9,2
401815434,MLB,2026-05-21 22:40:00+00:00,Miami Marlins,Atlanta Braves,0.445,0.555,0.445,0.555,0.9,0.9,2
401815436,MLB,2026-05-21 20:05:00+00:00,Washington Nationals,New York Mets,0.495,0.505,0.495,0.505,0.9,0.9,2
401815437,MLB,2026-05-21 23:05:00+00:00,New York Yankees,Toronto Blue Jays,0.565,0.435,0.565,0.435,0.9,0.9,2
401815440,MLB,2026-05-22 01:40:00+00:00,Arizona Diamondbacks,Colorado Rockies,0.665,0.335,0.665,0.335,0.9,0.9,1
401815439,MLB,2026-05-22 01:38:00+00:00,Los Angeles Angels,Athletics,0.525,0.475,0.525,0.475,0.7,0.7,2
401815438,MLB,2026-05-21 17:15:00+00:00,St. Louis Cardinals,Pittsburgh Pirates,0.485,0.515,0.485,0.515,0.9,0.9,2
401815435,MLB,2026-05-21 17:10:00+00:00,Detroit Tigers,Cleveland Guardians,0.535,0.465,0.535,0.465,0.9,0.9,2
401815426,MLB,2026-05-20 17:40:00+00:00,Minnesota Twins,Houston Astros,0.565,0.435,0.565,0.435,0.9,0.9,1
401815428,MLB,2026-05-20 23:45:00+00:00,St. Louis Cardinals,Pittsburgh Pirates,0.515,0.485,0.515,0.485,0.9,0.9,2
401815420,MLB,2026-05-20 17:10:00+00:00,Tampa Bay Rays,Baltimore Orioles,0.515,0.485,0.515,0.485,0.9,0.9,1
401815423,MLB,2026-05-20 22:45:00+00:00,Washington Nationals,New York Mets,0.465,0.535,0.465,0.535,0.9,0.9,1
401815432,MLB,2026-05-21 00:40:00+00:00,San Diego Padres,Los Angeles Dodgers,0.355,0.645,0.355,0.645,0.9,0.9,2
401815429,MLB,2026-05-20 19:10:00+00:00,Colorado Rockies,Texas Rangers,0.465,0.535,0.465,0.535,0.9,0.9,2
401815431,MLB,2026-05-20 20:10:00+00:00,Seattle Mariners,Chicago White Sox,0.575,0.425,0.575,0.425,0.9,0.9,1
401815424,MLB,2026-05-20 23:05:00+00:00,New York Yankees,Toronto Blue Jays,0.615,0.385,0.615,0.385,0.9,0.9,2
401815427,MLB,2026-05-20 23:40:00+00:00,Chicago Cubs,Milwaukee Brewers,0.505,0.495,0.505,0.495,0.9,0.9,2
401815425,MLB,2026-05-20 23:40:00+00:00,Kansas City Royals,Boston Red Sox,0.515,0.485,0.515,0.485,0.9,0.9,2
401815421,MLB,2026-05-20 17:05:00+00:00,Philadelphia Phillies,Cincinnati Reds,0.585,0.415,0.585,0.415,0.9,0.9,2
401815433,MLB,2026-05-20 19:40:00+00:00,Arizona Diamondbacks,San Francisco Giants,0.505,0.495,0.505,0.495,0.8,0.9,1
401815422,MLB,2026-05-20 22:40:00+00:00,Detroit Tigers,Cleveland Guardians,0.475,0.525,0.475,0.525,0.9,0.9,2
401815430,MLB,2026-05-21 01:38:00+00:00,Los Angeles Angels,Athletics,0.465,0.535,0.465,0.535,0.9,0.9,2
401815419,MLB,2026-05-20 22:40:00+00:00,Miami Marlins,Atlanta Braves,0.385,0.615,0.385,0.615,0.9,0.9,2
401815404,MLB,2026-05-19 20:10:00+00:00,Miami Marlins,Atlanta Braves,0.445,0.555,0.445,0.555,0.9,0.9,2
401815416,MLB,2026-05-20 01:40:00+00:00,Seattle Mariners,Chicago White Sox,0.555,0.445,0.555,0.445,0.7,0.7,2
401815417,MLB,2026-05-20 01:40:00+00:00,San Diego Padres,Los Angeles Dodgers,0.395,0.605,0.395,0.605,0.7,0.7,2
401815418,MLB,2026-05-20 01:40:00+00:00,Arizona Diamondbacks,San Francisco Giants,0.545,0.455,0.545,0.455,0.7,0.7,1
401815414,MLB,2026-05-20 00:40:00+00:00,Colorado Rockies,Texas Rangers,0.495,0.505,0.495,0.505,0.9,0.9,2
401815415,MLB,2026-05-20 01:38:00+00:00,Los Angeles Angels,Athletics,0.565,0.435,0.565,0.435,0.9,0.9,2
401815413,MLB,2026-05-19 23:45:00+00:00,St. Louis Cardinals,Pittsburgh Pirates,0.525,0.475,0.525,0.475,0.9,0.9,1
401815411,MLB,2026-05-19 23:40:00+00:00,Minnesota Twins,Houston Astros,0.555,0.445,0.555,0.445,0.9,0.9,2
401815410,MLB,2026-05-19 23:40:00+00:00,Kansas City Royals,Boston Red Sox,0.455,0.545,0.455,0.545,0.9,0.9,2
401815412,MLB,2026-05-19 23:40:00+00:00,Chicago Cubs,Milwaukee Brewers,0.475,0.525,0.475,0.525,0.9,0.9,2
401815409,MLB,2026-05-19 23:05:00+00:00,New York Yankees,Toronto Blue Jays,0.555,0.445,0.555,0.445,0.9,0.9,1
401815408,MLB,2026-05-19 22:45:00+00:00,Washington Nationals,New York Mets,0.435,0.565,0.435,0.565,0.9,0.9,1
401815405,MLB,2026-05-19 22:40:00+00:00,Tampa Bay Rays,Baltimore Orioles,0.505,0.495,0.505,0.495,0.9,0.9,1
401815406,MLB,2026-05-19 22:40:00+00:00,Philadelphia Phillies,Cincinnati Reds,0.565,0.435,0.565,0.435,0.9,0.9,2
401815407,MLB,2026-05-19 22:40:00+00:00,Detroit Tigers,Cleveland Guardians,0.405,0.595,0.405,0.595,0.9,0.9,2
401815396,MLB,2026-05-18 23:10:00+00:00,Kansas City Royals,Boston Red Sox,0.505,0.495,0.505,0.495,0.9,0.9,2
401815390,MLB,2026-05-18 22:40:00+00:00,Miami Marlins,Atlanta Braves,0.515,0.485,0.515,0.485,0.9,0.9,1
401815397,MLB,2026-05-18 23:40:00+00:00,Minnesota Twins,Houston Astros,0.515,0.485,0.515,0.485,0.9,0.9,1
401815402,MLB,2026-05-19 01:40:00+00:00,San Diego Padres,Los Angeles Dodgers,0.435,0.565,0.435,0.565,0.9,0.9,1
401815403,MLB,2026-05-19 01:40:00+00:00,Arizona Diamondbacks,San Francisco Giants,0.555,0.445,0.555,0.445,0.9,0.9,1
401815399,MLB,2026-05-19 00:40:00+00:00,Colorado Rockies,Texas Rangers,0.435,0.565,0.435,0.565,0.9,0.9,1
401815400,MLB,2026-05-19 01:38:00+00:00,Los Angeles Angels,Athletics,0.445,0.555,0.445,0.555,0.9,0.9,1
401815398,MLB,2026-05-18 23:40:00+00:00,Chicago Cubs,Milwaukee Brewers,0.595,0.405,0.595,0.405,0.9,0.9,2
401815395,MLB,2026-05-18 23:05:00+00:00,New York Yankees,Toronto Blue Jays,0.605,0.395,0.605,0.395,0.9,0.9,1
401815394,MLB,2026-05-18 22:45:00+00:00,Washington Nationals,New York Mets,0.465,0.535,0.465,0.535,0.9,0.9,2
401815391,MLB,2026-05-18 22:40:00+00:00,Tampa Bay Rays,Baltimore Orioles,0.565,0.435,0.565,0.435,0.9,0.9,1
401815392,MLB,2026-05-18 22:40:00+00:00,Philadelphia Phillies,Cincinnati Reds,0.525,0.475,0.525,0.475,0.9,0.9,1
401815393,MLB,2026-05-18 22:40:00+00:00,Detroit Tigers,Cleveland Guardians,0.555,0.445,0.555,0.445,0.9,0.9,2
401815401,MLB,2026-05-19 01:40:00+00:00,Seattle Mariners,Chicago White Sox,0.595,0.405,0.595,0.405,0.9,0.9,1
401815375,MLB,2026-05-17 17:35:00+00:00,Washington Nationals,Baltimore Orioles,0.475,0.525,0.475,0.525,0.9,0.9,2
401815388,MLB,2026-05-17 23:20:00+00:00,Seattle Mariners,San Diego Padres,0.585,0.415,0.585,0.415,0.9,0.9,2
401815382,MLB,2026-05-17 18:10:00+00:00,Chicago White Sox,Chicago Cubs,0.455,0.545,0.455,0.545,0.9,0.9,1
401815387,MLB,2026-05-17 20:07:00+00:00,Los Angeles Angels,Los Angeles Dodgers,0.425,0.575,0.425,0.575,0.9,0.9,2
401815389,MLB,2026-05-17 20:05:00+00:00,Athletics,San Francisco Giants,0.575,0.425,0.575,0.425,0.9,0.9,2
401815383,MLB,2026-05-17 18:15:00+00:00,St. Louis Cardinals,Kansas City Royals,0.525,0.475,0.525,0.475,0.8,0.8,2
401815385,MLB,2026-05-17 18:10:00+00:00,Houston Astros,Texas Rangers,0.465,0.535,0.465,0.535,0.9,0.9,2
401815377,MLB,2026-05-17 17:40:00+00:00,Cleveland Guardians,Cincinnati Reds,0.585,0.415,0.585,0.415,0.9,0.9,1
401815380,MLB,2026-05-17 17:35:00+00:00,Pittsburgh Pirates,Philadelphia Phillies,0.545,0.455,0.545,0.455,0.9,0.9,2
401815378,MLB,2026-05-17 16:15:00+00:00,Tampa Bay Rays,Miami Marlins,0.575,0.425,0.575,0.425,0.8,0.8,1
401815386,MLB,2026-05-17 19:10:00+00:00,Colorado Rockies,Arizona Diamondbacks,0.425,0.575,0.425,0.575,0.9,0.9,2
401815384,MLB,2026-05-17 18:10:00+00:00,Minnesota Twins,Milwaukee Brewers,0.445,0.555,0.445,0.555,0.9,0.9,1
401815379,MLB,2026-05-17 17:40:00+00:00,New York Mets,New York Yankees,0.525,0.475,0.525,0.475,0.9,0.9,1
401815381,MLB,2026-05-17 17:40:00+00:00,Detroit Tigers,Toronto Blue Jays,0.4697,0.5303,0.465,0.525,0.9,0.9,2
401815376,MLB,2026-05-17 17:35:00+00:00,Atlanta Braves,Boston Red Sox,0.575,0.425,0.575,0.425,0.9,0.9,1
401815365,MLB,2026-05-16 20:05:00+00:00,Pittsburgh Pirates,Philadelphia Phillies,0.395,0.605,0.395,0.605,0.8,0.8,2
401815373,MLB,2026-05-16 23:15:00+00:00,Seattle Mariners,San Diego Padres,0.605,0.395,0.605,0.395,0.9,0.9,2
401815360,MLB,2026-05-16 20:05:00+00:00,Washington Nationals,Baltimore Orioles,0.505,0.495,0.505,0.495,0.8,0.8,1
401815374,MLB,2026-05-17 01:40:00+00:00,Athletics,San Francisco Giants,0.555,0.445,0.555,0.445,0.7,0.7,2
401815372,MLB,2026-05-17 01:38:00+00:00,Los Angeles Angels,Los Angeles Dodgers,0.455,0.545,0.455,0.545,0.9,0.9,2
401815361,MLB,2026-05-16 23:15:00+00:00,Atlanta Braves,Boston Red Sox,0.525,0.475,0.525,0.475,0.9,0.9,2
401815369,MLB,2026-05-16 23:10:00+00:00,Minnesota Twins,Milwaukee Brewers,0.455,0.545,0.455,0.545,0.9,0.9,2
401815364,MLB,2026-05-16 23:15:00+00:00,New York Mets,New York Yankees,0.475,0.525,0.475,0.525,0.9,0.9,1
401815367,MLB,2026-05-16 23:10:00+00:00,Chicago White Sox,Chicago Cubs,0.505,0.495,0.505,0.495,0.9,0.9,1
401815363,MLB,2026-05-16 20:10:00+00:00,Tampa Bay Rays,Miami Marlins,0.555,0.445,0.555,0.445,0.9,0.9,2
401815368,MLB,2026-05-16 18:15:00+00:00,St. Louis Cardinals,Kansas City Royals,0.505,0.495,0.505,0.495,0.9,0.9,1
401815362,MLB,2026-05-16 22:10:00+00:00,Cleveland Guardians,Cincinnati Reds,0.585,0.415,0.585,0.415,0.9,0.9,1
401815371,MLB,2026-05-16 19:10:00+00:00,Colorado Rockies,Arizona Diamondbacks,0.435,0.565,0.435,0.565,0.9,0.9,1
401815366,MLB,2026-05-16 17:10:00+00:00,Detroit Tigers,Toronto Blue Jays,0.5101,0.4899,0.505,0.485,0.8,0.9,2
401815370,MLB,2026-05-16 23:10:00+00:00,Houston Astros,Texas Rangers,0.425,0.575,0.425,0.575,0.9,0.9,1
401815347,MLB,2026-05-15 23:10:00+00:00,Cleveland Guardians,Cincinnati Reds,0.555,0.445,0.555,0.445,0.9,0.9,2
401815351,MLB,2026-05-15 22:40:00+00:00,Detroit Tigers,Toronto Blue Jays,0.465,0.535,0.465,0.535,0.9,0.9,1
401815345,MLB,2026-05-15 22:45:00+00:00,Washington Nationals,Baltimore Orioles,0.445,0.555,0.445,0.555,0.9,0.9,1
401815355,MLB,2026-05-16 00:10:00+00:00,Houston Astros,Texas Rangers,0.495,0.505,0.495,0.505,0.9,0.9,1
401815354,MLB,2026-05-15 23:10:00+00:00,Minnesota Twins,Milwaukee Brewers,0.495,0.505,0.495,0.505,0.9,0.9,2
401815349,MLB,2026-05-15 23:15:00+00:00,New York Mets,New York Yankees,0.425,0.575,0.425,0.575,0.9,0.9,2
401815356,MLB,2026-05-16 00:40:00+00:00,Colorado Rockies,Arizona Diamondbacks,0.475,0.525,0.475,0.525,0.9,0.9,2
401815352,MLB,2026-05-15 23:40:00+00:00,Chicago White Sox,Chicago Cubs,0.465,0.535,0.465,0.535,0.9,0.9,2
401815357,MLB,2026-05-16 01:38:00+00:00,Los Angeles Angels,Los Angeles Dodgers,0.375,0.625,0.375,0.625,0.9,0.9,2
401815348,MLB,2026-05-15 23:10:00+00:00,Tampa Bay Rays,Miami Marlins,0.525,0.475,0.525,0.475,0.9,0.9,1
401815353,MLB,2026-05-16 00:15:00+00:00,St. Louis Cardinals,Kansas City Royals,0.505,0.495,0.505,0.495,0.8,0.8,1
401815346,MLB,2026-05-15 23:15:00+00:00,Atlanta Braves,Boston Red Sox,0.575,0.425,0.575,0.425,0.9,0.9,1
401815350,MLB,2026-05-15 22:40:00+00:00,Pittsburgh Pirates,Philadelphia Phillies,0.555,0.445,0.555,0.445,0.9,0.9,2
401815359,MLB,2026-05-16 01:40:00+00:00,Athletics,San Francisco Giants,0.545,0.455,0.545,0.455,0.9,0.9,1
401815358,MLB,2026-05-16 01:40:00+00:00,Seattle Mariners,San Diego Padres,0.545,0.455,0.545,0.455,0.9,0.9,2
401815343,MLB,2026-05-15 02:10:00+00:00,Los Angeles Dodgers,San Francisco Giants,0.615,0.385,0.615,0.385,0.9,0.9,1
401815339,MLB,2026-05-14 23:40:00+00:00,Chicago White Sox,Kansas City Royals,0.445,0.555,0.445,0.555,0.9,0.9,1
401815334,MLB,2026-05-14 23:15:00+00:00,Atlanta Braves,Chicago Cubs,0.635,0.365,0.635,0.365,0.9,0.9,2
401815337,MLB,2026-05-14 22:45:00+00:00,Boston Red Sox,Philadelphia Phillies,0.525,0.475,0.525,0.475,0.9,0.9,2
401815344,MLB,2026-05-14 19:05:00+00:00,Athletics,St. Louis Cardinals,0.535,0.465,0.535,0.465,0.9,0.9,2
401815342,MLB,2026-05-14 18:10:00+00:00,Houston Astros,Seattle Mariners,0.495,0.505,0.495,0.505,0.9,0.9,2
401815340,MLB,2026-05-14 17:40:00+00:00,Minnesota Twins,Miami Marlins,0.485,0.515,0.485,0.515,0.8,0.8,1
401815341,MLB,2026-05-14 17:40:00+00:00,Milwaukee Brewers,San Diego Padres,0.555,0.445,0.555,0.445,0.9,0.8,1
401815336,MLB,2026-05-14 17:10:00+00:00,New York Mets,Detroit Tigers,0.585,0.415,0.585,0.415,0.9,0.9,1
401815338,MLB,2026-05-14 16:40:00+00:00,Cincinnati Reds,Washington Nationals,0.595,0.405,0.595,0.405,0.9,0.9,1
401815335,MLB,2026-05-14 16:35:00+00:00,Pittsburgh Pirates,Colorado Rockies,0.605,0.395,0.605,0.395,0.9,0.9,1
401815333,MLB,2026-05-14 01:40:00+00:00,Athletics,St. Louis Cardinals,0.565,0.435,0.565,0.435,0.9,0.9,1
401815332,MLB,2026-05-14 02:10:00+00:00,Los Angeles Dodgers,San Francisco Giants,0.685,0.315,0.685,0.315,0.9,0.9,1
401815328,MLB,2026-05-13 23:40:00+00:00,Chicago White Sox,Kansas City Royals,0.495,0.505,0.495,0.505,0.8,0.8,1
401815327,MLB,2026-05-14 00:05:00+00:00,Texas Rangers,Arizona Diamondbacks,0.485,0.515,0.485,0.515,0.6,0.6,1
401815320,MLB,2026-05-13 23:15:00+00:00,Atlanta Braves,Chicago Cubs,0.455,0.545,0.455,0.545,0.9,0.9,1
401815322,MLB,2026-05-13 23:10:00+00:00,New York Mets,Detroit Tigers,0.525,0.475,0.525,0.475,0.9,0.9,1
401815331,MLB,2026-05-14 00:10:00+00:00,Houston Astros,Seattle Mariners,0.435,0.565,0.435,0.565,0.9,0.9,1
401815329,MLB,2026-05-13 23:40:00+00:00,Minnesota Twins,Miami Marlins,0.455,0.545,0.455,0.545,0.8,0.8,2
401815330,MLB,2026-05-13 23:40:00+00:00,Milwaukee Brewers,San Diego Padres,0.595,0.405,0.595,0.405,0.8,0.8,2
401815325,MLB,2026-05-13 23:07:00+00:00,Toronto Blue Jays,Tampa Bay Rays,0.565,0.435,0.565,0.435,0.9,0.9,1
401815324,MLB,2026-05-13 22:45:00+00:00,Boston Red Sox,Philadelphia Phillies,0.54,0.46,0.54,0.46,0.9,0.9,1
401815321,MLB,2026-05-13 22:40:00+00:00,Pittsburgh Pirates,Colorado Rockies,0.625,0.375,0.625,0.375,0.9,0.9,2
401815326,MLB,2026-05-13 22:40:00+00:00,Cincinnati Reds,Washington Nationals,0.625,0.375,0.625,0.375,0.9,0.9,2
401815323,MLB,2026-05-13 17:05:00+00:00,Baltimore Orioles,New York Yankees,0.405,0.595,0.405,0.595,0.8,0.9,1
401815319,MLB,2026-05-13 17:10:00+00:00,Cleveland Guardians,Los Angeles Angels,0.585,0.415,0.585,0.415,0.9,0.9,1
401815316,MLB,2026-05-13 00:10:00+00:00,Houston Astros,Seattle Mariners,0.355,0.645,0.355,0.645,0.9,0.9,2
401815315,MLB,2026-05-12 23:40:00+00:00,Milwaukee Brewers,San Diego Padres,0.575,0.425,0.575,0.425,0.9,0.9,1
401815317,MLB,2026-05-13 02:10:00+00:00,Los Angeles Dodgers,San Francisco Giants,0.745,0.255,0.745,0.255,0.9,0.9,2
401815318,MLB,2026-05-13 01:40:00+00:00,Athletics,St. Louis Cardinals,0.585,0.415,0.585,0.415,0.9,0.9,2
401815312,MLB,2026-05-13 00:05:00+00:00,Texas Rangers,Arizona Diamondbacks,0.525,0.475,0.525,0.475,0.9,0.9,1
401815314,MLB,2026-05-12 23:40:00+00:00,Minnesota Twins,Miami Marlins,0.495,0.505,0.495,0.505,0.9,0.9,1
401815313,MLB,2026-05-12 23:40:00+00:00,Chicago White Sox,Kansas City Royals,0.485,0.515,0.485,0.515,0.9,0.9,1
401815305,MLB,2026-05-12 23:15:00+00:00,Atlanta Braves,Chicago Cubs,0.535,0.465,0.535,0.465,0.9,0.9,1
401815310,MLB,2026-05-12 23:07:00+00:00,Toronto Blue Jays,Tampa Bay Rays,0.485,0.515,0.485,0.515,0.9,0.9,2
401815309,MLB,2026-05-12 22:45:00+00:00,Boston Red Sox,Philadelphia Phillies,0.445,0.555,0.445,0.555,0.8,0.9,2
401815311,MLB,2026-05-12 22:40:00+00:00,Cincinnati Reds,Washington Nationals,0.565,0.435,0.565,0.435,0.9,0.9,2
401815304,MLB,2026-05-12 22:10:00+00:00,Cleveland Guardians,Los Angeles Angels,0.555,0.445,0.555,0.445,0.9,0.9,1
401815308,MLB,2026-05-12 22:35:00+00:00,Baltimore Orioles,New York Yankees,0.445,0.555,0.445,0.555,0.7,0.7,2
401815307,MLB,2026-05-12 23:10:00+00:00,New York Mets,Detroit Tigers,0.575,0.425,0.575,0.425,0.9,0.8,1
401815306,MLB,2026-05-12 22:40:00+00:00,Pittsburgh Pirates,Colorado Rockies,0.715,0.285,0.715,0.285,0.9,0.9,1
401815300,MLB,2026-05-11 23:07:00+00:00,Toronto Blue Jays,Tampa Bay Rays,0.525,0.475,0.525,0.475,0.9,0.9,2
401815302,MLB,2026-05-12 00:10:00+00:00,Houston Astros,Seattle Mariners,0.415,0.585,0.415,0.585,0.9,0.9,2
401815301,MLB,2026-05-12 00:05:00+00:00,Texas Rangers,Arizona Diamondbacks,0.505,0.495,0.505,0.495,0.9,0.9,2
401815299,MLB,2026-05-11 22:35:00+00:00,Baltimore Orioles,New York Yankees,0.425,0.575,0.425,0.575,0.9,0.9,1
401815298,MLB,2026-05-11 22:10:00+00:00,Cleveland Guardians,Los Angeles Angels,0.605,0.395,0.605,0.395,0.9,0.9,1
401815303,MLB,2026-05-12 02:10:00+00:00,Los Angeles Dodgers,San Francisco Giants,0.625,0.375,0.625,0.375,0.9,0.9,2
401815287,MLB,2026-05-10 17:40:00+00:00,Cleveland Guardians,Minnesota Twins,0.585,0.415,0.585,0.415,0.9,0.9,2
401815283,MLB,2026-05-10 17:37:00+00:00,Toronto Blue Jays,Los Angeles Angels,0.515,0.485,0.515,0.485,0.9,0.9,2
401815280,MLB,2026-05-09 23:15:00+00:00,Arizona Diamondbacks,New York Mets,0.495,0.505,0.495,0.505,0.9,0.9,1
401815271,MLB,2026-05-09 20:10:00+00:00,Cincinnati Reds,Houston Astros,0.59,0.41,0.59,0.41,0.9,0.9,1
401815279,MLB,2026-05-10 01:10:00+00:00,Los Angeles Dodgers,Atlanta Braves,0.625,0.375,0.625,0.375,0.9,0.9,2
401815269,MLB,2026-05-09 20:05:00+00:00,Baltimore Orioles,Athletics,0.525,0.475,0.525,0.475,0.8,0.8,2
401815270,MLB,2026-05-09 22:05:00+00:00,Philadelphia Phillies,Colorado Rockies,0.625,0.375,0.625,0.375,0.9,0.9,1
401815297,MLB,2026-05-10 20:10:00+00:00,San Diego Padres,St. Louis Cardinals,0.535,0.465,0.535,0.465,0.9,0.9,1
401815291,MLB,2026-05-10 23:20:00+00:00,Kansas City Royals,Detroit Tigers,0.545,0.455,0.545,0.455,0.6,0.6,2
401815294,MLB,2026-05-10 20:10:00+00:00,Los Angeles Dodgers,Atlanta Braves,0.575,0.425,0.575,0.425,0.9,0.9,2
401815295,MLB,2026-05-10 20:10:00+00:00,Arizona Diamondbacks,New York Mets,0.515,0.485,0.515,0.485,0.9,0.9,1
401815296,MLB,2026-05-10 20:05:00+00:00,San Francisco Giants,Pittsburgh Pirates,0.535,0.465,0.535,0.465,0.9,0.9,1
401815290,MLB,2026-05-10 18:35:00+00:00,Texas Rangers,Chicago Cubs,0.515,0.485,0.515,0.485,0.9,0.9,1
401815292,MLB,2026-05-10 18:10:00+00:00,Milwaukee Brewers,New York Yankees,0.515,0.485,0.515,0.485,0.9,0.9,1
401815293,MLB,2026-05-10 18:10:00+00:00,Chicago White Sox,Seattle Mariners,0.435,0.565,0.435,0.565,0.9,0.9,1
401815286,MLB,2026-05-10 17:40:00+00:00,Cincinnati Reds,Houston Astros,0.505,0.495,0.505,0.495,0.9,0.9,1
401815288,MLB,2026-05-10 17:35:00+00:00,Boston Red Sox,Tampa Bay Rays,0.575,0.425,0.575,0.425,0.9,0.9,2
401815285,MLB,2026-05-10 17:35:00+00:00,Philadelphia Phillies,Colorado Rockies,0.725,0.275,0.725,0.275,0.9,0.9,1
401815284,MLB,2026-05-10 17:35:00+00:00,Baltimore Orioles,Athletics,0.5,0.5,0.495,0.495,0.9,0.9,1
401815289,MLB,2026-05-10 16:15:00+00:00,Miami Marlins,Washington Nationals,0.545,0.455,0.545,0.455,0.9,0.9,1
401815281,MLB,2026-05-10 01:05:00+00:00,San Francisco Giants,Pittsburgh Pirates,0.505,0.495,0.505,0.495,0.9,0.9,2
401815282,MLB,2026-05-09 23:15:00+00:00,San Diego Padres,St. Louis Cardinals,0.545,0.455,0.545,0.455,0.9,0.9,1
401815277,MLB,2026-05-09 23:10:00+00:00,Milwaukee Brewers,New York Yankees,0.465,0.535,0.465,0.535,0.9,0.9,1
401815276,MLB,2026-05-09 23:10:00+00:00,Kansas City Royals,Detroit Tigers,0.555,0.445,0.555,0.445,0.9,0.9,1
401815278,MLB,2026-05-09 23:10:00+00:00,Chicago White Sox,Seattle Mariners,0.455,0.545,0.455,0.545,0.9,0.9,1
401815275,MLB,2026-05-09 23:05:00+00:00,Texas Rangers,Chicago Cubs,0.455,0.545,0.455,0.545,0.8,0.8,1
401815272,MLB,2026-05-09 22:10:00+00:00,Cleveland Guardians,Minnesota Twins,0.525,0.475,0.525,0.475,0.9,0.8,2
401815274,MLB,2026-05-09 20:10:00+00:00,Miami Marlins,Washington Nationals,0.595,0.405,0.595,0.405,0.9,0.9,1
401815268,MLB,2026-05-09 19:07:00+00:00,Toronto Blue Jays,Los Angeles Angels,0.625,0.375,0.625,0.375,0.9,0.9,1
401815261,MLB,2026-05-08 23:40:00+00:00,Kansas City Royals,Detroit Tigers,0.575,0.425,0.575,0.425,0.9,0.8,1
401815267,MLB,2026-05-09 01:45:00+00:00,San Diego Padres,St. Louis Cardinals,0.575,0.425,0.575,0.425,0.9,0.9,2
401815265,MLB,2026-05-09 01:40:00+00:00,Arizona Diamondbacks,New York Mets,0.465,0.535,0.465,0.535,0.9,0.9,2
401815263,MLB,2026-05-08 23:40:00+00:00,Chicago White Sox,Seattle Mariners,0.445,0.555,0.445,0.555,0.9,0.9,2
401815259,MLB,2026-05-08 23:10:00+00:00,Miami Marlins,Washington Nationals,0.565,0.435,0.565,0.435,0.9,0.9,2
401815258,MLB,2026-05-08 23:10:00+00:00,Boston Red Sox,Tampa Bay Rays,0.545,0.455,0.545,0.455,0.9,0.9,1
401815253,MLB,2026-05-08 23:07:00+00:00,Toronto Blue Jays,Los Angeles Angels,0.595,0.405,0.595,0.405,0.9,0.9,1
401815255,MLB,2026-05-08 22:40:00+00:00,Philadelphia Phillies,Colorado Rockies,0.675,0.325,0.675,0.325,0.9,0.9,2
401815266,MLB,2026-05-09 02:15:00+00:00,San Francisco Giants,Pittsburgh Pirates,0.505,0.495,0.505,0.495,0.9,0.9,1
401815264,MLB,2026-05-09 02:10:00+00:00,Los Angeles Dodgers,Atlanta Braves,0.505,0.495,0.505,0.495,0.9,0.9,1
401815260,MLB,2026-05-09 00:05:00+00:00,Texas Rangers,Chicago Cubs,0.465,0.535,0.465,0.535,0.9,0.9,2
401815262,MLB,2026-05-08 23:40:00+00:00,Milwaukee Brewers,New York Yankees,0.475,0.525,0.475,0.525,0.8,0.9,1
401815257,MLB,2026-05-08 23:15:00+00:00,Cleveland Guardians,Minnesota Twins,0.565,0.435,0.565,0.435,0.7,0.7,1
401815254,MLB,2026-05-08 23:05:00+00:00,Baltimore Orioles,Athletics,0.545,0.455,0.545,0.455,0.9,0.9,2
401815256,MLB,2026-05-08 22:10:00+00:00,Cincinnati Reds,Houston Astros,0.545,0.455,0.545,0.455,0.9,0.9,2
401815244,MLB,2026-05-07 22:40:00+00:00,Philadelphia Phillies,Athletics,0.545,0.455,0.545,0.455,0.9,0.9,2
401815247,MLB,2026-05-07 23:00:00+00:00,Boston Red Sox,Tampa Bay Rays,0.515,0.485,0.515,0.485,0.9,0.9,2
401815252,MLB,2026-05-08 02:00:00+00:00,San Diego Padres,St. Louis Cardinals,0.605,0.395,0.605,0.395,0.9,0.9,2
401815245,MLB,2026-05-07 22:40:00+00:00,Miami Marlins,Baltimore Orioles,0.545,0.455,0.545,0.455,0.9,0.9,1
401815251,MLB,2026-05-07 19:40:00+00:00,Arizona Diamondbacks,Pittsburgh Pirates,0.515,0.485,0.515,0.485,0.9,0.9,2
401815249,MLB,2026-05-07 18:20:00+00:00,Chicago Cubs,Cincinnati Reds,0.645,0.355,0.645,0.355,0.9,0.9,1
401815250,MLB,2026-05-07 18:10:00+00:00,Kansas City Royals,Cleveland Guardians,0.535,0.465,0.535,0.465,0.9,0.9,2
401815246,MLB,2026-05-07 17:05:00+00:00,Washington Nationals,Minnesota Twins,0.535,0.465,0.535,0.465,0.9,0.9,1
401815248,MLB,2026-05-07 16:35:00+00:00,New York Yankees,Texas Rangers,0.575,0.425,0.575,0.425,0.9,0.9,1
401815236,MLB,2026-05-06 23:40:00+00:00,Kansas City Royals,Cleveland Guardians,0.565,0.435,0.565,0.435,0.9,0.9,2
401815235,MLB,2026-05-06 23:40:00+00:00,Chicago Cubs,Cincinnati Reds,0.605,0.395,0.605,0.395,0.9,0.9,1
401815232,MLB,2026-05-06 22:45:00+00:00,Washington Nationals,Minnesota Twins,0.485,0.515,0.485,0.515,0.9,0.9,1
401815230,MLB,2026-05-06 22:40:00+00:00,Miami Marlins,Baltimore Orioles,0.555,0.445,0.555,0.445,0.9,0.9,2
401815231,MLB,2026-05-06 22:40:00+00:00,Detroit Tigers,Boston Red Sox,0.505,0.495,0.505,0.495,0.9,0.9,2
401815241,MLB,2026-05-06 20:07:00+00:00,Los Angeles Angels,Chicago White Sox,0.485,0.515,0.485,0.515,0.9,0.9,1
401815237,MLB,2026-05-06 18:10:00+00:00,Houston Astros,Los Angeles Dodgers,0.335,0.665,0.335,0.665,0.9,0.9,2
401815242,MLB,2026-05-07 01:40:00+00:00,Arizona Diamondbacks,Pittsburgh Pirates,0.465,0.535,0.465,0.535,0.9,0.9,2
401815233,MLB,2026-05-06 23:05:00+00:00,New York Yankees,Texas Rangers,0.605,0.395,0.605,0.395,0.9,0.9,2
401815229,MLB,2026-05-06 22:40:00+00:00,Philadelphia Phillies,Athletics,0.605,0.395,0.605,0.395,0.9,0.9,1
401815240,MLB,2026-05-06 20:10:00+00:00,Seattle Mariners,Atlanta Braves,0.555,0.445,0.555,0.445,0.9,0.9,1
401815243,MLB,2026-05-06 19:45:00+00:00,San Francisco Giants,San Diego Padres,0.515,0.485,0.515,0.485,0.9,0.9,2
401815239,MLB,2026-05-07 01:20:00+00:00,Colorado Rockies,New York Mets,0.415,0.585,0.415,0.585,0.9,0.9,2
401815238,MLB,2026-05-06 17:15:00+00:00,St. Louis Cardinals,Milwaukee Brewers,0.505,0.495,0.505,0.495,0.9,0.9,2
401815234,MLB,2026-05-06 17:10:00+00:00,Tampa Bay Rays,Toronto Blue Jays,0.555,0.445,0.555,0.445,0.9,0.9,1
401815218,MLB,2026-05-05 23:05:00+00:00,New York Yankees,Texas Rangers,0.545,0.455,0.545,0.455,0.9,0.9,1
401815227,MLB,2026-05-06 01:40:00+00:00,Arizona Diamondbacks,Pittsburgh Pirates,0.555,0.445,0.555,0.445,0.9,0.9,1
401815220,MLB,2026-05-05 23:40:00+00:00,Chicago Cubs,Cincinnati Reds,0.605,0.395,0.605,0.395,0.9,0.9,1
401815216,MLB,2026-05-05 22:40:00+00:00,Detroit Tigers,Boston Red Sox,0.575,0.425,0.575,0.425,0.9,0.9,2
401815215,MLB,2026-05-05 22:40:00+00:00,Miami Marlins,Baltimore Orioles,0.555,0.445,0.555,0.445,0.9,0.9,2
401871498,MLB,2026-05-07 19:10:00+00:00,Colorado Rockies,New York Mets,0.435,0.565,0.435,0.565,0.9,0.9,1
401815217,MLB,2026-05-05 22:45:00+00:00,Washington Nationals,Minnesota Twins,0.485,0.515,0.485,0.515,0.9,0.9,2
401815214,MLB,2026-05-05 22:40:00+00:00,Philadelphia Phillies,Athletics,0.655,0.345,0.655,0.345,0.9,0.9,1
401815225,MLB,2026-05-06 01:40:00+00:00,Seattle Mariners,Atlanta Braves,0.545,0.455,0.545,0.455,0.9,0.9,2
401815222,MLB,2026-05-06 00:10:00+00:00,Houston Astros,Los Angeles Dodgers,0.345,0.655,0.345,0.655,0.9,0.9,1
401815226,MLB,2026-05-06 01:38:00+00:00,Los Angeles Angels,Chicago White Sox,0.505,0.495,0.505,0.495,0.9,0.9,1
401815221,MLB,2026-05-05 23:40:00+00:00,Kansas City Royals,Cleveland Guardians,0.485,0.515,0.485,0.515,0.9,0.9,1
401815228,MLB,2026-05-06 01:45:00+00:00,San Francisco Giants,San Diego Padres,0.575,0.425,0.575,0.425,0.9,0.9,2
401815219,MLB,2026-05-05 22:40:00+00:00,Tampa Bay Rays,Toronto Blue Jays,0.525,0.475,0.525,0.475,0.9,0.9,1
401815210,MLB,2026-05-04 21:40:00+00:00,Colorado Rockies,New York Mets,0.435,0.565,0.435,0.565,0.9,0.9,2
401815202,MLB,2026-05-04 23:05:00+00:00,New York Yankees,Baltimore Orioles,0.675,0.325,0.675,0.325,0.9,0.9,1
401815204,MLB,2026-05-04 22:40:00+00:00,Miami Marlins,Philadelphia Phillies,0.515,0.485,0.515,0.485,0.9,0.9,2
401815205,MLB,2026-05-04 22:40:00+00:00,Tampa Bay Rays,Toronto Blue Jays,0.545,0.455,0.545,0.455,0.9,0.9,1
401815206,MLB,2026-05-04 23:10:00+00:00,Chicago Cubs,Cincinnati Reds,0.665,0.335,0.665,0.335,0.7,0.8,1
401815213,MLB,2026-05-05 01:45:00+00:00,San Francisco Giants,San Diego Padres,0.455,0.545,0.455,0.545,0.9,0.9,1
401815209,MLB,2026-05-04 23:45:00+00:00,St. Louis Cardinals,Milwaukee Brewers,0.465,0.535,0.465,0.535,0.9,0.9,1
401815211,MLB,2026-05-05 01:40:00+00:00,Seattle Mariners,Atlanta Braves,0.555,0.445,0.555,0.445,0.9,0.9,1
401815207,MLB,2026-05-04 23:40:00+00:00,Kansas City Royals,Cleveland Guardians,0.515,0.485,0.515,0.485,0.9,0.9,1
401815203,MLB,2026-05-04 22:10:00+00:00,Detroit Tigers,Boston Red Sox,0.475,0.525,0.475,0.525,0.9,0.9,2
401815212,MLB,2026-05-05 01:38:00+00:00,Los Angeles Angels,Chicago White Sox,0.585,0.415,0.585,0.415,0.9,0.9,2
401815208,MLB,2026-05-05 00:10:00+00:00,Houston Astros,Los Angeles Dodgers,0.365,0.635,0.365,0.635,0.8,0.8,2
401815188,MLB,2026-05-03 17:35:00+00:00,Pittsburgh Pirates,Cincinnati Reds,0.525,0.475,0.525,0.475,0.8,0.8,1
401815201,MLB,2026-05-03 20:07:00+00:00,Los Angeles Angels,New York Mets,0.455,0.545,0.455,0.545,0.9,0.9,2
401815189,MLB,2026-05-03 17:35:00+00:00,Boston Red Sox,Houston Astros,0.605,0.395,0.605,0.395,0.8,0.8,2
401815196,MLB,2026-05-03 16:45:00+00:00,Minnesota Twins,Toronto Blue Jays,0.505,0.495,0.505,0.495,0.9,0.9,1
401815193,MLB,2026-05-03 23:20:00+00:00,Detroit Tigers,Texas Rangers,0.5225,0.4775,0.5225,0.4775,0.9,0.9,1
401815198,MLB,2026-05-03 20:10:00+00:00,San Diego Padres,Chicago White Sox,0.605,0.395,0.605,0.395,0.9,0.9,1
401815199,MLB,2026-05-03 20:05:00+00:00,Athletics,Cleveland Guardians,0.445,0.555,0.445,0.555,0.9,0.9,1
401815200,MLB,2026-05-03 20:10:00+00:00,Seattle Mariners,Kansas City Royals,0.505,0.495,0.505,0.495,0.9,0.9,2
401815197,MLB,2026-05-03 19:10:00+00:00,Colorado Rockies,Atlanta Braves,0.435,0.565,0.435,0.565,0.8,0.8,2
401815194,MLB,2026-05-03 18:20:00+00:00,Chicago Cubs,Arizona Diamondbacks,0.585,0.415,0.585,0.415,0.9,0.9,1
401815195,MLB,2026-05-03 18:15:00+00:00,St. Louis Cardinals,Los Angeles Dodgers,0.445,0.555,0.445,0.555,0.9,0.9,2
401815192,MLB,2026-05-03 17:40:00+00:00,Tampa Bay Rays,San Francisco Giants,0.525,0.475,0.525,0.475,0.9,0.9,1
401815191,MLB,2026-05-03 17:40:00+00:00,Miami Marlins,Philadelphia Phillies,0.435,0.565,0.435,0.565,0.9,0.9,2
401815190,MLB,2026-05-03 17:35:00+00:00,Washington Nationals,Milwaukee Brewers,0.425,0.575,0.425,0.575,0.8,0.8,1
401815187,MLB,2026-05-03 17:35:00+00:00,New York Yankees,Baltimore Orioles,0.725,0.275,0.725,0.275,0.8,0.8,1
401815174,MLB,2026-05-02 20:10:00+00:00,Boston Red Sox,Houston Astros,0.555,0.445,0.555,0.445,0.9,0.9,2
401815173,MLB,2026-05-02 20:05:00+00:00,Pittsburgh Pirates,Cincinnati Reds,0.555,0.445,0.555,0.445,0.9,0.9,1
401815181,MLB,2026-05-02 18:10:00+00:00,Minnesota Twins,Toronto Blue Jays,0.445,0.555,0.445,0.555,0.9,0.9,2
401815185,MLB,2026-05-03 01:40:00+00:00,Seattle Mariners,Kansas City Royals,0.565,0.435,0.565,0.435,0.7,0.7,2
401815186,MLB,2026-05-03 01:38:00+00:00,Los Angeles Angels,New York Mets,0.475,0.525,0.475,0.525,0.9,0.9,1
401815182,MLB,2026-05-03 00:10:00+00:00,Colorado Rockies,Atlanta Braves,0.335,0.665,0.335,0.665,0.9,0.9,2
401815177,MLB,2026-05-02 22:10:00+00:00,Tampa Bay Rays,San Francisco Giants,0.495,0.505,0.495,0.505,0.9,0.9,1
401815183,MLB,2026-05-03 00:40:00+00:00,San Diego Padres,Chicago White Sox,0.615,0.385,0.615,0.385,0.9,0.9,2
401815180,MLB,2026-05-02 23:15:00+00:00,St. Louis Cardinals,Los Angeles Dodgers,0.455,0.545,0.455,0.545,0.9,0.9,1
401815175,MLB,2026-05-02 20:05:00+00:00,Washington Nationals,Milwaukee Brewers,0.455,0.545,0.455,0.545,0.9,0.9,2
401815179,MLB,2026-05-02 18:20:00+00:00,Chicago Cubs,Arizona Diamondbacks,0.605,0.395,0.605,0.395,0.9,0.9,1
401815178,MLB,2026-05-02 23:15:00+00:00,Detroit Tigers,Texas Rangers,0.545,0.455,0.545,0.455,0.9,0.9,1
401815184,MLB,2026-05-02 20:05:00+00:00,Athletics,Cleveland Guardians,0.545,0.455,0.545,0.455,0.9,0.9,2
401815172,MLB,2026-05-02 17:35:00+00:00,New York Yankees,Baltimore Orioles,0.615,0.385,0.615,0.385,0.8,0.8,1
401815176,MLB,2026-05-02 20:10:00+00:00,Miami Marlins,Philadelphia Phillies,0.545,0.455,0.545,0.455,0.9,0.9,1
401815170,MLB,2026-05-02 01:45:00+00:00,Seattle Mariners,Kansas City Royals,0.565,0.435,0.565,0.435,0.9,0.9,2
401815168,MLB,2026-05-02 01:40:00+00:00,San Diego Padres,Chicago White Sox,0.565,0.435,0.565,0.435,0.9,0.9,2
401815169,MLB,2026-05-02 01:40:00+00:00,Athletics,Cleveland Guardians,0.485,0.515,0.485,0.515,0.9,0.9,2
401815171,MLB,2026-05-02 01:38:00+00:00,Los Angeles Angels,New York Mets,0.495,0.505,0.495,0.505,0.8,0.9,2
401815167,MLB,2026-05-02 00:40:00+00:00,Colorado Rockies,Atlanta Braves,0.385,0.615,0.385,0.615,0.9,0.9,2
401815165,MLB,2026-05-02 00:15:00+00:00,St. Louis Cardinals,Los Angeles Dodgers,0.395,0.605,0.395,0.605,0.9,0.9,1
401815166,MLB,2026-05-02 00:10:00+00:00,Minnesota Twins,Toronto Blue Jays,0.5,0.5,0.5,0.5,0.9,0.9,2
401815158,MLB,2026-05-01 22:45:00+00:00,Pittsburgh Pirates,Cincinnati Reds,0.545,0.455,0.545,0.455,0.9,0.9,1
401815163,MLB,2026-05-01 22:40:00+00:00,Detroit Tigers,Texas Rangers,0.505,0.495,0.505,0.495,0.9,0.9,2
401815161,MLB,2026-05-01 23:10:00+00:00,Miami Marlins,Philadelphia Phillies,0.495,0.505,0.495,0.505,0.9,0.9,2
401815164,MLB,2026-05-01 18:20:00+00:00,Chicago Cubs,Arizona Diamondbacks,0.585,0.415,0.585,0.415,0.9,0.9,1
401815159,MLB,2026-05-01 23:10:00+00:00,Boston Red Sox,Houston Astros,0.535,0.465,0.535,0.465,0.9,0.9,1
401815157,MLB,2026-05-01 23:05:00+00:00,New York Yankees,Baltimore Orioles,0.625,0.375,0.625,0.375,0.9,0.9,1
401815162,MLB,2026-05-01 23:10:00+00:00,Tampa Bay Rays,San Francisco Giants,0.555,0.445,0.555,0.445,0.9,0.9,1
401815160,MLB,2026-05-01 22:45:00+00:00,Washington Nationals,Milwaukee Brewers,0.405,0.595,0.405,0.595,0.9,0.9,2
401815155,MLB,2026-04-30 23:40:00+00:00,Minnesota Twins,Toronto Blue Jays,0.455,0.545,0.455,0.545,0.9,0.9,1
401815156,MLB,2026-04-30 19:05:00+00:00,Athletics,Kansas City Royals,0.525,0.475,0.525,0.475,0.9,0.9,1
401815154,MLB,2026-04-30 17:40:00+00:00,Milwaukee Brewers,Arizona Diamondbacks,0.535,0.465,0.535,0.465,0.9,0.9,1
401815153,MLB,2026-04-30 17:10:00+00:00,New York Mets,Washington Nationals,0.635,0.365,0.635,0.365,0.9,0.9,2
401815151,MLB,2026-04-30 16:35:00+00:00,Philadelphia Phillies,San Francisco Giants,0.585,0.415,0.585,0.415,0.9,0.9,1
401815148,MLB,2026-04-30 16:40:00+00:00,Cincinnati Reds,Colorado Rockies,0.595,0.405,0.595,0.405,0.9,0.9,1
401815152,MLB,2026-04-30 16:35:00+00:00,Pittsburgh Pirates,St. Louis Cardinals,0.685,0.315,0.685,0.315,0.9,0.9,2
401815150,MLB,2026-04-30 16:35:00+00:00,Baltimore Orioles,Houston Astros,0.555,0.445,0.555,0.445,0.9,0.9,1
401815149,MLB,2026-04-30 16:15:00+00:00,Atlanta Braves,Detroit Tigers,0.535,0.465,0.535,0.465,0.9,0.9,2
401815140,MLB,2026-04-29 23:10:00+00:00,New York Mets,Washington Nationals,0.595,0.405,0.595,0.405,0.9,0.9,2
401815134,MLB,2026-04-29 22:40:00+00:00,Cincinnati Reds,Colorado Rockies,0.585,0.415,0.585,0.415,0.9,0.9,2
401815143,MLB,2026-04-29 18:35:00+00:00,Texas Rangers,New York Yankees,0.485,0.515,0.485,0.515,0.7,0.7,1
401815144,MLB,2026-04-29 17:40:00+00:00,Minnesota Twins,Seattle Mariners,0.455,0.545,0.455,0.545,0.9,0.9,2
401815139,MLB,2026-04-29 17:10:00+00:00,Cleveland Guardians,Tampa Bay Rays,0.515,0.485,0.515,0.485,0.9,0.9,1
401871088,MLB,2026-04-30 19:55:00+00:00,Baltimore Orioles,Houston Astros,0.575,0.425,0.575,0.425,0.9,0.9,2
401815146,MLB,2026-04-30 01:40:00+00:00,Athletics,Kansas City Royals,0.525,0.475,0.525,0.475,0.9,0.9,1
401815142,MLB,2026-04-29 23:40:00+00:00,Milwaukee Brewers,Arizona Diamondbacks,0.545,0.455,0.545,0.455,0.9,0.9,2
401815138,MLB,2026-04-29 22:40:00+00:00,Pittsburgh Pirates,St. Louis Cardinals,0.545,0.455,0.545,0.455,0.9,0.9,2
401871107,MLB,2026-04-30 21:35:00+00:00,Philadelphia Phillies,San Francisco Giants,0.55,0.45,0.55,0.45,0.7,0.7,1
401815145,MLB,2026-04-29 20:10:00+00:00,San Diego Padres,Chicago Cubs,0.51,0.49,0.51,0.49,0.9,0.9,2
401815141,MLB,2026-04-29 17:10:00+00:00,Chicago White Sox,Los Angeles Angels,0.505,0.495,0.505,0.495,0.9,0.9,1
401815147,MLB,2026-04-29 19:10:00+00:00,Los Angeles Dodgers,Miami Marlins,0.695,0.305,0.695,0.305,0.9,0.9,2
401815135,MLB,2026-04-29 23:15:00+00:00,Atlanta Braves,Detroit Tigers,0.435,0.565,0.435,0.565,0.9,0.9,1
401815133,MLB,2026-04-29 19:07:00+00:00,Toronto Blue Jays,Boston Red Sox,0.515,0.485,0.515,0.485,0.9,0.9,1
401815120,MLB,2026-04-28 23:15:00+00:00,Atlanta Braves,Detroit Tigers,0.535,0.465,0.535,0.465,0.8,0.7,1
401815118,MLB,2026-04-28 23:07:00+00:00,Toronto Blue Jays,Boston Red Sox,0.515,0.485,0.515,0.485,0.9,0.9,1
401815128,MLB,2026-04-29 00:05:00+00:00,Texas Rangers,New York Yankees,0.475,0.525,0.475,0.525,0.9,0.9,2
401815127,MLB,2026-04-28 23:40:00+00:00,Milwaukee Brewers,Arizona Diamondbacks,0.555,0.445,0.555,0.445,0.9,0.9,1
401815119,MLB,2026-04-28 22:40:00+00:00,Cincinnati Reds,Colorado Rockies,0.645,0.355,0.645,0.355,0.8,0.7,1
401815130,MLB,2026-04-29 01:40:00+00:00,San Diego Padres,Chicago Cubs,0.485,0.515,0.485,0.515,0.9,0.9,2
401815131,MLB,2026-04-29 01:40:00+00:00,Athletics,Kansas City Royals,0.495,0.505,0.495,0.505,0.9,0.9,2
401815129,MLB,2026-04-28 23:40:00+00:00,Minnesota Twins,Seattle Mariners,0.465,0.535,0.465,0.535,0.9,0.9,2
401815126,MLB,2026-04-28 23:40:00+00:00,Chicago White Sox,Los Angeles Angels,0.455,0.545,0.455,0.545,0.9,0.9,1
401815125,MLB,2026-04-28 23:10:00+00:00,New York Mets,Washington Nationals,0.625,0.375,0.625,0.375,0.9,0.9,1
401815132,MLB,2026-04-29 02:10:00+00:00,Los Angeles Dodgers,Miami Marlins,0.715,0.285,0.715,0.285,0.7,0.7,2
401815123,MLB,2026-04-28 22:40:00+00:00,Pittsburgh Pirates,St. Louis Cardinals,0.585,0.415,0.585,0.415,0.7,0.7,2
401815122,MLB,2026-04-28 22:40:00+00:00,Philadelphia Phillies,San Francisco Giants,0.585,0.415,0.585,0.415,0.8,0.7,1
401815121,MLB,2026-04-28 22:35:00+00:00,Baltimore Orioles,Houston Astros,0.555,0.445,0.555,0.445,0.9,0.9,1
401815124,MLB,2026-04-28 22:10:00+00:00,Cleveland Guardians,Tampa Bay Rays,0.545,0.455,0.545,0.455,0.9,0.9,2
401815113,MLB,2026-04-27 23:40:00+00:00,Chicago White Sox,Los Angeles Angels,0.515,0.485,0.515,0.485,0.9,0.9,1
401815115,MLB,2026-04-27 23:40:00+00:00,Minnesota Twins,Seattle Mariners,0.465,0.535,0.465,0.535,0.9,0.9,1
401815111,MLB,2026-04-27 22:40:00+00:00,Pittsburgh Pirates,St. Louis Cardinals,0.525,0.475,0.525,0.475,0.9,0.9,2
401815112,MLB,2026-04-27 22:10:00+00:00,Cleveland Guardians,Tampa Bay Rays,0.565,0.435,0.565,0.435,0.9,0.9,2
401815110,MLB,2026-04-27 23:07:00+00:00,Toronto Blue Jays,Boston Red Sox,0.555,0.445,0.555,0.445,0.9,0.9,2
401815117,MLB,2026-04-28 02:10:00+00:00,Los Angeles Dodgers,Miami Marlins,0.725,0.275,0.725,0.275,0.9,0.9,1
401815116,MLB,2026-04-28 01:40:00+00:00,San Diego Padres,Chicago Cubs,0.525,0.475,0.525,0.475,0.9,0.9,1
401815114,MLB,2026-04-28 00:05:00+00:00,Texas Rangers,New York Yankees,0.405,0.595,0.405,0.595,0.9,0.9,2
401815101,MLB,2026-04-26 20:10:00+00:00,Kansas City Royals,Los Angeles Angels,0.515,0.485,0.515,0.485,0.7,0.7,1
401815107,MLB,2026-04-26 20:10:00+00:00,Los Angeles Dodgers,Chicago Cubs,0.515,0.485,0.515,0.485,0.7,0.7,1
401815108,MLB,2026-04-26 20:05:00+00:00,San Francisco Giants,Miami Marlins,0.535,0.465,0.535,0.465,0.9,0.9,1
401815109,MLB,2026-04-26 20:05:00+00:00,Arizona Diamondbacks,San Diego Padres,0.445,0.555,0.445,0.555,0.9,0.9,1
401815102,MLB,2026-04-26 18:35:00+00:00,Texas Rangers,Athletics,0.505,0.495,0.505,0.495,0.9,0.9,2
401815105,MLB,2026-04-26 18:15:00+00:00,St. Louis Cardinals,Seattle Mariners,0.455,0.545,0.455,0.545,0.9,0.9,2
401815104,MLB,2026-04-26 18:10:00+00:00,Milwaukee Brewers,Pittsburgh Pirates,0.525,0.475,0.525,0.475,0.9,0.9,1
401815103,MLB,2026-04-26 18:10:00+00:00,Houston Astros,New York Yankees,0.455,0.545,0.455,0.545,0.9,0.9,1
401815106,MLB,2026-04-26 18:10:00+00:00,Chicago White Sox,Washington Nationals,0.515,0.485,0.515,0.485,0.9,0.9,2
401815099,MLB,2026-04-26 17:40:00+00:00,Tampa Bay Rays,Minnesota Twins,0.565,0.435,0.565,0.435,0.9,0.9,1
401815097,MLB,2026-04-26 17:40:00+00:00,New York Mets,Colorado Rockies,0.695,0.305,0.695,0.305,0.9,0.9,2
401815098,MLB,2026-04-26 17:40:00+00:00,Cincinnati Reds,Detroit Tigers,0.505,0.495,0.505,0.495,0.9,0.9,2
401815096,MLB,2026-04-26 17:37:00+00:00,Toronto Blue Jays,Cleveland Guardians,0.545,0.455,0.545,0.455,0.9,0.9,1
401815095,MLB,2026-04-26 17:35:00+00:00,Baltimore Orioles,Boston Red Sox,0.555,0.445,0.555,0.445,0.9,0.9,2
401815100,MLB,2026-04-26 17:35:00+00:00,Atlanta Braves,Philadelphia Phillies,0.655,0.345,0.655,0.345,0.9,0.9,1
401815093,MLB,2026-04-25 20:05:00+00:00,San Francisco Giants,Miami Marlins,0.505,0.495,0.505,0.495,0.7,0.8,1
401815092,MLB,2026-04-25 23:15:00+00:00,Los Angeles Dodgers,Chicago Cubs,0.535,0.465,0.535,0.465,0.9,0.9,1
401815083,MLB,2026-04-25 23:15:00+00:00,Cincinnati Reds,Detroit Tigers,0.495,0.505,0.495,0.505,0.9,0.9,1
401815085,MLB,2026-04-25 23:15:00+00:00,Atlanta Braves,Philadelphia Phillies,0.545,0.455,0.545,0.455,0.9,0.9,2
401815089,MLB,2026-04-25 23:10:00+00:00,Milwaukee Brewers,Pittsburgh Pirates,0.575,0.425,0.575,0.425,0.9,0.9,2
401815086,MLB,2026-04-25 23:10:00+00:00,Kansas City Royals,Los Angeles Angels,0.555,0.445,0.555,0.445,0.9,0.9,1
401815088,MLB,2026-04-25 23:10:00+00:00,Houston Astros,New York Yankees,0.415,0.585,0.415,0.585,0.9,0.9,2
401815087,MLB,2026-04-25 23:05:00+00:00,Texas Rangers,Athletics,0.525,0.475,0.525,0.475,0.9,0.9,1
401815094,MLB,2026-04-25 22:05:00+00:00,Arizona Diamondbacks,San Diego Padres,0.505,0.495,0.505,0.495,0.9,0.9,2
401815084,MLB,2026-04-25 20:10:00+00:00,Tampa Bay Rays,Minnesota Twins,0.555,0.445,0.555,0.445,0.7,0.7,1
401870380,MLB,2026-04-26 20:55:00+00:00,New York Mets,Colorado Rockies,0.605,0.395,0.605,0.395,0.9,0.9,2
401815091,MLB,2026-04-25 20:10:00+00:00,Chicago White Sox,Washington Nationals,0.565,0.435,0.565,0.435,0.7,0.7,2
401815081,MLB,2026-04-25 19:07:00+00:00,Toronto Blue Jays,Cleveland Guardians,0.575,0.425,0.575,0.425,0.9,0.9,1
401815080,MLB,2026-04-25 16:05:00+00:00,Baltimore Orioles,Boston Red Sox,0.535,0.465,0.535,0.465,0.9,0.9,2
401815090,MLB,2026-04-25 18:15:00+00:00,St. Louis Cardinals,Seattle Mariners,0.425,0.575,0.425,0.575,0.9,0.9,2
401815073,MLB,2026-04-25 00:10:00+00:00,Houston Astros,New York Yankees,0.415,0.585,0.415,0.585,0.9,0.9,2
401815078,MLB,2026-04-25 02:15:00+00:00,San Francisco Giants,Miami Marlins,0.495,0.505,0.495,0.505,0.9,0.9,2
401815074,MLB,2026-04-24 23:40:00+00:00,Milwaukee Brewers,Pittsburgh Pirates,0.505,0.495,0.505,0.495,0.9,0.9,2
401815068,MLB,2026-04-24 22:40:00+00:00,Cincinnati Reds,Detroit Tigers,0.485,0.515,0.485,0.515,0.9,0.9,1
401815069,MLB,2026-04-24 23:10:00+00:00,Tampa Bay Rays,Minnesota Twins,0.555,0.445,0.555,0.445,0.7,0.8,1
401815071,MLB,2026-04-24 23:40:00+00:00,Kansas City Royals,Los Angeles Angels,0.505,0.495,0.505,0.495,0.9,0.9,1
401815077,MLB,2026-04-25 02:15:00+00:00,Los Angeles Dodgers,Chicago Cubs,0.585,0.415,0.585,0.415,0.9,0.9,2
401815076,MLB,2026-04-24 23:40:00+00:00,Chicago White Sox,Washington Nationals,0.525,0.475,0.525,0.475,0.9,0.9,1
401815070,MLB,2026-04-24 23:15:00+00:00,Atlanta Braves,Philadelphia Phillies,0.605,0.395,0.605,0.395,0.9,0.9,1
401815072,MLB,2026-04-25 00:05:00+00:00,Texas Rangers,Athletics,0.545,0.455,0.545,0.455,0.9,0.9,2
401815065,MLB,2026-04-24 23:05:00+00:00,Baltimore Orioles,Boston Red Sox,0.535,0.465,0.535,0.465,0.7,0.7,1
401815075,MLB,2026-04-25 00:15:00+00:00,St. Louis Cardinals,Seattle Mariners,0.435,0.565,0.435,0.565,0.9,0.9,2
401815067,MLB,2026-04-24 23:10:00+00:00,New York Mets,Colorado Rockies,0.655,0.345,0.655,0.345,0.7,0.7,2
401815066,MLB,2026-04-24 23:07:00+00:00,Toronto Blue Jays,Cleveland Guardians,0.465,0.535,0.465,0.535,0.9,0.9,2
401815061,MLB,2026-04-24 00:05:00+00:00,Texas Rangers,Pittsburgh Pirates,0.585,0.415,0.585,0.415,0.9,0.9,1
401815059,MLB,2026-04-23 22:10:00+00:00,Boston Red Sox,New York Yankees,0.425,0.575,0.425,0.575,0.9,0.9,2
401815064,MLB,2026-04-23 19:45:00+00:00,San Francisco Giants,Los Angeles Dodgers,0.415,0.585,0.415,0.585,0.9,0.9,2
401815058,MLB,2026-04-23 23:10:00+00:00,New York Mets,Minnesota Twins,0.515,0.485,0.515,0.485,0.9,0.9,1
401815062,MLB,2026-04-23 19:10:00+00:00,Colorado Rockies,San Diego Padres,0.425,0.575,0.425,0.575,0.9,0.9,2
401815057,MLB,2026-04-23 17:10:00+00:00,Detroit Tigers,Milwaukee Brewers,0.675,0.325,0.675,0.325,0.9,0.9,1
401815056,MLB,2026-04-23 17:05:00+00:00,Washington Nationals,Atlanta Braves,0.455,0.545,0.455,0.545,0.9,0.9,2
401815063,MLB,2026-04-23 19:40:00+00:00,Arizona Diamondbacks,Chicago White Sox,0.575,0.425,0.575,0.425,0.9,0.9,2
401815060,MLB,2026-04-23 18:20:00+00:00,Chicago Cubs,Philadelphia Phillies,0.485,0.515,0.485,0.515,0.9,0.9,1
401815042,MLB,2026-04-22 17:10:00+00:00,Tampa Bay Rays,Cincinnati Reds,0.565,0.435,0.565,0.435,0.9,0.9,1
401815055,MLB,2026-04-22 19:07:00+00:00,Los Angeles Angels,Toronto Blue Jays,0.575,0.425,0.575,0.425,0.9,0.9,1
401815053,MLB,2026-04-23 01:40:00+00:00,Arizona Diamondbacks,Chicago White Sox,0.585,0.415,0.585,0.415,0.9,0.9,1
401815045,MLB,2026-04-22 23:10:00+00:00,New York Mets,Minnesota Twins,0.595,0.405,0.595,0.405,0.9,0.9,1
401815054,MLB,2026-04-23 01:45:00+00:00,San Francisco Giants,Los Angeles Dodgers,0.355,0.645,0.355,0.645,0.9,0.9,1
401815041,MLB,2026-04-22 22:45:00+00:00,Washington Nationals,Atlanta Braves,0.41,0.59,0.41,0.59,0.9,0.9,2
401815046,MLB,2026-04-22 22:45:00+00:00,Boston Red Sox,New York Yankees,0.455,0.545,0.455,0.545,0.9,0.9,2
401815044,MLB,2026-04-22 22:40:00+00:00,Detroit Tigers,Milwaukee Brewers,0.545,0.455,0.545,0.455,0.9,0.9,1
401815052,MLB,2026-04-22 20:10:00+00:00,Seattle Mariners,Athletics,0.635,0.365,0.635,0.365,0.9,0.9,1
401815050,MLB,2026-04-23 00:05:00+00:00,Texas Rangers,Pittsburgh Pirates,0.485,0.515,0.485,0.515,0.9,0.9,2
401815051,MLB,2026-04-23 00:40:00+00:00,Colorado Rockies,San Diego Padres,0.405,0.595,0.405,0.595,0.9,0.9,1
401815048,MLB,2026-04-22 18:10:00+00:00,Kansas City Royals,Baltimore Orioles,0.545,0.455,0.545,0.455,0.9,0.9,2
401815043,MLB,2026-04-22 17:10:00+00:00,Cleveland Guardians,Houston Astros,0.595,0.405,0.595,0.405,0.9,0.9,2
401815049,MLB,2026-04-22 23:40:00+00:00,Chicago Cubs,Philadelphia Phillies,0.635,0.365,0.635,0.365,0.9,0.9,1
401815047,MLB,2026-04-22 16:10:00+00:00,Miami Marlins,St. Louis Cardinals,0.575,0.425,0.575,0.425,0.9,0.9,1
401815037,MLB,2026-04-22 01:40:00+00:00,Seattle Mariners,Athletics,0.595,0.405,0.595,0.405,0.9,0.9,2
401815039,MLB,2026-04-22 01:45:00+00:00,San Francisco Giants,Los Angeles Dodgers,0.385,0.615,0.385,0.615,0.9,0.9,1
401815036,MLB,2026-04-22 00:40:00+00:00,Colorado Rockies,San Diego Padres,0.425,0.575,0.425,0.575,0.9,0.9,2
401815034,MLB,2026-04-21 23:40:00+00:00,Chicago Cubs,Philadelphia Phillies,0.545,0.455,0.545,0.455,0.9,0.9,1
401815030,MLB,2026-04-21 23:10:00+00:00,New York Mets,Minnesota Twins,0.595,0.405,0.595,0.405,0.9,0.9,2
401815032,MLB,2026-04-21 22:40:00+00:00,Miami Marlins,St. Louis Cardinals,0.525,0.475,0.525,0.475,0.1,0.1,2
401815033,MLB,2026-04-21 23:40:00+00:00,Kansas City Royals,Baltimore Orioles,0.535,0.465,0.535,0.465,0.9,0.9,1
401815026,MLB,2026-04-21 22:45:00+00:00,Washington Nationals,Atlanta Braves,0.405,0.595,0.405,0.595,0.2,0.3,1
401815027,MLB,2026-04-21 22:40:00+00:00,Tampa Bay Rays,Cincinnati Reds,0.495,0.505,0.495,0.505,0.1,0.1,2
401815029,MLB,2026-04-21 22:40:00+00:00,Detroit Tigers,Milwaukee Brewers,0.505,0.495,0.505,0.495,0.1,0.1,2
401815035,MLB,2026-04-22 00:05:00+00:00,Texas Rangers,Pittsburgh Pirates,0.515,0.485,0.515,0.485,0.9,0.9,1
401815038,MLB,2026-04-22 01:40:00+00:00,Arizona Diamondbacks,Chicago White Sox,0.575,0.425,0.575,0.425,0.9,0.9,2
401815031,MLB,2026-04-21 22:45:00+00:00,Boston Red Sox,New York Yankees,0.535,0.465,0.535,0.465,0.3,0.3,2
401815040,MLB,2026-04-22 01:38:00+00:00,Los Angeles Angels,Toronto Blue Jays,0.505,0.495,0.505,0.495,0.9,0.9,2
401815028,MLB,2026-04-21 22:10:00+00:00,Cleveland Guardians,Houston Astros,0.585,0.415,0.585,0.415,0.1,0.0,1
401815025,MLB,2026-04-21 01:38:00+00:00,Los Angeles Angels,Toronto Blue Jays,0.485,0.515,0.485,0.515,0.3,0.2,2
401815024,MLB,2026-04-21 01:40:00+00:00,Seattle Mariners,Athletics,0.565,0.435,0.565,0.435,0.2,0.3,2
401815023,MLB,2026-04-21 00:40:00+00:00,Colorado Rockies,Los Angeles Dodgers,0.345,0.655,0.345,0.655,0.2,0.1,2
401815021,MLB,2026-04-20 23:40:00+00:00,Kansas City Royals,Baltimore Orioles,0.495,0.505,0.495,0.505,0.9,0.9,2
401815022,MLB,2026-04-20 23:40:00+00:00,Chicago Cubs,Philadelphia Phillies,0.515,0.485,0.515,0.485,0.8,0.9,1
401815016,MLB,2026-04-20 22:45:00+00:00,Washington Nationals,Atlanta Braves,0.415,0.585,0.415,0.585,0.1,0.2,2
401815017,MLB,2026-04-20 22:40:00+00:00,Tampa Bay Rays,Cincinnati Reds,0.525,0.475,0.525,0.475,0.1,0.2,2
401815020,MLB,2026-04-20 22:40:00+00:00,Miami Marlins,St. Louis Cardinals,0.565,0.435,0.565,0.435,0.2,0.2,1
401815019,MLB,2026-04-20 22:10:00+00:00,Cleveland Guardians,Houston Astros,0.555,0.445,0.555,0.445,0.3,0.3,2
401815018,MLB,2026-04-20 15:10:00+00:00,Boston Red Sox,Detroit Tigers,0.555,0.445,0.555,0.445,8.1,8.0,1
401815010,MLB,2026-04-19 18:10:00+00:00,Houston Astros,St. Louis Cardinals,0.555,0.445,0.555,0.445,0.4,0.3,2
401815002,MLB,2026-04-19 17:40:00+00:00,Cleveland Guardians,Baltimore Orioles,0.535,0.465,0.535,0.465,0.1,0.9,1
401815013,MLB,2026-04-19 20:07:00+00:00,Los Angeles Angels,San Diego Padres,0.415,0.585,0.415,0.585,0.3,0.2,2
401815006,MLB,2026-04-19 17:35:00+00:00,Washington Nationals,San Francisco Giants,0.445,0.555,0.445,0.555,0.1,0.3,1
401815004,MLB,2026-04-19 17:35:00+00:00,New York Yankees,Kansas City Royals,0.585,0.415,0.585,0.415,1.2,0.2,1
401815001,MLB,2026-04-19 23:20:00+00:00,Philadelphia Phillies,Atlanta Braves,0.485,0.515,0.485,0.515,0.3,0.3,2
401815014,MLB,2026-04-19 20:10:00+00:00,Seattle Mariners,Texas Rangers,0.555,0.445,0.555,0.445,0.2,0.3,1
401815015,MLB,2026-04-19 20:10:00+00:00,Arizona Diamondbacks,Toronto Blue Jays,0.495,0.505,0.495,0.505,0.3,0.2,2
401815012,MLB,2026-04-19 20:05:00+00:00,Athletics,Chicago White Sox,0.595,0.405,0.595,0.405,0.2,0.1,2
401815011,MLB,2026-04-19 19:10:00+00:00,Colorado Rockies,Los Angeles Dodgers,0.3485,0.6515,0.3485,0.6515,0.3,0.2,1
401815009,MLB,2026-04-19 18:20:00+00:00,Chicago Cubs,New York Mets,0.555,0.445,0.555,0.445,0.1,0.2,1
401815007,MLB,2026-04-19 17:35:00+00:00,Pittsburgh Pirates,Tampa Bay Rays,0.495,0.505,0.495,0.505,1.2,0.2,1
401815008,MLB,2026-04-19 18:10:00+00:00,Minnesota Twins,Cincinnati Reds,0.515,0.485,0.515,0.485,0.3,0.3,2
401815005,MLB,2026-04-19 17:40:00+00:00,Miami Marlins,Milwaukee Brewers,0.515,0.485,0.515,0.485,0.1,0.1,1
401815003,MLB,2026-04-19 20:35:00+00:00,Boston Red Sox,Detroit Tigers,0.575,0.425,0.575,0.425,0.3,0.3,2
401814998,MLB,2026-04-19 01:38:00+00:00,Los Angeles Angels,San Diego Padres,0.495,0.505,0.495,0.505,0.1,0.3,2
401814996,MLB,2026-04-19 00:10:00+00:00,Colorado Rockies,Los Angeles Dodgers,0.285,0.715,0.285,0.715,0.4,0.3,1
401815000,MLB,2026-04-19 00:10:00+00:00,Arizona Diamondbacks,Toronto Blue Jays,0.585,0.415,0.585,0.415,0.3,0.3,1
401814999,MLB,2026-04-18 23:15:00+00:00,Seattle Mariners,Texas Rangers,0.565,0.435,0.565,0.435,0.1,0.1,1
401814986,MLB,2026-04-18 23:15:00+00:00,Philadelphia Phillies,Atlanta Braves,0.525,0.475,0.525,0.475,0.1,0.1,2
401814995,MLB,2026-04-18 23:10:00+00:00,Houston Astros,St. Louis Cardinals,0.555,0.445,0.555,0.445,0.2,0.3,2
401814987,MLB,2026-04-18 22:10:00+00:00,Cleveland Guardians,Baltimore Orioles,0.565,0.435,0.565,0.435,0.3,0.3,1
401814990,MLB,2026-04-18 20:10:00+00:00,Miami Marlins,Milwaukee Brewers,0.525,0.475,0.525,0.475,0.2,0.3,2
401814988,MLB,2026-04-18 20:10:00+00:00,Boston Red Sox,Detroit Tigers,0.435,0.565,0.435,0.565,0.2,0.2,2
401814991,MLB,2026-04-18 20:05:00+00:00,Washington Nationals,San Francisco Giants,0.495,0.505,0.495,0.505,0.2,0.1,2
401814992,MLB,2026-04-18 19:30:00+00:00,Pittsburgh Pirates,Tampa Bay Rays,0.585,0.415,0.585,0.415,0.3,0.2,2
401814997,MLB,2026-04-18 20:05:00+00:00,Athletics,Chicago White Sox,0.595,0.405,0.595,0.405,0.1,0.1,1
401814994,MLB,2026-04-18 18:20:00+00:00,Chicago Cubs,New York Mets,0.515,0.485,0.515,0.485,0.2,0.3,1
401814989,MLB,2026-04-18 17:35:00+00:00,New York Yankees,Kansas City Royals,0.595,0.405,0.595,0.405,0.6,0.6,1
401814993,MLB,2026-04-18 18:10:00+00:00,Minnesota Twins,Cincinnati Reds,0.545,0.455,0.545,0.455,0.3,0.2,2
401814978,MLB,2026-04-18 00:10:00+00:00,Minnesota Twins,Cincinnati Reds,0.605,0.395,0.605,0.395,0.1,0.2,2
401814985,MLB,2026-04-18 01:40:00+00:00,Arizona Diamondbacks,Toronto Blue Jays,0.565,0.435,0.565,0.435,0.2,0.2,1
401814972,MLB,2026-04-17 22:10:00+00:00,Cleveland Guardians,Baltimore Orioles,0.565,0.435,0.565,0.435,0.1,0.3,2
401814979,MLB,2026-04-17 18:20:00+00:00,Chicago Cubs,New York Mets,0.58,0.42,0.58,0.42,0.2,0.1,1
401814981,MLB,2026-04-18 00:40:00+00:00,Colorado Rockies,Los Angeles Dodgers,0.263,0.737,0.263,0.737,0.2,0.1,2
401814984,MLB,2026-04-18 01:40:00+00:00,Seattle Mariners,Texas Rangers,0.545,0.455,0.545,0.455,0.1,0.2,2
401814980,MLB,2026-04-18 00:10:00+00:00,Houston Astros,St. Louis Cardinals,0.535,0.465,0.535,0.465,0.1,0.1,2
401814973,MLB,2026-04-17 23:15:00+00:00,Boston Red Sox,Detroit Tigers,0.545,0.455,0.545,0.455,0.3,0.2,1
401814982,MLB,2026-04-18 01:40:00+00:00,Athletics,Chicago White Sox,0.585,0.415,0.585,0.415,0.1,0.2,2
401814975,MLB,2026-04-17 23:10:00+00:00,Miami Marlins,Milwaukee Brewers,0.515,0.485,0.515,0.485,0.1,0.1,2
401814974,MLB,2026-04-17 23:05:00+00:00,New York Yankees,Kansas City Royals,0.615,0.385,0.615,0.385,0.1,0.9,1
401814976,MLB,2026-04-17 22:45:00+00:00,Washington Nationals,San Francisco Giants,0.425,0.575,0.425,0.575,0.2,0.2,2
401814977,MLB,2026-04-17 22:40:00+00:00,Pittsburgh Pirates,Tampa Bay Rays,0.535,0.465,0.535,0.465,0.0,0.1,1
401814983,MLB,2026-04-18 01:38:00+00:00,Los Angeles Angels,San Diego Padres,0.545,0.455,0.545,0.455,0.1,0.2,1
401814971,MLB,2026-04-17 22:40:00+00:00,Philadelphia Phillies,Atlanta Braves,0.485,0.515,0.485,0.515,0.0,0.1,2
401814963,MLB,2026-04-16 17:10:00+00:00,Detroit Tigers,Kansas City Royals,0.475,0.525,0.475,0.525,0.8,0.8,1
401814969,MLB,2026-04-17 00:40:00+00:00,San Diego Padres,Seattle Mariners,0.485,0.515,0.485,0.515,0.1,0.3,1
401814966,MLB,2026-04-17 00:10:00+00:00,Houston Astros,Colorado Rockies,0.595,0.405,0.595,0.405,0.3,0.2,2
401814970,MLB,2026-04-16 19:05:00+00:00,Athletics,Texas Rangers,0.495,0.505,0.495,0.505,0.9,1.1,2
401814962,MLB,2026-04-16 22:10:00+00:00,Cleveland Guardians,Baltimore Orioles,0.545,0.455,0.545,0.455,1.0,0.9,1
401814967,MLB,2026-04-16 18:10:00+00:00,Chicago White Sox,Tampa Bay Rays,0.455,0.545,0.455,0.545,0.2,0.2,2
401814968,MLB,2026-04-16 17:40:00+00:00,Milwaukee Brewers,Toronto Blue Jays,0.515,0.485,0.515,0.485,0.3,0.2,1
401814961,MLB,2026-04-16 17:35:00+00:00,New York Yankees,Los Angeles Angels,0.725,0.275,0.725,0.275,0.0,0.0,2
401814964,MLB,2026-04-16 16:40:00+00:00,Cincinnati Reds,San Francisco Giants,0.535,0.465,0.535,0.465,0.2,0.2,2
401814965,MLB,2026-04-16 16:35:00+00:00,Pittsburgh Pirates,Washington Nationals,0.595,0.405,0.595,0.405,0.2,0.2,2
401814954,MLB,2026-04-15 17:15:00+00:00,St. Louis Cardinals,Cleveland Guardians,0.505,0.495,0.505,0.495,0.4,0.3,1
401814958,MLB,2026-04-16 02:00:00+00:00,Los Angeles Dodgers,New York Mets,0.625,0.375,0.625,0.375,0.1,0.2,1
401814960,MLB,2026-04-16 01:40:00+00:00,Athletics,Texas Rangers,0.525,0.475,0.525,0.475,0.3,0.4,1
401814959,MLB,2026-04-16 01:40:00+00:00,San Diego Padres,Seattle Mariners,0.505,0.495,0.505,0.495,0.2,0.4,1
401814955,MLB,2026-04-16 00:10:00+00:00,Houston Astros,Colorado Rockies,0.625,0.375,0.625,0.375,0.3,0.2,1
401814957,MLB,2026-04-15 23:40:00+00:00,Milwaukee Brewers,Toronto Blue Jays,0.485,0.515,0.485,0.515,0.3,1.2,1
401814956,MLB,2026-04-15 23:40:00+00:00,Chicago White Sox,Tampa Bay Rays,0.495,0.505,0.495,0.505,1.2,0.3,2
401814950,MLB,2026-04-15 23:15:00+00:00,Atlanta Braves,Miami Marlins,0.595,0.405,0.595,0.405,0.1,0.1,1
401814952,MLB,2026-04-15 22:40:00+00:00,Pittsburgh Pirates,Washington Nationals,0.615,0.385,0.615,0.385,0.2,0.3,1
401814948,MLB,2026-04-15 22:40:00+00:00,Philadelphia Phillies,Chicago Cubs,0.565,0.435,0.565,0.435,0.3,0.2,2
401814946,MLB,2026-04-15 23:05:00+00:00,New York Yankees,Los Angeles Angels,0.645,0.355,0.645,0.355,0.3,0.3,1
401814947,MLB,2026-04-15 16:35:00+00:00,Baltimore Orioles,Arizona Diamondbacks,0.565,0.435,0.565,0.435,0.3,0.4,2
401814951,MLB,2026-04-15 22:40:00+00:00,Cincinnati Reds,San Francisco Giants,0.505,0.495,0.505,0.495,0.3,0.2,1
401814953,MLB,2026-04-15 17:40:00+00:00,Minnesota Twins,Boston Red Sox,0.465,0.535,0.465,0.535,0.3,0.3,2
401814949,MLB,2026-04-15 22:40:00+00:00,Detroit Tigers,Kansas City Royals,0.535,0.465,0.535,0.465,0.3,0.3,1
401814944,MLB,2026-04-15 01:40:00+00:00,San Diego Padres,Seattle Mariners,0.485,0.515,0.485,0.515,0.4,0.2,1
401814935,MLB,2026-04-14 23:15:00+00:00,Atlanta Braves,Miami Marlins,0.595,0.405,0.595,0.405,0.3,0.2,1
401814943,MLB,2026-04-15 02:10:00+00:00,Los Angeles Dodgers,New York Mets,0.635,0.365,0.635,0.365,0.3,0.3,1
401814945,MLB,2026-04-15 01:40:00+00:00,Athletics,Texas Rangers,0.465,0.535,0.465,0.535,0.3,0.2,1
401814940,MLB,2026-04-15 00:10:00+00:00,Houston Astros,Colorado Rockies,0.605,0.395,0.605,0.395,0.3,0.2,1
401814939,MLB,2026-04-14 23:45:00+00:00,St. Louis Cardinals,Cleveland Guardians,0.465,0.535,0.465,0.535,0.0,0.0,1
401814938,MLB,2026-04-14 23:40:00+00:00,Minnesota Twins,Boston Red Sox,0.435,0.565,0.435,0.565,0.3,0.2,1
401814941,MLB,2026-04-14 23:40:00+00:00,Chicago White Sox,Tampa Bay Rays,0.465,0.535,0.465,0.535,0.3,0.3,2
401814931,MLB,2026-04-14 23:05:00+00:00,New York Yankees,Los Angeles Angels,0.615,0.385,0.615,0.385,0.3,0.2,2
401814937,MLB,2026-04-14 22:40:00+00:00,Pittsburgh Pirates,Washington Nationals,0.615,0.385,0.615,0.385,0.1,0.3,2
401814933,MLB,2026-04-14 22:40:00+00:00,Philadelphia Phillies,Chicago Cubs,0.565,0.435,0.565,0.435,0.3,0.3,2
401814934,MLB,2026-04-14 22:40:00+00:00,Detroit Tigers,Kansas City Royals,0.525,0.475,0.525,0.475,0.3,0.3,1
401814936,MLB,2026-04-14 22:40:00+00:00,Cincinnati Reds,San Francisco Giants,0.515,0.485,0.515,0.485,0.2,0.2,1
401814932,MLB,2026-04-14 22:35:00+00:00,Baltimore Orioles,Arizona Diamondbacks,0.615,0.385,0.615,0.385,0.2,0.2,2
401814942,MLB,2026-04-14 23:40:00+00:00,Milwaukee Brewers,Toronto Blue Jays,0.525,0.475,0.525,0.475,0.2,0.2,2
401814923,MLB,2026-04-13 22:40:00+00:00,Philadelphia Phillies,Chicago Cubs,0.625,0.375,0.625,0.375,0.3,0.3,1
401814922,MLB,2026-04-13 22:35:00+00:00,Baltimore Orioles,Arizona Diamondbacks,0.545,0.455,0.545,0.455,0.2,0.4,1
401814925,MLB,2026-04-13 22:40:00+00:00,Pittsburgh Pirates,Washington Nationals,0.665,0.335,0.665,0.335,0.2,0.3,1
401814928,MLB,2026-04-13 20:10:00+00:00,Seattle Mariners,Houston Astros,0.615,0.385,0.615,0.385,0.2,0.4,1
401814929,MLB,2026-04-14 02:10:00+00:00,Los Angeles Dodgers,New York Mets,0.585,0.415,0.585,0.415,1.2,1.2,1
401814927,MLB,2026-04-13 23:45:00+00:00,St. Louis Cardinals,Cleveland Guardians,0.485,0.515,0.485,0.515,0.2,0.2,2
401814926,MLB,2026-04-13 23:40:00+00:00,Minnesota Twins,Boston Red Sox,0.405,0.595,0.405,0.595,0.1,0.3,1
401814930,MLB,2026-04-14 01:40:00+00:00,Athletics,Texas Rangers,0.465,0.535,0.465,0.535,0.3,0.3,2
401814924,MLB,2026-04-13 23:15:00+00:00,Atlanta Braves,Miami Marlins,0.565,0.435,0.565,0.435,0.2,0.2,2
401814921,MLB,2026-04-13 23:05:00+00:00,New York Yankees,Los Angeles Angels,0.625,0.375,0.625,0.375,0.2,0.3,1
401814909,MLB,2026-04-12 23:20:00+00:00,Atlanta Braves,Cleveland Guardians,0.635,0.365,0.635,0.365,0.3,0.3,1
401814918,MLB,2026-04-12 20:10:00+00:00,San Diego Padres,Colorado Rockies,0.665,0.335,0.665,0.335,0.3,0.2,1
401814919,MLB,2026-04-12 20:10:00+00:00,Seattle Mariners,Houston Astros,0.635,0.365,0.635,0.365,0.3,0.2,1
401814920,MLB,2026-04-12 20:10:00+00:00,Los Angeles Dodgers,Texas Rangers,0.535,0.465,0.535,0.465,0.3,0.3,2
401814916,MLB,2026-04-12 18:20:00+00:00,Chicago Cubs,Pittsburgh Pirates,0.545,0.455,0.545,0.455,0.3,0.2,1
401814914,MLB,2026-04-12 18:15:00+00:00,St. Louis Cardinals,Boston Red Sox,0.485,0.515,0.485,0.515,0.2,0.3,2
401814917,MLB,2026-04-12 18:10:00+00:00,Milwaukee Brewers,Washington Nationals,0.645,0.355,0.645,0.355,0.1,1.2,2
401814915,MLB,2026-04-12 18:10:00+00:00,Kansas City Royals,Chicago White Sox,0.625,0.375,0.625,0.375,0.3,0.2,2
401814912,MLB,2026-04-12 17:40:00+00:00,Tampa Bay Rays,New York Yankees,0.435,0.565,0.435,0.565,0.2,0.2,1
401814908,MLB,2026-04-12 17:40:00+00:00,New York Mets,Athletics,0.595,0.405,0.595,0.405,0.3,0.3,2
401814910,MLB,2026-04-12 17:40:00+00:00,Detroit Tigers,Miami Marlins,0.615,0.385,0.615,0.385,0.2,0.3,1
401814906,MLB,2026-04-12 17:40:00+00:00,Cincinnati Reds,Los Angeles Angels,0.495,0.505,0.495,0.505,0.3,0.3,2
401814911,MLB,2026-04-12 17:37:00+00:00,Toronto Blue Jays,Minnesota Twins,0.565,0.435,0.565,0.435,0.2,0.1,2
401814907,MLB,2026-04-12 17:35:00+00:00,Philadelphia Phillies,Arizona Diamondbacks,0.565,0.435,0.565,0.435,0.1,0.2,2
401814913,MLB,2026-04-12 17:35:00+00:00,Baltimore Orioles,San Francisco Giants,0.535,0.465,0.535,0.465,0.3,0.3,1
401814897,MLB,2026-04-11 22:10:00+00:00,Tampa Bay Rays,New York Yankees,0.385,0.615,0.385,0.615,0.3,0.3,1
401814904,MLB,2026-04-12 01:40:00+00:00,Seattle Mariners,Houston Astros,0.585,0.415,0.585,0.415,0.3,0.4,1
401814905,MLB,2026-04-12 01:10:00+00:00,Los Angeles Dodgers,Texas Rangers,0.625,0.375,0.625,0.375,0.2,0.3,1
401814903,MLB,2026-04-12 00:40:00+00:00,San Diego Padres,Colorado Rockies,0.595,0.405,0.595,0.405,0.3,0.4,1
401814899,MLB,2026-04-11 23:15:00+00:00,St. Louis Cardinals,Boston Red Sox,0.445,0.555,0.445,0.555,0.4,0.3,2
401814901,MLB,2026-04-11 18:20:00+00:00,Chicago Cubs,Pittsburgh Pirates,0.565,0.435,0.565,0.435,0.2,0.3,2
401867431,MLB,2026-04-05 20:30:00+00:00,Cleveland Guardians,Chicago Cubs,0.455,0.545,0.455,0.545,0.2,0.2,1
401814895,MLB,2026-04-11 17:10:00+00:00,Detroit Tigers,Miami Marlins,0.555,0.445,0.555,0.445,0.0,0.1,1
401814900,MLB,2026-04-11 20:10:00+00:00,Kansas City Royals,Chicago White Sox,0.635,0.365,0.635,0.365,0.3,0.3,1
401814896,MLB,2026-04-11 19:07:00+00:00,Toronto Blue Jays,Minnesota Twins,0.525,0.475,0.525,0.475,0.4,0.2,2
401814891,MLB,2026-04-11 20:10:00+00:00,Cincinnati Reds,Los Angeles Angels,0.535,0.465,0.535,0.465,0.3,0.2,1
401814894,MLB,2026-04-11 23:15:00+00:00,Atlanta Braves,Cleveland Guardians,0.535,0.465,0.535,0.465,0.2,0.2,2
401814898,MLB,2026-04-11 23:15:00+00:00,Baltimore Orioles,San Francisco Giants,0.485,0.515,0.485,0.515,0.3,0.3,1
401814893,MLB,2026-04-11 20:10:00+00:00,New York Mets,Athletics,0.595,0.405,0.595,0.405,0.3,0.2,2
401814892,MLB,2026-04-11 17:05:00+00:00,Philadelphia Phillies,Arizona Diamondbacks,0.525,0.475,0.525,0.475,0.2,0.2,1
401814902,MLB,2026-04-11 23:10:00+00:00,Milwaukee Brewers,Washington Nationals,0.615,0.385,0.615,0.385,0.4,0.3,2
401814878,MLB,2026-04-10 23:10:00+00:00,New York Mets,Athletics,0.585,0.415,0.585,0.415,0.3,0.1,2
401814884,MLB,2026-04-11 00:15:00+00:00,St. Louis Cardinals,Boston Red Sox,0.445,0.555,0.445,0.555,0.2,0.1,1
401814887,MLB,2026-04-10 23:40:00+00:00,Milwaukee Brewers,Washington Nationals,0.645,0.355,0.645,0.355,0.7,0.7,2
401814890,MLB,2026-04-11 02:10:00+00:00,Los Angeles Dodgers,Texas Rangers,0.675,0.325,0.675,0.325,0.2,0.3,1
401814889,MLB,2026-04-11 01:40:00+00:00,Seattle Mariners,Houston Astros,0.565,0.435,0.565,0.435,0.3,0.2,1
401814888,MLB,2026-04-11 01:40:00+00:00,San Diego Padres,Colorado Rockies,0.605,0.395,0.605,0.395,0.3,0.3,1
401814885,MLB,2026-04-10 23:40:00+00:00,Kansas City Royals,Chicago White Sox,0.615,0.385,0.615,0.385,0.7,0.6,1
401814883,MLB,2026-04-10 23:15:00+00:00,Baltimore Orioles,San Francisco Giants,0.535,0.465,0.535,0.465,0.3,0.1,2
401814879,MLB,2026-04-10 23:15:00+00:00,Atlanta Braves,Cleveland Guardians,0.565,0.435,0.565,0.435,0.1,0.1,1
401814882,MLB,2026-04-10 23:10:00+00:00,Tampa Bay Rays,New York Yankees,0.495,0.505,0.495,0.505,0.2,0.2,1
401814881,MLB,2026-04-10 23:07:00+00:00,Toronto Blue Jays,Minnesota Twins,0.585,0.415,0.585,0.415,0.0,0.2,1
401814876,MLB,2026-04-10 22:45:00+00:00,Cincinnati Reds,Los Angeles Angels,0.615,0.385,0.615,0.385,0.2,0.1,2
401814877,MLB,2026-04-10 22:40:00+00:00,Philadelphia Phillies,Arizona Diamondbacks,0.615,0.385,0.615,0.385,0.2,0.3,2
401814880,MLB,2026-04-10 22:40:00+00:00,Detroit Tigers,Miami Marlins,0.545,0.455,0.545,0.455,0.2,0.2,1
401814886,MLB,2026-04-10 18:20:00+00:00,Chicago Cubs,Pittsburgh Pirates,0.595,0.405,0.595,0.405,0.2,0.3,2
401814875,MLB,2026-04-10 01:40:00+00:00,San Diego Padres,Colorado Rockies,0.625,0.375,0.625,0.375,0.3,0.1,1
401814873,MLB,2026-04-09 23:40:00+00:00,Kansas City Royals,Chicago White Sox,0.625,0.375,0.625,0.375,0.2,0.3,2
401814870,MLB,2026-04-09 23:10:00+00:00,New York Mets,Arizona Diamondbacks,0.625,0.375,0.625,0.375,0.3,0.3,2
401814874,MLB,2026-04-09 17:40:00+00:00,Minnesota Twins,Detroit Tigers,0.455,0.545,0.455,0.545,0.2,0.4,1
401814871,MLB,2026-04-09 17:35:00+00:00,New York Yankees,Athletics,0.635,0.365,0.635,0.365,0.2,0.2,2
401814872,MLB,2026-04-09 16:10:00+00:00,Miami Marlins,Cincinnati Reds,0.535,0.465,0.535,0.465,0.3,0.4,1
401814857,MLB,2026-04-08 22:40:00+00:00,Tampa Bay Rays,Chicago Cubs,0.505,0.495,0.505,0.495,1.1,1.1,2
401814865,MLB,2026-04-08 23:40:00+00:00,Minnesota Twins,Detroit Tigers,0.425,0.575,0.425,0.575,0.9,0.9,1
401814855,MLB,2026-04-08 20:10:00+00:00,New York Mets,Arizona Diamondbacks,0.545,0.455,0.545,0.455,0.6,0.6,2
401814861,MLB,2026-04-08 17:35:00+00:00,Boston Red Sox,Milwaukee Brewers,0.565,0.435,0.565,0.435,0.9,0.9,1
401814858,MLB,2026-04-08 22:40:00+00:00,Miami Marlins,Cincinnati Reds,0.545,0.455,0.545,0.455,0.1,0.1,1
401814868,MLB,2026-04-08 20:07:00+00:00,Los Angeles Angels,Atlanta Braves,0.475,0.525,0.475,0.525,0.8,0.8,2
401814863,MLB,2026-04-08 20:05:00+00:00,Washington Nationals,St. Louis Cardinals,0.475,0.525,0.475,0.525,0.8,0.8,2
401814867,MLB,2026-04-08 19:10:00+00:00,Colorado Rockies,Houston Astros,0.445,0.555,0.445,0.555,0.7,0.6,1
401814869,MLB,2026-04-08 19:45:00+00:00,San Francisco Giants,Philadelphia Phillies,0.445,0.555,0.445,0.555,0.9,0.8,1
401814860,MLB,2026-04-08 19:07:00+00:00,Toronto Blue Jays,Los Angeles Dodgers,0.415,0.585,0.415,0.585,0.8,0.7,1
401814866,MLB,2026-04-08 18:35:00+00:00,Texas Rangers,Seattle Mariners,0.475,0.525,0.475,0.525,0.3,0.2,1
401814864,MLB,2026-04-08 18:10:00+00:00,Chicago White Sox,Baltimore Orioles,0.43,0.57,0.43,0.57,1.1,0.1,2
401814856,MLB,2026-04-08 23:05:00+00:00,New York Yankees,Athletics,0.645,0.355,0.645,0.355,0.4,0.4,2
401814859,MLB,2026-04-08 17:10:00+00:00,Cleveland Guardians,Kansas City Royals,0.455,0.545,0.455,0.545,0.8,0.8,1
401814862,MLB,2026-04-08 16:35:00+00:00,Pittsburgh Pirates,San Diego Padres,0.465,0.535,0.465,0.535,0.1,0.1,2
401867263,MLB,2026-04-03 18:10:00+00:00,Chicago White Sox,Toronto Blue Jays,0.37,0.63,0.37,0.63,0.1,0.0,1
401814844,MLB,2026-04-07 17:10:00+00:00,Cleveland Guardians,Kansas City Royals,0.535,0.465,0.535,0.465,0.0,0.9,1
401814852,MLB,2026-04-08 00:40:00+00:00,Colorado Rockies,Houston Astros,0.405,0.595,0.405,0.595,0.1,0.1,1
401814851,MLB,2026-04-08 00:05:00+00:00,Texas Rangers,Seattle Mariners,0.485,0.515,0.485,0.515,0.1,0.1,1
401814850,MLB,2026-04-07 23:40:00+00:00,Minnesota Twins,Detroit Tigers,0.395,0.605,0.395,0.605,0.5,0.5,1
401814849,MLB,2026-04-07 19:10:00+00:00,Chicago White Sox,Baltimore Orioles,0.415,0.585,0.415,0.585,0.9,0.9,2
401814840,MLB,2026-04-07 20:10:00+00:00,New York Mets,Arizona Diamondbacks,0.595,0.405,0.595,0.405,0.4,0.3,1
401814845,MLB,2026-04-07 23:07:00+00:00,Toronto Blue Jays,Los Angeles Dodgers,0.425,0.575,0.425,0.575,0.8,0.8,2
401814841,MLB,2026-04-07 23:05:00+00:00,New York Yankees,Athletics,0.695,0.305,0.695,0.305,0.0,0.1,1
401814848,MLB,2026-04-07 22:45:00+00:00,Washington Nationals,St. Louis Cardinals,0.515,0.485,0.515,0.485,0.1,0.1,2
401814846,MLB,2026-04-07 22:45:00+00:00,Boston Red Sox,Milwaukee Brewers,0.595,0.405,0.595,0.405,0.1,0.0,1
401814842,MLB,2026-04-07 22:40:00+00:00,Tampa Bay Rays,Chicago Cubs,0.505,0.495,0.505,0.495,0.1,0.0,2
401814847,MLB,2026-04-07 22:40:00+00:00,Pittsburgh Pirates,San Diego Padres,0.565,0.435,0.565,0.435,0.1,1.2,1
401814843,MLB,2026-04-07 22:40:00+00:00,Miami Marlins,Cincinnati Reds,0.555,0.445,0.555,0.445,0.1,0.1,2
401814854,MLB,2026-04-08 01:45:00+00:00,San Francisco Giants,Philadelphia Phillies,0.415,0.585,0.415,0.585,0.9,0.8,1
401814853,MLB,2026-04-08 01:38:00+00:00,Los Angeles Angels,Atlanta Braves,0.455,0.545,0.455,0.545,0.6,0.6,2
401814839,MLB,2026-04-07 01:45:00+00:00,San Francisco Giants,Philadelphia Phillies,0.485,0.515,0.485,0.515,0.4,0.4,2
401814838,MLB,2026-04-07 01:38:00+00:00,Los Angeles Angels,Atlanta Braves,0.385,0.615,0.385,0.615,0.2,0.3,1
401814835,MLB,2026-04-06 23:40:00+00:00,Minnesota Twins,Detroit Tigers,0.525,0.475,0.525,0.475,0.1,0.3,1
401814834,MLB,2026-04-06 23:40:00+00:00,Chicago White Sox,Baltimore Orioles,0.455,0.545,0.455,0.545,0.2,0.1,2
401814828,MLB,2026-04-06 22:40:00+00:00,Miami Marlins,Cincinnati Reds,0.565,0.435,0.565,0.435,1.0,0.1,2
401814837,MLB,2026-04-07 00:40:00+00:00,Colorado Rockies,Houston Astros,0.435,0.565,0.435,0.565,0.4,0.2,1
401814836,MLB,2026-04-07 00:05:00+00:00,Texas Rangers,Seattle Mariners,0.515,0.485,0.515,0.485,0.3,0.1,1
401814830,MLB,2026-04-06 23:07:00+00:00,Toronto Blue Jays,Los Angeles Dodgers,0.475,0.525,0.475,0.525,0.2,0.1,2
401814833,MLB,2026-04-06 22:45:00+00:00,Washington Nationals,St. Louis Cardinals,0.495,0.505,0.495,0.505,0.2,0.2,1
401814831,MLB,2026-04-06 22:45:00+00:00,Boston Red Sox,Milwaukee Brewers,0.475,0.525,0.475,0.525,0.3,0.3,2
401814832,MLB,2026-04-06 22:40:00+00:00,Pittsburgh Pirates,San Diego Padres,0.565,0.435,0.565,0.435,0.1,0.1,2
401814827,MLB,2026-04-06 20:10:00+00:00,Tampa Bay Rays,Chicago Cubs,0.535,0.465,0.535,0.465,0.1,0.3,1
401814829,MLB,2026-04-06 22:10:00+00:00,Cleveland Guardians,Kansas City Royals,0.525,0.475,0.525,0.475,0.3,0.2,2
401814818,MLB,2026-04-05 18:35:00+00:00,Texas Rangers,Cincinnati Reds,0.535,0.465,0.535,0.465,0.3,0.3,2
401814820,MLB,2026-04-05 18:10:00+00:00,Minnesota Twins,Tampa Bay Rays,0.505,0.495,0.505,0.495,0.1,0.1,2
401814819,MLB,2026-04-05 18:10:00+00:00,Kansas City Royals,Milwaukee Brewers,0.525,0.475,0.525,0.475,0.0,0.0,2
401814821,MLB,2026-04-05 18:10:00+00:00,Chicago White Sox,Toronto Blue Jays,0.395,0.605,0.395,0.605,0.1,0.1,1
401814813,MLB,2026-04-05 17:10:00+00:00,Cleveland Guardians,Chicago Cubs,0.455,0.545,0.455,0.545,0.4,0.2,2
401814814,MLB,2026-04-05 17:35:00+00:00,Washington Nationals,Los Angeles Dodgers,0.385,0.615,0.385,0.615,0.2,0.3,2
401814826,MLB,2026-04-05 20:07:00+00:00,Los Angeles Angels,Seattle Mariners,0.405,0.595,0.405,0.595,0.3,0.2,1
401814812,MLB,2026-04-05 17:35:00+00:00,Pittsburgh Pirates,Baltimore Orioles,0.535,0.465,0.535,0.465,0.2,0.3,1
401814815,MLB,2026-04-05 17:35:00+00:00,New York Yankees,Miami Marlins,0.725,0.275,0.725,0.275,0.4,0.4,2
401814816,MLB,2026-04-05 17:35:00+00:00,Boston Red Sox,San Diego Padres,0.595,0.405,0.595,0.405,0.3,0.3,2
401814817,MLB,2026-04-05 23:20:00+00:00,Detroit Tigers,St. Louis Cardinals,0.575,0.425,0.575,0.425,0.2,0.1,2
401814823,MLB,2026-04-05 20:10:00+00:00,Arizona Diamondbacks,Atlanta Braves,0.5,0.5,0.495,0.495,0.3,0.2,1
401814825,MLB,2026-04-05 20:05:00+00:00,San Francisco Giants,New York Mets,0.525,0.475,0.525,0.475,0.1,0.2,2
401814822,MLB,2026-04-05 19:10:00+00:00,Colorado Rockies,Philadelphia Phillies,0.425,0.575,0.425,0.575,0.4,0.2,1
401814824,MLB,2026-04-05 20:05:00+00:00,Athletics,Houston Astros,0.465,0.535,0.465,0.535,0.0,0.2,1
401814799,MLB,2026-04-04 20:05:00+00:00,Washington Nationals,Los Angeles Dodgers,0.265,0.735,0.265,0.735,0.0,0.0,2
401814810,MLB,2026-04-05 01:05:00+00:00,San Francisco Giants,New York Mets,0.515,0.485,0.515,0.485,0.3,0.3,2
401814811,MLB,2026-04-05 01:38:00+00:00,Los Angeles Angels,Seattle Mariners,0.405,0.595,0.405,0.595,0.1,0.2,1
401814807,MLB,2026-04-05 00:10:00+00:00,Colorado Rockies,Philadelphia Phillies,0.305,0.695,0.305,0.695,0.2,0.3,2
401814798,MLB,2026-04-04 23:15:00+00:00,Cleveland Guardians,Chicago Cubs,0.445,0.555,0.445,0.555,0.2,0.3,1
401814808,MLB,2026-04-04 23:15:00+00:00,Arizona Diamondbacks,Atlanta Braves,0.525,0.475,0.525,0.475,0.3,0.3,1
401814805,MLB,2026-04-04 23:10:00+00:00,Minnesota Twins,Tampa Bay Rays,0.485,0.515,0.485,0.515,0.3,0.2,2
401814803,MLB,2026-04-04 23:05:00+00:00,Texas Rangers,Cincinnati Reds,0.555,0.445,0.555,0.445,0.1,0.1,2
401814800,MLB,2026-04-04 23:05:00+00:00,New York Yankees,Miami Marlins,0.645,0.355,0.645,0.355,0.2,0.2,1
401814804,MLB,2026-04-04 18:10:00+00:00,Kansas City Royals,Milwaukee Brewers,0.485,0.515,0.485,0.515,0.9,1.0,2
401814801,MLB,2026-04-04 20:10:00+00:00,Boston Red Sox,San Diego Padres,0.575,0.425,0.575,0.425,0.4,0.3,2
401814809,MLB,2026-04-04 20:05:00+00:00,Athletics,Houston Astros,0.515,0.485,0.515,0.485,0.1,0.1,2
401814797,MLB,2026-04-04 20:05:00+00:00,Pittsburgh Pirates,Baltimore Orioles,0.515,0.485,0.515,0.485,0.1,0.1,1
401814806,MLB,2026-04-04 18:10:00+00:00,Chicago White Sox,Toronto Blue Jays,0.435,0.565,0.435,0.565,1.1,0.7,1
401814802,MLB,2026-04-04 17:10:00+00:00,Detroit Tigers,St. Louis Cardinals,0.625,0.375,0.625,0.375,0.0,0.0,1
401814785,MLB,2026-04-03 17:05:00+00:00,Washington Nationals,Los Angeles Dodgers,0.275,0.725,0.275,0.725,0.9,0.9,2
401867376,MLB,2026-04-04 23:10:00+00:00,Kansas City Royals,Milwaukee Brewers,0.515,0.485,0.515,0.485,0.2,0.3,1
401814786,MLB,2026-04-03 17:35:00+00:00,New York Yankees,Miami Marlins,0.595,0.405,0.595,0.405,0.6,0.5,1
401814791,MLB,2026-04-03 21:05:00+00:00,Minnesota Twins,Tampa Bay Rays,0.495,0.505,0.495,0.505,0.2,1.1,1
401814795,MLB,2026-04-04 02:15:00+00:00,San Francisco Giants,New York Mets,0.455,0.545,0.455,0.545,0.1,1.0,2
401814793,MLB,2026-04-04 01:40:00+00:00,Arizona Diamondbacks,Atlanta Braves,0.495,0.505,0.495,0.505,0.2,0.3,2
401814794,MLB,2026-04-04 01:40:00+00:00,Athletics,Houston Astros,0.505,0.495,0.505,0.495,0.3,0.3,1
401814796,MLB,2026-04-04 01:38:00+00:00,Los Angeles Angels,Seattle Mariners,0.385,0.615,0.385,0.615,0.3,0.4,2
401814792,MLB,2026-04-03 20:10:00+00:00,Colorado Rockies,Philadelphia Phillies,0.37,0.63,0.37,0.63,0.1,0.1,2
401814784,MLB,2026-04-03 20:10:00+00:00,Cleveland Guardians,Chicago Cubs,0.495,0.505,0.495,0.505,1.0,0.0,1
401814787,MLB,2026-04-03 18:10:00+00:00,Boston Red Sox,San Diego Padres,0.525,0.475,0.525,0.475,0.9,0.1,1
401814788,MLB,2026-04-03 17:10:00+00:00,Detroit Tigers,St. Louis Cardinals,0.625,0.375,0.625,0.375,0.1,0.2,1
401814783,MLB,2026-04-03 20:12:00+00:00,Pittsburgh Pirates,Baltimore Orioles,0.475,0.525,0.475,0.525,0.9,0.1,1
401814789,MLB,2026-04-03 20:05:00+00:00,Texas Rangers,Cincinnati Reds,0.6,0.4,0.6,0.4,0.2,0.2,2
401814781,MLB,2026-04-03 01:40:00+00:00,Arizona Diamondbacks,Atlanta Braves,0.495,0.505,0.495,0.505,0.4,0.4,2
401814782,MLB,2026-04-03 01:45:00+00:00,San Francisco Giants,New York Mets,0.475,0.525,0.475,0.525,0.2,0.3,1
401814779,MLB,2026-04-02 18:10:00+00:00,Kansas City Royals,Minnesota Twins,0.595,0.405,0.595,0.405,0.3,0.3,2
401814775,MLB,2026-04-02 00:20:00+00:00,Los Angeles Dodgers,Cleveland Guardians,0.725,0.275,0.725,0.275,0.1,0.1,2
401814772,MLB,2026-04-01 23:40:00+00:00,Kansas City Royals,Minnesota Twins,0.495,0.505,0.495,0.505,0.3,0.3,1
401814777,MLB,2026-04-01 20:10:00+00:00,Seattle Mariners,New York Yankees,0.515,0.485,0.515,0.485,0.3,0.2,2
401814778,MLB,2026-04-01 20:10:00+00:00,San Diego Padres,San Francisco Giants,0.585,0.415,0.585,0.415,0.3,0.2,1
401814776,MLB,2026-04-01 19:40:00+00:00,Arizona Diamondbacks,Detroit Tigers,0.415,0.585,0.415,0.585,0.3,0.3,1
401814770,MLB,2026-04-01 18:20:00+00:00,Chicago Cubs,Los Angeles Angels,0.595,0.405,0.595,0.405,0.2,0.2,1
401814771,MLB,2026-04-01 18:10:00+00:00,Houston Astros,Boston Red Sox,0.435,0.565,0.435,0.565,1.0,0.1,1
401814774,MLB,2026-04-01 17:40:00+00:00,Milwaukee Brewers,Tampa Bay Rays,0.555,0.445,0.555,0.445,0.1,0.2,1
401814773,MLB,2026-04-01 17:15:00+00:00,St. Louis Cardinals,New York Mets,0.395,0.605,0.395,0.605,0.3,0.3,1
401814765,MLB,2026-04-01 17:10:00+00:00,Miami Marlins,Chicago White Sox,0.565,0.435,0.565,0.435,0.3,0.3,1
401814769,MLB,2026-04-01 17:05:00+00:00,Philadelphia Phillies,Washington Nationals,0.715,0.285,0.715,0.285,0.2,0.3,1
401814766,MLB,2026-04-01 17:07:00+00:00,Toronto Blue Jays,Colorado Rockies,0.715,0.285,0.715,0.285,0.1,0.1,2
401814767,MLB,2026-04-01 16:40:00+00:00,Cincinnati Reds,Pittsburgh Pirates,0.435,0.565,0.435,0.565,0.4,0.3,2
401814768,MLB,2026-04-01 16:35:00+00:00,Baltimore Orioles,Texas Rangers,0.515,0.485,0.515,0.485,0.3,0.3,1
401814764,MLB,2026-04-01 16:15:00+00:00,Atlanta Braves,Athletics,0.675,0.325,0.675,0.325,0.3,0.3,1
401814757,MLB,2026-04-01 00:10:00+00:00,Houston Astros,Boston Red Sox,0.565,0.435,0.565,0.435,0.3,0.4,1
401814755,MLB,2026-03-31 22:40:00+00:00,Philadelphia Phillies,Washington Nationals,0.635,0.365,0.635,0.365,0.4,0.3,1
401814748,MLB,2026-03-31 01:40:00+00:00,Seattle Mariners,New York Yankees,0.475,0.525,0.475,0.525,0.2,0.3,1
401814753,MLB,2026-03-31 22:40:00+00:00,Cincinnati Reds,Pittsburgh Pirates,0.475,0.525,0.475,0.525,0.2,0.3,2
401814728,MLB,2026-03-29 17:35:00+00:00,Philadelphia Phillies,Texas Rangers,0.585,0.415,0.585,0.415,0.2,0.4,2
401814739,MLB,2026-03-30 22:35:00+00:00,Baltimore Orioles,Texas Rangers,0.535,0.465,0.535,0.465,0.3,0.4,2
401814735,MLB,2026-03-30 23:15:00+00:00,Atlanta Braves,Athletics,0.545,0.455,0.545,0.455,0.3,0.3,1
401814760,MLB,2026-04-01 02:10:00+00:00,Los Angeles Dodgers,Cleveland Guardians,0.705,0.295,0.705,0.295,0.3,0.2,1
401814761,MLB,2026-04-01 01:40:00+00:00,Arizona Diamondbacks,Detroit Tigers,0.495,0.505,0.495,0.505,0.3,0.2,1
401814762,MLB,2026-04-01 01:40:00+00:00,Seattle Mariners,New York Yankees,0.475,0.525,0.475,0.525,0.2,0.2,2
401814758,MLB,2026-03-31 23:45:00+00:00,St. Louis Cardinals,New York Mets,0.415,0.585,0.415,0.585,0.2,0.1,1
401814763,MLB,2026-04-01 01:40:00+00:00,San Diego Padres,San Francisco Giants,0.465,0.535,0.465,0.535,0.2,0.2,2
401814759,MLB,2026-03-31 23:40:00+00:00,Milwaukee Brewers,Tampa Bay Rays,0.525,0.475,0.525,0.475,0.2,0.4,1
401814756,MLB,2026-03-31 23:40:00+00:00,Chicago Cubs,Los Angeles Angels,0.565,0.435,0.565,0.435,0.3,0.3,2
401814752,MLB,2026-03-31 23:07:00+00:00,Toronto Blue Jays,Colorado Rockies,0.695,0.305,0.695,0.305,0.3,0.2,1
401814750,MLB,2026-03-31 23:15:00+00:00,Atlanta Braves,Athletics,0.595,0.405,0.595,0.405,0.3,0.4,2
401814751,MLB,2026-03-31 22:40:00+00:00,Miami Marlins,Chicago White Sox,0.585,0.415,0.585,0.415,0.4,0.3,1
401814749,MLB,2026-03-31 01:40:00+00:00,San Diego Padres,San Francisco Giants,0.515,0.485,0.515,0.485,0.0,0.2,2
401814754,MLB,2026-03-31 22:35:00+00:00,Baltimore Orioles,Texas Rangers,0.475,0.525,0.475,0.525,0.3,0.2,2
401814744,MLB,2026-03-30 23:45:00+00:00,St. Louis Cardinals,New York Mets,0.415,0.585,0.415,0.585,0.4,0.4,2
401814745,MLB,2026-03-30 23:40:00+00:00,Milwaukee Brewers,Tampa Bay Rays,0.585,0.415,0.585,0.415,0.1,0.3,2
401814742,MLB,2026-03-31 00:10:00+00:00,Houston Astros,Boston Red Sox,0.465,0.535,0.465,0.535,0.4,0.4,1
401814741,MLB,2026-03-30 23:40:00+00:00,Chicago Cubs,Los Angeles Angels,0.625,0.375,0.625,0.375,0.1,0.1,1
401814692,MLB,2026-03-26 19:05:00+00:00,Baltimore Orioles,Minnesota Twins,0.565,0.435,0.565,0.435,0.6,0.5,1
401814731,MLB,2026-03-29 18:15:00+00:00,St. Louis Cardinals,Tampa Bay Rays,0.475,0.525,0.475,0.525,0.4,0.3,2
401814706,MLB,2026-03-28 01:40:00+00:00,San Diego Padres,Detroit Tigers,0.545,0.455,0.545,0.455,0.5,0.5,2
401814723,MLB,2026-03-29 17:40:00+00:00,Cincinnati Reds,Boston Red Sox,0.455,0.545,0.455,0.545,0.1,0.2,1
401814746,MLB,2026-03-31 02:10:00+00:00,Los Angeles Dodgers,Cleveland Guardians,0.615,0.385,0.615,0.385,0.3,0.3,2
401814720,MLB,2026-03-29 00:40:00+00:00,San Diego Padres,Detroit Tigers,0.515,0.485,0.515,0.485,0.5,0.4,1
401814740,MLB,2026-03-30 22:40:00+00:00,Philadelphia Phillies,Washington Nationals,0.605,0.395,0.605,0.395,0.4,0.3,2
401814737,MLB,2026-03-30 23:07:00+00:00,Toronto Blue Jays,Colorado Rockies,0.725,0.275,0.725,0.275,0.5,0.4,2
401814743,MLB,2026-03-30 20:10:00+00:00,Kansas City Royals,Minnesota Twins,0.605,0.395,0.605,0.395,0.3,0.3,1
401814712,MLB,2026-03-28 20:10:00+00:00,New York Mets,Pittsburgh Pirates,0.615,0.385,0.615,0.385,0.5,0.4,1
401814736,MLB,2026-03-30 22:40:00+00:00,Miami Marlins,Chicago White Sox,0.575,0.425,0.575,0.425,0.3,0.2,2
401814710,MLB,2026-03-28 23:15:00+00:00,Atlanta Braves,Kansas City Royals,0.575,0.425,0.575,0.425,0.5,0.5,1
401814733,MLB,2026-03-29 23:20:00+00:00,Seattle Mariners,Cleveland Guardians,0.565,0.435,0.565,0.435,0.3,0.2,1
401814727,MLB,2026-03-29 17:40:00+00:00,New York Mets,Pittsburgh Pirates,0.625,0.375,0.625,0.375,0.2,0.2,2
401814718,MLB,2026-03-29 01:10:00+00:00,Los Angeles Dodgers,Arizona Diamondbacks,0.695,0.305,0.695,0.305,0.5,0.3,1
401814738,MLB,2026-03-30 22:40:00+00:00,Cincinnati Reds,Pittsburgh Pirates,0.555,0.445,0.555,0.445,0.2,0.4,1
401814747,MLB,2026-03-31 02:10:00+00:00,Arizona Diamondbacks,Detroit Tigers,0.535,0.465,0.535,0.465,0.2,0.2,1
401814707,MLB,2026-03-28 19:07:00+00:00,Toronto Blue Jays,Athletics,0.645,0.355,0.645,0.355,0.5,0.4,1
401814691,MLB,2026-03-27 23:15:00+00:00,Atlanta Braves,Kansas City Royals,0.575,0.425,0.575,0.425,0.4,0.5,1
401814690,MLB,2026-03-27 23:10:00+00:00,Miami Marlins,Colorado Rockies,0.635,0.365,0.635,0.365,0.6,0.5,1
401814700,MLB,2026-03-27 02:10:00+00:00,Seattle Mariners,Cleveland Guardians,0.635,0.365,0.635,0.365,0.5,0.6,2
401814697,MLB,2026-03-26 20:15:00+00:00,St. Louis Cardinals,Tampa Bay Rays,0.445,0.555,0.445,0.555,0.5,0.6,1
401814694,MLB,2026-03-26 20:15:00+00:00,Philadelphia Phillies,Texas Rangers,0.595,0.405,0.595,0.405,0.6,0.5,1
401814701,MLB,2026-03-26 20:10:00+00:00,San Diego Padres,Detroit Tigers,0.475,0.525,0.475,0.525,0.5,0.6,2
401814695,MLB,2026-03-26 20:10:00+00:00,Houston Astros,Los Angeles Angels,0.625,0.375,0.625,0.375,0.5,0.5,2
401814689,MLB,2026-03-26 20:10:00+00:00,Cincinnati Reds,Boston Red Sox,0.405,0.595,0.405,0.595,0.6,0.6,2
401814729,MLB,2026-03-29 18:10:00+00:00,Houston Astros,Los Angeles Angels,0.605,0.395,0.605,0.395,0.3,0.3,1
401814732,MLB,2026-03-29 18:20:00+00:00,Chicago Cubs,Washington Nationals,0.695,0.305,0.695,0.305,0.3,0.4,2
401814730,MLB,2026-03-29 18:10:00+00:00,Milwaukee Brewers,Chicago White Sox,0.605,0.395,0.605,0.395,0.4,0.4,1
401814724,MLB,2026-03-29 17:40:00+00:00,Miami Marlins,Colorado Rockies,0.635,0.365,0.635,0.365,0.1,0.1,1
401814722,MLB,2026-03-29 17:37:00+00:00,Toronto Blue Jays,Athletics,0.585,0.415,0.585,0.415,0.3,0.2,1
401814726,MLB,2026-03-29 17:35:00+00:00,Baltimore Orioles,Minnesota Twins,0.595,0.405,0.595,0.405,0.4,0.4,1
401814725,MLB,2026-03-29 17:35:00+00:00,Atlanta Braves,Kansas City Royals,0.585,0.415,0.585,0.415,0.2,0.3,2
401814719,MLB,2026-03-29 01:40:00+00:00,Seattle Mariners,Cleveland Guardians,0.615,0.385,0.615,0.385,0.5,0.4,2
401814734,MLB,2026-03-28 23:15:00+00:00,San Francisco Giants,New York Yankees,0.455,0.545,0.455,0.545,0.4,0.4,2
401814717,MLB,2026-03-28 18:20:00+00:00,Chicago Cubs,Washington Nationals,0.685,0.315,0.685,0.315,0.2,0.2,1
401814715,MLB,2026-03-28 23:10:00+00:00,Milwaukee Brewers,Chicago White Sox,0.645,0.355,0.645,0.355,0.4,0.5,1
401814714,MLB,2026-03-28 23:10:00+00:00,Houston Astros,Los Angeles Angels,0.555,0.445,0.555,0.445,0.5,0.4,1
401814721,MLB,2026-03-27 20:35:00+00:00,San Francisco Giants,New York Yankees,0.455,0.545,0.455,0.545,0.4,0.5,2
401814709,MLB,2026-03-28 20:10:00+00:00,Miami Marlins,Colorado Rockies,0.645,0.355,0.645,0.355,0.5,0.4,1
401814688,MLB,2026-03-27 23:07:00+00:00,Toronto Blue Jays,Athletics,0.605,0.395,0.605,0.395,0.4,0.5,1
401814708,MLB,2026-03-28 20:10:00+00:00,Cincinnati Reds,Boston Red Sox,0.45,0.55,0.45,0.55,0.5,0.4,1
401814713,MLB,2026-03-28 20:05:00+00:00,Philadelphia Phillies,Texas Rangers,0.575,0.425,0.575,0.425,0.2,0.2,2
401814711,MLB,2026-03-28 20:05:00+00:00,Baltimore Orioles,Minnesota Twins,0.605,0.395,0.605,0.395,0.2,0.2,2
401814716,MLB,2026-03-28 18:15:00+00:00,St. Louis Cardinals,Tampa Bay Rays,0.485,0.515,0.485,0.515,0.5,0.4,1
401814703,MLB,2026-03-28 00:10:00+00:00,Houston Astros,Los Angeles Angels,0.605,0.395,0.605,0.395,0.3,0.2,2
401814704,MLB,2026-03-28 02:10:00+00:00,Los Angeles Dodgers,Arizona Diamondbacks,0.675,0.325,0.675,0.325,0.5,0.5,1
401814699,MLB,2026-03-27 00:30:00+00:00,Los Angeles Dodgers,Arizona Diamondbacks,0.715,0.285,0.715,0.285,0.5,0.4,1
401814698,MLB,2026-03-26 18:20:00+00:00,Chicago Cubs,Washington Nationals,0.655,0.345,0.655,0.345,0.5,0.6,2
401814696,MLB,2026-03-26 18:10:00+00:00,Milwaukee Brewers,Chicago White Sox,0.635,0.365,0.635,0.365,0.3,0.3,1
401814693,MLB,2026-03-26 17:15:00+00:00,New York Mets,Pittsburgh Pirates,0.525,0.475,0.525,0.475,0.5,0.6,1
401814702,MLB,2026-03-26 00:05:00+00:00,San Francisco Giants,New York Yankees,0.475,0.525,0.475,0.525,0.6,0.6,2
401814705,MLB,2026-03-28 01:40:00+00:00,Seattle Mariners,Cleveland Guardians,0.615,0.385,0.615,0.385,0.4,0.5,1
401833334,MLB,2026-03-25 00:10:00+00:00,Los Angeles Dodgers,Los Angeles Angels,0.525,0.475,0.525,0.475,0.6,0.5,1
401833331,MLB,2026-03-24 16:05:00+00:00,Atlanta Braves,Tampa Bay Rays,0.615,0.385,0.615,0.385,0.6,0.5,1
401833333,MLB,2026-03-24 19:10:00+00:00,Colorado Rockies,Detroit Tigers,0.405,0.595,0.405,0.595,0.5,0.5,2
401833330,MLB,2026-03-24 19:40:00+00:00,Arizona Diamondbacks,Cleveland Guardians,0.545,0.455,0.545,0.455,0.5,0.5,2
401833338,MLB,2026-03-24 21:10:00+00:00,Milwaukee Brewers,Cincinnati Reds,0.525,0.475,0.525,0.475,0.6,0.5,1
401833332,MLB,2026-03-24 19:05:00+00:00,Chicago Cubs,New York Yankees,0.54,0.46,0.54,0.46,0.6,0.5,2
401833336,MLB,2026-03-24 18:05:00+00:00,Texas Rangers,Kansas City Royals,0.565,0.435,0.565,0.435,0.5,0.5,1
401833335,MLB,2026-03-24 17:05:00+00:00,Minnesota Twins,Boston Red Sox,0.405,0.595,0.405,0.595,0.6,0.7,1
401857321,WNBA,2026-06-30 23:00:00+00:00,New York Liberty,Las Vegas Aces,0.685,0.315,0.685,0.315,0.9,0.9,1
401857032,WNBA,2026-06-28 20:00:00+00:00,Chicago Sky,Las Vegas Aces,0.265,0.735,0.265,0.735,0.9,0.9,2
401857030,WNBA,2026-06-28 18:00:00+00:00,Dallas Wings,Minnesota Lynx,0.415,0.585,0.415,0.585,0.7,0.7,2
401857033,WNBA,2026-06-28 23:00:00+00:00,Golden State Valkyries,New York Liberty,0.505,0.495,0.505,0.495,0.9,0.9,1
401857029,WNBA,2026-06-28 01:00:00+00:00,Seattle Storm,Atlanta Dream,0.225,0.775,0.225,0.775,0.9,0.9,1
401857028,WNBA,2026-06-28 00:00:00+00:00,Indiana Fever,Los Angeles Sparks,0.705,0.295,0.705,0.295,0.9,0.9,1
401857027,WNBA,2026-06-27 18:00:00+00:00,Toronto Tempo,Phoenix Mercury,0.665,0.335,0.665,0.335,0.9,0.9,2
401857026,WNBA,2026-06-27 02:00:00+00:00,Golden State Valkyries,Atlanta Dream,0.455,0.545,0.455,0.545,0.9,0.9,1
401857024,WNBA,2026-06-26 23:30:00+00:00,Connecticut Sun,Washington Mystics,0.395,0.605,0.395,0.605,0.9,0.9,1
401857021,WNBA,2026-06-25 23:00:00+00:00,Toronto Tempo,Los Angeles Sparks,0.485,0.515,0.485,0.515,0.9,0.9,1
401857022,WNBA,2026-06-26 02:00:00+00:00,Las Vegas Aces,Dallas Wings,0.675,0.325,0.675,0.325,0.9,0.9,1
401857023,WNBA,2026-06-26 02:00:00+00:00,Seattle Storm,New York Liberty,0.235,0.765,0.235,0.765,0.9,0.9,1
401857017,WNBA,2026-06-24 23:30:00+00:00,Indiana Fever,Phoenix Mercury,0.765,0.235,0.765,0.235,0.9,0.9,2
401857020,WNBA,2026-06-25 02:00:00+00:00,Golden State Valkyries,Atlanta Dream,0.44,0.56,0.44,0.56,0.9,0.9,1
401857018,WNBA,2026-06-24 23:30:00+00:00,Washington Mystics,Minnesota Lynx,0.215,0.785,0.215,0.785,0.9,0.9,2
401857016,WNBA,2026-06-24 02:00:00+00:00,Las Vegas Aces,New York Liberty,0.555,0.445,0.555,0.445,0.9,0.9,2
401857012,WNBA,2026-06-22 23:00:00+00:00,Connecticut Sun,Chicago Sky,0.395,0.605,0.395,0.605,0.9,0.9,1
401857015,WNBA,2026-06-23 02:00:00+00:00,Seattle Storm,Dallas Wings,0.215,0.785,0.215,0.785,0.5,0.5,2
401857013,WNBA,2026-06-22 23:30:00+00:00,Atlanta Dream,Toronto Tempo,0.885,0.115,0.885,0.115,0.9,0.9,1
401857014,WNBA,2026-06-23 00:00:00+00:00,Indiana Fever,Phoenix Mercury,0.725,0.275,0.725,0.275,0.9,0.9,1
401857011,WNBA,2026-06-22 00:00:00+00:00,Los Angeles Sparks,New York Liberty,0.315,0.685,0.315,0.685,0.7,0.7,1
401857009,WNBA,2026-06-21 20:00:00+00:00,Las Vegas Aces,Golden State Valkyries,0.61,0.39,0.61,0.39,0.9,0.9,1
401857010,WNBA,2026-06-21 22:00:00+00:00,Minnesota Lynx,Washington Mystics,0.865,0.135,0.865,0.135,0.9,0.9,2
401857008,WNBA,2026-06-21 00:00:00+00:00,Dallas Wings,Chicago Sky,0.775,0.225,0.775,0.225,0.9,0.9,1
401857006,WNBA,2026-06-20 17:00:00+00:00,Atlanta Dream,Indiana Fever,0.625,0.375,0.625,0.375,0.9,0.9,1
401857007,WNBA,2026-06-20 19:07:00+00:00,Phoenix Mercury,Seattle Storm,0.705,0.295,0.705,0.295,0.9,0.9,1
401857003,WNBA,2026-06-19 23:30:00+00:00,Connecticut Sun,Toronto Tempo,0.525,0.475,0.525,0.475,0.9,0.9,2
401857005,WNBA,2026-06-20 02:00:00+00:00,Golden State Valkyries,Minnesota Lynx,0.425,0.575,0.425,0.575,0.9,0.9,2
401857004,WNBA,2026-06-19 23:30:00+00:00,New York Liberty,Washington Mystics,0.865,0.135,0.865,0.135,0.9,0.9,2
401857002,WNBA,2026-06-18 23:30:00+00:00,Indiana Fever,Atlanta Dream,0.485,0.515,0.485,0.515,0.9,0.9,2
401856996,WNBA,2026-06-17 23:00:00+00:00,Connecticut Sun,Washington Mystics,0.535,0.465,0.535,0.465,0.9,0.9,2
401856997,WNBA,2026-06-18 00:00:00+00:00,Chicago Sky,New York Liberty,0.185,0.815,0.185,0.815,0.9,0.9,2
401856998,WNBA,2026-06-18 02:00:00+00:00,Golden State Valkyries,Dallas Wings,0.585,0.415,0.585,0.415,0.9,0.9,1
401857000,WNBA,2026-06-18 02:00:00+00:00,Phoenix Mercury,Las Vegas Aces,0.285,0.715,0.285,0.715,0.9,0.9,2
401856999,WNBA,2026-06-18 02:00:00+00:00,Los Angeles Sparks,Minnesota Lynx,0.205,0.795,0.205,0.795,0.9,0.9,2
401856995,WNBA,2026-06-16 23:00:00+00:00,Indiana Fever,Toronto Tempo,0.775,0.225,0.775,0.225,0.9,0.9,1
401856992,WNBA,2026-06-16 00:00:00+00:00,Dallas Wings,Las Vegas Aces,0.415,0.585,0.415,0.585,0.9,0.9,1
401856994,WNBA,2026-06-16 02:00:00+00:00,Golden State Valkyries,Los Angeles Sparks,0.645,0.355,0.645,0.355,0.9,0.9,1
401856991,WNBA,2026-06-14 19:00:00+00:00,Toronto Tempo,Atlanta Dream,0.285,0.715,0.285,0.715,0.9,0.9,2
401856990,WNBA,2026-06-14 19:00:00+00:00,New York Liberty,Washington Mystics,0.855,0.145,0.855,0.145,0.9,0.9,1
401856989,WNBA,2026-06-14 02:00:00+00:00,Phoenix Mercury,Los Angeles Sparks,0.485,0.515,0.485,0.515,0.7,0.7,2
401856987,WNBA,2026-06-14 00:00:00+00:00,Las Vegas Aces,Minnesota Lynx,0.595,0.405,0.595,0.405,0.9,0.9,1
401856986,WNBA,2026-06-13 22:00:00+00:00,Connecticut Sun,Indiana Fever,0.205,0.795,0.205,0.795,0.9,0.9,2
401856985,WNBA,2026-06-13 02:00:00+00:00,Seattle Storm,Golden State Valkyries,0.205,0.795,0.205,0.795,0.9,0.9,2
401856984,WNBA,2026-06-12 23:30:00+00:00,Washington Mystics,Toronto Tempo,0.5,0.5,0.5,0.5,0.9,0.9,1
401856980,WNBA,2026-06-11 23:00:00+00:00,Indiana Fever,Chicago Sky,0.805,0.195,0.805,0.195,0.9,0.9,1
401856982,WNBA,2026-06-12 01:00:00+00:00,Dallas Wings,Phoenix Mercury,0.705,0.295,0.705,0.295,0.7,0.7,1
401856981,WNBA,2026-06-11 23:30:00+00:00,Atlanta Dream,New York Liberty,0.605,0.395,0.605,0.395,0.9,0.9,2
401856979,WNBA,2026-06-11 02:00:00+00:00,Seattle Storm,Los Angeles Sparks,0.275,0.725,0.275,0.725,0.9,0.9,2
401856978,WNBA,2026-06-10 23:00:00+00:00,Toronto Tempo,Connecticut Sun,0.765,0.235,0.765,0.235,0.9,0.9,1
401856975,WNBA,2026-06-09 23:00:00+00:00,Chicago Sky,Atlanta Dream,0.215,0.785,0.215,0.785,0.9,0.9,2
401856977,WNBA,2026-06-10 02:00:00+00:00,Golden State Valkyries,Phoenix Mercury,0.745,0.255,0.745,0.255,0.9,0.9,1
401856976,WNBA,2026-06-10 00:00:00+00:00,Minnesota Lynx,Dallas Wings,0.615,0.385,0.615,0.385,0.9,0.9,1
401856972,WNBA,2026-06-08 23:00:00+00:00,Connecticut Sun,New York Liberty,0.135,0.865,0.135,0.865,0.9,0.9,2
401856974,WNBA,2026-06-09 02:00:00+00:00,Las Vegas Aces,Seattle Storm,0.895,0.105,0.895,0.105,0.9,0.9,1
401856973,WNBA,2026-06-08 23:00:00+00:00,Washington Mystics,Indiana Fever,0.335,0.665,0.335,0.665,0.9,0.9,2
401856970,WNBA,2026-06-07 19:00:00+00:00,Toronto Tempo,Chicago Sky,0.625,0.375,0.625,0.375,0.7,0.7,1
401856966,WNBA,2026-06-06 17:00:00+00:00,Minnesota Lynx,Seattle Storm,0.885,0.115,0.885,0.115,0.9,0.9,1
401856969,WNBA,2026-06-07 00:00:00+00:00,New York Liberty,Indiana Fever,0.575,0.425,0.575,0.425,0.9,0.9,1
401856967,WNBA,2026-06-06 19:00:00+00:00,Las Vegas Aces,Golden State Valkyries,0.585,0.415,0.585,0.415,0.9,0.9,1
401856968,WNBA,2026-06-06 22:00:00+00:00,Atlanta Dream,Washington Mystics,0.775,0.225,0.775,0.225,0.9,0.9,1
401856964,WNBA,2026-06-06 02:00:00+00:00,Los Angeles Sparks,Dallas Wings,0.455,0.545,0.455,0.545,0.9,0.9,2
401856963,WNBA,2026-06-05 23:30:00+00:00,Chicago Sky,Connecticut Sun,0.705,0.295,0.705,0.295,0.9,0.9,1
401856962,WNBA,2026-06-05 01:00:00+00:00,Minnesota Lynx,Golden State Valkyries,0.605,0.395,0.605,0.395,0.9,0.9,1
401856961,WNBA,2026-06-04 23:00:00+00:00,Indiana Fever,Atlanta Dream,0.495,0.505,0.495,0.505,0.9,0.9,1
401856959,WNBA,2026-06-03 23:30:00+00:00,New York Liberty,Toronto Tempo,0.745,0.255,0.745,0.255,0.9,0.9,1
401856960,WNBA,2026-06-04 02:00:00+00:00,Seattle Storm,Phoenix Mercury,0.295,0.705,0.295,0.705,0.9,0.9,2
401856955,WNBA,2026-06-02 23:30:00+00:00,Atlanta Dream,Connecticut Sun,0.895,0.105,0.895,0.105,0.9,0.9,1
401856958,WNBA,2026-06-03 02:00:00+00:00,Los Angeles Sparks,Las Vegas Aces,0.285,0.715,0.285,0.715,0.9,0.9,2
401856956,WNBA,2026-06-02 23:30:00+00:00,Washington Mystics,Chicago Sky,0.465,0.535,0.465,0.535,0.9,0.9,1
401856954,WNBA,2026-06-02 02:00:00+00:00,Phoenix Mercury,Minnesota Lynx,0.435,0.565,0.435,0.565,0.9,0.9,2
401856953,WNBA,2026-06-02 00:00:00+00:00,Dallas Wings,Seattle Storm,0.855,0.145,0.855,0.145,0.9,0.9,1
401856952,WNBA,2026-05-31 19:30:00+00:00,Golden State Valkyries,Las Vegas Aces,0.465,0.535,0.465,0.535,0.9,0.9,2
401856949,WNBA,2026-05-30 17:00:00+00:00,Toronto Tempo,Seattle Storm,0.675,0.325,0.675,0.325,0.9,0.9,1
401856950,WNBA,2026-05-30 22:00:00+00:00,Connecticut Sun,Los Angeles Sparks,0.375,0.625,0.375,0.625,0.9,0.9,1
401856946,WNBA,2026-05-29 23:30:00+00:00,Washington Mystics,Los Angeles Sparks,0.555,0.445,0.555,0.445,0.9,0.9,2
401856947,WNBA,2026-05-29 23:30:00+00:00,Chicago Sky,Minnesota Lynx,0.365,0.635,0.365,0.635,0.9,0.9,2
401856945,WNBA,2026-05-29 23:30:00+00:00,New York Liberty,Phoenix Mercury,0.655,0.345,0.655,0.345,0.9,0.9,1
401856944,WNBA,2026-05-29 02:00:00+00:00,Golden State Valkyries,Indiana Fever,0.535,0.465,0.535,0.465,0.9,0.9,1
401856943,WNBA,2026-05-29 00:00:00+00:00,Dallas Wings,Las Vegas Aces,0.355,0.645,0.355,0.645,0.9,0.9,1
401856942,WNBA,2026-05-28 02:00:00+00:00,Seattle Storm,Washington Mystics,0.415,0.585,0.415,0.585,0.9,0.9,2
401856939,WNBA,2026-05-28 00:00:00+00:00,Chicago Sky,Toronto Tempo,0.625,0.375,0.625,0.375,0.9,0.9,2
401856938,WNBA,2026-05-27 23:00:00+00:00,New York Liberty,Phoenix Mercury,0.6255,0.3745,0.6255,0.3745,0.9,0.9,1
401856940,WNBA,2026-05-28 01:00:00+00:00,Minnesota Lynx,Atlanta Dream,0.415,0.585,0.415,0.585,0.9,0.9,1
401856937,WNBA,2026-05-26 02:00:00+00:00,Golden State Valkyries,Connecticut Sun,0.865,0.135,0.865,0.135,0.9,0.9,1
401856935,WNBA,2026-05-24 22:00:00+00:00,Seattle Storm,Washington Mystics,0.375,0.625,0.375,0.625,0.9,0.9,1
401856934,WNBA,2026-05-24 19:30:00+00:00,New York Liberty,Dallas Wings,0.705,0.295,0.705,0.295,0.9,0.9,2
401856933,WNBA,2026-05-24 19:00:00+00:00,Atlanta Dream,Phoenix Mercury,0.665,0.335,0.665,0.335,0.9,0.9,1
401856932,WNBA,2026-05-24 00:00:00+00:00,Las Vegas Aces,Los Angeles Sparks,0.785,0.215,0.785,0.215,0.9,0.9,2
401856930,WNBA,2026-05-23 17:00:00+00:00,Chicago Sky,Minnesota Lynx,0.465,0.535,0.465,0.535,0.9,0.9,2
401856931,WNBA,2026-05-23 22:00:00+00:00,Toronto Tempo,Portland Fire,0.665,0.335,0.665,0.335,0.9,0.9,2
401856927,WNBA,2026-05-22 23:30:00+00:00,Atlanta Dream,Dallas Wings,0.645,0.355,0.645,0.355,0.9,0.9,1
401856928,WNBA,2026-05-22 23:30:00+00:00,Indiana Fever,Golden State Valkyries,0.665,0.335,0.665,0.335,0.9,0.9,1
401856929,WNBA,2026-05-23 02:00:00+00:00,Seattle Storm,Connecticut Sun,0.555,0.445,0.555,0.445,0.9,0.9,1
401856926,WNBA,2026-05-22 02:00:00+00:00,Phoenix Mercury,Los Angeles Sparks,0.575,0.425,0.575,0.425,0.8,0.8,2
401856925,WNBA,2026-05-22 00:00:00+00:00,Minnesota Lynx,Toronto Tempo,0.675,0.325,0.675,0.325,0.9,0.9,1
401856924,WNBA,2026-05-22 00:00:00+00:00,New York Liberty,Golden State Valkyries,0.695,0.305,0.695,0.305,0.9,0.9,2
401856922,WNBA,2026-05-21 01:00:00+00:00,Chicago Sky,Dallas Wings,0.415,0.585,0.415,0.585,0.9,0.9,2
401856923,WNBA,2026-05-21 02:00:00+00:00,Seattle Storm,Connecticut Sun,0.575,0.425,0.575,0.425,0.9,0.9,2
401856921,WNBA,2026-05-20 23:00:00+00:00,Indiana Fever,Portland Fire,0.805,0.195,0.805,0.195,0.9,0.9,1
401856920,WNBA,2026-05-20 02:00:00+00:00,Phoenix Mercury,Toronto Tempo,0.735,0.265,0.735,0.265,0.9,0.9,2
401856918,WNBA,2026-05-19 00:00:00+00:00,Dallas Wings,Washington Mystics,0.625,0.375,0.625,0.375,0.9,0.9,1
401856919,WNBA,2026-05-19 02:00:00+00:00,Portland Fire,Connecticut Sun,0.615,0.385,0.615,0.385,0.9,0.9,1
401856917,WNBA,2026-05-17 23:00:00+00:00,Los Angeles Sparks,Toronto Tempo,0.735,0.265,0.735,0.265,0.9,0.9,2
401856915,WNBA,2026-05-17 17:30:00+00:00,Atlanta Dream,Las Vegas Aces,0.385,0.615,0.385,0.615,0.9,0.9,2
401856916,WNBA,2026-05-17 22:00:00+00:00,Indiana Fever,Seattle Storm,0.845,0.155,0.845,0.155,0.9,0.9,1
401856914,WNBA,2026-05-17 23:00:00+00:00,Minnesota Lynx,Chicago Sky,0.685,0.315,0.685,0.315,0.9,0.9,2
401856899,WNBA,2026-05-10 00:00:00+00:00,Minnesota Lynx,Atlanta Dream,0.335,0.665,0.335,0.665,0.9,0.9,2
401856913,WNBA,2026-05-16 02:00:00+00:00,Phoenix Mercury,Chicago Sky,0.625,0.375,0.625,0.375,0.9,0.9,1
401856910,WNBA,2026-05-15 23:30:00+00:00,Connecticut Sun,Las Vegas Aces,0.1,0.9,0.1,0.9,0.9,0.8,2
401856912,WNBA,2026-05-16 02:00:00+00:00,Los Angeles Sparks,Toronto Tempo,0.755,0.245,0.755,0.245,0.9,0.9,1
401856911,WNBA,2026-05-15 23:30:00+00:00,Indiana Fever,Washington Mystics,0.765,0.235,0.765,0.235,0.9,0.8,2
401856909,WNBA,2026-05-15 02:00:00+00:00,Portland Fire,New York Liberty,0.175,0.825,0.175,0.825,0.9,0.9,2
401856904,WNBA,2026-05-13 23:00:00+00:00,Toronto Tempo,Seattle Storm,0.585,0.415,0.585,0.415,0.9,0.9,1
401856895,WNBA,2026-05-10 01:00:00+00:00,Portland Fire,Chicago Sky,0.335,0.665,0.335,0.665,0.9,0.9,2
401856903,WNBA,2026-05-13 02:00:00+00:00,Portland Fire,New York Liberty,0.135,0.865,0.135,0.865,0.9,0.9,1
401856891,WNBA,2026-05-08 23:30:00+00:00,Toronto Tempo,Washington Mystics,0.505,0.495,0.505,0.495,0.6,0.6,2
401866521,WNBA,2026-05-03 23:00:00+00:00,Portland Fire,Los Angeles Sparks,0.265,0.735,0.265,0.735,0.9,0.9,2
401867793,WNBA,2026-05-02 00:00:00+00:00,Minnesota Lynx,Toronto Tempo,0.675,0.325,0.675,0.325,0.9,0.9,1
401856908,WNBA,2026-05-15 00:00:00+00:00,Dallas Wings,Minnesota Lynx,0.59,0.41,0.59,0.41,0.9,0.9,2
401856901,WNBA,2026-05-13 00:00:00+00:00,Dallas Wings,Atlanta Dream,0.47,0.53,0.47,0.53,0.9,0.9,2
401856906,WNBA,2026-05-14 02:00:00+00:00,Golden State Valkyries,Chicago Sky,0.685,0.315,0.685,0.315,0.9,0.9,2
401856902,WNBA,2026-05-13 02:00:00+00:00,Phoenix Mercury,Minnesota Lynx,0.645,0.355,0.645,0.355,0.9,0.9,2
401856907,WNBA,2026-05-14 02:30:00+00:00,Los Angeles Sparks,Indiana Fever,0.495,0.505,0.495,0.505,0.9,0.9,2
401856900,WNBA,2026-05-11 00:30:00+00:00,Golden State Valkyries,Phoenix Mercury,0.53,0.47,0.53,0.47,0.9,0.9,1
401856905,WNBA,2026-05-14 00:00:00+00:00,Connecticut Sun,Las Vegas Aces,0.11,0.89,0.11,0.89,0.9,0.9,2
401856894,WNBA,2026-05-09 19:30:00+00:00,Las Vegas Aces,Phoenix Mercury,0.795,0.205,0.795,0.205,0.9,0.9,2
401856898,WNBA,2026-05-10 22:00:00+00:00,Los Angeles Sparks,Las Vegas Aces,0.465,0.535,0.465,0.535,0.9,0.9,2
401856893,WNBA,2026-05-09 17:00:00+00:00,Indiana Fever,Dallas Wings,0.695,0.305,0.695,0.305,0.9,0.9,2
401856897,WNBA,2026-05-10 19:00:00+00:00,Washington Mystics,New York Liberty,0.315,0.685,0.315,0.685,0.9,0.9,2
401856892,WNBA,2026-05-09 02:00:00+00:00,Seattle Storm,Golden State Valkyries,0.325,0.675,0.325,0.675,0.9,0.9,2
401856896,WNBA,2026-05-10 17:00:00+00:00,Connecticut Sun,Seattle Storm,0.52,0.48,0.52,0.48,0.9,0.9,2
401856890,WNBA,2026-05-08 23:30:00+00:00,New York Liberty,Connecticut Sun,0.835,0.165,0.835,0.165,0.6,0.6,1
401867795,WNBA,2026-05-03 19:00:00+00:00,Atlanta Dream,Washington Mystics,0.725,0.275,0.725,0.275,0.9,0.9,2
401866520,WNBA,2026-05-03 23:00:00+00:00,Dallas Wings,Las Vegas Aces,0.385,0.615,0.385,0.615,0.9,0.9,1
401866519,WNBA,2026-05-03 21:00:00+00:00,Connecticut Sun,New York Liberty,0.24,0.76,0.24,0.76,0.9,0.9,2
401866518,WNBA,2026-04-30 23:00:00+00:00,Indiana Fever,Dallas Wings,0.7,0.3,0.7,0.3,0.9,0.9,2
401820329,WNBA,2025-10-11 00:00:00+00:00,Phoenix Mercury,Las Vegas Aces,0.455,0.545,0.455,0.545,0.9,0.9,2
401820326,WNBA,2025-10-09 00:00:00+00:00,Phoenix Mercury,Las Vegas Aces,0.6,0.4,0.6,0.4,0.9,0.9,2
401820325,WNBA,2025-10-05 19:00:00+00:00,Las Vegas Aces,Phoenix Mercury,0.58,0.42,0.58,0.42,0.9,0.9,1
401820322,WNBA,2025-10-04 00:00:00+00:00,Las Vegas Aces,Phoenix Mercury,0.575,0.425,0.575,0.425,0.9,0.9,1
401820340,WNBA,2025-10-01 01:30:00+00:00,Las Vegas Aces,Indiana Fever,0.79,0.21,0.79,0.21,0.9,0.9,1
401820338,WNBA,2025-09-29 00:00:00+00:00,Phoenix Mercury,Minnesota Lynx,0.55,0.45,0.55,0.45,0.9,0.9,2
401820337,WNBA,2025-09-28 19:00:00+00:00,Indiana Fever,Las Vegas Aces,0.415,0.585,0.415,0.585,0.9,1.0,1
401820333,WNBA,2025-09-27 01:40:00+00:00,Phoenix Mercury,Minnesota Lynx,0.385,0.615,0.385,0.615,1.0,1.0,1
401820334,WNBA,2025-09-26 23:30:00+00:00,Indiana Fever,Las Vegas Aces,0.39,0.61,0.39,0.61,0.9,1.0,2
401820331,WNBA,2025-09-24 01:30:00+00:00,Las Vegas Aces,Indiana Fever,0.785,0.215,0.785,0.215,0.9,0.9,1
401820330,WNBA,2025-09-23 23:30:00+00:00,Minnesota Lynx,Phoenix Mercury,0.735,0.265,0.735,0.265,0.9,1.0,2
401820327,WNBA,2025-09-21 19:00:00+00:00,Las Vegas Aces,Indiana Fever,0.775,0.225,0.775,0.225,0.9,0.9,2
401820328,WNBA,2025-09-21 21:00:00+00:00,Minnesota Lynx,Phoenix Mercury,0.77,0.23,0.77,0.23,1.0,0.9,1
401820324,WNBA,2025-09-20 01:00:00+00:00,Phoenix Mercury,New York Liberty,0.575,0.425,0.575,0.425,1.0,0.9,1
401820319,WNBA,2025-09-18 02:00:00+00:00,Golden State Valkyries,Minnesota Lynx,0.25,0.75,0.25,0.75,0.9,0.9,2
401820320,WNBA,2025-09-18 23:30:00+00:00,Atlanta Dream,Indiana Fever,0.755,0.245,0.755,0.245,0.9,0.9,2
401820321,WNBA,2025-09-19 01:30:00+00:00,Las Vegas Aces,Seattle Storm,0.78,0.22,0.78,0.22,0.9,0.9,1
401820318,WNBA,2025-09-18 00:00:00+00:00,New York Liberty,Phoenix Mercury,0.645,0.355,0.645,0.355,0.9,0.9,2
401820317,WNBA,2025-09-17 01:30:00+00:00,Seattle Storm,Las Vegas Aces,0.34,0.66,0.34,0.66,0.9,0.9,1
401820316,WNBA,2025-09-16 23:30:00+00:00,Indiana Fever,Atlanta Dream,0.395,0.605,0.395,0.605,0.9,0.9,1
401820315,WNBA,2025-09-15 02:00:00+00:00,Las Vegas Aces,Seattle Storm,0.705,0.295,0.705,0.295,0.9,1.0,1
401820314,WNBA,2025-09-14 21:00:00+00:00,Phoenix Mercury,New York Liberty,0.445,0.555,0.445,0.555,0.9,0.9,2
401820313,WNBA,2025-09-14 19:00:00+00:00,Atlanta Dream,Indiana Fever,0.75,0.25,0.75,0.25,1.0,1.0,1
401820272,WNBA,2025-09-14 17:00:00+00:00,Minnesota Lynx,Golden State Valkyries,0.88,0.12,0.88,0.12,0.9,0.9,1
401736397,WNBA,2025-09-12 02:00:00+00:00,Los Angeles Sparks,Las Vegas Aces,0.185,0.815,0.185,0.815,0.9,0.9,2
401736396,WNBA,2025-09-12 00:00:00+00:00,Minnesota Lynx,Golden State Valkyries,0.735,0.265,0.735,0.265,0.9,1.0,1
401736395,WNBA,2025-09-12 00:00:00+00:00,Dallas Wings,Phoenix Mercury,0.315,0.685,0.315,0.685,0.9,0.9,1
401736394,WNBA,2025-09-12 00:00:00+00:00,Chicago Sky,New York Liberty,0.115,0.885,0.115,0.885,0.9,1.0,2
401736393,WNBA,2025-09-10 23:00:00+00:00,Connecticut Sun,Atlanta Dream,0.13,0.87,0.13,0.87,0.9,0.9,2
401736389,WNBA,2025-09-09 23:30:00+00:00,Indiana Fever,Minnesota Lynx,0.455,0.545,0.455,0.545,0.9,1.0,1
401736392,WNBA,2025-09-10 02:00:00+00:00,Seattle Storm,Golden State Valkyries,0.715,0.285,0.715,0.285,1.0,0.9,1
401736391,WNBA,2025-09-10 02:00:00+00:00,Phoenix Mercury,Los Angeles Sparks,0.7,0.3,0.7,0.3,0.9,0.9,2
401736390,WNBA,2025-09-10 02:00:00+00:00,Las Vegas Aces,Chicago Sky,0.925,0.075,0.925,0.075,0.9,0.9,1
401736388,WNBA,2025-09-09 23:00:00+00:00,New York Liberty,Washington Mystics,0.895,0.105,0.895,0.105,0.9,1.0,1
401736387,WNBA,2025-09-08 23:30:00+00:00,Atlanta Dream,Connecticut Sun,0.9,0.1,0.9,0.1,0.9,0.9,1
401736386,WNBA,2025-09-08 01:00:00+00:00,Las Vegas Aces,Chicago Sky,0.92,0.08,0.92,0.08,0.9,0.9,1
401736385,WNBA,2025-09-07 22:00:00+00:00,Los Angeles Sparks,Dallas Wings,0.785,0.215,0.785,0.215,0.9,1.0,1
401736384,WNBA,2025-09-07 19:00:00+00:00,Washington Mystics,Indiana Fever,0.31,0.69,0.31,0.69,1.0,1.0,2
401736383,WNBA,2025-09-07 00:30:00+00:00,Golden State Valkyries,Minnesota Lynx,0.295,0.705,0.295,0.705,1.0,0.9,2
401736382,WNBA,2025-09-06 17:00:00+00:00,Connecticut Sun,Phoenix Mercury,0.165,0.835,0.165,0.835,0.9,1.0,1
401736381,WNBA,2025-09-06 02:00:00+00:00,Seattle Storm,New York Liberty,0.525,0.475,0.525,0.475,1.0,0.9,2
401736380,WNBA,2025-09-05 23:30:00+00:00,Indiana Fever,Chicago Sky,0.835,0.165,0.835,0.165,0.9,0.9,1
401736379,WNBA,2025-09-05 23:30:00+00:00,Atlanta Dream,Los Angeles Sparks,0.665,0.335,0.665,0.335,0.9,0.9,1
401736378,WNBA,2025-09-05 02:00:00+00:00,Las Vegas Aces,Minnesota Lynx,0.46,0.54,0.46,0.54,0.9,1.0,1
401736377,WNBA,2025-09-05 02:00:00+00:00,Golden State Valkyries,Dallas Wings,0.835,0.165,0.835,0.165,0.9,0.9,1
401736376,WNBA,2025-09-04 23:30:00+00:00,Washington Mystics,Phoenix Mercury,0.215,0.785,0.215,0.785,0.9,0.9,2
401736374,WNBA,2025-09-03 23:30:00+00:00,Atlanta Dream,Los Angeles Sparks,0.655,0.345,0.655,0.345,0.9,0.9,1
401736375,WNBA,2025-09-04 00:00:00+00:00,Chicago Sky,Connecticut Sun,0.54,0.46,0.54,0.46,0.9,0.9,1
401736373,WNBA,2025-09-03 02:00:00+00:00,Phoenix Mercury,Indiana Fever,0.735,0.265,0.735,0.265,1.0,1.0,1
401736372,WNBA,2025-09-03 02:00:00+00:00,Golden State Valkyries,New York Liberty,0.32,0.68,0.32,0.68,1.0,1.0,1
401736371,WNBA,2025-09-02 02:00:00+00:00,Seattle Storm,Los Angeles Sparks,0.735,0.265,0.735,0.265,0.9,0.9,2
401736370,WNBA,2025-09-02 00:00:00+00:00,Minnesota Lynx,Dallas Wings,0.925,0.075,0.925,0.075,1.0,0.9,1
401736369,WNBA,2025-09-01 17:00:00+00:00,Connecticut Sun,Atlanta Dream,0.165,0.835,0.165,0.835,0.9,0.9,2
401736368,WNBA,2025-09-01 00:30:00+00:00,Golden State Valkyries,Indiana Fever,0.415,0.585,0.415,0.585,0.9,0.9,1
401736367,WNBA,2025-09-01 00:00:00+00:00,Los Angeles Sparks,Washington Mystics,0.775,0.225,0.775,0.225,1.0,0.9,1
401736366,WNBA,2025-08-31 02:00:00+00:00,Phoenix Mercury,New York Liberty,0.51,0.49,0.51,0.49,1.0,0.9,1
401736365,WNBA,2025-08-31 01:00:00+00:00,Seattle Storm,Chicago Sky,0.835,0.165,0.835,0.165,0.9,0.9,1
401736364,WNBA,2025-08-31 00:30:00+00:00,Golden State Valkyries,Washington Mystics,0.635,0.365,0.635,0.365,0.9,0.9,1
401736363,WNBA,2025-08-30 23:00:00+00:00,Connecticut Sun,Minnesota Lynx,0.135,0.865,0.135,0.865,0.9,0.9,2
401736362,WNBA,2025-08-30 02:00:00+00:00,Los Angeles Sparks,Indiana Fever,0.55,0.45,0.55,0.45,1.0,0.9,2
401736361,WNBA,2025-08-29 23:30:00+00:00,Atlanta Dream,Dallas Wings,0.91,0.09,0.91,0.09,1.0,1.0,1
401736360,WNBA,2025-08-29 02:00:00+00:00,Phoenix Mercury,Chicago Sky,0.865,0.135,0.865,0.135,1.0,0.9,1
401736359,WNBA,2025-08-29 00:00:00+00:00,Minnesota Lynx,Seattle Storm,0.775,0.225,0.775,0.225,1.0,0.9,2
401736358,WNBA,2025-08-28 23:00:00+00:00,New York Liberty,Washington Mystics,0.765,0.235,0.765,0.235,1.0,0.9,1
401736356,WNBA,2025-08-27 23:30:00+00:00,Atlanta Dream,Las Vegas Aces,0.6,0.4,0.6,0.4,0.9,1.0,2
401736357,WNBA,2025-08-28 00:00:00+00:00,Dallas Wings,Connecticut Sun,0.402,0.598,0.4,0.595,0.9,1.0,2
401736355,WNBA,2025-08-27 02:00:00+00:00,Los Angeles Sparks,Phoenix Mercury,0.405,0.595,0.405,0.595,1.0,0.9,2
401736354,WNBA,2025-08-26 23:00:00+00:00,Indiana Fever,Seattle Storm,0.375,0.625,0.375,0.625,1.0,1.0,1
401736353,WNBA,2025-08-26 00:00:00+00:00,Chicago Sky,Las Vegas Aces,0.185,0.815,0.185,0.815,1.0,0.9,2
401736352,WNBA,2025-08-25 23:00:00+00:00,New York Liberty,Connecticut Sun,0.87,0.13,0.87,0.13,0.9,0.9,1
401736351,WNBA,2025-08-24 23:00:00+00:00,Minnesota Lynx,Indiana Fever,0.855,0.145,0.855,0.145,1.0,1.0,1
401736350,WNBA,2025-08-24 20:00:00+00:00,Dallas Wings,Golden State Valkyries,0.485,0.515,0.485,0.515,1.0,0.9,2
401736349,WNBA,2025-08-24 19:00:00+00:00,Washington Mystics,Seattle Storm,0.22,0.78,0.22,0.78,1.0,0.9,2
401736347,WNBA,2025-08-23 19:00:00+00:00,Washington Mystics,Las Vegas Aces,0.265,0.735,0.265,0.735,1.0,1.0,2
401736348,WNBA,2025-08-23 20:00:00+00:00,Chicago Sky,Connecticut Sun,0.565,0.435,0.565,0.435,0.9,1.0,2
401736346,WNBA,2025-08-23 18:00:00+00:00,Atlanta Dream,New York Liberty,0.695,0.305,0.695,0.305,0.9,1.0,1
401736345,WNBA,2025-08-23 02:00:00+00:00,Phoenix Mercury,Golden State Valkyries,0.735,0.265,0.735,0.265,1.0,1.0,1
401736344,WNBA,2025-08-22 23:30:00+00:00,Dallas Wings,Seattle Storm,0.225,0.775,0.225,0.775,0.9,0.9,2
401736343,WNBA,2025-08-22 23:30:00+00:00,Indiana Fever,Minnesota Lynx,0.365,0.635,0.365,0.635,0.9,1.0,2
401736340,WNBA,2025-08-21 23:00:00+00:00,New York Liberty,Chicago Sky,0.9,0.1,0.9,0.1,0.9,0.9,2
401736339,WNBA,2025-08-21 23:00:00+00:00,Connecticut Sun,Washington Mystics,0.44,0.56,0.44,0.56,1.0,1.0,1
401736341,WNBA,2025-08-21 23:30:00+00:00,Atlanta Dream,Minnesota Lynx,0.51,0.49,0.51,0.49,0.9,0.9,1
401736342,WNBA,2025-08-22 02:00:00+00:00,Las Vegas Aces,Phoenix Mercury,0.53,0.47,0.53,0.47,1.0,1.0,1
401736338,WNBA,2025-08-21 02:00:00+00:00,Los Angeles Sparks,Dallas Wings,0.775,0.225,0.775,0.225,0.9,1.0,1
401736336,WNBA,2025-08-20 02:00:00+00:00,Las Vegas Aces,Atlanta Dream,0.555,0.445,0.555,0.445,0.9,0.9,1
401736337,WNBA,2025-08-20 02:00:00+00:00,Golden State Valkyries,Phoenix Mercury,0.275,0.725,0.275,0.725,0.9,1.0,2
401736335,WNBA,2025-08-20 00:00:00+00:00,Chicago Sky,Seattle Storm,0.165,0.835,0.165,0.835,0.9,1.0,2
401736334,WNBA,2025-08-19 23:30:00+00:00,Washington Mystics,Connecticut Sun,0.69,0.31,0.69,0.31,0.9,1.0,2
401736333,WNBA,2025-08-19 23:00:00+00:00,New York Liberty,Minnesota Lynx,0.58,0.42,0.58,0.42,0.9,0.9,1
401736331,WNBA,2025-08-17 22:00:00+00:00,Seattle Storm,Phoenix Mercury,0.54,0.46,0.54,0.46,1.0,1.0,2
401736330,WNBA,2025-08-17 19:30:00+00:00,Las Vegas Aces,Dallas Wings,0.825,0.175,0.825,0.175,0.9,1.0,1
401736328,WNBA,2025-08-17 19:00:00+00:00,Washington Mystics,Los Angeles Sparks,0.405,0.595,0.405,0.595,1.0,1.0,1
401736329,WNBA,2025-08-17 17:00:00+00:00,Connecticut Sun,Indiana Fever,0.295,0.705,0.295,0.705,0.9,0.9,2
401736332,WNBA,2025-08-18 00:30:00+00:00,Golden State Valkyries,Atlanta Dream,0.36,0.64,0.36,0.64,0.9,1.0,2
401736327,WNBA,2025-08-16 18:00:00+00:00,Minnesota Lynx,New York Liberty,0.525,0.475,0.525,0.475,1.0,1.0,1
401736325,WNBA,2025-08-16 02:00:00+00:00,Atlanta Dream,Seattle Storm,0.535,0.465,0.535,0.465,0.9,0.9,2
401736322,WNBA,2025-08-15 23:30:00+00:00,Indiana Fever,Washington Mystics,0.775,0.225,0.775,0.225,0.9,1.0,2
401736324,WNBA,2025-08-15 23:30:00+00:00,Dallas Wings,Los Angeles Sparks,0.33,0.67,0.33,0.67,1.0,1.0,2
401736323,WNBA,2025-08-15 23:30:00+00:00,Chicago Sky,Golden State Valkyries,0.275,0.725,0.275,0.725,0.9,0.9,2
401736326,WNBA,2025-08-16 02:00:00+00:00,Phoenix Mercury,Las Vegas Aces,0.645,0.355,0.645,0.355,0.9,1.0,2
401736320,WNBA,2025-08-14 01:30:00+00:00,Las Vegas Aces,New York Liberty,0.565,0.435,0.565,0.435,0.9,1.0,1
401736319,WNBA,2025-08-13 23:30:00+00:00,Washington Mystics,Golden State Valkyries,0.48,0.52,0.48,0.52,1.0,0.9,2
401736318,WNBA,2025-08-13 23:00:00+00:00,Connecticut Sun,Chicago Sky,0.6,0.4,0.6,0.4,0.9,1.0,1
401736321,WNBA,2025-08-14 02:00:00+00:00,Seattle Storm,Atlanta Dream,0.57,0.43,0.57,0.43,1.0,1.0,2
401736317,WNBA,2025-08-13 02:00:00+00:00,Los Angeles Sparks,New York Liberty,0.38,0.62,0.38,0.62,1.0,1.0,2
401736316,WNBA,2025-08-12 23:30:00+00:00,Indiana Fever,Dallas Wings,0.79,0.21,0.79,0.21,1.0,1.0,2
401736315,WNBA,2025-08-12 02:00:00+00:00,Golden State Valkyries,Connecticut Sun,0.78,0.22,0.78,0.22,1.0,0.9,1
401736314,WNBA,2025-08-11 01:00:00+00:00,Las Vegas Aces,Connecticut Sun,0.86,0.14,0.86,0.14,1.0,0.9,1
401736312,WNBA,2025-08-11 00:00:00+00:00,Los Angeles Sparks,Seattle Storm,0.35,0.65,0.35,0.65,1.0,0.9,1
401736313,WNBA,2025-08-10 22:00:00+00:00,Phoenix Mercury,Atlanta Dream,0.6,0.4,0.6,0.4,0.9,0.9,2
401736311,WNBA,2025-08-10 20:00:00+00:00,Dallas Wings,Washington Mystics,0.62,0.38,0.62,0.38,1.0,1.0,2
401736310,WNBA,2025-08-10 16:30:00+00:00,New York Liberty,Minnesota Lynx,0.61,0.39,0.61,0.39,0.9,0.9,2
401736309,WNBA,2025-08-10 00:00:00+00:00,Indiana Fever,Chicago Sky,0.825,0.175,0.825,0.175,0.9,0.9,1
401736308,WNBA,2025-08-10 00:30:00+00:00,Golden State Valkyries,Los Angeles Sparks,0.36,0.64,0.36,0.64,0.9,0.9,1
401736305,WNBA,2025-08-08 23:30:00+00:00,Dallas Wings,New York Liberty,0.155,0.845,0.155,0.845,1.0,0.9,2
401736307,WNBA,2025-08-09 02:00:00+00:00,Las Vegas Aces,Seattle Storm,0.5,0.5,0.5,0.5,1.0,1.0,1
401736306,WNBA,2025-08-08 23:30:00+00:00,Minnesota Lynx,Washington Mystics,0.825,0.175,0.825,0.175,1.0,1.0,1
401736303,WNBA,2025-08-08 02:00:00+00:00,Los Angeles Sparks,Connecticut Sun,0.82,0.18,0.82,0.18,1.0,0.9,1
401736302,WNBA,2025-08-08 00:00:00+00:00,Chicago Sky,Atlanta Dream,0.18,0.82,0.18,0.82,1.0,0.9,2
401736304,WNBA,2025-08-08 02:00:00+00:00,Phoenix Mercury,Indiana Fever,0.63,0.37,0.63,0.37,1.0,0.9,1
401736301,WNBA,2025-08-07 02:00:00+00:00,Golden State Valkyries,Las Vegas Aces,0.345,0.655,0.345,0.655,0.9,1.0,2
401736299,WNBA,2025-08-06 02:00:00+00:00,Phoenix Mercury,Connecticut Sun,0.885,0.115,0.885,0.115,0.8,0.8,1
401736298,WNBA,2025-08-06 02:00:00+00:00,Los Angeles Sparks,Indiana Fever,0.45,0.55,0.45,0.55,0.8,0.8,1
401736297,WNBA,2025-08-06 00:00:00+00:00,Chicago Sky,Washington Mystics,0.315,0.685,0.315,0.685,0.8,0.8,1
401736296,WNBA,2025-08-05 23:00:00+00:00,New York Liberty,Dallas Wings,0.825,0.175,0.825,0.175,0.8,0.8,1
401736300,WNBA,2025-08-06 02:00:00+00:00,Seattle Storm,Minnesota Lynx,0.535,0.465,0.535,0.465,0.8,0.8,2
401736294,WNBA,2025-08-03 22:00:00+00:00,Las Vegas Aces,Golden State Valkyries,0.765,0.235,0.765,0.235,0.9,0.9,1
401736293,WNBA,2025-08-03 22:00:00+00:00,Chicago Sky,Phoenix Mercury,0.125,0.875,0.125,0.875,0.9,0.9,2
401736295,WNBA,2025-08-03 19:00:00+00:00,Seattle Storm,Indiana Fever,0.555,0.445,0.555,0.445,0.9,0.9,2
401736291,WNBA,2025-08-03 19:00:00+00:00,Atlanta Dream,Washington Mystics,0.69,0.31,0.69,0.31,0.9,0.9,1
401736292,WNBA,2025-08-03 17:00:00+00:00,Connecticut Sun,New York Liberty,0.145,0.855,0.145,0.855,0.9,0.9,2
401736290,WNBA,2025-08-02 19:00:00+00:00,Las Vegas Aces,Minnesota Lynx,0.36,0.64,0.36,0.64,0.8,0.8,2
401736288,WNBA,2025-08-01 23:30:00+00:00,Dallas Wings,Indiana Fever,0.38,0.62,0.38,0.62,0.8,0.8,2
401736286,WNBA,2025-08-01 23:30:00+00:00,Connecticut Sun,New York Liberty,0.135,0.865,0.135,0.865,0.8,0.8,1
401736287,WNBA,2025-08-01 23:30:00+00:00,Chicago Sky,Golden State Valkyries,0.36,0.64,0.36,0.64,0.8,0.8,2
401736285,WNBA,2025-08-01 23:30:00+00:00,Atlanta Dream,Phoenix Mercury,0.38,0.62,0.38,0.62,0.8,0.8,1
401736289,WNBA,2025-08-02 02:00:00+00:00,Seattle Storm,Los Angeles Sparks,0.65,0.35,0.65,0.35,0.8,0.8,2
401736284,WNBA,2025-07-31 23:30:00+00:00,Washington Mystics,Golden State Valkyries,0.64,0.36,0.64,0.36,0.8,0.8,2
401736281,WNBA,2025-07-30 23:00:00+00:00,Indiana Fever,Phoenix Mercury,0.395,0.605,0.395,0.605,0.9,0.9,1
401736283,WNBA,2025-07-31 00:00:00+00:00,Minnesota Lynx,New York Liberty,0.73,0.27,0.73,0.27,0.9,0.9,1
401736282,WNBA,2025-07-31 00:00:00+00:00,Dallas Wings,Atlanta Dream,0.425,0.575,0.425,0.575,0.9,0.9,2
401736279,WNBA,2025-07-29 23:30:00+00:00,Washington Mystics,Chicago Sky,0.74,0.26,0.74,0.26,0.8,0.8,1
401736278,WNBA,2025-07-29 23:30:00+00:00,Atlanta Dream,Golden State Valkyries,0.78,0.22,0.78,0.22,0.8,0.8,2
401736280,WNBA,2025-07-30 02:00:00+00:00,Los Angeles Sparks,Las Vegas Aces,0.485,0.515,0.485,0.515,0.8,0.8,2
401736277,WNBA,2025-07-29 00:00:00+00:00,Dallas Wings,New York Liberty,0.235,0.765,0.235,0.765,0.8,0.8,1
401736276,WNBA,2025-07-28 23:00:00+00:00,Connecticut Sun,Seattle Storm,0.175,0.825,0.175,0.825,0.8,0.8,2
401736269,WNBA,2025-07-27 19:00:00+00:00,Chicago Sky,Indiana Fever,0.17,0.83,0.17,0.83,0.8,0.8,2
401736272,WNBA,2025-07-27 17:00:00+00:00,Connecticut Sun,Golden State Valkyries,0.355,0.645,0.355,0.645,0.9,0.9,1
401736275,WNBA,2025-07-27 23:00:00+00:00,Minnesota Lynx,Atlanta Dream,0.755,0.245,0.755,0.245,0.9,0.9,2
401736274,WNBA,2025-07-27 22:00:00+00:00,Washington Mystics,Phoenix Mercury,0.265,0.735,0.265,0.735,0.9,0.9,2
401736273,WNBA,2025-07-27 20:00:00+00:00,Dallas Wings,Las Vegas Aces,0.245,0.755,0.245,0.755,0.9,0.9,2
401736271,WNBA,2025-07-26 23:30:00+00:00,Washington Mystics,Seattle Storm,0.365,0.635,0.365,0.635,0.9,0.9,1
401736270,WNBA,2025-07-26 23:00:00+00:00,New York Liberty,Los Angeles Sparks,0.835,0.165,0.835,0.165,0.9,0.9,2
401736268,WNBA,2025-07-26 02:00:00+00:00,Golden State Valkyries,Dallas Wings,0.62,0.38,0.62,0.38,0.8,0.8,1
401736267,WNBA,2025-07-25 23:30:00+00:00,Minnesota Lynx,Las Vegas Aces,0.79,0.21,0.79,0.21,0.8,0.8,1
401736266,WNBA,2025-07-25 23:30:00+00:00,New York Liberty,Phoenix Mercury,0.705,0.295,0.705,0.295,0.8,0.8,1
401736265,WNBA,2025-07-25 00:30:00+00:00,Chicago Sky,Seattle Storm,0.165,0.835,0.165,0.835,0.8,0.8,2
401736263,WNBA,2025-07-24 23:00:00+00:00,Connecticut Sun,Los Angeles Sparks,0.31,0.69,0.31,0.69,0.8,0.8,2
401736264,WNBA,2025-07-24 23:00:00+00:00,Indiana Fever,Las Vegas Aces,0.445,0.555,0.445,0.555,0.8,0.8,1
401736262,WNBA,2025-07-24 02:00:00+00:00,Phoenix Mercury,Atlanta Dream,0.745,0.255,0.745,0.255,0.9,0.9,2
401736259,WNBA,2025-07-23 00:00:00+00:00,Minnesota Lynx,Chicago Sky,0.905,0.095,0.905,0.095,0.9,0.9,1
401736257,WNBA,2025-07-22 23:30:00+00:00,Washington Mystics,Los Angeles Sparks,0.57,0.43,0.57,0.43,0.9,0.9,2
401736260,WNBA,2025-07-23 02:00:00+00:00,Las Vegas Aces,Atlanta Dream,0.59,0.41,0.59,0.41,0.8,0.8,1
401736261,WNBA,2025-07-23 02:00:00+00:00,Seattle Storm,Dallas Wings,0.725,0.275,0.725,0.275,0.8,0.8,2
401736258,WNBA,2025-07-23 00:00:00+00:00,New York Liberty,Indiana Fever,0.815,0.185,0.815,0.185,0.9,0.9,1
401736255,WNBA,2025-07-16 23:30:00+00:00,New York Liberty,Indiana Fever,0.77,0.23,0.77,0.23,0.8,0.8,1
401736254,WNBA,2025-07-16 19:00:00+00:00,Seattle Storm,Golden State Valkyries,0.71,0.29,0.71,0.29,0.9,0.9,1
401736253,WNBA,2025-07-16 17:00:00+00:00,Minnesota Lynx,Phoenix Mercury,0.815,0.185,0.815,0.185,0.9,0.9,1
401736252,WNBA,2025-07-16 16:00:00+00:00,Chicago Sky,Atlanta Dream,0.205,0.795,0.205,0.795,0.9,0.9,2
401736256,WNBA,2025-07-17 00:00:00+00:00,Dallas Wings,Las Vegas Aces,0.3,0.7,0.3,0.7,0.9,0.9,2
401736251,WNBA,2025-07-16 02:00:00+00:00,Los Angeles Sparks,Washington Mystics,0.54,0.46,0.54,0.46,0.9,0.9,1
401736250,WNBA,2025-07-16 00:00:00+00:00,Connecticut Sun,Indiana Fever,0.11,0.89,0.11,0.89,0.9,0.9,2
401736248,WNBA,2025-07-15 00:00:00+00:00,Chicago Sky,Minnesota Lynx,0.165,0.835,0.165,0.835,0.9,0.9,2
401736249,WNBA,2025-07-15 02:00:00+00:00,Golden State Valkyries,Phoenix Mercury,0.55,0.45,0.55,0.45,0.9,0.9,2
401736244,WNBA,2025-07-13 17:00:00+00:00,Indiana Fever,Dallas Wings,0.805,0.195,0.805,0.195,0.9,0.9,1
401736246,WNBA,2025-07-13 22:00:00+00:00,Los Angeles Sparks,Connecticut Sun,0.815,0.185,0.815,0.185,0.9,0.9,1
401736247,WNBA,2025-07-13 22:00:00+00:00,Seattle Storm,Washington Mystics,0.71,0.29,0.71,0.29,0.9,0.9,2
401736245,WNBA,2025-07-13 19:00:00+00:00,New York Liberty,Atlanta Dream,0.685,0.315,0.685,0.315,0.9,0.9,1
401736242,WNBA,2025-07-12 17:00:00+00:00,Chicago Sky,Minnesota Lynx,0.17,0.83,0.17,0.83,0.9,0.9,1
401736243,WNBA,2025-07-12 20:00:00+00:00,Las Vegas Aces,Golden State Valkyries,0.63,0.37,0.63,0.37,0.9,0.9,1
401736240,WNBA,2025-07-11 23:30:00+00:00,Indiana Fever,Atlanta Dream,0.525,0.475,0.525,0.475,0.9,0.9,1
401736241,WNBA,2025-07-12 02:00:00+00:00,Seattle Storm,Connecticut Sun,0.925,0.075,0.925,0.075,0.9,0.9,1
401736238,WNBA,2025-07-10 19:00:00+00:00,Los Angeles Sparks,Minnesota Lynx,0.25,0.75,0.25,0.75,0.9,0.9,2
401736239,WNBA,2025-07-10 23:30:00+00:00,Washington Mystics,Las Vegas Aces,0.585,0.415,0.585,0.415,0.9,0.9,1
401736237,WNBA,2025-07-10 00:00:00+00:00,Chicago Sky,Dallas Wings,0.535,0.465,0.535,0.465,0.9,0.9,1
401736236,WNBA,2025-07-09 19:30:00+00:00,Phoenix Mercury,Minnesota Lynx,0.28,0.72,0.28,0.72,0.9,0.9,1
401736235,WNBA,2025-07-09 16:00:00+00:00,Indiana Fever,Golden State Valkyries,0.73,0.27,0.73,0.27,0.9,0.9,2
401736234,WNBA,2025-07-09 15:00:00+00:00,Connecticut Sun,Seattle Storm,0.09,0.91,0.09,0.91,0.9,0.9,1
401736233,WNBA,2025-07-09 00:00:00+00:00,New York Liberty,Las Vegas Aces,0.61,0.39,0.61,0.39,0.9,0.9,1
401736232,WNBA,2025-07-08 15:30:00+00:00,Washington Mystics,Chicago Sky,0.71,0.29,0.71,0.29,0.9,0.9,1
401736231,WNBA,2025-07-08 02:00:00+00:00,Phoenix Mercury,Dallas Wings,0.69,0.31,0.69,0.31,0.9,0.9,1
401736230,WNBA,2025-07-07 23:30:00+00:00,Atlanta Dream,Golden State Valkyries,0.74,0.26,0.74,0.26,0.9,0.9,1
401736228,WNBA,2025-07-06 17:00:00+00:00,New York Liberty,Seattle Storm,0.66,0.34,0.66,0.34,0.9,0.9,2
401736229,WNBA,2025-07-06 23:00:00+00:00,Minnesota Lynx,Chicago Sky,0.89,0.11,0.89,0.11,0.9,0.9,1
401736227,WNBA,2025-07-06 20:00:00+00:00,Connecticut Sun,Las Vegas Aces,0.07,0.93,0.07,0.93,0.9,0.9,2
401736226,WNBA,2025-07-06 00:00:00+00:00,Minnesota Lynx,Golden State Valkyries,0.81,0.19,0.81,0.19,0.9,0.9,1
401736225,WNBA,2025-07-05 23:00:00+00:00,Indiana Fever,Los Angeles Sparks,0.675,0.325,0.675,0.325,0.9,0.9,2
401736223,WNBA,2025-07-04 00:00:00+00:00,Dallas Wings,Phoenix Mercury,0.165,0.835,0.165,0.835,0.9,0.9,1
401736222,WNBA,2025-07-03 23:30:00+00:00,Atlanta Dream,Seattle Storm,0.525,0.475,0.525,0.475,0.9,0.9,2
401736220,WNBA,2025-07-03 23:00:00+00:00,Indiana Fever,Las Vegas Aces,0.36,0.64,0.36,0.64,0.9,0.9,1
401736221,WNBA,2025-07-03 23:00:00+00:00,New York Liberty,Los Angeles Sparks,0.825,0.175,0.825,0.175,0.9,0.9,1
401736224,WNBA,2025-07-04 00:00:00+00:00,Minnesota Lynx,Washington Mystics,0.86,0.14,0.86,0.14,0.9,0.9,1
401736430,WNBA,2025-07-02 00:00:00+00:00,Minnesota Lynx,Indiana Fever,0.815,0.185,0.815,0.185,0.9,0.9,2
401736216,WNBA,2025-06-29 20:00:00+00:00,Los Angeles Sparks,Chicago Sky,0.745,0.255,0.745,0.255,0.9,0.9,2
401736215,WNBA,2025-06-29 19:00:00+00:00,Atlanta Dream,New York Liberty,0.505,0.495,0.505,0.495,0.9,0.9,1
401736219,WNBA,2025-06-30 00:30:00+00:00,Golden State Valkyries,Seattle Storm,0.345,0.655,0.345,0.655,0.9,0.9,1
401736218,WNBA,2025-06-29 23:00:00+00:00,Minnesota Lynx,Connecticut Sun,0.955,0.045,0.955,0.045,0.9,0.9,1
401736217,WNBA,2025-06-29 22:00:00+00:00,Phoenix Mercury,Las Vegas Aces,0.68,0.32,0.68,0.32,0.9,0.9,2
401736214,WNBA,2025-06-29 00:00:00+00:00,Dallas Wings,Washington Mystics,0.25,0.75,0.25,0.75,0.9,0.9,1
401736211,WNBA,2025-06-28 02:00:00+00:00,Golden State Valkyries,Chicago Sky,0.78,0.22,0.78,0.22,0.9,0.9,1
401736212,WNBA,2025-06-28 02:00:00+00:00,Phoenix Mercury,New York Liberty,0.53,0.47,0.53,0.47,0.9,0.9,1
401736213,WNBA,2025-06-28 02:00:00+00:00,Seattle Storm,Connecticut Sun,0.94,0.06,0.94,0.06,0.9,0.9,1
401736210,WNBA,2025-06-27 23:30:00+00:00,Dallas Wings,Indiana Fever,0.45,0.55,0.45,0.55,0.9,0.9,2
401736209,WNBA,2025-06-27 23:30:00+00:00,Atlanta Dream,Minnesota Lynx,0.385,0.615,0.385,0.615,0.9,0.9,2
401736208,WNBA,2025-06-27 02:00:00+00:00,Las Vegas Aces,Washington Mystics,0.795,0.205,0.795,0.205,0.9,0.9,2
401736207,WNBA,2025-06-26 23:00:00+00:00,Indiana Fever,Los Angeles Sparks,0.69,0.31,0.69,0.31,0.9,0.9,2
401736205,WNBA,2025-06-26 02:00:00+00:00,Golden State Valkyries,New York Liberty,0.2,0.8,0.2,0.8,0.9,0.9,2
401736206,WNBA,2025-06-26 02:00:00+00:00,Las Vegas Aces,Connecticut Sun,0.955,0.045,0.955,0.045,0.9,0.9,1
401736204,WNBA,2025-06-25 02:00:00+00:00,Seattle Storm,Indiana Fever,0.61,0.39,0.61,0.39,0.9,0.9,2
401736201,WNBA,2025-06-25 00:00:00+00:00,Washington Mystics,Minnesota Lynx,0.22,0.78,0.22,0.78,0.9,0.9,1
401736202,WNBA,2025-06-25 00:00:00+00:00,Chicago Sky,Los Angeles Sparks,0.335,0.665,0.335,0.665,0.9,0.9,1
401736203,WNBA,2025-06-25 00:00:00+00:00,Dallas Wings,Atlanta Dream,0.215,0.785,0.215,0.785,0.9,0.9,1
401736199,WNBA,2025-06-22 23:00:00+00:00,Seattle Storm,New York Liberty,0.615,0.385,0.615,0.385,0.9,0.9,1
401736196,WNBA,2025-06-22 19:00:00+00:00,Atlanta Dream,Chicago Sky,0.92,0.08,0.92,0.08,0.9,0.9,1
401736198,WNBA,2025-06-22 19:00:00+00:00,Las Vegas Aces,Indiana Fever,0.51,0.49,0.51,0.49,0.9,0.9,1
401736200,WNBA,2025-06-23 00:30:00+00:00,Golden State Valkyries,Connecticut Sun,0.795,0.205,0.795,0.205,0.9,0.9,1
401736197,WNBA,2025-06-22 19:00:00+00:00,Washington Mystics,Dallas Wings,0.66,0.34,0.66,0.34,0.9,0.9,1
401736194,WNBA,2025-06-21 17:00:00+00:00,Chicago Sky,Phoenix Mercury,0.175,0.825,0.175,0.825,0.9,0.9,2
401736195,WNBA,2025-06-22 00:00:00+00:00,Minnesota Lynx,Los Angeles Sparks,0.765,0.235,0.765,0.235,0.9,0.9,1
401736193,WNBA,2025-06-21 02:00:00+00:00,Las Vegas Aces,Seattle Storm,0.56,0.44,0.56,0.44,0.9,0.9,2
401736191,WNBA,2025-06-20 23:30:00+00:00,Atlanta Dream,Washington Mystics,0.78,0.22,0.78,0.22,0.9,0.9,1
401736192,WNBA,2025-06-20 23:30:00+00:00,Connecticut Sun,Dallas Wings,0.36,0.64,0.36,0.64,0.9,0.9,2
401736190,WNBA,2025-06-20 02:00:00+00:00,Golden State Valkyries,Indiana Fever,0.155,0.845,0.155,0.845,0.9,0.9,1
401736189,WNBA,2025-06-19 23:00:00+00:00,New York Liberty,Phoenix Mercury,0.84,0.16,0.84,0.16,0.9,0.9,2
401736188,WNBA,2025-06-18 23:00:00+00:00,Connecticut Sun,Phoenix Mercury,0.105,0.895,0.105,0.895,0.9,0.9,2
401736184,WNBA,2025-06-18 00:00:00+00:00,Chicago Sky,Washington Mystics,0.36,0.64,0.36,0.64,0.9,0.9,2
401736186,WNBA,2025-06-18 00:00:00+00:00,Minnesota Lynx,Las Vegas Aces,0.875,0.125,0.875,0.125,0.9,0.9,1
401736182,WNBA,2025-06-17 23:00:00+00:00,Indiana Fever,Connecticut Sun,0.935,0.065,0.935,0.065,0.9,0.9,1
401736183,WNBA,2025-06-17 23:00:00+00:00,New York Liberty,Atlanta Dream,0.755,0.245,0.755,0.245,0.9,0.9,1
401736185,WNBA,2025-06-18 00:00:00+00:00,Dallas Wings,Golden State Valkyries,0.59,0.41,0.59,0.41,0.9,0.9,1
401736187,WNBA,2025-06-18 02:00:00+00:00,Los Angeles Sparks,Seattle Storm,0.22,0.78,0.22,0.78,0.9,0.9,2
401736180,WNBA,2025-06-15 18:00:00+00:00,Washington Mystics,Atlanta Dream,0.355,0.645,0.355,0.645,0.9,0.9,2
401736179,WNBA,2025-06-15 16:00:00+00:00,Connecticut Sun,Chicago Sky,0.53,0.47,0.53,0.47,0.9,0.9,2
401736181,WNBA,2025-06-15 22:00:00+00:00,Las Vegas Aces,Phoenix Mercury,0.355,0.645,0.355,0.645,0.9,0.9,2
401736178,WNBA,2025-06-15 00:30:00+00:00,Golden State Valkyries,Seattle Storm,0.2,0.8,0.2,0.8,0.9,0.9,1
401736177,WNBA,2025-06-14 19:00:00+00:00,Indiana Fever,New York Liberty,0.385,0.615,0.385,0.615,0.9,0.9,1
401736176,WNBA,2025-06-14 17:00:00+00:00,Minnesota Lynx,Los Angeles Sparks,0.83,0.17,0.83,0.17,0.9,0.9,1
401736175,WNBA,2025-06-14 02:00:00+00:00,Las Vegas Aces,Dallas Wings,0.7,0.3,0.7,0.3,0.9,0.9,1
401736174,WNBA,2025-06-13 23:30:00+00:00,Atlanta Dream,Chicago Sky,0.87,0.13,0.87,0.13,0.9,0.9,1
401736171,WNBA,2025-06-12 02:00:00+00:00,Las Vegas Aces,Los Angeles Sparks,0.8,0.2,0.8,0.2,0.9,0.9,2
401736173,WNBA,2025-06-12 02:00:00+00:00,Seattle Storm,Minnesota Lynx,0.385,0.615,0.385,0.615,0.9,0.9,1
401736172,WNBA,2025-06-12 02:00:00+00:00,Phoenix Mercury,Dallas Wings,0.715,0.285,0.715,0.285,0.9,0.9,1
401736170,WNBA,2025-06-11 00:00:00+00:00,New York Liberty,Chicago Sky,0.925,0.075,0.925,0.075,0.9,0.9,1
401736169,WNBA,2025-06-10 23:30:00+00:00,Atlanta Dream,Indiana Fever,0.66,0.34,0.66,0.34,0.9,0.9,1
401736168,WNBA,2025-06-10 02:00:00+00:00,Los Angeles Sparks,Golden State Valkyries,0.73,0.27,0.73,0.27,0.9,0.9,2
401736167,WNBA,2025-06-08 20:00:00+00:00,Dallas Wings,Minnesota Lynx,0.13,0.87,0.13,0.87,0.9,0.9,2
401736166,WNBA,2025-06-08 19:00:00+00:00,Washington Mystics,Connecticut Sun,0.74,0.26,0.74,0.26,0.9,0.9,1
401736163,WNBA,2025-06-07 19:00:00+00:00,Golden State Valkyries,Las Vegas Aces,0.135,0.865,0.135,0.865,0.9,0.9,1
401736165,WNBA,2025-06-08 02:00:00+00:00,Phoenix Mercury,Seattle Storm,0.325,0.675,0.325,0.675,0.9,0.9,2
401736164,WNBA,2025-06-08 00:00:00+00:00,Chicago Sky,Indiana Fever,0.405,0.595,0.405,0.595,0.9,0.9,2
401736162,WNBA,2025-06-07 01:30:00+00:00,Dallas Wings,Los Angeles Sparks,0.405,0.595,0.405,0.595,0.9,0.9,2
401736161,WNBA,2025-06-06 23:30:00+00:00,Connecticut Sun,Atlanta Dream,0.195,0.805,0.195,0.805,0.9,0.9,1
401736159,WNBA,2025-06-05 23:30:00+00:00,Washington Mystics,New York Liberty,0.115,0.885,0.115,0.885,0.9,0.9,2
401736160,WNBA,2025-06-06 02:00:00+00:00,Phoenix Mercury,Golden State Valkyries,0.68,0.32,0.68,0.32,0.9,0.9,1
401736157,WNBA,2025-06-04 00:00:00+00:00,Minnesota Lynx,Phoenix Mercury,0.865,0.135,0.865,0.135,0.9,0.9,1
401736156,WNBA,2025-06-03 23:00:00+00:00,Indiana Fever,Washington Mystics,0.66,0.34,0.66,0.34,0.9,0.9,1
401736158,WNBA,2025-06-04 01:30:00+00:00,Seattle Storm,Dallas Wings,0.8,0.2,0.8,0.2,0.9,0.9,1
401736154,WNBA,2025-06-01 22:00:00+00:00,Seattle Storm,Las Vegas Aces,0.415,0.585,0.415,0.585,0.9,0.9,2
401736153,WNBA,2025-06-01 22:00:00+00:00,Los Angeles Sparks,Phoenix Mercury,0.655,0.345,0.655,0.345,0.9,0.9,2
401736152,WNBA,2025-06-01 19:00:00+00:00,New York Liberty,Connecticut Sun,0.925,0.075,0.925,0.075,0.9,0.9,1
401736155,WNBA,2025-06-02 00:30:00+00:00,Golden State Valkyries,Minnesota Lynx,0.13,0.87,0.13,0.87,0.9,0.9,2
401736151,WNBA,2025-06-01 00:00:00+00:00,Dallas Wings,Chicago Sky,0.58,0.42,0.58,0.42,0.9,0.9,2
401736146,WNBA,2025-05-30 23:30:00+00:00,Indiana Fever,Connecticut Sun,0.865,0.135,0.865,0.135,0.9,0.9,2
401736147,WNBA,2025-05-30 23:30:00+00:00,Washington Mystics,New York Liberty,0.21,0.79,0.21,0.79,0.9,0.9,2
401736149,WNBA,2025-05-31 02:00:00+00:00,Phoenix Mercury,Minnesota Lynx,0.325,0.675,0.325,0.675,0.9,0.9,2
401736148,WNBA,2025-05-31 02:00:00+00:00,Las Vegas Aces,Los Angeles Sparks,0.81,0.19,0.81,0.19,0.9,0.9,1
401736150,WNBA,2025-05-31 02:00:00+00:00,Seattle Storm,Atlanta Dream,0.635,0.365,0.635,0.365,0.9,0.9,2
401736144,WNBA,2025-05-29 23:00:00+00:00,New York Liberty,Golden State Valkyries,0.92,0.08,0.92,0.08,0.9,0.9,1
401736145,WNBA,2025-05-30 00:00:00+00:00,Chicago Sky,Dallas Wings,0.495,0.505,0.495,0.505,0.9,0.9,1
401736143,WNBA,2025-05-28 23:30:00+00:00,Washington Mystics,Indiana Fever,0.375,0.625,0.375,0.625,0.9,0.9,1
401736141,WNBA,2025-05-28 02:00:00+00:00,Los Angeles Sparks,Atlanta Dream,0.54,0.46,0.54,0.46,0.9,0.9,2
401736140,WNBA,2025-05-28 00:00:00+00:00,Minnesota Lynx,Seattle Storm,0.73,0.27,0.73,0.27,0.9,0.9,1
401736142,WNBA,2025-05-28 02:00:00+00:00,Phoenix Mercury,Chicago Sky,0.735,0.265,0.735,0.265,0.9,0.9,1
401736138,WNBA,2025-05-27 23:00:00+00:00,Connecticut Sun,Dallas Wings,0.36,0.64,0.36,0.64,0.9,0.9,2
401736139,WNBA,2025-05-27 23:00:00+00:00,New York Liberty,Golden State Valkyries,0.935,0.065,0.935,0.065,0.9,0.9,1
401736136,WNBA,2025-05-25 22:00:00+00:00,Phoenix Mercury,Washington Mystics,0.685,0.315,0.685,0.315,0.9,0.9,1
401736137,WNBA,2025-05-25 22:00:00+00:00,Seattle Storm,Las Vegas Aces,0.345,0.655,0.345,0.655,0.9,0.9,1
401736135,WNBA,2025-05-25 22:00:00+00:00,Los Angeles Sparks,Chicago Sky,0.625,0.375,0.625,0.375,0.9,0.9,1
401736134,WNBA,2025-05-25 19:00:00+00:00,Atlanta Dream,Connecticut Sun,0.765,0.235,0.765,0.235,0.9,0.9,1
401736133,WNBA,2025-05-24 19:00:00+00:00,Atlanta Dream,Dallas Wings,0.735,0.265,0.735,0.265,0.9,0.9,1
401736132,WNBA,2025-05-24 17:00:00+00:00,Indiana Fever,New York Liberty,0.38,0.62,0.38,0.62,0.9,0.9,2
401736129,WNBA,2025-05-24 02:00:00+00:00,Las Vegas Aces,Washington Mystics,0.905,0.095,0.905,0.095,0.9,0.9,1
401736131,WNBA,2025-05-24 02:00:00+00:00,Seattle Storm,Phoenix Mercury,0.69,0.31,0.69,0.31,0.9,0.9,1
401736130,WNBA,2025-05-24 02:00:00+00:00,Los Angeles Sparks,Golden State Valkyries,0.825,0.175,0.825,0.175,0.9,0.9,2
401736128,WNBA,2025-05-23 23:30:00+00:00,Minnesota Lynx,Connecticut Sun,0.925,0.075,0.925,0.075,0.9,0.9,1
401736127,WNBA,2025-05-23 00:00:00+00:00,Chicago Sky,New York Liberty,0.155,0.845,0.155,0.845,0.9,0.9,2
401736126,WNBA,2025-05-22 23:30:00+00:00,Atlanta Dream,Indiana Fever,0.37,0.63,0.37,0.63,0.9,0.9,2
401859967,NBA,2026-06-14 00:30:00+00:00,San Antonio Spurs,New York Knicks,0.635,0.365,0.635,0.365,0.9,0.9,2
401859966,NBA,2026-06-11 00:30:00+00:00,New York Knicks,San Antonio Spurs,0.545,0.455,0.545,0.455,0.9,0.9,1
401859965,NBA,2026-06-09 00:30:00+00:00,New York Knicks,San Antonio Spurs,0.535,0.465,0.535,0.465,0.9,0.9,2
401859963,NBA,2026-06-04 00:30:00+00:00,San Antonio Spurs,New York Knicks,0.635,0.365,0.635,0.365,0.8,0.8,2
401859964,NBA,2026-06-06 00:30:00+00:00,San Antonio Spurs,New York Knicks,0.675,0.325,0.675,0.325,0.9,0.9,2
401873203,NBA,2026-05-31 00:00:00+00:00,Oklahoma City Thunder,San Antonio Spurs,0.565,0.435,0.565,0.435,0.7,0.8,2
401873202,NBA,2026-05-29 00:30:00+00:00,San Antonio Spurs,Oklahoma City Thunder,0.595,0.405,0.595,0.405,0.9,0.9,1
401873201,NBA,2026-05-27 00:30:00+00:00,Oklahoma City Thunder,San Antonio Spurs,0.585,0.415,0.585,0.415,0.9,0.9,1
401873344,NBA,2026-05-26 00:00:00+00:00,Cleveland Cavaliers,New York Knicks,0.465,0.535,0.465,0.535,0.9,0.9,2
401873342,NBA,2026-05-22 00:00:00+00:00,New York Knicks,Cleveland Cavaliers,0.645,0.355,0.645,0.355,0.9,0.9,1
401873343,NBA,2026-05-24 00:00:00+00:00,Cleveland Cavaliers,New York Knicks,0.565,0.435,0.565,0.435,0.9,0.9,2
401873341,NBA,2026-05-20 00:00:00+00:00,New York Knicks,Cleveland Cavaliers,0.675,0.325,0.675,0.325,0.9,0.9,1
401873200,NBA,2026-05-25 00:00:00+00:00,San Antonio Spurs,Oklahoma City Thunder,0.575,0.425,0.575,0.425,0.7,0.7,1
401873199,NBA,2026-05-23 00:30:00+00:00,San Antonio Spurs,Oklahoma City Thunder,0.565,0.435,0.565,0.435,0.9,0.9,2
401873198,NBA,2026-05-21 00:30:00+00:00,Oklahoma City Thunder,San Antonio Spurs,0.695,0.305,0.695,0.305,0.9,0.9,1
401873197,NBA,2026-05-19 00:30:00+00:00,Oklahoma City Thunder,San Antonio Spurs,0.695,0.305,0.695,0.305,0.9,0.9,2
401871157,NBA,2026-05-16 01:30:00+00:00,Minnesota Timberwolves,San Antonio Spurs,0.4,0.6,0.4,0.6,0.9,0.9,2
401871338,NBA,2026-05-15 23:00:00+00:00,Cleveland Cavaliers,Detroit Pistons,0.615,0.385,0.615,0.385,0.9,0.9,2
401871337,NBA,2026-05-14 00:00:00+00:00,Detroit Pistons,Cleveland Cavaliers,0.615,0.385,0.615,0.385,0.9,0.9,2
401871329,NBA,2026-05-12 02:30:00+00:00,Los Angeles Lakers,Oklahoma City Thunder,0.41,0.59,0.41,0.59,0.9,0.9,2
401871156,NBA,2026-05-13 00:00:00+00:00,San Antonio Spurs,Minnesota Timberwolves,0.785,0.215,0.785,0.215,0.9,0.9,1
401871336,NBA,2026-05-12 00:00:00+00:00,Cleveland Cavaliers,Detroit Pistons,0.585,0.415,0.585,0.415,0.9,0.9,1
401871335,NBA,2026-05-09 19:00:00+00:00,Cleveland Cavaliers,Detroit Pistons,0.615,0.385,0.615,0.385,0.9,0.8,1
401871333,NBA,2026-05-05 23:00:00+00:00,Detroit Pistons,Cleveland Cavaliers,0.595,0.405,0.595,0.405,0.9,0.9,1
401871155,NBA,2026-05-10 23:30:00+00:00,Minnesota Timberwolves,San Antonio Spurs,0.355,0.645,0.355,0.645,0.9,0.9,1
401871162,NBA,2026-05-10 19:30:00+00:00,Philadelphia 76ers,New York Knicks,0.465,0.535,0.465,0.535,0.9,0.9,2
401871334,NBA,2026-05-07 23:00:00+00:00,Detroit Pistons,Cleveland Cavaliers,0.605,0.395,0.605,0.395,0.9,0.9,1
401871159,NBA,2026-05-05 00:00:00+00:00,New York Knicks,Philadelphia 76ers,0.715,0.285,0.715,0.285,0.9,0.9,1
401871160,NBA,2026-05-06 23:00:00+00:00,New York Knicks,Philadelphia 76ers,0.795,0.205,0.795,0.205,0.9,0.9,1
401871328,NBA,2026-05-10 00:30:00+00:00,Los Angeles Lakers,Oklahoma City Thunder,0.245,0.755,0.245,0.755,0.9,0.9,2
401871161,NBA,2026-05-08 23:00:00+00:00,Philadelphia 76ers,New York Knicks,0.575,0.425,0.575,0.425,0.9,0.9,2
401871326,NBA,2026-05-06 00:30:00+00:00,Oklahoma City Thunder,Los Angeles Lakers,0.865,0.135,0.865,0.135,0.7,0.7,1
401871327,NBA,2026-05-08 01:30:00+00:00,Oklahoma City Thunder,Los Angeles Lakers,0.875,0.125,0.875,0.125,0.9,0.9,1
401871154,NBA,2026-05-09 01:30:00+00:00,Minnesota Timberwolves,San Antonio Spurs,0.335,0.665,0.335,0.665,0.9,0.9,2
401871152,NBA,2026-05-05 01:30:00+00:00,San Antonio Spurs,Minnesota Timberwolves,0.775,0.225,0.775,0.225,0.9,0.9,2
401871153,NBA,2026-05-07 01:30:00+00:00,San Antonio Spurs,Minnesota Timberwolves,0.775,0.225,0.775,0.225,0.9,0.9,1
401869409,NBA,2026-05-02 01:30:00+00:00,Houston Rockets,Los Angeles Lakers,0.515,0.485,0.515,0.485,0.9,0.9,2
401869412,NBA,2026-05-02 23:30:00+00:00,Boston Celtics,Philadelphia 76ers,0.605,0.395,0.605,0.395,0.9,0.9,2
401869402,NBA,2026-05-01 01:30:00+00:00,Minnesota Timberwolves,Denver Nuggets,0.315,0.685,0.315,0.685,0.9,0.9,2
401869417,NBA,2026-05-01 23:00:00+00:00,Orlando Magic,Detroit Pistons,0.415,0.585,0.415,0.585,0.9,0.9,2
401869381,NBA,2026-05-01 23:30:00+00:00,Toronto Raptors,Cleveland Cavaliers,0.365,0.635,0.365,0.635,0.8,0.9,1
401869410,NBA,2026-05-01 00:00:00+00:00,Philadelphia 76ers,Boston Celtics,0.325,0.675,0.325,0.675,0.9,0.9,1
401869393,NBA,2026-04-30 23:00:00+00:00,Atlanta Hawks,New York Knicks,0.425,0.575,0.425,0.575,0.9,0.9,2
401869386,NBA,2026-04-29 01:30:00+00:00,San Antonio Spurs,Portland Trail Blazers,0.555,0.445,0.555,0.445,0.9,0.9,2
401869416,NBA,2026-04-29 23:00:00+00:00,Detroit Pistons,Orlando Magic,0.775,0.225,0.775,0.225,0.9,0.9,1
401869407,NBA,2026-04-30 02:00:00+00:00,Los Angeles Lakers,Houston Rockets,0.595,0.405,0.595,0.405,0.9,0.9,2
401869380,NBA,2026-04-29 23:30:00+00:00,Cleveland Cavaliers,Toronto Raptors,0.765,0.235,0.765,0.235,0.9,0.9,1
401869408,NBA,2026-04-28 23:00:00+00:00,Boston Celtics,Philadelphia 76ers,0.795,0.205,0.795,0.205,0.9,0.9,2
401869392,NBA,2026-04-29 00:00:00+00:00,New York Knicks,Atlanta Hawks,0.695,0.305,0.695,0.305,0.9,0.9,1
401869373,NBA,2026-04-28 01:30:00+00:00,Phoenix Suns,Oklahoma City Thunder,0.185,0.815,0.185,0.815,0.9,0.9,2
401869415,NBA,2026-04-28 00:00:00+00:00,Orlando Magic,Detroit Pistons,0.405,0.595,0.405,0.595,0.9,0.9,1
401869401,NBA,2026-04-28 02:30:00+00:00,Denver Nuggets,Minnesota Timberwolves,0.805,0.195,0.805,0.195,0.9,0.9,1
401869405,NBA,2026-04-27 01:30:00+00:00,Houston Rockets,Los Angeles Lakers,0.605,0.395,0.605,0.395,0.9,0.9,1
401869385,NBA,2026-04-26 19:30:00+00:00,Portland Trail Blazers,San Antonio Spurs,0.335,0.665,0.335,0.665,0.9,0.9,2
401869406,NBA,2026-04-26 23:00:00+00:00,Philadelphia 76ers,Boston Celtics,0.325,0.675,0.325,0.675,0.9,0.9,2
401869377,NBA,2026-04-26 17:00:00+00:00,Toronto Raptors,Cleveland Cavaliers,0.385,0.615,0.385,0.615,0.9,0.9,1
401869370,NBA,2026-04-25 19:30:00+00:00,Phoenix Suns,Oklahoma City Thunder,0.225,0.775,0.225,0.775,0.9,0.9,2
401869414,NBA,2026-04-25 17:00:00+00:00,Orlando Magic,Detroit Pistons,0.455,0.545,0.455,0.545,0.9,0.9,1
401869399,NBA,2026-04-26 00:30:00+00:00,Minnesota Timberwolves,Denver Nuggets,0.465,0.535,0.465,0.535,0.9,0.9,1
401869391,NBA,2026-04-25 22:00:00+00:00,Atlanta Hawks,New York Knicks,0.465,0.535,0.465,0.535,0.9,0.9,2
401869404,NBA,2026-04-24 23:00:00+00:00,Philadelphia 76ers,Boston Celtics,0.225,0.775,0.225,0.775,0.9,0.9,2
401869382,NBA,2026-04-25 02:30:00+00:00,Portland Trail Blazers,San Antonio Spurs,0.475,0.525,0.475,0.525,0.9,0.9,2
401869400,NBA,2026-04-25 00:00:00+00:00,Houston Rockets,Los Angeles Lakers,0.675,0.325,0.675,0.325,0.9,0.9,2
401869368,NBA,2026-04-23 01:30:00+00:00,Oklahoma City Thunder,Phoenix Suns,0.915,0.085,0.915,0.085,0.9,0.9,1
401869411,NBA,2026-04-22 23:00:00+00:00,Detroit Pistons,Orlando Magic,0.775,0.225,0.775,0.225,0.9,0.9,1
401869192,NBA,2026-04-19 19:30:00+00:00,Oklahoma City Thunder,Phoenix Suns,0.905,0.095,0.905,0.095,0.1,0.0,1
401869193,NBA,2026-04-19 22:30:00+00:00,Detroit Pistons,Orlando Magic,0.785,0.215,0.785,0.215,0.3,0.2,2
401869375,NBA,2026-04-24 00:00:00+00:00,Toronto Raptors,Cleveland Cavaliers,0.425,0.575,0.425,0.575,0.7,0.7,1
401869398,NBA,2026-04-24 01:30:00+00:00,Minnesota Timberwolves,Denver Nuggets,0.515,0.485,0.515,0.485,0.9,0.9,1
401869389,NBA,2026-04-23 23:00:00+00:00,Atlanta Hawks,New York Knicks,0.495,0.505,0.495,0.505,0.9,0.9,1
401869396,NBA,2026-04-21 23:00:00+00:00,Boston Celtics,Philadelphia 76ers,0.875,0.125,0.875,0.125,0.3,0.3,2
401866759,NBA,2026-04-18 02:00:00+00:00,Phoenix Suns,Golden State Warriors,0.565,0.435,0.565,0.435,0.1,0.2,1
401866758,NBA,2026-04-17 23:30:00+00:00,Orlando Magic,Charlotte Hornets,0.425,0.575,0.425,0.575,0.1,0.3,1
401869191,NBA,2026-04-19 17:00:00+00:00,Boston Celtics,Philadelphia 76ers,0.875,0.125,0.875,0.125,0.3,0.3,1
401869397,NBA,2026-04-22 02:30:00+00:00,Los Angeles Lakers,Houston Rockets,0.325,0.675,0.325,0.675,0.7,0.7,1
401869378,NBA,2026-04-22 00:00:00+00:00,San Antonio Spurs,Portland Trail Blazers,0.845,0.155,0.845,0.155,0.9,0.9,2
401869387,NBA,2026-04-21 00:00:00+00:00,New York Knicks,Atlanta Hawks,0.685,0.315,0.685,0.315,0.2,0.2,2
401869369,NBA,2026-04-20 23:00:00+00:00,Cleveland Cavaliers,Toronto Raptors,0.795,0.205,0.795,0.205,0.9,0.9,1
401869395,NBA,2026-04-21 02:30:00+00:00,Denver Nuggets,Minnesota Timberwolves,0.725,0.275,0.725,0.275,1.0,1.0,2
401869194,NBA,2026-04-20 01:00:00+00:00,San Antonio Spurs,Portland Trail Blazers,0.855,0.145,0.855,0.145,0.2,0.2,1
401869188,NBA,2026-04-18 19:30:00+00:00,Denver Nuggets,Minnesota Timberwolves,0.66,0.34,0.66,0.34,0.2,0.2,1
401869189,NBA,2026-04-18 22:00:00+00:00,New York Knicks,Atlanta Hawks,0.635,0.365,0.635,0.365,0.3,0.3,1
401869187,NBA,2026-04-18 17:00:00+00:00,Cleveland Cavaliers,Toronto Raptors,0.69,0.31,0.69,0.31,0.3,0.3,1
401869190,NBA,2026-04-19 00:30:00+00:00,Los Angeles Lakers,Houston Rockets,0.445,0.555,0.445,0.555,0.1,0.2,1
401866755,NBA,2026-04-14 23:30:00+00:00,Charlotte Hornets,Miami Heat,0.695,0.305,0.695,0.305,0.2,0.3,1
401866756,NBA,2026-04-16 02:00:00+00:00,LA Clippers,Golden State Warriors,0.615,0.385,0.615,0.385,0.1,0.2,1
401866757,NBA,2026-04-15 23:30:00+00:00,Philadelphia 76ers,Orlando Magic,0.52,0.48,0.52,0.48,0.3,0.2,1
401866754,NBA,2026-04-15 02:00:00+00:00,Phoenix Suns,Portland Trail Blazers,0.575,0.425,0.575,0.425,0.2,0.3,2
401811051,NBA,2026-04-13 00:30:00+00:00,Oklahoma City Thunder,Phoenix Suns,0.725,0.275,0.725,0.275,0.4,0.3,2
401811050,NBA,2026-04-13 00:30:00+00:00,Minnesota Timberwolves,New Orleans Pelicans,0.595,0.405,0.595,0.405,0.3,0.4,1
401811049,NBA,2026-04-13 00:30:00+00:00,Houston Rockets,Memphis Grizzlies,0.905,0.095,0.905,0.095,0.3,0.3,1
401811048,NBA,2026-04-13 00:30:00+00:00,Dallas Mavericks,Chicago Bulls,0.635,0.365,0.635,0.365,0.3,0.3,1
401811055,NBA,2026-04-13 00:30:00+00:00,Portland Trail Blazers,Sacramento Kings,0.95,0.05,0.95,0.05,0.4,0.3,1
401811047,NBA,2026-04-12 22:00:00+00:00,Toronto Raptors,Brooklyn Nets,0.9775,0.0225,0.9775,0.0225,0.4,0.3,1
401811054,NBA,2026-04-13 00:30:00+00:00,LA Clippers,Golden State Warriors,0.595,0.405,0.595,0.405,0.3,0.3,1
401811046,NBA,2026-04-12 22:00:00+00:00,Philadelphia 76ers,Milwaukee Bucks,0.925,0.075,0.925,0.075,0.4,0.3,1
401811045,NBA,2026-04-12 22:00:00+00:00,New York Knicks,Charlotte Hornets,0.125,0.875,0.125,0.875,0.3,0.3,2
401811044,NBA,2026-04-12 22:00:00+00:00,Miami Heat,Atlanta Hawks,0.795,0.205,0.795,0.205,0.3,0.3,1
401811043,NBA,2026-04-12 22:00:00+00:00,Indiana Pacers,Detroit Pistons,0.095,0.905,0.095,0.905,0.3,0.3,2
401811042,NBA,2026-04-12 22:00:00+00:00,Cleveland Cavaliers,Washington Wizards,0.805,0.195,0.805,0.195,0.3,0.2,1
401811041,NBA,2026-04-12 22:00:00+00:00,Boston Celtics,Orlando Magic,0.155,0.845,0.155,0.845,0.4,0.3,1
401811053,NBA,2026-04-13 00:30:00+00:00,Los Angeles Lakers,Utah Jazz,0.905,0.095,0.905,0.095,0.3,0.3,1
401811052,NBA,2026-04-13 00:30:00+00:00,San Antonio Spurs,Denver Nuggets,0.785,0.215,0.785,0.215,0.4,0.3,2
401811034,NBA,2026-04-11 00:00:00+00:00,Milwaukee Bucks,Brooklyn Nets,0.795,0.205,0.795,0.205,0.3,0.1,1
401811027,NBA,2026-04-10 23:00:00+00:00,Washington Wizards,Miami Heat,0.095,0.905,0.095,0.905,1.1,1.1,2
401811030,NBA,2026-04-10 23:30:00+00:00,Indiana Pacers,Philadelphia 76ers,0.105,0.895,0.105,0.895,0.9,0.0,2
401811032,NBA,2026-04-11 00:00:00+00:00,Chicago Bulls,Orlando Magic,0.095,0.905,0.095,0.905,0.3,0.3,2
401811035,NBA,2026-04-11 00:00:00+00:00,San Antonio Spurs,Dallas Mavericks,0.935,0.065,0.935,0.065,0.1,0.2,1
401811040,NBA,2026-04-11 02:30:00+00:00,Los Angeles Lakers,Phoenix Suns,0.445,0.555,0.445,0.555,0.2,0.3,1
401811039,NBA,2026-04-11 02:00:00+00:00,Sacramento Kings,Golden State Warriors,0.185,0.815,0.185,0.815,0.3,0.2,1
401811038,NBA,2026-04-11 02:00:00+00:00,Portland Trail Blazers,LA Clippers,0.535,0.465,0.535,0.465,0.2,0.2,1
401811037,NBA,2026-04-11 01:00:00+00:00,Denver Nuggets,Oklahoma City Thunder,0.555,0.445,0.555,0.445,0.3,0.3,1
401811036,NBA,2026-04-11 01:30:00+00:00,Utah Jazz,Memphis Grizzlies,0.625,0.375,0.625,0.375,0.1,0.2,1
401811033,NBA,2026-04-11 01:30:00+00:00,Houston Rockets,Minnesota Timberwolves,0.805,0.195,0.805,0.195,0.1,0.2,2
401811031,NBA,2026-04-10 23:30:00+00:00,New York Knicks,Toronto Raptors,0.705,0.295,0.705,0.295,0.0,0.9,1
401811029,NBA,2026-04-10 23:30:00+00:00,Boston Celtics,New Orleans Pelicans,0.935,0.065,0.935,0.065,0.9,0.9,1
401811028,NBA,2026-04-10 23:00:00+00:00,Atlanta Hawks,Cleveland Cavaliers,0.765,0.235,0.765,0.235,1.1,0.0,1
401811026,NBA,2026-04-10 23:00:00+00:00,Charlotte Hornets,Detroit Pistons,0.655,0.345,0.655,0.345,1.1,0.1,2
401811025,NBA,2026-04-10 02:00:00+00:00,Golden State Warriors,Los Angeles Lakers,0.525,0.475,0.525,0.475,0.2,0.3,2
401811024,NBA,2026-04-10 00:00:00+00:00,Houston Rockets,Philadelphia 76ers,0.685,0.315,0.685,0.315,0.3,0.3,1
401811023,NBA,2026-04-09 23:30:00+00:00,New York Knicks,Boston Celtics,0.595,0.405,0.595,0.405,0.1,0.1,1
401811022,NBA,2026-04-09 23:30:00+00:00,Brooklyn Nets,Indiana Pacers,0.405,0.595,0.405,0.595,0.1,0.9,2
401811021,NBA,2026-04-09 23:00:00+00:00,Washington Wizards,Chicago Bulls,0.285,0.715,0.285,0.715,0.3,0.2,2
401811020,NBA,2026-04-09 23:00:00+00:00,Toronto Raptors,Miami Heat,0.605,0.395,0.605,0.395,0.3,0.3,1
401811018,NBA,2026-04-09 02:00:00+00:00,LA Clippers,Oklahoma City Thunder,0.245,0.755,0.245,0.755,0.3,0.3,2
401811019,NBA,2026-04-09 02:00:00+00:00,Phoenix Suns,Dallas Mavericks,0.855,0.145,0.855,0.145,0.4,0.3,1
401811017,NBA,2026-04-09 01:00:00+00:00,Denver Nuggets,Memphis Grizzlies,0.9745,0.0255,0.9745,0.0255,0.3,0.3,1
401811016,NBA,2026-04-09 01:30:00+00:00,San Antonio Spurs,Portland Trail Blazers,0.585,0.415,0.585,0.415,0.3,0.3,1
401811015,NBA,2026-04-08 23:00:00+00:00,Detroit Pistons,Milwaukee Bucks,0.955,0.045,0.955,0.045,0.8,0.6,1
401811014,NBA,2026-04-08 23:00:00+00:00,Orlando Magic,Minnesota Timberwolves,0.815,0.185,0.815,0.185,0.6,0.8,1
401811013,NBA,2026-04-08 23:00:00+00:00,Cleveland Cavaliers,Atlanta Hawks,0.615,0.385,0.615,0.385,0.8,0.7,1
401811012,NBA,2026-04-08 03:00:00+00:00,Phoenix Suns,Houston Rockets,0.475,0.525,0.475,0.525,0.1,0.1,2
401811011,NBA,2026-04-08 02:30:00+00:00,LA Clippers,Dallas Mavericks,0.845,0.155,0.845,0.155,0.2,0.1,1
401811008,NBA,2026-04-08 00:00:00+00:00,New Orleans Pelicans,Utah Jazz,0.695,0.305,0.695,0.305,0.2,0.3,1
401811004,NBA,2026-04-08 00:00:00+00:00,Boston Celtics,Charlotte Hornets,0.635,0.365,0.635,0.365,0.2,0.3,1
401811003,NBA,2026-04-07 23:00:00+00:00,Washington Wizards,Chicago Bulls,0.305,0.695,0.305,0.695,0.2,0.2,2
401811010,NBA,2026-04-08 02:30:00+00:00,Los Angeles Lakers,Oklahoma City Thunder,0.055,0.945,0.055,0.945,0.2,0.2,2
401811009,NBA,2026-04-08 02:00:00+00:00,Golden State Warriors,Sacramento Kings,0.905,0.095,0.905,0.095,0.7,0.7,1
401811007,NBA,2026-04-07 23:00:00+00:00,Indiana Pacers,Minnesota Timberwolves,0.135,0.865,0.135,0.865,0.2,0.2,2
401811006,NBA,2026-04-07 23:30:00+00:00,Toronto Raptors,Miami Heat,0.565,0.435,0.565,0.435,0.1,0.9,1
401811005,NBA,2026-04-07 23:30:00+00:00,Brooklyn Nets,Milwaukee Bucks,0.465,0.535,0.465,0.535,0.9,0.9,1
401810999,NBA,2026-04-06 23:00:00+00:00,Orlando Magic,Detroit Pistons,0.485,0.515,0.485,0.515,0.2,0.1,1
401810998,NBA,2026-04-06 23:00:00+00:00,Atlanta Hawks,New York Knicks,0.525,0.475,0.525,0.475,0.3,0.2,2
401811002,NBA,2026-04-07 01:00:00+00:00,Denver Nuggets,Portland Trail Blazers,0.725,0.275,0.725,0.275,0.2,0.2,1
401811001,NBA,2026-04-07 00:00:00+00:00,San Antonio Spurs,Philadelphia 76ers,0.765,0.235,0.765,0.235,0.3,0.2,1
401811000,NBA,2026-04-07 00:00:00+00:00,Memphis Grizzlies,Cleveland Cavaliers,0.115,0.885,0.115,0.885,0.3,0.2,2
401810989,NBA,2026-04-05 19:30:00+00:00,Chicago Bulls,Phoenix Suns,0.165,0.835,0.165,0.835,1.3,1.3,2
401810993,NBA,2026-04-05 23:00:00+00:00,New Orleans Pelicans,Orlando Magic,0.305,0.695,0.305,0.695,0.2,0.3,2
401810992,NBA,2026-04-05 23:00:00+00:00,Minnesota Timberwolves,Charlotte Hornets,0.375,0.625,0.375,0.625,0.4,0.2,2
401810991,NBA,2026-04-05 22:00:00+00:00,Cleveland Cavaliers,Indiana Pacers,0.925,0.075,0.925,0.075,0.2,0.2,1
401810990,NBA,2026-04-05 19:30:00+00:00,Milwaukee Bucks,Memphis Grizzlies,0.715,0.285,0.715,0.285,1.3,1.3,1
401810997,NBA,2026-04-06 02:00:00+00:00,Golden State Warriors,Houston Rockets,0.395,0.605,0.395,0.605,0.4,0.2,2
401810996,NBA,2026-04-06 01:00:00+00:00,Sacramento Kings,LA Clippers,0.135,0.865,0.135,0.865,0.2,0.2,2
401810995,NBA,2026-04-05 23:30:00+00:00,Dallas Mavericks,Los Angeles Lakers,0.485,0.515,0.485,0.515,0.1,0.1,1
401810994,NBA,2026-04-05 23:00:00+00:00,Oklahoma City Thunder,Utah Jazz,0.9795,0.0205,0.9795,0.0205,0.3,0.2,1
401810987,NBA,2026-04-05 19:30:00+00:00,Boston Celtics,Toronto Raptors,0.795,0.205,0.795,0.205,1.2,1.3,1
401810988,NBA,2026-04-05 19:30:00+00:00,Brooklyn Nets,Washington Wizards,0.595,0.405,0.595,0.405,1.3,1.3,1
401810985,NBA,2026-04-04 19:00:00+00:00,Denver Nuggets,San Antonio Spurs,0.465,0.535,0.465,0.535,0.0,0.1,1
401810986,NBA,2026-04-04 23:00:00+00:00,Philadelphia 76ers,Detroit Pistons,0.385,0.615,0.385,0.615,0.4,0.4,2
401810984,NBA,2026-04-04 19:00:00+00:00,Miami Heat,Washington Wizards,0.945,0.055,0.945,0.055,1.2,1.2,1
401810983,NBA,2026-04-04 02:00:00+00:00,Sacramento Kings,New Orleans Pelicans,0.325,0.675,0.325,0.675,0.3,0.3,1
401810979,NBA,2026-04-04 00:00:00+00:00,Houston Rockets,Utah Jazz,0.935,0.065,0.935,0.065,0.3,0.3,1
401810981,NBA,2026-04-04 00:00:00+00:00,Milwaukee Bucks,Boston Celtics,0.065,0.935,0.065,0.935,0.2,0.3,2
401810982,NBA,2026-04-04 00:30:00+00:00,Dallas Mavericks,Orlando Magic,0.295,0.705,0.295,0.705,1.2,1.4,2
401810980,NBA,2026-04-04 00:00:00+00:00,Memphis Grizzlies,Toronto Raptors,0.105,0.895,0.105,0.895,0.3,0.2,2
401810978,NBA,2026-04-03 23:30:00+00:00,New York Knicks,Chicago Bulls,0.895,0.105,0.895,0.105,0.3,0.4,1
401810977,NBA,2026-04-03 23:30:00+00:00,Brooklyn Nets,Atlanta Hawks,0.075,0.925,0.075,0.925,0.3,0.2,2
401810976,NBA,2026-04-03 23:00:00+00:00,Philadelphia 76ers,Minnesota Timberwolves,0.605,0.395,0.605,0.395,0.3,0.3,1
401810975,NBA,2026-04-03 23:00:00+00:00,Charlotte Hornets,Indiana Pacers,0.905,0.095,0.905,0.095,0.3,0.2,1
401810974,NBA,2026-04-03 02:30:00+00:00,LA Clippers,San Antonio Spurs,0.565,0.435,0.565,0.435,0.3,0.3,2
401810970,NBA,2026-04-02 23:00:00+00:00,Detroit Pistons,Minnesota Timberwolves,0.665,0.335,0.665,0.335,0.3,0.4,1
401810973,NBA,2026-04-03 02:00:00+00:00,Portland Trail Blazers,New Orleans Pelicans,0.675,0.325,0.675,0.325,0.2,0.3,1
401810972,NBA,2026-04-03 02:00:00+00:00,Golden State Warriors,Cleveland Cavaliers,0.205,0.795,0.205,0.795,0.3,0.3,2
401810971,NBA,2026-04-03 01:30:00+00:00,Oklahoma City Thunder,Los Angeles Lakers,0.765,0.235,0.765,0.235,0.3,0.3,1
401810969,NBA,2026-04-02 23:00:00+00:00,Charlotte Hornets,Phoenix Suns,0.675,0.325,0.675,0.325,0.4,0.3,1
401810964,NBA,2026-04-02 00:00:00+00:00,Chicago Bulls,Indiana Pacers,0.605,0.395,0.605,0.395,0.1,0.1,2
401810963,NBA,2026-04-02 00:00:00+00:00,Toronto Raptors,Sacramento Kings,0.865,0.135,0.865,0.135,0.2,0.3,2
401810960,NBA,2026-04-01 23:00:00+00:00,Washington Wizards,Philadelphia 76ers,0.095,0.905,0.095,0.905,0.4,0.2,2
401810967,NBA,2026-04-02 01:00:00+00:00,Utah Jazz,Denver Nuggets,0.075,0.925,0.075,0.925,0.3,0.2,2
401810968,NBA,2026-04-02 02:00:00+00:00,Golden State Warriors,San Antonio Spurs,0.105,0.895,0.105,0.895,0.2,0.2,2
401810965,NBA,2026-04-02 00:00:00+00:00,Houston Rockets,Milwaukee Bucks,0.945,0.055,0.945,0.055,0.1,0.2,1
401810858,NBA,2026-04-02 00:00:00+00:00,Memphis Grizzlies,New York Knicks,0.135,0.865,0.135,0.865,0.1,0.3,2
401810961,NBA,2026-04-01 23:30:00+00:00,Miami Heat,Boston Celtics,0.365,0.635,0.365,0.635,0.3,0.1,2
401810962,NBA,2026-04-01 23:00:00+00:00,Orlando Magic,Atlanta Hawks,0.435,0.565,0.435,0.565,0.3,0.3,2
401810959,NBA,2026-04-01 03:00:00+00:00,LA Clippers,Portland Trail Blazers,0.635,0.365,0.635,0.365,0.3,0.3,2
401810958,NBA,2026-04-01 02:30:00+00:00,Los Angeles Lakers,Cleveland Cavaliers,0.555,0.445,0.555,0.445,0.4,0.2,1
401810957,NBA,2026-04-01 00:00:00+00:00,Houston Rockets,New York Knicks,0.485,0.515,0.485,0.515,0.3,0.3,1
401810956,NBA,2026-04-01 00:00:00+00:00,Detroit Pistons,Toronto Raptors,0.585,0.415,0.585,0.415,0.3,0.3,1
401810955,NBA,2026-03-31 23:30:00+00:00,Brooklyn Nets,Charlotte Hornets,0.065,0.935,0.065,0.935,0.4,0.4,2
401810954,NBA,2026-03-31 23:00:00+00:00,Orlando Magic,Phoenix Suns,0.545,0.455,0.545,0.455,0.2,0.2,1
401810953,NBA,2026-03-31 02:00:00+00:00,Los Angeles Lakers,Washington Wizards,0.915,0.085,0.915,0.085,0.2,0.2,1
401810952,NBA,2026-03-31 01:30:00+00:00,Oklahoma City Thunder,Detroit Pistons,0.845,0.155,0.845,0.155,0.3,0.3,1
401810951,NBA,2026-03-31 01:00:00+00:00,Utah Jazz,Cleveland Cavaliers,0.075,0.925,0.075,0.925,0.2,0.1,2
401810950,NBA,2026-03-31 00:30:00+00:00,Dallas Mavericks,Minnesota Timberwolves,0.245,0.755,0.245,0.755,0.3,0.2,2
401810949,NBA,2026-03-31 00:00:00+00:00,San Antonio Spurs,Chicago Bulls,0.945,0.055,0.945,0.055,0.3,0.3,1
401810948,NBA,2026-03-31 00:00:00+00:00,Memphis Grizzlies,Phoenix Suns,0.135,0.865,0.135,0.865,0.2,0.3,2
401810947,NBA,2026-03-30 23:30:00+00:00,Atlanta Hawks,Boston Celtics,0.575,0.425,0.575,0.425,0.2,0.1,1
401810946,NBA,2026-03-30 23:00:00+00:00,Miami Heat,Philadelphia 76ers,0.455,0.545,0.455,0.545,0.3,0.4,1
401810944,NBA,2026-03-29 23:30:00+00:00,Oklahoma City Thunder,New York Knicks,0.755,0.245,0.755,0.245,0.4,0.3,1
401810945,NBA,2026-03-30 02:00:00+00:00,Denver Nuggets,Golden State Warriors,0.835,0.165,0.835,0.165,0.4,0.3,1
401810943,NBA,2026-03-29 23:00:00+00:00,New Orleans Pelicans,Houston Rockets,0.315,0.685,0.315,0.685,0.2,0.3,2
401810942,NBA,2026-03-29 22:00:00+00:00,Portland Trail Blazers,Washington Wizards,0.925,0.075,0.925,0.075,0.2,0.1,1
401810941,NBA,2026-03-29 22:00:00+00:00,Toronto Raptors,Orlando Magic,0.515,0.485,0.515,0.485,0.2,0.3,1
401810940,NBA,2026-03-29 22:00:00+00:00,Charlotte Hornets,Boston Celtics,0.555,0.445,0.555,0.445,0.3,0.2,2
401810939,NBA,2026-03-29 22:00:00+00:00,Brooklyn Nets,Sacramento Kings,0.545,0.455,0.545,0.455,0.2,0.2,1
401810938,NBA,2026-03-29 21:00:00+00:00,Indiana Pacers,Miami Heat,0.235,0.765,0.235,0.765,0.2,0.3,1
401810937,NBA,2026-03-29 19:30:00+00:00,Milwaukee Bucks,LA Clippers,0.075,0.925,0.075,0.925,0.4,0.3,2
401810933,NBA,2026-03-28 23:30:00+00:00,Atlanta Hawks,Sacramento Kings,0.855,0.145,0.855,0.145,0.5,0.5,1
401810936,NBA,2026-03-29 02:00:00+00:00,Phoenix Suns,Utah Jazz,0.915,0.085,0.915,0.085,0.5,0.5,1
401810935,NBA,2026-03-28 21:30:00+00:00,Minnesota Timberwolves,Detroit Pistons,0.445,0.555,0.445,0.555,0.4,0.5,2
401810934,NBA,2026-03-29 00:00:00+00:00,Memphis Grizzlies,Chicago Bulls,0.355,0.645,0.355,0.645,0.4,0.4,1
401810932,NBA,2026-03-28 22:00:00+00:00,Charlotte Hornets,Philadelphia 76ers,0.685,0.315,0.685,0.315,0.4,0.3,2
401810931,NBA,2026-03-28 19:00:00+00:00,Milwaukee Bucks,San Antonio Spurs,0.065,0.935,0.065,0.935,0.1,0.2,2
401810923,NBA,2026-03-27 23:30:00+00:00,Cleveland Cavaliers,Miami Heat,0.665,0.335,0.665,0.335,0.5,0.4,1
401810922,NBA,2026-03-27 23:30:00+00:00,Boston Celtics,Atlanta Hawks,0.665,0.335,0.665,0.335,0.4,0.5,1
401810924,NBA,2026-03-28 00:00:00+00:00,Memphis Grizzlies,Houston Rockets,0.115,0.885,0.115,0.885,0.4,0.4,2
401810930,NBA,2026-03-28 02:30:00+00:00,Los Angeles Lakers,Brooklyn Nets,0.945,0.055,0.945,0.055,0.4,0.4,1
401810929,NBA,2026-03-28 02:00:00+00:00,Portland Trail Blazers,Dallas Mavericks,0.815,0.185,0.815,0.185,0.4,0.6,2
401810928,NBA,2026-03-28 02:00:00+00:00,Golden State Warriors,Washington Wizards,0.865,0.135,0.865,0.135,0.5,0.4,1
401810927,NBA,2026-03-28 01:00:00+00:00,Denver Nuggets,Utah Jazz,0.945,0.055,0.945,0.055,0.6,0.5,1
401810926,NBA,2026-03-28 00:30:00+00:00,Toronto Raptors,New Orleans Pelicans,0.745,0.255,0.745,0.255,0.5,0.3,1
401810925,NBA,2026-03-28 00:00:00+00:00,Oklahoma City Thunder,Chicago Bulls,0.955,0.045,0.955,0.045,0.4,0.5,1
401810921,NBA,2026-03-27 23:00:00+00:00,Indiana Pacers,LA Clippers,0.225,0.775,0.225,0.775,0.5,0.6,2
401810920,NBA,2026-03-26 23:00:00+00:00,Orlando Magic,Sacramento Kings,0.905,0.095,0.905,0.095,0.6,0.5,1
401810919,NBA,2026-03-26 23:00:00+00:00,Detroit Pistons,New Orleans Pelicans,0.665,0.335,0.665,0.335,0.6,0.6,1
401810918,NBA,2026-03-26 23:00:00+00:00,Charlotte Hornets,New York Knicks,0.555,0.445,0.555,0.445,0.5,0.5,1
401810910,NBA,2026-03-25 23:30:00+00:00,Cleveland Cavaliers,Miami Heat,0.565,0.435,0.565,0.435,0.5,0.5,2
401810913,NBA,2026-03-26 01:42:00+00:00,Minnesota Timberwolves,Houston Rockets,0.455,0.545,0.455,0.545,0.6,0.6,1
401810917,NBA,2026-03-26 02:30:00+00:00,LA Clippers,Toronto Raptors,0.615,0.385,0.615,0.385,0.5,0.5,1
401810916,NBA,2026-03-26 02:00:00+00:00,Portland Trail Blazers,Milwaukee Bucks,0.895,0.105,0.895,0.105,0.5,0.5,1
401810915,NBA,2026-03-26 02:00:00+00:00,Golden State Warriors,Brooklyn Nets,0.855,0.145,0.855,0.145,0.5,0.6,1
401810914,NBA,2026-03-26 02:00:00+00:00,Denver Nuggets,Dallas Mavericks,0.835,0.165,0.835,0.165,0.6,0.5,1
401810912,NBA,2026-03-26 01:00:00+00:00,Utah Jazz,Washington Wizards,0.595,0.405,0.595,0.405,0.6,0.6,2
401810911,NBA,2026-03-26 00:00:00+00:00,Memphis Grizzlies,San Antonio Spurs,0.075,0.925,0.075,0.925,0.5,0.6,2
401810909,NBA,2026-03-25 23:30:00+00:00,Boston Celtics,Oklahoma City Thunder,0.445,0.555,0.445,0.555,0.6,0.5,1
401810908,NBA,2026-03-25 23:00:00+00:00,Philadelphia 76ers,Chicago Bulls,0.695,0.305,0.695,0.305,0.5,0.5,1
401810907,NBA,2026-03-25 23:00:00+00:00,Indiana Pacers,Los Angeles Lakers,0.215,0.785,0.215,0.785,0.5,0.5,2
401810906,NBA,2026-03-25 23:00:00+00:00,Detroit Pistons,Atlanta Hawks,0.565,0.435,0.565,0.435,0.6,0.5,2
401810905,NBA,2026-03-25 03:00:00+00:00,Phoenix Suns,Denver Nuggets,0.315,0.685,0.315,0.685,0.5,0.5,2
401810904,NBA,2026-03-25 00:00:00+00:00,Cleveland Cavaliers,Orlando Magic,0.805,0.195,0.805,0.195,0.6,0.6,1
401810903,NBA,2026-03-24 23:30:00+00:00,New York Knicks,New Orleans Pelicans,0.765,0.235,0.765,0.235,0.6,0.5,1
401810902,NBA,2026-03-24 23:00:00+00:00,Charlotte Hornets,Sacramento Kings,0.935,0.065,0.935,0.065,0.6,0.6,1
401810901,NBA,2026-03-24 02:30:00+00:00,LA Clippers,Milwaukee Bucks,0.875,0.125,0.875,0.125,0.6,0.6,1
401810900,NBA,2026-03-24 02:00:00+00:00,Portland Trail Blazers,Brooklyn Nets,0.905,0.095,0.905,0.095,0.6,0.6,1
401810899,NBA,2026-03-24 01:30:00+00:00,Dallas Mavericks,Golden State Warriors,0.44,0.56,0.44,0.56,0.7,0.5,2
401810898,NBA,2026-03-24 01:00:00+00:00,Utah Jazz,Toronto Raptors,0.195,0.805,0.195,0.805,0.7,0.6,2
401810897,NBA,2026-03-24 00:00:00+00:00,Chicago Bulls,Houston Rockets,0.225,0.775,0.225,0.775,0.6,0.6,1
401810896,NBA,2026-03-23 23:00:00+00:00,Miami Heat,San Antonio Spurs,0.405,0.595,0.405,0.595,0.6,0.6,2
401810895,NBA,2026-03-23 23:00:00+00:00,Philadelphia 76ers,Oklahoma City Thunder,0.085,0.915,0.085,0.915,0.6,0.6,2
401810894,NBA,2026-03-23 23:00:00+00:00,Orlando Magic,Indiana Pacers,0.825,0.175,0.825,0.175,0.6,0.6,2
401810893,NBA,2026-03-23 23:00:00+00:00,Detroit Pistons,Los Angeles Lakers,0.475,0.525,0.475,0.525,0.7,0.6,1
401810892,NBA,2026-03-23 23:30:00+00:00,Atlanta Hawks,Memphis Grizzlies,0.885,0.115,0.885,0.115,0.7,0.6,1
401810891,NBA,2026-03-23 01:00:00+00:00,Phoenix Suns,Toronto Raptors,0.385,0.615,0.385,0.615,0.6,0.6,1
401810890,NBA,2026-03-23 00:00:00+00:00,Boston Celtics,Minnesota Timberwolves,0.795,0.205,0.795,0.205,0.6,0.7,2
401810887,NBA,2026-03-22 21:00:00+00:00,Denver Nuggets,Portland Trail Blazers,0.755,0.245,0.755,0.245,0.6,0.6,1
401810889,NBA,2026-03-22 23:30:00+00:00,New York Knicks,Washington Wizards,0.9625,0.0375,0.9625,0.0375,0.6,0.6,1
401810888,NBA,2026-03-22 22:00:00+00:00,Sacramento Kings,Brooklyn Nets,0.685,0.315,0.685,0.315,0.7,0.7,1
401810886,NBA,2026-03-22 02:00:00+00:00,Phoenix Suns,Milwaukee Bucks,0.835,0.165,0.835,0.165,0.6,0.6,2
401810885,NBA,2026-03-22 01:30:00+00:00,Utah Jazz,Philadelphia 76ers,0.315,0.685,0.315,0.685,0.6,0.6,2
401810884,NBA,2026-03-22 00:30:00+00:00,Dallas Mavericks,LA Clippers,0.295,0.705,0.295,0.705,0.5,0.6,2
401810883,NBA,2026-03-22 00:00:00+00:00,San Antonio Spurs,Indiana Pacers,0.915,0.085,0.915,0.085,0.5,0.5,1
401810881,NBA,2026-03-22 00:00:00+00:00,Atlanta Hawks,Golden State Warriors,0.735,0.265,0.735,0.265,0.6,0.5,1
401810880,NBA,2026-03-21 23:00:00+00:00,New Orleans Pelicans,Cleveland Cavaliers,0.345,0.655,0.345,0.655,0.6,0.5,2
401810878,NBA,2026-03-21 23:00:00+00:00,Charlotte Hornets,Memphis Grizzlies,0.93,0.07,0.93,0.07,0.6,0.6,1
401810879,NBA,2026-03-21 23:00:00+00:00,Orlando Magic,Los Angeles Lakers,0.415,0.585,0.415,0.585,0.5,0.6,2
401810882,NBA,2026-03-22 00:00:00+00:00,Houston Rockets,Miami Heat,0.56,0.44,0.56,0.44,0.5,0.5,1
401810877,NBA,2026-03-21 21:00:00+00:00,Washington Wizards,Oklahoma City Thunder,0.045,0.955,0.045,0.955,0.6,0.6,2
401810876,NBA,2026-03-21 01:00:00+00:00,Denver Nuggets,Toronto Raptors,0.695,0.305,0.695,0.305,0.5,0.5,1
401810875,NBA,2026-03-21 00:00:00+00:00,Minnesota Timberwolves,Portland Trail Blazers,0.505,0.495,0.505,0.495,0.5,0.6,2
401810874,NBA,2026-03-21 00:00:00+00:00,Memphis Grizzlies,Boston Celtics,0.105,0.895,0.105,0.895,0.5,0.5,2
401810873,NBA,2026-03-21 00:00:00+00:00,Houston Rockets,Atlanta Hawks,0.595,0.405,0.595,0.405,0.5,0.4,1
401810872,NBA,2026-03-20 23:30:00+00:00,Detroit Pistons,Golden State Warriors,0.685,0.315,0.685,0.315,0.4,0.4,1
401810871,NBA,2026-03-20 23:30:00+00:00,Brooklyn Nets,New York Knicks,0.055,0.945,0.055,0.945,0.5,0.5,2
401810870,NBA,2026-03-20 02:00:00+00:00,Sacramento Kings,Philadelphia 76ers,0.425,0.575,0.425,0.575,0.5,0.5,2
401810869,NBA,2026-03-20 01:00:00+00:00,Utah Jazz,Milwaukee Bucks,0.315,0.685,0.315,0.685,0.5,0.5,1
401810868,NBA,2026-03-20 00:00:00+00:00,San Antonio Spurs,Phoenix Suns,0.805,0.195,0.805,0.195,0.3,0.4,1
401810867,NBA,2026-03-20 00:00:00+00:00,New Orleans Pelicans,LA Clippers,0.595,0.405,0.595,0.405,0.3,0.4,1
401810866,NBA,2026-03-20 00:00:00+00:00,Chicago Bulls,Cleveland Cavaliers,0.195,0.805,0.195,0.805,0.2,0.4,2
401810865,NBA,2026-03-20 00:00:00+00:00,Miami Heat,Los Angeles Lakers,0.575,0.425,0.575,0.425,0.3,0.6,2
401810864,NBA,2026-03-19 23:00:00+00:00,Washington Wizards,Detroit Pistons,0.105,0.895,0.105,0.895,0.5,0.6,2
401810863,NBA,2026-03-19 23:00:00+00:00,Charlotte Hornets,Orlando Magic,0.675,0.325,0.675,0.325,0.5,0.5,1
401810862,NBA,2026-03-19 01:30:00+00:00,Houston Rockets,Los Angeles Lakers,0.545,0.455,0.545,0.455,0.5,0.5,2
401810856,NBA,2026-03-18 23:30:00+00:00,Indiana Pacers,Portland Trail Blazers,0.145,0.855,0.145,0.855,0.6,0.5,2
401810859,NBA,2026-03-19 00:00:00+00:00,Minnesota Timberwolves,Utah Jazz,0.865,0.135,0.865,0.135,0.5,0.6,1
401810855,NBA,2026-03-18 23:30:00+00:00,Brooklyn Nets,Oklahoma City Thunder,0.055,0.945,0.055,0.945,0.5,0.6,2
401810861,NBA,2026-03-19 00:30:00+00:00,Dallas Mavericks,Atlanta Hawks,0.255,0.745,0.255,0.745,0.6,0.6,2
401810854,NBA,2026-03-18 23:00:00+00:00,Boston Celtics,Golden State Warriors,0.845,0.155,0.845,0.155,0.5,0.6,1
401810860,NBA,2026-03-19 00:00:00+00:00,New Orleans Pelicans,LA Clippers,0.445,0.555,0.445,0.555,0.5,0.6,1
401810857,NBA,2026-03-19 00:00:00+00:00,Chicago Bulls,Toronto Raptors,0.265,0.735,0.265,0.735,0.6,0.6,2
401810849,NBA,2026-03-17 23:30:00+00:00,New York Knicks,Indiana Pacers,0.865,0.135,0.865,0.135,0.4,0.4,1
401810847,NBA,2026-03-17 23:00:00+00:00,Orlando Magic,Oklahoma City Thunder,0.205,0.795,0.205,0.795,0.4,0.5,2
401810846,NBA,2026-03-17 23:00:00+00:00,Charlotte Hornets,Miami Heat,0.645,0.355,0.645,0.355,0.4,0.4,1
401810853,NBA,2026-03-18 02:00:00+00:00,Sacramento Kings,San Antonio Spurs,0.135,0.865,0.135,0.865,0.3,0.3,2
401810852,NBA,2026-03-18 02:00:00+00:00,Denver Nuggets,Philadelphia 76ers,0.895,0.105,0.895,0.105,0.3,0.3,1
401810851,NBA,2026-03-18 00:00:00+00:00,Minnesota Timberwolves,Phoenix Suns,0.595,0.405,0.595,0.405,0.5,0.5,1
401810850,NBA,2026-03-18 00:00:00+00:00,Milwaukee Bucks,Cleveland Cavaliers,0.165,0.835,0.165,0.835,0.5,0.5,2
401810848,NBA,2026-03-17 23:00:00+00:00,Washington Wizards,Detroit Pistons,0.055,0.945,0.055,0.945,0.5,0.5,2
401810840,NBA,2026-03-16 23:30:00+00:00,Brooklyn Nets,Portland Trail Blazers,0.175,0.825,0.175,0.825,0.5,0.5,2
401810839,NBA,2026-03-16 23:00:00+00:00,Washington Wizards,Golden State Warriors,0.265,0.735,0.265,0.735,0.5,0.5,2
401810838,NBA,2026-03-16 23:00:00+00:00,Atlanta Hawks,Orlando Magic,0.585,0.415,0.585,0.415,0.5,0.6,1
401810845,NBA,2026-03-17 02:00:00+00:00,LA Clippers,San Antonio Spurs,0.255,0.745,0.255,0.745,0.6,0.6,2
401810844,NBA,2026-03-17 01:30:00+00:00,Houston Rockets,Los Angeles Lakers,0.495,0.505,0.495,0.505,0.6,0.5,2
401810843,NBA,2026-03-17 00:00:00+00:00,New Orleans Pelicans,Dallas Mavericks,0.745,0.255,0.745,0.255,0.5,0.5,1
401810842,NBA,2026-03-17 00:00:00+00:00,Chicago Bulls,Memphis Grizzlies,0.715,0.285,0.715,0.285,0.5,0.5,1
401810841,NBA,2026-03-16 23:30:00+00:00,Boston Celtics,Phoenix Suns,0.785,0.215,0.785,0.215,0.5,0.6,1
401810836,NBA,2026-03-16 00:00:00+00:00,New York Knicks,Golden State Warriors,0.875,0.125,0.875,0.125,0.5,0.5,1
401810837,NBA,2026-03-16 02:00:00+00:00,Sacramento Kings,Utah Jazz,0.585,0.415,0.585,0.415,0.4,0.4,1
401810835,NBA,2026-03-15 22:00:00+00:00,Philadelphia 76ers,Portland Trail Blazers,0.255,0.745,0.255,0.745,0.6,0.6,1
401810834,NBA,2026-03-15 19:30:00+00:00,Milwaukee Bucks,Indiana Pacers,0.735,0.265,0.735,0.265,0.6,0.5,1
401810833,NBA,2026-03-15 19:30:00+00:00,Toronto Raptors,Detroit Pistons,0.415,0.585,0.415,0.585,0.6,0.6,1
401810832,NBA,2026-03-15 19:30:00+00:00,Cleveland Cavaliers,Dallas Mavericks,0.885,0.115,0.885,0.115,0.6,0.6,2
401810831,NBA,2026-03-15 17:00:00+00:00,Oklahoma City Thunder,Minnesota Timberwolves,0.775,0.225,0.775,0.225,0.5,0.6,1
401810830,NBA,2026-03-15 02:30:00+00:00,LA Clippers,Sacramento Kings,0.895,0.105,0.895,0.105,0.7,0.6,2
401810829,NBA,2026-03-15 00:30:00+00:00,Los Angeles Lakers,Denver Nuggets,0.465,0.535,0.465,0.535,0.6,0.6,1
401810826,NBA,2026-03-14 22:00:00+00:00,Boston Celtics,Washington Wizards,0.952,0.048,0.952,0.048,0.6,0.5,1
401810825,NBA,2026-03-14 19:00:00+00:00,Atlanta Hawks,Milwaukee Bucks,0.81,0.19,0.81,0.19,0.3,0.7,1
401810827,NBA,2026-03-15 00:00:00+00:00,Miami Heat,Orlando Magic,0.635,0.365,0.635,0.365,0.3,0.1,2
401810828,NBA,2026-03-14 19:30:00+00:00,San Antonio Spurs,Charlotte Hornets,0.685,0.315,0.685,0.315,0.6,0.7,1
401810824,NBA,2026-03-14 17:00:00+00:00,Philadelphia 76ers,Brooklyn Nets,0.775,0.225,0.775,0.225,0.3,0.5,1
401810823,NBA,2026-03-14 02:30:00+00:00,LA Clippers,Chicago Bulls,0.865,0.135,0.865,0.135,0.6,0.6,1
401810820,NBA,2026-03-13 23:30:00+00:00,Dallas Mavericks,Cleveland Cavaliers,0.155,0.845,0.155,0.845,0.5,0.5,2
401810819,NBA,2026-03-14 00:00:00+00:00,Houston Rockets,New Orleans Pelicans,0.685,0.315,0.685,0.315,0.6,0.5,1
401810818,NBA,2026-03-13 23:30:00+00:00,Toronto Raptors,Phoenix Suns,0.635,0.365,0.635,0.365,0.6,0.6,1
401810822,NBA,2026-03-14 02:00:00+00:00,Portland Trail Blazers,Utah Jazz,0.895,0.105,0.895,0.105,0.5,0.5,1
401810817,NBA,2026-03-13 23:30:00+00:00,Indiana Pacers,New York Knicks,0.145,0.855,0.145,0.855,0.5,0.6,2
401810816,NBA,2026-03-13 23:30:00+00:00,Detroit Pistons,Memphis Grizzlies,0.915,0.085,0.915,0.085,0.5,0.6,1
401810821,NBA,2026-03-14 02:00:00+00:00,Golden State Warriors,Minnesota Timberwolves,0.365,0.635,0.365,0.635,0.5,0.4,2
401810813,NBA,2026-03-13 01:00:00+00:00,San Antonio Spurs,Denver Nuggets,0.575,0.425,0.575,0.425,0.6,0.6,2
401810809,NBA,2026-03-12 23:00:00+00:00,Indiana Pacers,Phoenix Suns,0.205,0.795,0.205,0.795,0.6,0.6,2
401810812,NBA,2026-03-12 23:30:00+00:00,Miami Heat,Milwaukee Bucks,0.675,0.325,0.675,0.325,0.7,0.5,1
401810966,NBA,2026-03-13 00:00:00+00:00,Memphis Grizzlies,Dallas Mavericks,0.345,0.655,0.345,0.655,0.3,0.3,2
401810815,NBA,2026-03-13 02:30:00+00:00,Los Angeles Lakers,Chicago Bulls,0.825,0.175,0.825,0.175,0.6,0.6,1
401810814,NBA,2026-03-13 01:30:00+00:00,Oklahoma City Thunder,Boston Celtics,0.76,0.24,0.76,0.24,0.6,0.5,1
401810811,NBA,2026-03-12 23:30:00+00:00,Atlanta Hawks,Brooklyn Nets,0.905,0.095,0.905,0.095,0.6,0.6,1
401810810,NBA,2026-03-12 23:00:00+00:00,Orlando Magic,Washington Wizards,0.885,0.115,0.885,0.115,0.6,0.6,1
401810808,NBA,2026-03-12 23:00:00+00:00,Detroit Pistons,Philadelphia 76ers,0.885,0.115,0.885,0.115,0.6,0.6,1
401810805,NBA,2026-03-12 02:00:00+00:00,Denver Nuggets,Houston Rockets,0.695,0.305,0.695,0.305,0.7,0.6,1
401810802,NBA,2026-03-11 23:30:00+00:00,Orlando Magic,Cleveland Cavaliers,0.405,0.595,0.405,0.595,0.6,0.6,1
401810804,NBA,2026-03-12 01:00:00+00:00,Utah Jazz,New York Knicks,0.115,0.885,0.115,0.885,0.6,0.6,2
401810803,NBA,2026-03-12 00:00:00+00:00,New Orleans Pelicans,Toronto Raptors,0.445,0.555,0.445,0.555,0.5,0.5,1
401810807,NBA,2026-03-12 02:30:00+00:00,LA Clippers,Minnesota Timberwolves,0.545,0.455,0.545,0.455,0.6,0.6,1
401810806,NBA,2026-03-12 02:00:00+00:00,Sacramento Kings,Charlotte Hornets,0.115,0.885,0.115,0.885,0.6,0.6,2
401810799,NBA,2026-03-11 02:00:00+00:00,Portland Trail Blazers,Charlotte Hornets,0.425,0.575,0.425,0.575,0.6,0.6,2
401810800,NBA,2026-03-11 02:00:00+00:00,Sacramento Kings,Indiana Pacers,0.585,0.415,0.585,0.415,0.6,0.6,1
401810801,NBA,2026-03-11 03:00:00+00:00,Los Angeles Lakers,Minnesota Timberwolves,0.435,0.565,0.435,0.565,0.7,0.6,1
401810796,NBA,2026-03-11 00:00:00+00:00,Milwaukee Bucks,Phoenix Suns,0.445,0.555,0.445,0.555,0.6,0.5,2
401810794,NBA,2026-03-10 23:30:00+00:00,Atlanta Hawks,Dallas Mavericks,0.775,0.225,0.775,0.225,0.6,0.6,1
401810795,NBA,2026-03-11 00:00:00+00:00,Houston Rockets,Toronto Raptors,0.645,0.355,0.645,0.355,0.6,0.5,1
401810791,NBA,2026-03-10 23:00:00+00:00,Philadelphia 76ers,Memphis Grizzlies,0.615,0.385,0.615,0.385,0.6,0.6,1
401810797,NBA,2026-03-11 00:00:00+00:00,San Antonio Spurs,Boston Celtics,0.585,0.415,0.585,0.415,0.5,0.6,1
401810798,NBA,2026-03-11 02:00:00+00:00,Golden State Warriors,Chicago Bulls,0.675,0.325,0.675,0.325,0.5,0.6,2
401810793,NBA,2026-03-10 23:30:00+00:00,Miami Heat,Washington Wizards,0.905,0.095,0.905,0.095,0.5,0.6,1
401810792,NBA,2026-03-10 23:30:00+00:00,Brooklyn Nets,Detroit Pistons,0.095,0.905,0.095,0.905,0.5,0.5,2
401810789,NBA,2026-03-10 01:00:00+00:00,Utah Jazz,Golden State Warriors,0.285,0.715,0.285,0.715,0.6,0.6,1
401810788,NBA,2026-03-09 23:30:00+00:00,Oklahoma City Thunder,Denver Nuggets,0.595,0.405,0.595,0.405,0.6,0.5,1
401810790,NBA,2026-03-10 02:00:00+00:00,LA Clippers,New York Knicks,0.465,0.535,0.465,0.535,0.6,0.7,1
401810787,NBA,2026-03-09 23:30:00+00:00,Brooklyn Nets,Memphis Grizzlies,0.515,0.485,0.515,0.485,0.6,0.6,1
401810786,NBA,2026-03-09 23:00:00+00:00,Cleveland Cavaliers,Philadelphia 76ers,0.865,0.135,0.865,0.135,0.5,0.6,1
401810783,NBA,2026-03-09 02:00:00+00:00,Phoenix Suns,Charlotte Hornets,0.355,0.645,0.355,0.645,0.7,0.7,1
401810782,NBA,2026-03-09 00:00:00+00:00,San Antonio Spurs,Houston Rockets,0.665,0.335,0.665,0.335,0.6,0.7,1
401810784,NBA,2026-03-09 01:00:00+00:00,Portland Trail Blazers,Indiana Pacers,0.775,0.225,0.775,0.225,0.6,0.7,1
401810785,NBA,2026-03-09 01:00:00+00:00,Sacramento Kings,Chicago Bulls,0.365,0.635,0.365,0.635,0.7,0.6,1
401810781,NBA,2026-03-09 00:00:00+00:00,Milwaukee Bucks,Orlando Magic,0.345,0.655,0.345,0.655,0.7,0.7,2
401810779,NBA,2026-03-08 22:00:00+00:00,Toronto Raptors,Dallas Mavericks,0.775,0.225,0.775,0.225,0.6,0.7,1
401810780,NBA,2026-03-08 23:00:00+00:00,New Orleans Pelicans,Washington Wizards,0.825,0.175,0.825,0.175,0.5,0.5,1
401810777,NBA,2026-03-08 19:30:00+00:00,Los Angeles Lakers,New York Knicks,0.365,0.635,0.365,0.635,0.6,0.7,1
401810778,NBA,2026-03-08 22:00:00+00:00,Miami Heat,Detroit Pistons,0.485,0.515,0.485,0.515,0.7,0.7,1
401810776,NBA,2026-03-08 17:00:00+00:00,Cleveland Cavaliers,Boston Celtics,0.525,0.475,0.525,0.475,0.7,0.6,2
401810775,NBA,2026-03-08 01:30:00+00:00,Oklahoma City Thunder,Golden State Warriors,0.825,0.175,0.825,0.175,0.6,0.7,1
401810771,NBA,2026-03-07 23:00:00+00:00,Detroit Pistons,Brooklyn Nets,0.865,0.135,0.865,0.135,0.6,0.6,2
401810770,NBA,2026-03-07 20:00:00+00:00,Minnesota Timberwolves,Orlando Magic,0.695,0.305,0.695,0.305,0.6,0.6,2
401810774,NBA,2026-03-08 01:00:00+00:00,Milwaukee Bucks,Utah Jazz,0.785,0.215,0.785,0.215,0.6,0.6,1
401810773,NBA,2026-03-08 01:00:00+00:00,Memphis Grizzlies,LA Clippers,0.275,0.725,0.275,0.725,0.7,0.6,2
401810772,NBA,2026-03-07 23:00:00+00:00,Atlanta Hawks,Philadelphia 76ers,0.71,0.29,0.71,0.29,0.6,0.6,1
401810767,NBA,2026-03-07 02:00:00+00:00,Phoenix Suns,New Orleans Pelicans,0.625,0.375,0.625,0.375,0.6,0.7,1
401810763,NBA,2026-03-07 00:00:00+00:00,Boston Celtics,Dallas Mavericks,0.895,0.105,0.895,0.105,0.7,0.5,1
401810766,NBA,2026-03-07 02:00:00+00:00,Denver Nuggets,New York Knicks,0.515,0.485,0.515,0.485,0.6,0.6,2
401810765,NBA,2026-03-07 01:00:00+00:00,Houston Rockets,Portland Trail Blazers,0.705,0.295,0.705,0.295,0.6,0.6,1
401810769,NBA,2026-03-07 03:30:00+00:00,Los Angeles Lakers,Indiana Pacers,0.785,0.215,0.785,0.215,0.6,0.6,1
401810768,NBA,2026-03-07 02:30:00+00:00,San Antonio Spurs,LA Clippers,0.725,0.275,0.725,0.275,0.7,0.7,1
401810764,NBA,2026-03-07 00:00:00+00:00,Charlotte Hornets,Miami Heat,0.715,0.285,0.715,0.285,0.6,0.6,2
401810755,NBA,2026-03-06 00:00:00+00:00,Washington Wizards,Utah Jazz,0.605,0.395,0.605,0.395,0.7,0.6,2
401810754,NBA,2026-03-06 00:00:00+00:00,Orlando Magic,Dallas Mavericks,0.745,0.255,0.745,0.255,0.6,0.7,1
401810759,NBA,2026-03-06 01:00:00+00:00,San Antonio Spurs,Detroit Pistons,0.575,0.425,0.575,0.425,0.6,0.5,1
401810756,NBA,2026-03-06 00:30:00+00:00,Miami Heat,Brooklyn Nets,0.865,0.135,0.865,0.135,0.5,0.6,1
401810761,NBA,2026-03-06 03:00:00+00:00,Denver Nuggets,Los Angeles Lakers,0.605,0.395,0.605,0.395,0.6,0.6,1
401810762,NBA,2026-03-06 03:00:00+00:00,Sacramento Kings,New Orleans Pelicans,0.305,0.695,0.305,0.695,0.7,0.6,2
401810758,NBA,2026-03-06 01:00:00+00:00,Minnesota Timberwolves,Toronto Raptors,0.645,0.355,0.645,0.355,0.5,0.5,1
401810757,NBA,2026-03-06 00:30:00+00:00,Houston Rockets,Golden State Warriors,0.785,0.215,0.785,0.215,0.5,0.6,2
401810760,NBA,2026-03-06 02:00:00+00:00,Phoenix Suns,Chicago Bulls,0.835,0.165,0.835,0.165,0.6,0.6,2
401810752,NBA,2026-03-05 02:30:00+00:00,Milwaukee Bucks,Atlanta Hawks,0.495,0.505,0.495,0.505,0.5,0.5,2
401810750,NBA,2026-03-05 00:30:00+00:00,Philadelphia 76ers,Utah Jazz,0.735,0.265,0.735,0.265,0.5,0.5,1
401810753,NBA,2026-03-05 03:30:00+00:00,LA Clippers,Indiana Pacers,0.835,0.165,0.835,0.165,0.7,0.6,1
401810749,NBA,2026-03-05 00:30:00+00:00,Boston Celtics,Charlotte Hornets,0.695,0.305,0.695,0.305,0.5,0.6,2
401810751,NBA,2026-03-05 01:00:00+00:00,Memphis Grizzlies,Portland Trail Blazers,0.245,0.755,0.245,0.755,0.5,0.5,2
401810748,NBA,2026-03-05 00:00:00+00:00,New York Knicks,Oklahoma City Thunder,0.385,0.615,0.385,0.615,0.6,0.6,2
401810738,NBA,2026-03-04 00:00:00+00:00,Charlotte Hornets,Dallas Mavericks,0.845,0.155,0.845,0.155,0.6,0.6,1
401810739,NBA,2026-03-04 00:00:00+00:00,Cleveland Cavaliers,Detroit Pistons,0.425,0.575,0.425,0.575,0.6,0.6,1
401810747,NBA,2026-03-04 04:00:00+00:00,Sacramento Kings,Phoenix Suns,0.235,0.765,0.235,0.765,0.5,0.6,2
401810745,NBA,2026-03-04 01:00:00+00:00,Minnesota Timberwolves,Memphis Grizzlies,0.855,0.145,0.855,0.145,0.6,0.6,1
401810746,NBA,2026-03-04 03:30:00+00:00,Los Angeles Lakers,New Orleans Pelicans,0.755,0.245,0.755,0.245,0.6,0.7,1
401810740,NBA,2026-03-04 00:00:00+00:00,Orlando Magic,Washington Wizards,0.905,0.095,0.905,0.095,0.7,0.5,1
401810741,NBA,2026-03-04 00:30:00+00:00,Miami Heat,Brooklyn Nets,0.845,0.155,0.845,0.155,0.6,0.6,1
401810744,NBA,2026-03-04 01:00:00+00:00,Chicago Bulls,Oklahoma City Thunder,0.225,0.775,0.225,0.775,0.5,0.5,2
401810743,NBA,2026-03-04 01:00:00+00:00,Philadelphia 76ers,San Antonio Spurs,0.255,0.745,0.255,0.745,0.5,0.6,2
401810742,NBA,2026-03-04 00:30:00+00:00,Toronto Raptors,New York Knicks,0.435,0.565,0.435,0.565,0.6,0.6,2
401810736,NBA,2026-03-03 02:00:00+00:00,Utah Jazz,Denver Nuggets,0.155,0.845,0.155,0.845,0.6,0.6,2
401810732,NBA,2026-03-02 02:00:00+00:00,LA Clippers,New Orleans Pelicans,0.735,0.265,0.735,0.265,0.7,0.6,1
401810730,NBA,2026-03-01 23:00:00+00:00,Orlando Magic,Detroit Pistons,0.345,0.655,0.345,0.655,0.6,0.6,2
401810734,NBA,2026-03-03 00:00:00+00:00,Washington Wizards,Houston Rockets,0.105,0.895,0.105,0.895,0.6,0.7,2
401810737,NBA,2026-03-03 03:00:00+00:00,Golden State Warriors,LA Clippers,0.495,0.505,0.495,0.505,0.6,0.6,2
401810728,NBA,2026-03-01 23:00:00+00:00,Atlanta Hawks,Portland Trail Blazers,0.68,0.32,0.68,0.32,0.6,0.7,1
401810733,NBA,2026-03-02 02:30:00+00:00,Los Angeles Lakers,Sacramento Kings,0.865,0.135,0.865,0.135,0.6,0.6,1
401810731,NBA,2026-03-02 01:00:00+00:00,Dallas Mavericks,Oklahoma City Thunder,0.095,0.905,0.095,0.905,0.6,0.6,2
401810735,NBA,2026-03-03 00:30:00+00:00,Milwaukee Bucks,Boston Celtics,0.435,0.565,0.435,0.565,0.6,0.6,2
401810729,NBA,2026-03-02 01:00:00+00:00,Boston Celtics,Philadelphia 76ers,0.745,0.255,0.745,0.255,0.7,0.6,1
401810726,NBA,2026-03-01 20:30:00+00:00,Denver Nuggets,Minnesota Timberwolves,0.575,0.425,0.575,0.425,0.6,0.6,2
401810725,NBA,2026-03-01 20:30:00+00:00,Chicago Bulls,Milwaukee Bucks,0.445,0.555,0.445,0.555,0.6,0.6,1
401810727,NBA,2026-03-01 22:00:00+00:00,Indiana Pacers,Memphis Grizzlies,0.485,0.515,0.485,0.515,0.6,0.7,2
401810724,NBA,2026-03-01 20:30:00+00:00,Brooklyn Nets,Cleveland Cavaliers,0.165,0.835,0.165,0.835,0.7,0.7,2
401810722,NBA,2026-03-01 02:30:00+00:00,Utah Jazz,New Orleans Pelicans,0.325,0.675,0.325,0.675,0.6,0.6,2
401810718,NBA,2026-02-28 18:00:00+00:00,Charlotte Hornets,Portland Trail Blazers,0.705,0.295,0.705,0.295,0.6,0.5,1
401810720,NBA,2026-03-01 00:00:00+00:00,Washington Wizards,Toronto Raptors,0.125,0.875,0.125,0.875,0.6,0.7,2
401810721,NBA,2026-03-01 01:30:00+00:00,Golden State Warriors,Los Angeles Lakers,0.395,0.605,0.395,0.605,0.6,0.6,2
401810719,NBA,2026-02-28 20:30:00+00:00,Miami Heat,Houston Rockets,0.445,0.555,0.445,0.555,0.5,0.6,1
401810716,NBA,2026-02-28 01:30:00+00:00,Dallas Mavericks,Memphis Grizzlies,0.645,0.355,0.645,0.355,0.6,0.6,2
401810715,NBA,2026-02-28 01:00:00+00:00,Milwaukee Bucks,New York Knicks,0.275,0.725,0.275,0.725,0.6,0.6,2
401810714,NBA,2026-02-28 00:30:00+00:00,Boston Celtics,Brooklyn Nets,0.905,0.095,0.905,0.095,0.6,0.5,1
401810713,NBA,2026-02-28 00:00:00+00:00,Detroit Pistons,Cleveland Cavaliers,0.745,0.255,0.745,0.255,0.5,0.6,1
401810717,NBA,2026-02-28 02:47:00+00:00,Oklahoma City Thunder,Denver Nuggets,0.695,0.305,0.695,0.305,0.3,0.4,1
401810704,NBA,2026-02-27 00:00:00+00:00,Philadelphia 76ers,Miami Heat,0.545,0.455,0.545,0.455,0.7,0.6,1
401810710,NBA,2026-02-27 02:00:00+00:00,Phoenix Suns,Los Angeles Lakers,0.335,0.665,0.335,0.665,0.7,0.7,1
401810703,NBA,2026-02-27 00:00:00+00:00,Indiana Pacers,Charlotte Hornets,0.165,0.835,0.165,0.835,0.6,0.7,2
401810709,NBA,2026-02-27 01:30:00+00:00,Dallas Mavericks,Sacramento Kings,0.725,0.275,0.725,0.275,0.5,0.7,2
401810711,NBA,2026-02-27 02:00:00+00:00,Utah Jazz,New Orleans Pelicans,0.325,0.675,0.325,0.675,0.6,0.7,2
401810707,NBA,2026-02-27 00:30:00+00:00,Orlando Magic,Houston Rockets,0.435,0.565,0.435,0.565,0.4,0.5,2
401810706,NBA,2026-02-27 00:30:00+00:00,Brooklyn Nets,San Antonio Spurs,0.175,0.825,0.175,0.825,0.7,0.3,2
401810708,NBA,2026-02-27 01:00:00+00:00,Chicago Bulls,Portland Trail Blazers,0.405,0.595,0.405,0.595,0.7,0.6,2
401810712,NBA,2026-02-27 03:00:00+00:00,LA Clippers,Minnesota Timberwolves,0.255,0.745,0.255,0.745,0.6,0.6,2
401810705,NBA,2026-02-27 00:30:00+00:00,Atlanta Hawks,Washington Wizards,0.815,0.185,0.815,0.185,0.5,0.3,1
401810702,NBA,2026-02-26 03:00:00+00:00,Denver Nuggets,Boston Celtics,0.575,0.425,0.575,0.425,0.6,0.6,1
401810698,NBA,2026-02-26 00:30:00+00:00,Toronto Raptors,San Antonio Spurs,0.335,0.665,0.335,0.665,0.7,0.7,2
401810699,NBA,2026-02-26 00:30:00+00:00,Memphis Grizzlies,Golden State Warriors,0.375,0.625,0.375,0.625,0.7,0.7,2
401810697,NBA,2026-02-26 00:30:00+00:00,Detroit Pistons,Oklahoma City Thunder,0.795,0.205,0.795,0.205,0.7,0.7,1
401810701,NBA,2026-02-26 01:00:00+00:00,Milwaukee Bucks,Cleveland Cavaliers,0.425,0.575,0.425,0.575,0.6,0.7,1
401810700,NBA,2026-02-26 01:00:00+00:00,Houston Rockets,Sacramento Kings,0.865,0.135,0.865,0.135,0.7,0.7,1
401810696,NBA,2026-02-25 03:00:00+00:00,Portland Trail Blazers,Minnesota Timberwolves,0.33,0.67,0.33,0.67,0.6,0.6,2
401810686,NBA,2026-02-25 00:00:00+00:00,Indiana Pacers,Philadelphia 76ers,0.185,0.815,0.185,0.815,0.7,0.7,2
401810692,NBA,2026-02-25 01:00:00+00:00,Milwaukee Bucks,Miami Heat,0.315,0.685,0.315,0.685,0.7,0.6,1
401810693,NBA,2026-02-25 01:00:00+00:00,New Orleans Pelicans,Golden State Warriors,0.465,0.535,0.465,0.535,0.6,0.6,1
401810690,NBA,2026-02-25 00:30:00+00:00,Cleveland Cavaliers,New York Knicks,0.605,0.395,0.605,0.395,0.7,0.7,1
401810695,NBA,2026-02-25 03:30:00+00:00,Los Angeles Lakers,Orlando Magic,0.695,0.305,0.695,0.305,0.7,0.7,2
401810688,NBA,2026-02-25 00:30:00+00:00,Brooklyn Nets,Dallas Mavericks,0.475,0.525,0.475,0.525,0.7,0.7,2
401810689,NBA,2026-02-25 00:30:00+00:00,Toronto Raptors,Oklahoma City Thunder,0.495,0.505,0.495,0.505,0.6,0.7,2
401810691,NBA,2026-02-25 01:00:00+00:00,Chicago Bulls,Charlotte Hornets,0.265,0.735,0.265,0.735,0.6,0.6,2
401810694,NBA,2026-02-25 02:00:00+00:00,Phoenix Suns,Boston Celtics,0.335,0.665,0.335,0.665,0.7,0.7,2
401810687,NBA,2026-02-25 00:30:00+00:00,Atlanta Hawks,Washington Wizards,0.855,0.145,0.855,0.145,0.7,0.6,1
401810685,NBA,2026-02-24 02:30:00+00:00,Houston Rockets,Utah Jazz,0.865,0.135,0.865,0.135,0.6,0.7,1
401810684,NBA,2026-02-24 01:00:00+00:00,Memphis Grizzlies,Sacramento Kings,0.575,0.425,0.575,0.425,0.7,0.7,2
401810683,NBA,2026-02-24 00:00:00+00:00,Detroit Pistons,San Antonio Spurs,0.535,0.465,0.535,0.465,0.6,0.7,2
401810680,NBA,2026-02-23 01:00:00+00:00,Chicago Bulls,New York Knicks,0.235,0.765,0.235,0.765,0.8,0.7,2
401810681,NBA,2026-02-23 01:00:00+00:00,Phoenix Suns,Portland Trail Blazers,0.395,0.605,0.395,0.605,0.7,0.7,2
401810679,NBA,2026-02-23 00:00:00+00:00,Minnesota Timberwolves,Philadelphia 76ers,0.755,0.245,0.755,0.245,0.7,0.7,2
401810675,NBA,2026-02-22 20:30:00+00:00,Golden State Warriors,Denver Nuggets,0.325,0.675,0.325,0.675,0.7,0.7,1
401810672,NBA,2026-02-22 18:00:00+00:00,Oklahoma City Thunder,Cleveland Cavaliers,0.395,0.605,0.395,0.605,0.7,0.7,1
401810682,NBA,2026-02-23 02:00:00+00:00,LA Clippers,Orlando Magic,0.625,0.375,0.625,0.375,0.4,0.4,2
401810678,NBA,2026-02-22 23:30:00+00:00,Los Angeles Lakers,Boston Celtics,0.485,0.515,0.485,0.515,0.6,0.6,2
401810673,NBA,2026-02-22 20:30:00+00:00,Atlanta Hawks,Brooklyn Nets,0.775,0.225,0.775,0.225,0.7,0.6,1
401810677,NBA,2026-02-22 23:00:00+00:00,Washington Wizards,Charlotte Hornets,0.195,0.805,0.195,0.805,0.5,0.5,2
401810674,NBA,2026-02-22 20:30:00+00:00,Milwaukee Bucks,Toronto Raptors,0.395,0.605,0.395,0.605,0.7,0.7,2
401810676,NBA,2026-02-22 22:00:00+00:00,Indiana Pacers,Dallas Mavericks,0.475,0.525,0.475,0.525,0.8,0.7,2
401810671,NBA,2026-02-22 01:30:00+00:00,New York Knicks,Houston Rockets,0.605,0.395,0.605,0.395,0.5,0.3,1
401810670,NBA,2026-02-22 01:00:00+00:00,San Antonio Spurs,Sacramento Kings,0.915,0.085,0.915,0.085,0.6,0.7,1
401810668,NBA,2026-02-22 01:00:00+00:00,Miami Heat,Memphis Grizzlies,0.815,0.185,0.815,0.185,0.6,0.7,1
401810669,NBA,2026-02-22 01:00:00+00:00,Chicago Bulls,Detroit Pistons,0.185,0.815,0.185,0.815,0.7,0.7,2
401810666,NBA,2026-02-21 22:00:00+00:00,Phoenix Suns,Orlando Magic,0.585,0.415,0.585,0.415,0.6,0.6,1
401810667,NBA,2026-02-22 00:00:00+00:00,New Orleans Pelicans,Philadelphia 76ers,0.395,0.605,0.395,0.605,0.6,0.6,1
401810665,NBA,2026-02-21 03:00:00+00:00,Portland Trail Blazers,Denver Nuggets,0.475,0.525,0.475,0.525,0.7,0.7,2
401810664,NBA,2026-02-21 03:15:00+00:00,Los Angeles Lakers,LA Clippers,0.685,0.315,0.685,0.315,0.7,0.7,1
401810663,NBA,2026-02-21 01:00:00+00:00,Oklahoma City Thunder,Brooklyn Nets,0.885,0.115,0.885,0.115,0.7,0.7,1
401810658,NBA,2026-02-21 00:00:00+00:00,Washington Wizards,Indiana Pacers,0.525,0.475,0.525,0.475,0.7,0.7,1
401810659,NBA,2026-02-21 00:00:00+00:00,Memphis Grizzlies,Utah Jazz,0.565,0.435,0.565,0.435,0.7,0.7,1
401810660,NBA,2026-02-21 00:30:00+00:00,Atlanta Hawks,Miami Heat,0.425,0.575,0.425,0.575,0.7,0.7,2
401810657,NBA,2026-02-21 00:00:00+00:00,Charlotte Hornets,Cleveland Cavaliers,0.335,0.665,0.335,0.665,0.7,0.6,2
401810661,NBA,2026-02-21 00:30:00+00:00,Minnesota Timberwolves,Dallas Mavericks,0.865,0.135,0.865,0.135,0.7,0.7,1
401810662,NBA,2026-02-21 01:00:00+00:00,New Orleans Pelicans,Milwaukee Bucks,0.615,0.385,0.615,0.385,0.7,0.7,2
401810656,NBA,2026-02-20 03:30:00+00:00,LA Clippers,Denver Nuggets,0.375,0.625,0.375,0.625,0.6,0.7,1
401810655,NBA,2026-02-20 03:00:00+00:00,Sacramento Kings,Orlando Magic,0.251,0.749,0.251,0.749,0.8,0.7,2
401810650,NBA,2026-02-20 00:00:00+00:00,Washington Wizards,Indiana Pacers,0.455,0.545,0.455,0.545,0.7,0.7,1
401810652,NBA,2026-02-20 01:00:00+00:00,Chicago Bulls,Toronto Raptors,0.335,0.665,0.335,0.665,0.6,0.7,2
401810651,NBA,2026-02-20 00:30:00+00:00,New York Knicks,Detroit Pistons,0.585,0.415,0.585,0.415,0.7,0.7,2
401810653,NBA,2026-02-20 01:30:00+00:00,San Antonio Spurs,Phoenix Suns,0.715,0.285,0.715,0.285,0.7,0.7,1
401810654,NBA,2026-02-20 03:00:00+00:00,Golden State Warriors,Boston Celtics,0.355,0.645,0.355,0.645,0.7,0.7,2
401810648,NBA,2026-02-20 00:00:00+00:00,Cleveland Cavaliers,Brooklyn Nets,0.895,0.105,0.895,0.105,0.7,0.7,1
401810647,NBA,2026-02-20 00:00:00+00:00,Charlotte Hornets,Houston Rockets,0.375,0.625,0.375,0.625,0.6,0.7,2
401810649,NBA,2026-02-20 00:00:00+00:00,Philadelphia 76ers,Atlanta Hawks,0.505,0.495,0.505,0.495,0.7,0.7,2
401810646,NBA,2026-02-13 03:00:00+00:00,Los Angeles Lakers,Dallas Mavericks,0.685,0.315,0.685,0.315,0.7,0.7,1
401810644,NBA,2026-02-13 00:30:00+00:00,Oklahoma City Thunder,Milwaukee Bucks,0.835,0.165,0.835,0.165,0.7,0.7,2
401810645,NBA,2026-02-13 02:00:00+00:00,Utah Jazz,Portland Trail Blazers,0.325,0.675,0.325,0.675,0.8,0.8,2
401810642,NBA,2026-02-12 02:00:00+00:00,Denver Nuggets,Memphis Grizzlies,0.845,0.155,0.845,0.155,0.7,0.8,1
401810641,NBA,2026-02-12 02:00:00+00:00,Utah Jazz,Sacramento Kings,0.665,0.335,0.665,0.335,0.7,0.7,1
401810643,NBA,2026-02-12 03:00:00+00:00,Golden State Warriors,San Antonio Spurs,0.325,0.675,0.325,0.675,0.7,0.8,2
401810639,NBA,2026-02-12 01:00:00+00:00,New Orleans Pelicans,Miami Heat,0.535,0.465,0.535,0.465,0.8,0.7,2
401810637,NBA,2026-02-12 01:00:00+00:00,Houston Rockets,LA Clippers,0.745,0.255,0.745,0.255,0.8,0.7,2
401810636,NBA,2026-02-12 00:30:00+00:00,Toronto Raptors,Detroit Pistons,0.495,0.505,0.495,0.505,0.5,0.5,2
401810640,NBA,2026-02-12 02:00:00+00:00,Phoenix Suns,Oklahoma City Thunder,0.295,0.705,0.295,0.705,0.8,0.8,2
401810630,NBA,2026-02-12 00:00:00+00:00,Charlotte Hornets,Atlanta Hawks,0.545,0.455,0.545,0.455,0.7,0.8,1
401810634,NBA,2026-02-12 00:30:00+00:00,Brooklyn Nets,Indiana Pacers,0.665,0.335,0.665,0.335,0.5,0.5,2
401810635,NBA,2026-02-12 00:30:00+00:00,Philadelphia 76ers,New York Knicks,0.445,0.555,0.445,0.555,0.5,0.6,2
401810632,NBA,2026-02-12 00:00:00+00:00,Orlando Magic,Milwaukee Bucks,0.805,0.195,0.805,0.195,0.7,0.8,2
401810631,NBA,2026-02-12 00:00:00+00:00,Cleveland Cavaliers,Washington Wizards,0.905,0.095,0.905,0.095,0.7,0.8,1
401810638,NBA,2026-02-12 01:00:00+00:00,Minnesota Timberwolves,Portland Trail Blazers,0.725,0.275,0.725,0.275,0.8,0.8,1
401810633,NBA,2026-02-12 00:30:00+00:00,Boston Celtics,Chicago Bulls,0.855,0.145,0.855,0.145,0.5,0.5,1
401810628,NBA,2026-02-11 02:00:00+00:00,Phoenix Suns,Dallas Mavericks,0.725,0.275,0.725,0.275,0.8,0.7,1
401810627,NBA,2026-02-11 01:00:00+00:00,Houston Rockets,LA Clippers,0.735,0.265,0.735,0.265,0.8,0.8,1
401810629,NBA,2026-02-11 03:30:00+00:00,Los Angeles Lakers,San Antonio Spurs,0.145,0.855,0.145,0.855,0.8,0.8,2
401810626,NBA,2026-02-11 00:30:00+00:00,New York Knicks,Indiana Pacers,0.815,0.185,0.815,0.185,0.7,0.8,2
401810623,NBA,2026-02-10 03:00:00+00:00,Golden State Warriors,Memphis Grizzlies,0.745,0.255,0.745,0.255,0.7,0.8,1
401810625,NBA,2026-02-10 03:00:00+00:00,Portland Trail Blazers,Philadelphia 76ers,0.59,0.41,0.59,0.41,0.7,0.7,1
401810624,NBA,2026-02-10 03:00:00+00:00,Los Angeles Lakers,Oklahoma City Thunder,0.315,0.685,0.315,0.685,0.7,0.8,2
401810618,NBA,2026-02-10 00:30:00+00:00,Miami Heat,Utah Jazz,0.695,0.305,0.695,0.305,0.8,0.8,2
401810616,NBA,2026-02-10 00:00:00+00:00,Charlotte Hornets,Detroit Pistons,0.435,0.565,0.435,0.565,0.8,0.7,2
401810621,NBA,2026-02-10 01:00:00+00:00,New Orleans Pelicans,Sacramento Kings,0.765,0.235,0.765,0.235,0.8,0.8,1
401810622,NBA,2026-02-10 02:00:00+00:00,Denver Nuggets,Cleveland Cavaliers,0.555,0.445,0.555,0.445,0.8,0.7,2
401810617,NBA,2026-02-10 00:30:00+00:00,Brooklyn Nets,Chicago Bulls,0.415,0.585,0.415,0.585,0.8,0.7,1
401810619,NBA,2026-02-10 00:30:00+00:00,Orlando Magic,Milwaukee Bucks,0.765,0.235,0.765,0.235,0.8,0.8,1
401810620,NBA,2026-02-10 01:00:00+00:00,Minnesota Timberwolves,Atlanta Hawks,0.735,0.265,0.735,0.265,0.8,0.8,1
401810613,NBA,2026-02-08 19:00:00+00:00,Washington Wizards,Miami Heat,0.145,0.855,0.145,0.855,0.7,0.8,2
401810615,NBA,2026-02-08 20:00:00+00:00,Minnesota Timberwolves,LA Clippers,0.745,0.255,0.745,0.255,0.8,0.8,2
401810612,NBA,2026-02-08 17:30:00+00:00,Boston Celtics,New York Knicks,0.585,0.415,0.585,0.415,0.7,0.8,2
401810614,NBA,2026-02-08 20:00:00+00:00,Toronto Raptors,Indiana Pacers,0.745,0.255,0.745,0.255,0.8,0.8,1
401810609,NBA,2026-02-08 02:00:00+00:00,Phoenix Suns,Philadelphia 76ers,0.555,0.445,0.555,0.445,0.5,0.5,2
401810610,NBA,2026-02-08 03:00:00+00:00,Portland Trail Blazers,Memphis Grizzlies,0.735,0.265,0.735,0.265,0.8,0.8,1
401810611,NBA,2026-02-08 03:00:00+00:00,Sacramento Kings,Cleveland Cavaliers,0.165,0.835,0.165,0.835,0.8,0.7,2
401810606,NBA,2026-02-08 00:30:00+00:00,Atlanta Hawks,Charlotte Hornets,0.475,0.525,0.475,0.525,0.8,0.8,2
401810607,NBA,2026-02-08 01:00:00+00:00,Chicago Bulls,Denver Nuggets,0.245,0.755,0.245,0.755,0.7,0.7,2
401810604,NBA,2026-02-07 23:00:00+00:00,San Antonio Spurs,Dallas Mavericks,0.785,0.215,0.785,0.215,0.3,0.4,1
401810608,NBA,2026-02-08 01:30:00+00:00,Los Angeles Lakers,Golden State Warriors,0.545,0.455,0.545,0.455,0.8,0.7,1
401810602,NBA,2026-02-07 20:00:00+00:00,Brooklyn Nets,Washington Wizards,0.715,0.285,0.715,0.285,0.7,0.7,1
401810603,NBA,2026-02-07 20:30:00+00:00,Oklahoma City Thunder,Houston Rockets,0.595,0.405,0.595,0.405,0.8,0.7,2
401810605,NBA,2026-02-08 00:00:00+00:00,Orlando Magic,Utah Jazz,0.725,0.275,0.725,0.275,0.8,0.7,1
401810596,NBA,2026-02-07 00:30:00+00:00,Boston Celtics,Miami Heat,0.675,0.325,0.675,0.325,0.7,0.7,1
401810600,NBA,2026-02-07 03:00:00+00:00,Portland Trail Blazers,Memphis Grizzlies,0.715,0.285,0.715,0.285,0.8,0.8,1
401810597,NBA,2026-02-07 00:30:00+00:00,Detroit Pistons,New York Knicks,0.655,0.345,0.655,0.345,0.7,0.8,1
401810601,NBA,2026-02-07 03:00:00+00:00,Sacramento Kings,LA Clippers,0.405,0.595,0.405,0.595,0.8,0.7,2
401810598,NBA,2026-02-07 01:00:00+00:00,Milwaukee Bucks,Indiana Pacers,0.465,0.535,0.465,0.535,0.8,0.8,1
401810599,NBA,2026-02-07 01:00:00+00:00,Minnesota Timberwolves,New Orleans Pelicans,0.745,0.255,0.745,0.255,0.8,0.7,2
401810592,NBA,2026-02-06 01:00:00+00:00,Houston Rockets,Charlotte Hornets,0.615,0.385,0.615,0.385,0.8,0.7,2
401810590,NBA,2026-02-06 00:30:00+00:00,Atlanta Hawks,Utah Jazz,0.735,0.265,0.735,0.265,0.8,0.7,1
401810593,NBA,2026-02-06 01:30:00+00:00,Dallas Mavericks,San Antonio Spurs,0.275,0.725,0.275,0.725,0.8,0.7,2
401810594,NBA,2026-02-06 03:00:00+00:00,Phoenix Suns,Golden State Warriors,0.655,0.345,0.655,0.345,0.7,0.8,2
401810595,NBA,2026-02-06 03:00:00+00:00,Los Angeles Lakers,Philadelphia 76ers,0.565,0.435,0.565,0.435,0.8,0.8,1
401810589,NBA,2026-02-06 00:00:00+00:00,Orlando Magic,Brooklyn Nets,0.765,0.235,0.765,0.235,0.8,0.8,1
401810591,NBA,2026-02-06 00:30:00+00:00,Toronto Raptors,Chicago Bulls,0.715,0.285,0.715,0.285,0.7,0.8,1
401810588,NBA,2026-02-06 00:00:00+00:00,Detroit Pistons,Washington Wizards,0.895,0.105,0.895,0.105,0.8,0.8,2
401810587,NBA,2026-02-05 03:30:00+00:00,LA Clippers,Cleveland Cavaliers,0.425,0.575,0.425,0.575,0.8,0.7,2
401810582,NBA,2026-02-05 00:30:00+00:00,Toronto Raptors,Minnesota Timberwolves,0.445,0.555,0.445,0.555,0.8,0.8,2
401810581,NBA,2026-02-05 00:00:00+00:00,New York Knicks,Denver Nuggets,0.625,0.375,0.625,0.375,0.8,0.8,1
401810584,NBA,2026-02-05 01:00:00+00:00,Milwaukee Bucks,New Orleans Pelicans,0.375,0.625,0.375,0.625,0.7,0.7,1
401810586,NBA,2026-02-05 03:00:00+00:00,Sacramento Kings,Memphis Grizzlies,0.565,0.435,0.565,0.435,0.8,0.7,2
401810585,NBA,2026-02-05 02:30:00+00:00,San Antonio Spurs,Oklahoma City Thunder,0.775,0.225,0.775,0.225,0.8,0.7,1
401810583,NBA,2026-02-05 01:00:00+00:00,Houston Rockets,Boston Celtics,0.715,0.285,0.715,0.285,0.8,0.8,2
401810580,NBA,2026-02-04 04:00:00+00:00,Portland Trail Blazers,Phoenix Suns,0.425,0.575,0.425,0.575,0.8,0.8,2
401810578,NBA,2026-02-04 01:00:00+00:00,Oklahoma City Thunder,Orlando Magic,0.825,0.175,0.825,0.175,0.8,0.7,1
401810577,NBA,2026-02-04 01:00:00+00:00,Milwaukee Bucks,Chicago Bulls,0.475,0.525,0.475,0.525,0.7,0.8,1
401810576,NBA,2026-02-04 01:00:00+00:00,Dallas Mavericks,Boston Celtics,0.295,0.705,0.295,0.705,0.8,0.7,2
401810574,NBA,2026-02-04 00:30:00+00:00,Brooklyn Nets,Los Angeles Lakers,0.255,0.745,0.255,0.745,0.7,0.8,2
401810575,NBA,2026-02-04 00:30:00+00:00,Miami Heat,Atlanta Hawks,0.525,0.475,0.525,0.475,0.7,0.8,2
401810573,NBA,2026-02-04 00:00:00+00:00,Washington Wizards,New York Knicks,0.165,0.835,0.165,0.835,0.8,0.8,2
401810571,NBA,2026-02-04 00:00:00+00:00,Detroit Pistons,Denver Nuggets,0.635,0.365,0.635,0.365,0.7,0.7,1
401810579,NBA,2026-02-04 03:00:00+00:00,Golden State Warriors,Philadelphia 76ers,0.625,0.375,0.625,0.375,0.7,0.8,2
401810572,NBA,2026-02-04 00:00:00+00:00,Indiana Pacers,Utah Jazz,0.425,0.575,0.425,0.575,0.8,0.7,2
401810570,NBA,2026-02-03 03:00:00+00:00,LA Clippers,Philadelphia 76ers,0.485,0.515,0.485,0.515,0.8,0.7,2
401810568,NBA,2026-02-03 00:00:00+00:00,Indiana Pacers,Houston Rockets,0.295,0.705,0.295,0.705,0.8,0.8,2
401810567,NBA,2026-02-02 20:00:00+00:00,Charlotte Hornets,New Orleans Pelicans,0.695,0.305,0.695,0.305,0.7,0.8,1
401810569,NBA,2026-02-03 00:30:00+00:00,Memphis Grizzlies,Minnesota Timberwolves,0.285,0.715,0.285,0.715,0.7,0.6,1
401810565,NBA,2026-02-02 02:00:00+00:00,Portland Trail Blazers,Cleveland Cavaliers,0.375,0.625,0.375,0.625,0.8,0.7,2
401810566,NBA,2026-02-02 02:30:00+00:00,Denver Nuggets,Oklahoma City Thunder,0.315,0.685,0.315,0.685,0.8,0.8,2
401810564,NBA,2026-02-02 01:00:00+00:00,Phoenix Suns,LA Clippers,0.575,0.425,0.575,0.425,0.8,0.8,2
401810562,NBA,2026-02-01 23:00:00+00:00,Washington Wizards,Sacramento Kings,0.465,0.535,0.465,0.535,0.8,0.7,1
401810563,NBA,2026-02-02 00:00:00+00:00,New York Knicks,Los Angeles Lakers,0.665,0.335,0.665,0.335,0.7,0.8,1
401810559,NBA,2026-02-01 23:00:00+00:00,Detroit Pistons,Brooklyn Nets,0.855,0.145,0.855,0.145,0.8,0.8,1
401810561,NBA,2026-02-01 23:00:00+00:00,Toronto Raptors,Utah Jazz,0.775,0.225,0.775,0.225,0.7,0.7,1
401810560,NBA,2026-02-01 23:00:00+00:00,Miami Heat,Chicago Bulls,0.655,0.345,0.655,0.345,0.7,0.8,1
401810558,NBA,2026-02-02 02:00:00+00:00,San Antonio Spurs,Orlando Magic,0.645,0.355,0.645,0.355,0.8,0.8,1
401810557,NBA,2026-02-01 20:30:00+00:00,Boston Celtics,Milwaukee Bucks,0.835,0.165,0.835,0.165,0.8,0.8,1
401810547,NBA,2026-02-01 01:00:00+00:00,Miami Heat,Chicago Bulls,0.655,0.345,0.655,0.345,0.8,0.7,2
401810556,NBA,2026-02-01 01:30:00+00:00,Houston Rockets,Dallas Mavericks,0.785,0.215,0.785,0.215,0.8,0.8,1
401810554,NBA,2026-02-01 00:30:00+00:00,Philadelphia 76ers,New Orleans Pelicans,0.675,0.325,0.675,0.325,0.7,0.8,1
401810553,NBA,2026-02-01 00:00:00+00:00,Indiana Pacers,Atlanta Hawks,0.485,0.515,0.485,0.515,0.1,0.3,1
401810552,NBA,2026-01-31 17:00:00+00:00,Charlotte Hornets,San Antonio Spurs,0.395,0.605,0.395,0.605,0.7,0.8,1
401810555,NBA,2026-02-01 01:00:00+00:00,Memphis Grizzlies,Minnesota Timberwolves,0.195,0.805,0.195,0.805,0.8,0.8,2
401857824,NBA,2026-01-25 22:30:00+00:00,Minnesota Timberwolves,Golden State Warriors,0.645,0.355,0.645,0.355,0.8,0.8,2
401810549,NBA,2026-01-31 02:30:00+00:00,Utah Jazz,Brooklyn Nets,0.585,0.415,0.585,0.415,0.7,0.7,2
401810550,NBA,2026-01-31 02:00:00+00:00,Denver Nuggets,LA Clippers,0.435,0.565,0.435,0.565,0.7,0.8,1
401810551,NBA,2026-01-31 03:00:00+00:00,Golden State Warriors,Detroit Pistons,0.555,0.445,0.555,0.445,0.8,0.7,2
401810548,NBA,2026-01-31 02:00:00+00:00,Phoenix Suns,Cleveland Cavaliers,0.455,0.545,0.455,0.545,0.7,0.8,1
401810546,NBA,2026-01-31 00:30:00+00:00,New Orleans Pelicans,Memphis Grizzlies,0.585,0.415,0.585,0.415,0.5,0.5,1
401850920,NBA,2026-01-30 01:00:00+00:00,Chicago Bulls,Miami Heat,0.43,0.57,0.43,0.57,0.7,0.8,1
401810545,NBA,2026-01-31 00:30:00+00:00,New York Knicks,Portland Trail Blazers,0.695,0.305,0.695,0.305,0.5,0.5,1
401810544,NBA,2026-01-31 00:30:00+00:00,Boston Celtics,Sacramento Kings,0.82,0.18,0.82,0.18,0.5,0.5,1
401810542,NBA,2026-01-31 00:30:00+00:00,Orlando Magic,Toronto Raptors,0.565,0.435,0.565,0.435,0.5,0.5,1
401810543,NBA,2026-01-31 00:00:00+00:00,Washington Wizards,Los Angeles Lakers,0.185,0.815,0.185,0.815,0.7,0.8,2
401810540,NBA,2026-01-30 02:00:00+00:00,Phoenix Suns,Detroit Pistons,0.415,0.585,0.415,0.585,0.7,0.7,1
401810539,NBA,2026-01-30 02:00:00+00:00,Denver Nuggets,Brooklyn Nets,0.695,0.305,0.695,0.305,0.8,0.8,1
401810541,NBA,2026-01-30 02:30:00+00:00,Minnesota Timberwolves,Oklahoma City Thunder,0.355,0.645,0.355,0.645,0.8,0.8,1
401810535,NBA,2026-01-30 00:00:00+00:00,Philadelphia 76ers,Sacramento Kings,0.775,0.225,0.775,0.225,0.7,0.7,1
401810537,NBA,2026-01-30 01:00:00+00:00,Atlanta Hawks,Houston Rockets,0.295,0.705,0.295,0.705,0.7,0.8,2
401810538,NBA,2026-01-30 01:30:00+00:00,Dallas Mavericks,Charlotte Hornets,0.415,0.585,0.415,0.585,0.7,0.8,2
401810536,NBA,2026-01-30 00:00:00+00:00,Washington Wizards,Milwaukee Bucks,0.465,0.535,0.465,0.535,0.7,0.7,1
401810534,NBA,2026-01-29 02:42:00+00:00,Houston Rockets,San Antonio Spurs,0.555,0.445,0.555,0.445,0.8,0.7,2
401810531,NBA,2026-01-29 01:00:00+00:00,Memphis Grizzlies,Charlotte Hornets,0.445,0.555,0.445,0.555,0.8,0.8,2
401810533,NBA,2026-01-29 02:00:00+00:00,Utah Jazz,Golden State Warriors,0.265,0.735,0.265,0.735,0.6,0.6,2
401810532,NBA,2026-01-29 01:30:00+00:00,Dallas Mavericks,Minnesota Timberwolves,0.265,0.735,0.265,0.735,0.8,0.8,2
401810530,NBA,2026-01-29 00:30:00+00:00,Toronto Raptors,New York Knicks,0.545,0.455,0.545,0.455,0.8,0.8,2
401810529,NBA,2026-01-29 00:30:00+00:00,Miami Heat,Orlando Magic,0.585,0.415,0.585,0.415,0.8,0.8,2
401810528,NBA,2026-01-29 00:30:00+00:00,Boston Celtics,Atlanta Hawks,0.655,0.345,0.655,0.345,0.8,0.8,2
401810527,NBA,2026-01-29 00:00:00+00:00,Indiana Pacers,Chicago Bulls,0.455,0.545,0.455,0.545,0.7,0.7,1
401810526,NBA,2026-01-29 00:00:00+00:00,Cleveland Cavaliers,Los Angeles Lakers,0.595,0.405,0.595,0.405,0.7,0.8,1
401810524,NBA,2026-01-28 02:00:00+00:00,Phoenix Suns,Brooklyn Nets,0.735,0.265,0.735,0.265,0.8,0.8,1
401810519,NBA,2026-01-28 00:00:00+00:00,Washington Wizards,Portland Trail Blazers,0.305,0.695,0.305,0.695,0.8,0.8,1
401810525,NBA,2026-01-28 03:00:00+00:00,Utah Jazz,LA Clippers,0.245,0.755,0.245,0.755,0.8,0.7,2
401810523,NBA,2026-01-28 02:00:00+00:00,Denver Nuggets,Detroit Pistons,0.285,0.715,0.285,0.715,0.7,0.8,2
401810521,NBA,2026-01-28 01:00:00+00:00,Philadelphia 76ers,Milwaukee Bucks,0.765,0.235,0.765,0.235,0.8,0.8,1
401810520,NBA,2026-01-28 00:30:00+00:00,New York Knicks,Sacramento Kings,0.855,0.145,0.855,0.145,0.8,0.8,1
401810522,NBA,2026-01-28 01:00:00+00:00,Oklahoma City Thunder,New Orleans Pelicans,0.855,0.145,0.855,0.145,0.8,0.8,1
401810518,NBA,2026-01-27 02:30:00+00:00,Minnesota Timberwolves,Golden State Warriors,0.725,0.275,0.725,0.275,0.7,0.7,1
401810516,NBA,2026-01-27 01:00:00+00:00,Chicago Bulls,Los Angeles Lakers,0.475,0.525,0.475,0.525,0.8,0.8,2
401810517,NBA,2026-01-27 01:00:00+00:00,Houston Rockets,Memphis Grizzlies,0.805,0.195,0.805,0.195,0.8,0.8,1
401810515,NBA,2026-01-27 01:00:00+00:00,Boston Celtics,Portland Trail Blazers,0.745,0.255,0.745,0.255,0.8,0.8,1
401810514,NBA,2026-01-26 18:30:00+00:00,Atlanta Hawks,Indiana Pacers,0.645,0.355,0.645,0.355,0.8,0.8,1
401810512,NBA,2026-01-26 20:00:00+00:00,Charlotte Hornets,Philadelphia 76ers,0.545,0.455,0.545,0.455,0.8,0.8,1
401810513,NBA,2026-01-27 00:00:00+00:00,Cleveland Cavaliers,Orlando Magic,0.655,0.345,0.655,0.345,0.7,0.8,1
401810509,NBA,2026-01-26 00:00:00+00:00,San Antonio Spurs,New Orleans Pelicans,0.815,0.185,0.815,0.185,0.8,0.8,2
401858693,NBA,2026-03-19 00:30:00+00:00,Memphis Grizzlies,Denver Nuggets,0.135,0.865,0.135,0.865,0.5,0.6,1
401858694,NBA,2026-04-01 00:00:00+00:00,Milwaukee Bucks,Dallas Mavericks,0.435,0.565,0.435,0.565,0.3,0.2,1
401810508,NBA,2026-01-26 00:00:00+00:00,Oklahoma City Thunder,Toronto Raptors,0.805,0.195,0.805,0.195,0.8,0.8,2
401810505,NBA,2026-01-25 20:00:00+00:00,Detroit Pistons,Sacramento Kings,0.835,0.165,0.835,0.165,0.8,0.8,1
401810510,NBA,2026-01-26 01:00:00+00:00,Phoenix Suns,Miami Heat,0.605,0.395,0.605,0.395,0.8,0.8,2
401810511,NBA,2026-01-26 02:00:00+00:00,LA Clippers,Brooklyn Nets,0.795,0.205,0.795,0.205,0.8,0.8,1
401810503,NBA,2026-01-25 01:30:00+00:00,Dallas Mavericks,Los Angeles Lakers,0.395,0.605,0.395,0.605,0.8,0.8,2
401810500,NBA,2026-01-24 17:00:00+00:00,Charlotte Hornets,Washington Wizards,0.815,0.185,0.815,0.185,0.6,0.5,1
401810499,NBA,2026-01-24 22:30:00+00:00,Minnesota Timberwolves,Golden State Warriors,0.635,0.365,0.635,0.365,0.8,0.8,2
401810498,NBA,2026-01-24 20:00:00+00:00,Philadelphia 76ers,New York Knicks,0.495,0.505,0.495,0.505,0.8,0.8,2
401810504,NBA,2026-01-25 02:30:00+00:00,Utah Jazz,Miami Heat,0.305,0.695,0.305,0.695,0.8,0.8,2
401810502,NBA,2026-01-25 01:00:00+00:00,Chicago Bulls,Boston Celtics,0.415,0.585,0.415,0.585,0.8,0.8,1
401810501,NBA,2026-01-25 00:00:00+00:00,Orlando Magic,Cleveland Cavaliers,0.525,0.475,0.525,0.475,0.8,0.8,2
401810496,NBA,2026-01-24 01:00:00+00:00,Oklahoma City Thunder,Indiana Pacers,0.875,0.125,0.875,0.125,0.8,0.8,2
401810495,NBA,2026-01-24 02:30:00+00:00,Milwaukee Bucks,Denver Nuggets,0.725,0.275,0.725,0.275,0.8,0.8,2
401810494,NBA,2026-01-24 01:00:00+00:00,Memphis Grizzlies,New Orleans Pelicans,0.635,0.365,0.635,0.365,0.8,0.7,2
401810493,NBA,2026-01-24 00:30:00+00:00,Cleveland Cavaliers,Sacramento Kings,0.835,0.165,0.835,0.165,0.7,0.7,1
401810492,NBA,2026-01-24 00:30:00+00:00,Brooklyn Nets,Boston Celtics,0.245,0.755,0.245,0.755,0.7,0.8,2
401810497,NBA,2026-01-24 03:00:00+00:00,Portland Trail Blazers,Toronto Raptors,0.395,0.605,0.395,0.605,0.8,0.8,2
401810491,NBA,2026-01-24 00:30:00+00:00,Atlanta Hawks,Phoenix Suns,0.425,0.575,0.425,0.575,0.7,0.6,1
401810490,NBA,2026-01-24 00:00:00+00:00,Detroit Pistons,Houston Rockets,0.615,0.385,0.615,0.385,0.8,0.8,2
401810485,NBA,2026-01-23 00:30:00+00:00,Dallas Mavericks,Golden State Warriors,0.315,0.685,0.315,0.685,0.7,0.8,1
401810489,NBA,2026-01-23 03:00:00+00:00,Portland Trail Blazers,Miami Heat,0.585,0.415,0.585,0.415,0.8,0.8,1
401810488,NBA,2026-01-23 03:00:00+00:00,LA Clippers,Los Angeles Lakers,0.565,0.435,0.565,0.435,0.8,0.8,1
401810486,NBA,2026-01-23 01:00:00+00:00,Minnesota Timberwolves,Chicago Bulls,0.765,0.235,0.765,0.235,0.8,0.8,2
401810484,NBA,2026-01-23 00:00:00+00:00,Washington Wizards,Denver Nuggets,0.305,0.695,0.305,0.695,0.8,0.8,2
401810487,NBA,2026-01-23 02:00:00+00:00,Utah Jazz,San Antonio Spurs,0.165,0.835,0.165,0.835,0.8,0.8,2
401810482,NBA,2026-01-23 00:00:00+00:00,Orlando Magic,Charlotte Hornets,0.595,0.405,0.595,0.405,0.8,0.8,2
401810483,NBA,2026-01-23 00:00:00+00:00,Philadelphia 76ers,Houston Rockets,0.455,0.545,0.455,0.545,0.7,0.8,1
401810475,NBA,2026-01-22 00:00:00+00:00,Charlotte Hornets,Cleveland Cavaliers,0.405,0.595,0.405,0.595,0.8,0.8,2
401810477,NBA,2026-01-22 00:30:00+00:00,New York Knicks,Brooklyn Nets,0.845,0.155,0.845,0.155,0.8,0.8,1
401810476,NBA,2026-01-22 00:30:00+00:00,Boston Celtics,Indiana Pacers,0.795,0.205,0.795,0.205,0.8,0.8,1
401810478,NBA,2026-01-22 01:00:00+00:00,Memphis Grizzlies,Atlanta Hawks,0.525,0.475,0.525,0.475,0.8,0.8,2
401810480,NBA,2026-01-22 02:30:00+00:00,Milwaukee Bucks,Oklahoma City Thunder,0.175,0.825,0.175,0.825,0.8,0.8,2
401810481,NBA,2026-01-22 03:00:00+00:00,Sacramento Kings,Toronto Raptors,0.355,0.645,0.355,0.645,0.8,0.8,2
401810479,NBA,2026-01-22 01:00:00+00:00,New Orleans Pelicans,Detroit Pistons,0.275,0.725,0.275,0.725,0.8,0.8,2
401810472,NBA,2026-01-21 03:00:00+00:00,Denver Nuggets,Los Angeles Lakers,0.415,0.585,0.415,0.585,0.8,0.8,2
401810474,NBA,2026-01-21 03:00:00+00:00,Sacramento Kings,Miami Heat,0.375,0.625,0.375,0.625,0.8,0.8,2
401810473,NBA,2026-01-21 03:00:00+00:00,Golden State Warriors,Toronto Raptors,0.605,0.395,0.605,0.395,0.8,0.8,2
401810471,NBA,2026-01-21 02:00:00+00:00,Utah Jazz,Minnesota Timberwolves,0.145,0.855,0.145,0.855,0.8,0.8,1
401810470,NBA,2026-01-21 01:00:00+00:00,Houston Rockets,San Antonio Spurs,0.615,0.385,0.615,0.385,0.8,0.8,1
401810469,NBA,2026-01-21 01:00:00+00:00,Chicago Bulls,LA Clippers,0.575,0.425,0.575,0.425,0.8,0.8,1
401810468,NBA,2026-01-21 00:00:00+00:00,Philadelphia 76ers,Phoenix Suns,0.435,0.565,0.435,0.565,0.8,0.8,2
401810467,NBA,2026-01-20 03:00:00+00:00,Golden State Warriors,Miami Heat,0.635,0.365,0.635,0.365,0.8,0.8,1
401810464,NBA,2026-01-20 00:00:00+00:00,Philadelphia 76ers,Indiana Pacers,0.685,0.315,0.685,0.315,0.8,0.8,1
401809250,NBA,2026-01-20 01:00:00+00:00,Detroit Pistons,Boston Celtics,0.565,0.435,0.565,0.435,0.8,0.8,1
401810463,NBA,2026-01-19 20:00:00+00:00,Washington Wizards,LA Clippers,0.295,0.705,0.295,0.705,0.8,0.8,2
401809248,NBA,2026-01-19 19:30:00+00:00,Cleveland Cavaliers,Oklahoma City Thunder,0.335,0.665,0.335,0.665,0.8,0.8,2
401809249,NBA,2026-01-19 22:00:00+00:00,New York Knicks,Dallas Mavericks,0.825,0.175,0.825,0.175,0.5,0.6,2
401809247,NBA,2026-01-19 18:00:00+00:00,Atlanta Hawks,Milwaukee Bucks,0.525,0.475,0.525,0.475,0.4,0.6,2
401810466,NBA,2026-01-19 22:00:00+00:00,San Antonio Spurs,Utah Jazz,0.885,0.115,0.885,0.115,0.8,0.7,1
401810465,NBA,2026-01-20 00:30:00+00:00,Brooklyn Nets,Phoenix Suns,0.215,0.785,0.215,0.785,0.8,0.8,2
401810461,NBA,2026-01-19 02:00:00+00:00,Sacramento Kings,Portland Trail Blazers,0.485,0.515,0.485,0.515,0.8,0.8,2
401810459,NBA,2026-01-19 00:00:00+00:00,Houston Rockets,New Orleans Pelicans,0.865,0.135,0.865,0.135,0.8,0.8,1
401810460,NBA,2026-01-19 01:00:00+00:00,Denver Nuggets,Charlotte Hornets,0.445,0.555,0.445,0.555,0.8,0.8,2
401810457,NBA,2026-01-18 17:00:00+00:00,Memphis Grizzlies,Orlando Magic,0.425,0.575,0.425,0.575,0.8,0.8,1
401810462,NBA,2026-01-19 02:30:00+00:00,Los Angeles Lakers,Toronto Raptors,0.545,0.455,0.545,0.455,0.8,0.8,1
401810458,NBA,2026-01-19 00:00:00+00:00,Chicago Bulls,Brooklyn Nets,0.695,0.305,0.695,0.305,0.8,0.8,1
401810453,NBA,2026-01-18 01:00:00+00:00,San Antonio Spurs,Minnesota Timberwolves,0.635,0.365,0.635,0.365,0.8,0.8,1
401810451,NBA,2026-01-18 00:30:00+00:00,New York Knicks,Phoenix Suns,0.525,0.475,0.525,0.475,0.8,0.8,2
401810449,NBA,2026-01-18 00:30:00+00:00,Atlanta Hawks,Boston Celtics,0.405,0.595,0.405,0.595,0.8,0.8,2
401810450,NBA,2026-01-18 00:30:00+00:00,Detroit Pistons,Indiana Pacers,0.885,0.115,0.885,0.115,0.8,0.8,1
401810448,NBA,2026-01-17 22:00:00+00:00,Dallas Mavericks,Utah Jazz,0.585,0.415,0.585,0.415,0.8,0.8,1
401810455,NBA,2026-01-18 02:00:00+00:00,Denver Nuggets,Washington Wizards,0.795,0.205,0.795,0.205,0.8,0.8,1
401810456,NBA,2026-01-18 03:00:00+00:00,Portland Trail Blazers,Los Angeles Lakers,0.585,0.415,0.585,0.415,0.8,0.6,1
401810454,NBA,2026-01-18 01:30:00+00:00,Golden State Warriors,Charlotte Hornets,0.715,0.285,0.715,0.285,0.8,0.8,1
401810452,NBA,2026-01-18 01:00:00+00:00,Miami Heat,Oklahoma City Thunder,0.195,0.805,0.195,0.805,0.8,0.7,1
401810447,NBA,2026-01-17 03:00:00+00:00,Sacramento Kings,Washington Wizards,0.695,0.305,0.695,0.305,0.8,0.8,1
401810445,NBA,2026-01-17 00:30:00+00:00,Toronto Raptors,LA Clippers,0.565,0.435,0.565,0.435,0.8,0.8,2
401810446,NBA,2026-01-17 02:30:00+00:00,Houston Rockets,Minnesota Timberwolves,0.595,0.405,0.595,0.405,0.8,0.8,1
401810444,NBA,2026-01-17 00:00:00+00:00,Philadelphia 76ers,Cleveland Cavaliers,0.565,0.435,0.565,0.435,0.7,0.8,2
401810443,NBA,2026-01-17 00:00:00+00:00,Indiana Pacers,New Orleans Pelicans,0.63,0.37,0.63,0.37,0.7,0.8,1
401810442,NBA,2026-01-17 00:30:00+00:00,Brooklyn Nets,Chicago Bulls,0.505,0.495,0.505,0.495,0.8,0.7,1
401810440,NBA,2026-01-16 03:00:00+00:00,Portland Trail Blazers,Atlanta Hawks,0.395,0.605,0.395,0.605,0.7,0.8,1
401810441,NBA,2026-01-16 03:30:00+00:00,Los Angeles Lakers,Charlotte Hornets,0.595,0.405,0.595,0.405,0.7,0.8,2
401810439,NBA,2026-01-16 03:00:00+00:00,Golden State Warriors,New York Knicks,0.695,0.305,0.695,0.305,0.8,0.8,1
401810438,NBA,2026-01-16 01:30:00+00:00,Dallas Mavericks,Utah Jazz,0.555,0.445,0.555,0.445,0.7,0.7,1
401810437,NBA,2026-01-16 01:00:00+00:00,San Antonio Spurs,Milwaukee Bucks,0.685,0.315,0.685,0.315,0.7,0.7,1
401810435,NBA,2026-01-16 00:30:00+00:00,Miami Heat,Boston Celtics,0.415,0.585,0.415,0.585,0.8,0.8,2
401810433,NBA,2026-01-15 19:00:00+00:00,Orlando Magic,Memphis Grizzlies,0.665,0.335,0.665,0.335,0.8,0.8,1
401810436,NBA,2026-01-16 00:30:00+00:00,Houston Rockets,Oklahoma City Thunder,0.385,0.615,0.385,0.615,0.7,0.8,2
401810434,NBA,2026-01-16 00:00:00+00:00,Detroit Pistons,Phoenix Suns,0.705,0.295,0.705,0.295,0.8,0.8,1
401810432,NBA,2026-01-15 03:30:00+00:00,LA Clippers,Washington Wizards,0.815,0.185,0.815,0.185,0.8,0.8,1
401810431,NBA,2026-01-15 03:00:00+00:00,Sacramento Kings,New York Knicks,0.205,0.795,0.205,0.795,0.8,0.8,1
401810429,NBA,2026-01-15 01:00:00+00:00,New Orleans Pelicans,Brooklyn Nets,0.495,0.505,0.495,0.505,0.8,0.8,1
401810427,NBA,2026-01-15 00:00:00+00:00,Philadelphia 76ers,Cleveland Cavaliers,0.505,0.495,0.505,0.495,0.8,0.8,2
401810428,NBA,2026-01-15 01:00:00+00:00,Chicago Bulls,Utah Jazz,0.665,0.335,0.665,0.335,0.8,0.8,1
401810426,NBA,2026-01-15 00:00:00+00:00,Indiana Pacers,Toronto Raptors,0.525,0.475,0.525,0.475,0.8,0.8,2
401810430,NBA,2026-01-15 02:30:00+00:00,Dallas Mavericks,Denver Nuggets,0.515,0.485,0.515,0.485,0.8,0.8,2
401810424,NBA,2026-01-14 03:30:00+00:00,Los Angeles Lakers,Atlanta Hawks,0.525,0.475,0.525,0.475,0.8,0.8,1
401810420,NBA,2026-01-14 01:00:00+00:00,Houston Rockets,Chicago Bulls,0.815,0.185,0.815,0.185,0.8,0.8,1
401810425,NBA,2026-01-14 04:00:00+00:00,Golden State Warriors,Portland Trail Blazers,0.805,0.195,0.805,0.195,0.8,0.8,1
401810423,NBA,2026-01-14 01:00:00+00:00,Oklahoma City Thunder,San Antonio Spurs,0.725,0.275,0.725,0.275,0.8,0.8,1
401810422,NBA,2026-01-14 01:00:00+00:00,New Orleans Pelicans,Denver Nuggets,0.445,0.555,0.445,0.555,0.8,0.8,2
401810421,NBA,2026-01-14 01:00:00+00:00,Milwaukee Bucks,Minnesota Timberwolves,0.525,0.475,0.525,0.475,0.8,0.8,2
401810419,NBA,2026-01-14 00:30:00+00:00,Miami Heat,Phoenix Suns,0.515,0.485,0.515,0.485,0.8,0.8,1
401810418,NBA,2026-01-13 03:30:00+00:00,LA Clippers,Charlotte Hornets,0.625,0.375,0.625,0.375,0.8,0.8,1
401810416,NBA,2026-01-13 01:30:00+00:00,Dallas Mavericks,Brooklyn Nets,0.575,0.425,0.575,0.425,0.8,0.8,1
401810417,NBA,2026-01-13 03:00:00+00:00,Sacramento Kings,Los Angeles Lakers,0.245,0.755,0.245,0.755,0.6,0.6,1
401810415,NBA,2026-01-13 00:30:00+00:00,Toronto Raptors,Philadelphia 76ers,0.425,0.575,0.425,0.575,0.6,0.6,2
401810414,NBA,2026-01-13 00:30:00+00:00,Indiana Pacers,Boston Celtics,0.335,0.665,0.335,0.665,0.6,0.6,1
401810413,NBA,2026-01-13 00:00:00+00:00,Cleveland Cavaliers,Utah Jazz,0.825,0.175,0.825,0.175,0.8,0.8,2
401810411,NBA,2026-01-12 01:30:00+00:00,Golden State Warriors,Atlanta Hawks,0.705,0.295,0.705,0.295,0.9,0.8,2
401810412,NBA,2026-01-12 02:00:00+00:00,Sacramento Kings,Houston Rockets,0.145,0.855,0.145,0.855,0.8,0.8,1
401810410,NBA,2026-01-12 01:00:00+00:00,Phoenix Suns,Washington Wizards,0.875,0.125,0.875,0.125,0.8,0.8,1
401810408,NBA,2026-01-12 00:00:00+00:00,Oklahoma City Thunder,Miami Heat,0.855,0.145,0.855,0.145,0.8,0.8,1
401810407,NBA,2026-01-12 00:00:00+00:00,Minnesota Timberwolves,San Antonio Spurs,0.565,0.435,0.565,0.435,0.8,0.8,1
401810406,NBA,2026-01-11 23:00:00+00:00,Portland Trail Blazers,New York Knicks,0.335,0.665,0.335,0.665,0.8,0.8,2
401810409,NBA,2026-01-12 01:00:00+00:00,Denver Nuggets,Milwaukee Bucks,0.345,0.655,0.345,0.655,0.8,0.8,1
401810405,NBA,2026-01-11 23:00:00+00:00,Toronto Raptors,Philadelphia 76ers,0.465,0.535,0.465,0.535,0.8,0.8,1
401810403,NBA,2026-01-11 20:00:00+00:00,Orlando Magic,New Orleans Pelicans,0.705,0.295,0.705,0.295,0.8,0.8,1
401810404,NBA,2026-01-11 20:30:00+00:00,Memphis Grizzlies,Brooklyn Nets,0.695,0.305,0.695,0.305,0.8,0.8,1
401810402,NBA,2026-01-11 02:30:00+00:00,Utah Jazz,Charlotte Hornets,0.335,0.665,0.335,0.665,0.8,0.8,2
401810401,NBA,2026-01-11 01:00:00+00:00,Chicago Bulls,Dallas Mavericks,0.615,0.385,0.615,0.385,0.8,0.8,1
401810397,NBA,2026-01-10 18:00:00+00:00,Cleveland Cavaliers,Minnesota Timberwolves,0.565,0.435,0.565,0.435,0.9,0.8,1
401810400,NBA,2026-01-11 01:00:00+00:00,Boston Celtics,San Antonio Spurs,0.485,0.515,0.485,0.515,0.8,0.8,2
401810399,NBA,2026-01-11 00:30:00+00:00,Detroit Pistons,LA Clippers,0.505,0.495,0.505,0.495,0.8,0.8,2
401810398,NBA,2026-01-11 00:00:00+00:00,Indiana Pacers,Miami Heat,0.315,0.685,0.315,0.685,0.8,0.8,1
401810387,NBA,2026-01-10 00:00:00+00:00,Boston Celtics,Toronto Raptors,0.765,0.235,0.765,0.235,0.8,0.8,1
401810388,NBA,2026-01-10 00:00:00+00:00,Orlando Magic,Philadelphia 76ers,0.41,0.59,0.41,0.59,0.8,0.8,2
401810389,NBA,2026-01-10 00:00:00+00:00,Washington Wizards,New Orleans Pelicans,0.435,0.565,0.435,0.565,0.8,0.8,2
401810390,NBA,2026-01-10 00:30:00+00:00,Brooklyn Nets,LA Clippers,0.325,0.675,0.325,0.675,0.8,0.8,2
401810392,NBA,2026-01-10 02:00:00+00:00,Denver Nuggets,Atlanta Hawks,0.435,0.565,0.435,0.565,0.8,0.8,2
401810391,NBA,2026-01-10 01:00:00+00:00,Memphis Grizzlies,Oklahoma City Thunder,0.345,0.655,0.345,0.655,0.8,0.8,2
401810393,NBA,2026-01-10 02:00:00+00:00,Phoenix Suns,New York Knicks,0.485,0.515,0.485,0.515,0.8,0.8,1
401810395,NBA,2026-01-10 03:00:00+00:00,Portland Trail Blazers,Houston Rockets,0.305,0.695,0.305,0.695,0.8,0.8,1
401810396,NBA,2026-01-10 03:30:00+00:00,Los Angeles Lakers,Milwaukee Bucks,0.585,0.415,0.585,0.415,0.8,0.8,2
401810394,NBA,2026-01-10 03:00:00+00:00,Golden State Warriors,Sacramento Kings,0.865,0.135,0.865,0.135,0.8,0.8,1
401810386,NBA,2026-01-09 02:00:00+00:00,Utah Jazz,Dallas Mavericks,0.365,0.635,0.365,0.635,0.8,0.8,1
401810385,NBA,2026-01-09 01:00:00+00:00,Minnesota Timberwolves,Cleveland Cavaliers,0.575,0.425,0.575,0.425,0.8,0.8,1
401810383,NBA,2026-01-09 00:00:00+00:00,Charlotte Hornets,Indiana Pacers,0.625,0.375,0.625,0.375,0.4,0.4,2
401810381,NBA,2026-01-08 03:00:00+00:00,Golden State Warriors,Milwaukee Bucks,0.685,0.315,0.685,0.315,0.5,0.5,1
401810380,NBA,2026-01-08 01:00:00+00:00,Oklahoma City Thunder,Utah Jazz,0.895,0.105,0.895,0.105,0.8,0.8,1
401810377,NBA,2026-01-08 00:30:00+00:00,New York Knicks,LA Clippers,0.645,0.355,0.645,0.355,0.8,0.8,1
401810375,NBA,2026-01-08 00:00:00+00:00,Boston Celtics,Denver Nuggets,0.765,0.235,0.765,0.235,0.7,0.6,2
401810378,NBA,2026-01-08 02:30:00+00:00,San Antonio Spurs,Los Angeles Lakers,0.73,0.27,0.73,0.27,0.8,0.8,1
401810376,NBA,2026-01-08 00:30:00+00:00,Brooklyn Nets,Orlando Magic,0.465,0.535,0.465,0.535,0.8,0.8,2
401810372,NBA,2026-01-08 00:00:00+00:00,Detroit Pistons,Chicago Bulls,0.735,0.265,0.735,0.265,0.6,0.6,1
401810371,NBA,2026-01-08 00:00:00+00:00,Charlotte Hornets,Toronto Raptors,0.425,0.575,0.425,0.575,0.6,0.6,2
401810382,NBA,2026-01-08 03:00:00+00:00,Portland Trail Blazers,Houston Rockets,0.295,0.705,0.295,0.705,0.5,0.5,1
401810379,NBA,2026-01-08 01:00:00+00:00,Memphis Grizzlies,Phoenix Suns,0.345,0.655,0.345,0.655,0.8,0.9,2
401810374,NBA,2026-01-08 00:30:00+00:00,Atlanta Hawks,New Orleans Pelicans,0.785,0.215,0.785,0.215,0.8,0.8,1
401810373,NBA,2026-01-08 00:00:00+00:00,Philadelphia 76ers,Washington Wizards,0.865,0.135,0.865,0.135,0.6,0.6,1
401810370,NBA,2026-01-07 04:00:00+00:00,Sacramento Kings,Dallas Mavericks,0.365,0.635,0.365,0.635,0.8,0.8,2
401810369,NBA,2026-01-07 01:00:00+00:00,New Orleans Pelicans,Los Angeles Lakers,0.335,0.665,0.335,0.665,0.8,0.9,2
401810368,NBA,2026-01-07 01:00:00+00:00,Minnesota Timberwolves,Miami Heat,0.645,0.355,0.645,0.355,0.8,0.9,1
401810366,NBA,2026-01-07 00:00:00+00:00,Washington Wizards,Orlando Magic,0.285,0.715,0.285,0.715,0.8,0.9,1
401810367,NBA,2026-01-07 01:00:00+00:00,Memphis Grizzlies,San Antonio Spurs,0.32,0.68,0.32,0.68,0.9,0.8,1
401810365,NBA,2026-01-07 00:00:00+00:00,Indiana Pacers,Cleveland Cavaliers,0.325,0.675,0.325,0.675,0.8,0.8,2
401810362,NBA,2026-01-06 01:30:00+00:00,Philadelphia 76ers,Denver Nuggets,0.875,0.125,0.875,0.125,0.8,0.8,2
401810358,NBA,2026-01-06 00:30:00+00:00,Boston Celtics,Chicago Bulls,0.805,0.195,0.805,0.195,0.7,0.6,1
401810357,NBA,2026-01-06 00:00:00+00:00,Detroit Pistons,New York Knicks,0.455,0.545,0.455,0.545,0.8,0.8,1
401810364,NBA,2026-01-06 03:00:00+00:00,Portland Trail Blazers,Utah Jazz,0.665,0.335,0.665,0.335,0.9,0.9,1
401810363,NBA,2026-01-06 03:00:00+00:00,LA Clippers,Golden State Warriors,0.395,0.605,0.395,0.605,0.8,0.8,1
401810360,NBA,2026-01-06 01:00:00+00:00,Houston Rockets,Phoenix Suns,0.725,0.275,0.725,0.275,0.8,0.9,1
401810359,NBA,2026-01-06 00:30:00+00:00,Toronto Raptors,Atlanta Hawks,0.565,0.435,0.565,0.435,0.7,0.7,1
401810361,NBA,2026-01-06 01:00:00+00:00,Oklahoma City Thunder,Charlotte Hornets,0.885,0.115,0.885,0.115,0.8,0.8,2
401810354,NBA,2026-01-05 01:00:00+00:00,Phoenix Suns,Oklahoma City Thunder,0.215,0.785,0.215,0.785,0.8,0.8,1
401810351,NBA,2026-01-04 20:30:00+00:00,Brooklyn Nets,Denver Nuggets,0.43,0.57,0.43,0.57,0.6,0.5,1
401810356,NBA,2026-01-05 02:30:00+00:00,Los Angeles Lakers,Memphis Grizzlies,0.655,0.345,0.655,0.345,0.8,0.9,1
401810353,NBA,2026-01-04 23:00:00+00:00,Washington Wizards,Minnesota Timberwolves,0.225,0.775,0.225,0.775,0.8,0.9,2
401810349,NBA,2026-01-04 19:00:00+00:00,Cleveland Cavaliers,Detroit Pistons,0.585,0.415,0.585,0.415,0.9,0.9,2
401810352,NBA,2026-01-04 23:00:00+00:00,Miami Heat,New Orleans Pelicans,0.735,0.265,0.735,0.265,0.8,0.8,1
401810350,NBA,2026-01-04 20:00:00+00:00,Orlando Magic,Indiana Pacers,0.69,0.31,0.69,0.31,0.9,0.8,1
401810355,NBA,2026-01-05 02:00:00+00:00,Sacramento Kings,Milwaukee Bucks,0.315,0.685,0.315,0.685,0.8,0.8,2
401810348,NBA,2026-01-04 03:30:00+00:00,LA Clippers,Boston Celtics,0.535,0.465,0.535,0.465,0.8,0.8,2
401810346,NBA,2026-01-04 01:30:00+00:00,Dallas Mavericks,Houston Rockets,0.265,0.735,0.265,0.735,0.8,0.8,1
401810347,NBA,2026-01-04 03:00:00+00:00,Golden State Warriors,Utah Jazz,0.825,0.175,0.825,0.175,0.9,0.8,1
401810345,NBA,2026-01-04 01:00:00+00:00,San Antonio Spurs,Portland Trail Blazers,0.745,0.255,0.745,0.255,0.8,0.8,2
401810343,NBA,2026-01-04 00:30:00+00:00,Toronto Raptors,Atlanta Hawks,0.635,0.365,0.635,0.365,0.8,0.9,1
401810344,NBA,2026-01-04 01:00:00+00:00,Chicago Bulls,Charlotte Hornets,0.545,0.455,0.545,0.455,0.9,0.8,2
401810341,NBA,2026-01-03 22:00:00+00:00,Miami Heat,Minnesota Timberwolves,0.445,0.555,0.445,0.555,0.8,0.8,2
401810342,NBA,2026-01-04 00:30:00+00:00,New York Knicks,Philadelphia 76ers,0.605,0.395,0.605,0.395,0.9,0.8,2
401810339,NBA,2026-01-03 03:00:00+00:00,Golden State Warriors,Oklahoma City Thunder,0.155,0.845,0.155,0.845,0.8,0.8,2
401810332,NBA,2026-01-03 00:00:00+00:00,Washington Wizards,Brooklyn Nets,0.575,0.425,0.575,0.425,0.8,0.8,1
401810337,NBA,2026-01-03 01:00:00+00:00,New Orleans Pelicans,Portland Trail Blazers,0.405,0.595,0.405,0.595,0.9,0.8,2
401810333,NBA,2026-01-03 00:30:00+00:00,Cleveland Cavaliers,Denver Nuggets,0.86,0.14,0.86,0.14,0.9,0.9,1
401810338,NBA,2026-01-03 02:00:00+00:00,Phoenix Suns,Sacramento Kings,0.845,0.155,0.845,0.155,0.8,0.9,1
401810340,NBA,2026-01-03 03:30:00+00:00,Los Angeles Lakers,Memphis Grizzlies,0.645,0.355,0.645,0.355,0.8,0.9,1
401810336,NBA,2026-01-03 01:00:00+00:00,Milwaukee Bucks,Charlotte Hornets,0.675,0.325,0.675,0.325,0.9,0.9,1
401810331,NBA,2026-01-03 00:00:00+00:00,Indiana Pacers,San Antonio Spurs,0.345,0.655,0.345,0.655,0.9,0.8,2
401810334,NBA,2026-01-03 00:30:00+00:00,New York Knicks,Atlanta Hawks,0.615,0.385,0.615,0.385,0.8,0.9,2
401810335,NBA,2026-01-03 01:00:00+00:00,Chicago Bulls,Orlando Magic,0.355,0.645,0.355,0.645,0.8,0.8,1
401810330,NBA,2026-01-02 03:30:00+00:00,LA Clippers,Utah Jazz,0.855,0.145,0.855,0.145,0.9,0.8,1
401810328,NBA,2026-01-02 01:30:00+00:00,Dallas Mavericks,Philadelphia 76ers,0.435,0.565,0.435,0.565,0.8,0.8,2
401810327,NBA,2026-01-02 00:00:00+00:00,Detroit Pistons,Miami Heat,0.635,0.365,0.635,0.365,0.9,0.9,2
401810329,NBA,2026-01-02 03:00:00+00:00,Sacramento Kings,Boston Celtics,0.205,0.795,0.205,0.795,0.8,0.9,2
401810326,NBA,2026-01-01 23:00:00+00:00,Brooklyn Nets,Houston Rockets,0.175,0.825,0.175,0.825,0.8,0.9,2
401810325,NBA,2026-01-01 01:00:00+00:00,Oklahoma City Thunder,Portland Trail Blazers,0.885,0.115,0.885,0.115,0.8,0.9,1
401810323,NBA,2026-01-01 00:30:00+00:00,Toronto Raptors,Denver Nuggets,0.705,0.295,0.705,0.295,0.8,0.9,2
401810322,NBA,2026-01-01 00:00:00+00:00,San Antonio Spurs,New York Knicks,0.595,0.405,0.595,0.405,0.8,0.8,1
401810324,NBA,2026-01-01 01:00:00+00:00,Milwaukee Bucks,Washington Wizards,0.815,0.185,0.815,0.185,0.8,0.9,2
401810321,NBA,2026-01-01 00:00:00+00:00,Chicago Bulls,New Orleans Pelicans,0.535,0.465,0.535,0.465,0.8,0.9,1
401810320,NBA,2025-12-31 20:30:00+00:00,Cleveland Cavaliers,Phoenix Suns,0.695,0.305,0.695,0.305,0.8,0.8,1
401810317,NBA,2025-12-31 18:00:00+00:00,Charlotte Hornets,Golden State Warriors,0.275,0.725,0.275,0.725,0.6,0.7,2
401810318,NBA,2025-12-31 20:00:00+00:00,Atlanta Hawks,Minnesota Timberwolves,0.355,0.645,0.355,0.645,0.9,0.8,1
401810319,NBA,2025-12-31 20:00:00+00:00,Indiana Pacers,Orlando Magic,0.375,0.625,0.375,0.625,0.8,0.8,2
401810316,NBA,2025-12-31 04:00:00+00:00,LA Clippers,Sacramento Kings,0.775,0.225,0.775,0.225,0.8,0.8,1
401810315,NBA,2025-12-31 03:30:00+00:00,Los Angeles Lakers,Detroit Pistons,0.435,0.565,0.435,0.565,0.7,0.7,2
401810314,NBA,2025-12-31 02:00:00+00:00,Utah Jazz,Boston Celtics,0.275,0.725,0.275,0.725,0.8,0.8,2
401810313,NBA,2025-12-31 01:00:00+00:00,Memphis Grizzlies,Philadelphia 76ers,0.465,0.535,0.465,0.535,0.9,0.8,2
401810312,NBA,2025-12-30 03:30:00+00:00,Portland Trail Blazers,Dallas Mavericks,0.555,0.445,0.555,0.445,0.7,0.6,1
401810309,NBA,2025-12-30 01:00:00+00:00,New Orleans Pelicans,New York Knicks,0.255,0.745,0.255,0.745,0.8,0.9,2
401810311,NBA,2025-12-30 01:00:00+00:00,San Antonio Spurs,Cleveland Cavaliers,0.595,0.405,0.595,0.405,0.9,0.9,2
401810306,NBA,2025-12-30 00:30:00+00:00,Toronto Raptors,Orlando Magic,0.475,0.525,0.475,0.525,0.8,0.8,1
401810308,NBA,2025-12-30 01:00:00+00:00,Houston Rockets,Indiana Pacers,0.845,0.155,0.845,0.155,0.8,0.9,1
401810307,NBA,2025-12-30 01:00:00+00:00,Chicago Bulls,Minnesota Timberwolves,0.345,0.655,0.345,0.655,0.9,0.8,2
401810305,NBA,2025-12-30 00:30:00+00:00,Miami Heat,Denver Nuggets,0.475,0.525,0.475,0.525,0.8,0.8,1
401810310,NBA,2025-12-30 01:00:00+00:00,Oklahoma City Thunder,Atlanta Hawks,0.895,0.105,0.895,0.105,0.9,0.8,1
401810302,NBA,2025-12-30 00:00:00+00:00,Charlotte Hornets,Milwaukee Bucks,0.425,0.575,0.425,0.575,0.8,0.9,2
401810303,NBA,2025-12-30 00:00:00+00:00,Washington Wizards,Phoenix Suns,0.215,0.785,0.215,0.785,0.8,0.8,2
401810304,NBA,2025-12-30 00:30:00+00:00,Brooklyn Nets,Golden State Warriors,0.34,0.66,0.34,0.66,0.9,0.8,2
401810301,NBA,2025-12-29 02:30:00+00:00,Los Angeles Lakers,Sacramento Kings,0.805,0.195,0.805,0.195,0.9,0.9,1
401810299,NBA,2025-12-28 23:00:00+00:00,Portland Trail Blazers,Boston Celtics,0.295,0.705,0.295,0.705,0.8,0.8,1
401810297,NBA,2025-12-28 20:30:00+00:00,Oklahoma City Thunder,Philadelphia 76ers,0.865,0.135,0.865,0.135,0.8,0.8,1
401810300,NBA,2025-12-29 02:00:00+00:00,LA Clippers,Detroit Pistons,0.385,0.615,0.385,0.615,0.9,0.9,1
401810298,NBA,2025-12-28 23:00:00+00:00,Washington Wizards,Memphis Grizzlies,0.295,0.705,0.295,0.705,0.8,0.8,1
401810296,NBA,2025-12-28 20:30:00+00:00,Toronto Raptors,Golden State Warriors,0.375,0.625,0.375,0.625,0.8,0.8,1
401810294,NBA,2025-12-28 01:00:00+00:00,Minnesota Timberwolves,Brooklyn Nets,0.835,0.165,0.835,0.165,0.9,0.9,2
401810292,NBA,2025-12-28 01:00:00+00:00,Chicago Bulls,Milwaukee Bucks,0.545,0.455,0.545,0.455,0.8,0.8,2
401810290,NBA,2025-12-28 01:00:00+00:00,Atlanta Hawks,New York Knicks,0.335,0.665,0.335,0.665,0.8,0.8,2
401810288,NBA,2025-12-28 00:00:00+00:00,Orlando Magic,Denver Nuggets,0.405,0.595,0.405,0.595,0.9,0.8,1
401810287,NBA,2025-12-27 22:00:00+00:00,Sacramento Kings,Dallas Mavericks,0.435,0.565,0.435,0.565,0.8,0.8,1
401810293,NBA,2025-12-28 01:00:00+00:00,Houston Rockets,Cleveland Cavaliers,0.555,0.445,0.555,0.445,0.9,0.8,1
401810291,NBA,2025-12-28 01:00:00+00:00,Miami Heat,Indiana Pacers,0.695,0.305,0.695,0.305,0.8,0.9,1
401810289,NBA,2025-12-28 00:00:00+00:00,New Orleans Pelicans,Phoenix Suns,0.375,0.625,0.375,0.625,0.8,0.8,2
401810295,NBA,2025-12-28 01:00:00+00:00,San Antonio Spurs,Utah Jazz,0.845,0.155,0.845,0.155,0.9,0.8,2
401810282,NBA,2025-12-27 00:30:00+00:00,Chicago Bulls,Philadelphia 76ers,0.455,0.545,0.455,0.545,0.8,0.8,1
401810286,NBA,2025-12-27 03:00:00+00:00,Portland Trail Blazers,LA Clippers,0.455,0.545,0.455,0.545,0.8,0.9,2
401810285,NBA,2025-12-27 02:30:00+00:00,Utah Jazz,Detroit Pistons,0.225,0.775,0.225,0.775,0.8,0.9,1
401810284,NBA,2025-12-27 01:00:00+00:00,New Orleans Pelicans,Phoenix Suns,0.365,0.635,0.365,0.635,0.8,0.9,2
401810281,NBA,2025-12-27 00:00:00+00:00,Indiana Pacers,Boston Celtics,0.265,0.735,0.265,0.735,0.8,0.8,2
401810283,NBA,2025-12-27 01:00:00+00:00,Memphis Grizzlies,Milwaukee Bucks,0.635,0.365,0.635,0.365,0.8,0.9,1
401810280,NBA,2025-12-27 00:00:00+00:00,Washington Wizards,Toronto Raptors,0.265,0.735,0.265,0.735,0.8,0.9,1
401810279,NBA,2025-12-27 00:00:00+00:00,Orlando Magic,Charlotte Hornets,0.675,0.325,0.675,0.325,0.9,0.8,2
401810278,NBA,2025-12-27 00:00:00+00:00,Atlanta Hawks,Miami Heat,0.565,0.435,0.565,0.435,0.9,0.8,2
401809241,NBA,2025-12-26 01:00:00+00:00,Los Angeles Lakers,Houston Rockets,0.485,0.515,0.485,0.515,0.8,0.8,2
401809239,NBA,2025-12-25 19:30:00+00:00,Oklahoma City Thunder,San Antonio Spurs,0.755,0.245,0.755,0.245,0.8,0.8,2
401809238,NBA,2025-12-25 17:00:00+00:00,New York Knicks,Cleveland Cavaliers,0.615,0.385,0.615,0.385,0.8,0.9,1
401809242,NBA,2025-12-26 03:30:00+00:00,Denver Nuggets,Minnesota Timberwolves,0.495,0.505,0.495,0.505,0.9,0.9,1
401809240,NBA,2025-12-25 22:17:00+00:00,Golden State Warriors,Dallas Mavericks,0.735,0.265,0.735,0.265,0.8,0.8,1
401810276,NBA,2025-12-24 03:00:00+00:00,Sacramento Kings,Detroit Pistons,0.215,0.785,0.215,0.785,0.8,0.8,2
401810274,NBA,2025-12-24 02:00:00+00:00,Utah Jazz,Memphis Grizzlies,0.395,0.605,0.395,0.605,0.8,0.8,2
401810275,NBA,2025-12-24 03:00:00+00:00,Portland Trail Blazers,Orlando Magic,0.485,0.515,0.485,0.515,0.8,0.9,2
401810273,NBA,2025-12-24 02:00:00+00:00,Phoenix Suns,Los Angeles Lakers,0.58,0.42,0.58,0.42,0.8,0.9,1
401810271,NBA,2025-12-24 01:00:00+00:00,Minnesota Timberwolves,New York Knicks,0.695,0.305,0.695,0.305,0.9,0.9,1
401810266,NBA,2025-12-24 00:30:00+00:00,Atlanta Hawks,Chicago Bulls,0.585,0.415,0.585,0.415,0.9,0.9,2
401810269,NBA,2025-12-24 00:30:00+00:00,Miami Heat,Toronto Raptors,0.655,0.345,0.655,0.345,0.9,0.9,2
401810270,NBA,2025-12-24 01:00:00+00:00,Dallas Mavericks,Denver Nuggets,0.305,0.695,0.305,0.695,0.9,0.9,1
401810265,NBA,2025-12-24 00:00:00+00:00,Philadelphia 76ers,Brooklyn Nets,0.775,0.225,0.775,0.225,0.8,0.9,2
401810264,NBA,2025-12-24 00:00:00+00:00,Charlotte Hornets,Washington Wizards,0.695,0.305,0.695,0.305,0.8,0.9,1
401810267,NBA,2025-12-24 00:30:00+00:00,Cleveland Cavaliers,New Orleans Pelicans,0.775,0.225,0.775,0.225,0.8,0.8,1
401810268,NBA,2025-12-24 00:30:00+00:00,Indiana Pacers,Milwaukee Bucks,0.485,0.515,0.485,0.515,0.8,0.9,2
401810272,NBA,2025-12-24 01:30:00+00:00,San Antonio Spurs,Oklahoma City Thunder,0.315,0.685,0.315,0.685,0.8,0.9,1
401810277,NBA,2025-12-24 03:30:00+00:00,LA Clippers,Houston Rockets,0.285,0.715,0.285,0.715,0.8,0.8,1
401810222,NBA,2025-12-18 01:00:00+00:00,Chicago Bulls,Cleveland Cavaliers,0.345,0.655,0.345,0.655,0.9,0.9,1
401810260,NBA,2025-12-23 02:00:00+00:00,Denver Nuggets,Utah Jazz,0.845,0.155,0.845,0.155,0.9,0.9,1
401810262,NBA,2025-12-23 03:00:00+00:00,Golden State Warriors,Orlando Magic,0.665,0.335,0.665,0.335,0.9,0.8,1
401810261,NBA,2025-12-23 02:30:00+00:00,Oklahoma City Thunder,Memphis Grizzlies,0.885,0.115,0.885,0.115,0.9,0.9,1
401810257,NBA,2025-12-23 00:00:00+00:00,Cleveland Cavaliers,Charlotte Hornets,0.755,0.245,0.755,0.245,0.9,0.9,1
401810263,NBA,2025-12-23 03:00:00+00:00,Portland Trail Blazers,Detroit Pistons,0.325,0.675,0.325,0.675,0.9,0.8,2
401810259,NBA,2025-12-23 01:00:00+00:00,New Orleans Pelicans,Dallas Mavericks,0.475,0.525,0.475,0.525,0.7,0.8,1
401810258,NBA,2025-12-23 00:30:00+00:00,Boston Celtics,Indiana Pacers,0.825,0.175,0.825,0.175,0.9,0.9,1
401810256,NBA,2025-12-22 03:00:00+00:00,Sacramento Kings,Houston Rockets,0.175,0.825,0.175,0.825,0.9,0.9,1
401810255,NBA,2025-12-22 00:00:00+00:00,Minnesota Timberwolves,Milwaukee Bucks,0.835,0.165,0.835,0.165,0.8,0.9,1
401810254,NBA,2025-12-22 00:00:00+00:00,Washington Wizards,San Antonio Spurs,0.095,0.905,0.095,0.905,0.8,0.9,2
401810253,NBA,2025-12-21 23:00:00+00:00,New York Knicks,Miami Heat,0.715,0.285,0.715,0.285,0.8,0.9,1
401810252,NBA,2025-12-21 23:00:00+00:00,Brooklyn Nets,Toronto Raptors,0.405,0.595,0.405,0.595,0.9,0.9,1
401810251,NBA,2025-12-21 20:30:00+00:00,Atlanta Hawks,Chicago Bulls,0.595,0.405,0.595,0.405,0.9,0.9,2
401810248,NBA,2025-12-21 02:30:00+00:00,Utah Jazz,Orlando Magic,0.285,0.715,0.285,0.715,0.9,0.9,2
401810249,NBA,2025-12-21 03:00:00+00:00,Sacramento Kings,Portland Trail Blazers,0.4,0.6,0.4,0.6,0.9,0.9,2
401810246,NBA,2025-12-21 01:00:00+00:00,Memphis Grizzlies,Washington Wizards,0.825,0.175,0.825,0.175,0.8,0.8,2
401810247,NBA,2025-12-21 01:30:00+00:00,Golden State Warriors,Phoenix Suns,0.675,0.325,0.675,0.325,0.9,0.9,1
401810245,NBA,2025-12-21 00:30:00+00:00,Detroit Pistons,Charlotte Hornets,0.795,0.205,0.795,0.205,0.9,0.8,1
401810244,NBA,2025-12-21 00:00:00+00:00,New Orleans Pelicans,Indiana Pacers,0.555,0.445,0.555,0.445,0.9,0.9,1
401810243,NBA,2025-12-21 00:00:00+00:00,Toronto Raptors,Boston Celtics,0.535,0.465,0.535,0.465,0.9,0.9,2
401809839,NBA,2025-12-17 01:30:00+00:00,New York Knicks,San Antonio Spurs,0.545,0.455,0.545,0.455,0.8,0.9,1
401810241,NBA,2025-12-20 22:00:00+00:00,Denver Nuggets,Houston Rockets,0.475,0.525,0.475,0.525,0.9,0.9,2
401810242,NBA,2025-12-21 00:00:00+00:00,Philadelphia 76ers,Dallas Mavericks,0.52,0.48,0.52,0.48,0.9,0.9,1
401810250,NBA,2025-12-21 03:30:00+00:00,LA Clippers,Los Angeles Lakers,0.455,0.545,0.455,0.545,0.9,0.9,1
401810239,NBA,2025-12-20 00:30:00+00:00,Cleveland Cavaliers,Chicago Bulls,0.615,0.385,0.615,0.385,0.9,0.8,2
401810240,NBA,2025-12-20 02:30:00+00:00,Minnesota Timberwolves,Oklahoma City Thunder,0.305,0.695,0.305,0.695,0.9,0.8,1
401810238,NBA,2025-12-20 00:30:00+00:00,Atlanta Hawks,San Antonio Spurs,0.415,0.585,0.415,0.585,0.9,0.9,2
401810236,NBA,2025-12-20 00:00:00+00:00,Boston Celtics,Miami Heat,0.735,0.265,0.735,0.265,0.8,0.9,1
401810237,NBA,2025-12-20 00:00:00+00:00,New York Knicks,Philadelphia 76ers,0.685,0.315,0.685,0.315,0.8,0.8,2
401810225,NBA,2025-12-19 01:00:00+00:00,San Antonio Spurs,Washington Wizards,0.895,0.105,0.895,0.105,0.8,0.9,1
401810224,NBA,2025-12-19 01:00:00+00:00,Oklahoma City Thunder,LA Clippers,0.905,0.095,0.905,0.095,0.9,0.9,1
401810234,NBA,2025-12-19 02:00:00+00:00,Utah Jazz,Los Angeles Lakers,0.235,0.765,0.235,0.765,0.8,0.8,2
401810235,NBA,2025-12-19 03:00:00+00:00,Portland Trail Blazers,Sacramento Kings,0.745,0.255,0.745,0.255,0.9,0.9,1
401810233,NBA,2025-12-19 02:00:00+00:00,Phoenix Suns,Golden State Warriors,0.435,0.565,0.435,0.565,0.9,0.9,1
401810230,NBA,2025-12-19 01:00:00+00:00,New Orleans Pelicans,Houston Rockets,0.225,0.775,0.225,0.775,0.9,0.9,1
401810231,NBA,2025-12-19 01:30:00+00:00,Dallas Mavericks,Detroit Pistons,0.345,0.655,0.345,0.655,0.9,0.9,1
401810232,NBA,2025-12-19 02:00:00+00:00,Denver Nuggets,Orlando Magic,0.705,0.295,0.705,0.295,0.9,0.8,1
401810229,NBA,2025-12-19 01:00:00+00:00,Milwaukee Bucks,Toronto Raptors,0.375,0.625,0.375,0.625,0.9,0.9,2
401810228,NBA,2025-12-19 00:30:00+00:00,Brooklyn Nets,Miami Heat,0.285,0.715,0.285,0.715,0.9,0.8,2
401810226,NBA,2025-12-19 00:00:00+00:00,Charlotte Hornets,Atlanta Hawks,0.375,0.625,0.375,0.625,0.9,0.8,1
401810227,NBA,2025-12-19 00:00:00+00:00,Indiana Pacers,New York Knicks,0.415,0.585,0.415,0.585,0.8,0.8,2
401810223,NBA,2025-12-18 01:00:00+00:00,Minnesota Timberwolves,Memphis Grizzlies,0.705,0.295,0.705,0.295,0.9,0.8,2
401839023,NBA,2025-12-16 00:30:00+00:00,Miami Heat,Toronto Raptors,0.635,0.365,0.635,0.365,0.9,0.9,2
401809838,NBA,2025-12-14 02:00:00+00:00,Oklahoma City Thunder,San Antonio Spurs,0.815,0.185,0.815,0.185,0.7,0.7,2
401839699,NBA,2025-12-15 01:00:00+00:00,Phoenix Suns,Los Angeles Lakers,0.525,0.475,0.525,0.475,0.8,0.9,2
401809837,NBA,2025-12-13 22:30:00+00:00,Orlando Magic,New York Knicks,0.385,0.615,0.385,0.615,0.9,0.9,2
401836807,NBA,2025-12-16 03:30:00+00:00,LA Clippers,Memphis Grizzlies,0.655,0.345,0.655,0.345,0.9,0.8,2
401836806,NBA,2025-12-16 02:30:00+00:00,Denver Nuggets,Houston Rockets,0.475,0.525,0.475,0.525,0.9,0.9,1
401836805,NBA,2025-12-16 02:00:00+00:00,Utah Jazz,Dallas Mavericks,0.475,0.525,0.475,0.525,0.9,0.9,1
401836803,NBA,2025-12-16 00:00:00+00:00,Boston Celtics,Detroit Pistons,0.515,0.485,0.515,0.485,0.9,0.9,2
401836802,NBA,2025-12-15 02:00:00+00:00,Portland Trail Blazers,Golden State Warriors,0.345,0.655,0.345,0.655,0.9,0.9,1
401836804,NBA,2025-12-15 00:00:00+00:00,Chicago Bulls,New Orleans Pelicans,0.635,0.365,0.635,0.365,0.8,0.8,2
401836800,NBA,2025-12-14 23:00:00+00:00,Brooklyn Nets,Milwaukee Bucks,0.485,0.515,0.485,0.515,0.9,0.9,1
401836801,NBA,2025-12-15 00:00:00+00:00,Minnesota Timberwolves,Sacramento Kings,0.785,0.215,0.785,0.215,0.8,0.7,1
401836798,NBA,2025-12-14 23:00:00+00:00,Atlanta Hawks,Philadelphia 76ers,0.615,0.385,0.615,0.385,0.9,0.9,1
401836799,NBA,2025-12-14 20:30:00+00:00,Cleveland Cavaliers,Charlotte Hornets,0.835,0.165,0.835,0.165,0.8,0.9,2
401836797,NBA,2025-12-14 20:00:00+00:00,Indiana Pacers,Washington Wizards,0.785,0.215,0.785,0.215,0.8,0.8,2
401836754,NBA,2025-12-13 01:00:00+00:00,Memphis Grizzlies,Utah Jazz,0.705,0.295,0.705,0.295,0.9,0.9,2
401836795,NBA,2025-12-13 01:30:00+00:00,Dallas Mavericks,Brooklyn Nets,0.725,0.275,0.725,0.275,0.8,0.8,1
401836753,NBA,2025-12-13 00:00:00+00:00,Washington Wizards,Cleveland Cavaliers,0.095,0.905,0.095,0.905,0.9,0.8,2
401836752,NBA,2025-12-13 00:00:00+00:00,Philadelphia 76ers,Indiana Pacers,0.665,0.335,0.665,0.335,0.9,0.8,1
401836751,NBA,2025-12-13 00:00:00+00:00,Detroit Pistons,Atlanta Hawks,0.705,0.295,0.705,0.295,0.8,0.9,1
401836750,NBA,2025-12-13 00:00:00+00:00,Charlotte Hornets,Chicago Bulls,0.425,0.575,0.425,0.575,0.9,0.8,2
401836796,NBA,2025-12-13 03:00:00+00:00,Golden State Warriors,Minnesota Timberwolves,0.635,0.365,0.635,0.365,0.9,0.9,2
401836749,NBA,2025-12-12 03:00:00+00:00,Sacramento Kings,Denver Nuggets,0.195,0.805,0.195,0.805,0.9,0.9,2
401836748,NBA,2025-12-12 01:00:00+00:00,New Orleans Pelicans,Portland Trail Blazers,0.385,0.615,0.385,0.615,0.7,0.9,1
401836746,NBA,2025-12-12 01:00:00+00:00,Houston Rockets,LA Clippers,0.765,0.235,0.765,0.235,0.8,0.8,1
401836747,NBA,2025-12-12 01:00:00+00:00,Milwaukee Bucks,Boston Celtics,0.205,0.795,0.205,0.795,0.8,0.9,1
401809835,NBA,2025-12-11 00:30:00+00:00,Oklahoma City Thunder,Phoenix Suns,0.895,0.105,0.895,0.105,0.8,0.9,1
401809836,NBA,2025-12-11 03:00:00+00:00,Los Angeles Lakers,San Antonio Spurs,0.715,0.285,0.715,0.285,0.9,0.9,2
401809834,NBA,2025-12-10 01:30:00+00:00,Toronto Raptors,New York Knicks,0.315,0.685,0.315,0.685,0.9,0.9,2
401809833,NBA,2025-12-09 23:00:00+00:00,Orlando Magic,Miami Heat,0.525,0.475,0.525,0.475,0.9,0.8,1
401810219,NBA,2025-12-09 00:00:00+00:00,Indiana Pacers,Sacramento Kings,0.605,0.395,0.605,0.395,0.9,0.9,1
401810221,NBA,2025-12-09 01:00:00+00:00,New Orleans Pelicans,San Antonio Spurs,0.215,0.785,0.215,0.785,0.9,0.9,2
401810220,NBA,2025-12-09 00:30:00+00:00,Minnesota Timberwolves,Phoenix Suns,0.755,0.245,0.755,0.245,0.8,0.9,2
401810216,NBA,2025-12-08 00:00:00+00:00,Chicago Bulls,Golden State Warriors,0.485,0.515,0.485,0.515,0.9,0.9,2
401810217,NBA,2025-12-08 00:30:00+00:00,Philadelphia 76ers,Los Angeles Lakers,0.435,0.565,0.435,0.565,0.9,0.9,2
401810214,NBA,2025-12-07 23:00:00+00:00,Charlotte Hornets,Denver Nuggets,0.19,0.81,0.19,0.81,0.9,0.9,2
401810212,NBA,2025-12-07 17:00:00+00:00,New York Knicks,Orlando Magic,0.505,0.495,0.505,0.495,0.9,0.9,1
401810213,NBA,2025-12-07 20:30:00+00:00,Toronto Raptors,Boston Celtics,0.41,0.59,0.41,0.59,0.9,0.9,2
401810215,NBA,2025-12-07 23:00:00+00:00,Memphis Grizzlies,Portland Trail Blazers,0.545,0.455,0.545,0.455,0.9,0.9,1
401810218,NBA,2025-12-08 01:00:00+00:00,Utah Jazz,Oklahoma City Thunder,0.175,0.825,0.175,0.825,0.8,0.8,2
401810211,NBA,2025-12-07 01:30:00+00:00,Dallas Mavericks,Houston Rockets,0.305,0.695,0.305,0.695,0.9,0.9,1
401810210,NBA,2025-12-07 01:00:00+00:00,Minnesota Timberwolves,LA Clippers,0.755,0.245,0.755,0.245,0.7,0.8,1
401810208,NBA,2025-12-07 00:30:00+00:00,Detroit Pistons,Milwaukee Bucks,0.845,0.155,0.845,0.155,0.9,0.9,1
401810209,NBA,2025-12-07 01:00:00+00:00,Miami Heat,Sacramento Kings,0.765,0.235,0.765,0.235,0.7,0.8,2
401810207,NBA,2025-12-07 00:30:00+00:00,Cleveland Cavaliers,Golden State Warriors,0.765,0.235,0.765,0.235,0.9,0.9,2
401810205,NBA,2025-12-06 22:00:00+00:00,Brooklyn Nets,New Orleans Pelicans,0.605,0.395,0.605,0.395,0.9,0.8,1
401810206,NBA,2025-12-07 00:00:00+00:00,Washington Wizards,Atlanta Hawks,0.195,0.805,0.195,0.805,0.9,0.8,2
401810200,NBA,2025-12-06 01:00:00+00:00,Chicago Bulls,Indiana Pacers,0.645,0.355,0.645,0.355,0.9,0.9,2
401810197,NBA,2025-12-06 00:30:00+00:00,Detroit Pistons,Portland Trail Blazers,0.755,0.245,0.755,0.245,0.9,0.9,1
401810199,NBA,2025-12-06 00:30:00+00:00,Toronto Raptors,Charlotte Hornets,0.705,0.295,0.705,0.295,0.9,0.8,2
401810198,NBA,2025-12-06 00:30:00+00:00,New York Knicks,Utah Jazz,0.895,0.105,0.895,0.105,0.9,0.8,1
401810194,NBA,2025-12-06 00:00:00+00:00,Orlando Magic,Miami Heat,0.685,0.315,0.685,0.315,0.8,0.8,1
401810196,NBA,2025-12-06 00:30:00+00:00,Cleveland Cavaliers,San Antonio Spurs,0.645,0.355,0.645,0.355,0.8,0.9,1
401810195,NBA,2025-12-06 00:30:00+00:00,Atlanta Hawks,Denver Nuggets,0.405,0.595,0.405,0.595,0.9,0.9,2
401810204,NBA,2025-12-06 02:30:00+00:00,Oklahoma City Thunder,Dallas Mavericks,0.895,0.105,0.895,0.105,0.9,0.8,1
401810193,NBA,2025-12-06 00:00:00+00:00,Boston Celtics,Los Angeles Lakers,0.755,0.245,0.755,0.245,0.8,0.8,1
401810202,NBA,2025-12-06 01:00:00+00:00,Memphis Grizzlies,LA Clippers,0.455,0.545,0.455,0.545,0.9,0.8,1
401810201,NBA,2025-12-06 01:00:00+00:00,Houston Rockets,Phoenix Suns,0.775,0.225,0.775,0.225,0.9,0.8,1
401810203,NBA,2025-12-06 01:00:00+00:00,Milwaukee Bucks,Philadelphia 76ers,0.495,0.505,0.495,0.505,0.9,0.8,2
401810188,NBA,2025-12-05 00:00:00+00:00,Philadelphia 76ers,Golden State Warriors,0.615,0.385,0.615,0.385,0.9,0.9,1
401810192,NBA,2025-12-05 01:00:00+00:00,New Orleans Pelicans,Minnesota Timberwolves,0.165,0.835,0.165,0.835,0.9,0.9,2
401810191,NBA,2025-12-05 00:30:00+00:00,Toronto Raptors,Los Angeles Lakers,0.555,0.445,0.555,0.445,0.9,0.9,2
401810190,NBA,2025-12-05 00:30:00+00:00,Brooklyn Nets,Utah Jazz,0.365,0.635,0.365,0.635,0.9,0.9,2
401810189,NBA,2025-12-05 00:00:00+00:00,Washington Wizards,Boston Celtics,0.185,0.815,0.185,0.815,0.9,0.9,2
401810182,NBA,2025-12-04 00:30:00+00:00,Atlanta Hawks,LA Clippers,0.545,0.455,0.545,0.455,0.9,0.8,2
401810185,NBA,2025-12-04 01:00:00+00:00,Houston Rockets,Sacramento Kings,0.905,0.095,0.905,0.095,0.9,0.9,1
401810187,NBA,2025-12-04 01:30:00+00:00,Dallas Mavericks,Miami Heat,0.375,0.625,0.375,0.625,0.8,0.9,1
401810184,NBA,2025-12-04 01:00:00+00:00,Chicago Bulls,Brooklyn Nets,0.745,0.255,0.745,0.255,0.9,0.9,2
401810183,NBA,2025-12-04 00:30:00+00:00,New York Knicks,Charlotte Hornets,0.775,0.225,0.775,0.225,0.9,0.9,1
401810186,NBA,2025-12-04 01:00:00+00:00,Milwaukee Bucks,Detroit Pistons,0.365,0.635,0.365,0.635,0.9,0.9,1
401810179,NBA,2025-12-04 00:00:00+00:00,Cleveland Cavaliers,Portland Trail Blazers,0.815,0.185,0.815,0.185,0.8,0.8,2
401810181,NBA,2025-12-04 00:00:00+00:00,Orlando Magic,San Antonio Spurs,0.745,0.255,0.745,0.255,0.9,0.9,2
401810180,NBA,2025-12-04 00:00:00+00:00,Indiana Pacers,Denver Nuggets,0.255,0.745,0.255,0.745,0.8,0.8,2
401810177,NBA,2025-12-03 01:00:00+00:00,San Antonio Spurs,Memphis Grizzlies,0.645,0.355,0.645,0.355,0.9,0.9,1
401810176,NBA,2025-12-03 01:00:00+00:00,New Orleans Pelicans,Minnesota Timberwolves,0.145,0.855,0.145,0.855,0.9,0.9,2
401810173,NBA,2025-12-03 00:00:00+00:00,Philadelphia 76ers,Washington Wizards,0.865,0.135,0.865,0.135,0.9,0.9,1
401810178,NBA,2025-12-03 04:00:00+00:00,Golden State Warriors,Oklahoma City Thunder,0.195,0.805,0.195,0.805,0.9,0.9,2
401810174,NBA,2025-12-03 00:30:00+00:00,Toronto Raptors,Portland Trail Blazers,0.645,0.355,0.645,0.355,0.9,0.9,1
401810175,NBA,2025-12-03 01:00:00+00:00,Boston Celtics,New York Knicks,0.485,0.515,0.485,0.515,0.9,0.9,1
401810171,NBA,2025-12-02 02:00:00+00:00,Utah Jazz,Houston Rockets,0.175,0.825,0.175,0.825,0.9,0.9,1
401810168,NBA,2025-12-02 00:30:00+00:00,Miami Heat,LA Clippers,0.695,0.305,0.695,0.305,0.9,0.9,1
401810170,NBA,2025-12-02 02:00:00+00:00,Denver Nuggets,Dallas Mavericks,0.825,0.175,0.825,0.175,0.9,0.9,2
401810172,NBA,2025-12-02 03:00:00+00:00,Los Angeles Lakers,Phoenix Suns,0.665,0.335,0.665,0.335,0.9,0.9,2
401810166,NBA,2025-12-02 00:00:00+00:00,Washington Wizards,Milwaukee Bucks,0.195,0.805,0.195,0.805,0.9,0.9,1
401810167,NBA,2025-12-02 00:30:00+00:00,Brooklyn Nets,Charlotte Hornets,0.37,0.63,0.37,0.63,0.9,0.9,1
401810169,NBA,2025-12-02 00:30:00+00:00,Orlando Magic,Chicago Bulls,0.775,0.225,0.775,0.225,0.9,0.9,1
401810165,NBA,2025-12-02 00:00:00+00:00,Indiana Pacers,Cleveland Cavaliers,0.375,0.625,0.375,0.625,0.9,0.9,2
401810164,NBA,2025-12-02 00:00:00+00:00,Detroit Pistons,Atlanta Hawks,0.775,0.225,0.775,0.225,0.9,0.9,1
401810161,NBA,2025-12-01 00:00:00+00:00,Minnesota Timberwolves,San Antonio Spurs,0.635,0.365,0.635,0.365,0.9,0.9,1
401810162,NBA,2025-12-01 02:00:00+00:00,Sacramento Kings,Memphis Grizzlies,0.415,0.585,0.415,0.585,0.9,0.9,2
401810160,NBA,2025-11-30 23:00:00+00:00,Portland Trail Blazers,Oklahoma City Thunder,0.155,0.845,0.155,0.845,0.9,0.9,2
401810158,NBA,2025-11-30 23:00:00+00:00,New York Knicks,Toronto Raptors,0.745,0.255,0.745,0.255,0.9,0.8,1
401810159,NBA,2025-11-30 23:00:00+00:00,Philadelphia 76ers,Atlanta Hawks,0.565,0.435,0.565,0.435,0.9,0.9,2
401810156,NBA,2025-11-30 20:00:00+00:00,Utah Jazz,Houston Rockets,0.165,0.835,0.165,0.835,0.7,0.7,2
401810157,NBA,2025-11-30 23:00:00+00:00,Cleveland Cavaliers,Boston Celtics,0.715,0.285,0.715,0.285,0.8,0.9,2
401810163,NBA,2025-12-01 02:30:00+00:00,Los Angeles Lakers,New Orleans Pelicans,0.915,0.085,0.915,0.085,0.9,0.9,1
401810154,NBA,2025-11-30 02:00:00+00:00,Phoenix Suns,Denver Nuggets,0.385,0.615,0.385,0.615,0.9,0.9,2
401810155,NBA,2025-11-30 03:00:00+00:00,LA Clippers,Dallas Mavericks,0.775,0.225,0.775,0.225,0.8,0.8,2
401810153,NBA,2025-11-30 01:30:00+00:00,Golden State Warriors,New Orleans Pelicans,0.795,0.205,0.795,0.205,0.9,0.9,1
401810151,NBA,2025-11-30 01:00:00+00:00,Miami Heat,Detroit Pistons,0.605,0.395,0.605,0.395,0.9,0.8,2
401810152,NBA,2025-11-30 01:00:00+00:00,Milwaukee Bucks,Brooklyn Nets,0.825,0.175,0.825,0.175,0.9,0.9,1
401810150,NBA,2025-11-30 00:30:00+00:00,Indiana Pacers,Chicago Bulls,0.435,0.565,0.435,0.565,0.9,0.9,1
401810149,NBA,2025-11-29 23:00:00+00:00,Charlotte Hornets,Toronto Raptors,0.275,0.725,0.275,0.725,0.8,0.9,1
401810148,NBA,2025-11-29 22:00:00+00:00,Minnesota Timberwolves,Boston Celtics,0.685,0.315,0.685,0.315,0.8,0.8,1
401809820,NBA,2025-11-29 03:00:00+00:00,Los Angeles Lakers,Dallas Mavericks,0.805,0.195,0.805,0.195,0.9,0.8,1
401809821,NBA,2025-11-29 03:00:00+00:00,LA Clippers,Memphis Grizzlies,0.705,0.295,0.705,0.295,0.9,0.8,2
401809819,NBA,2025-11-29 02:30:00+00:00,Utah Jazz,Sacramento Kings,0.565,0.435,0.565,0.435,0.9,0.9,1
401809818,NBA,2025-11-29 02:30:00+00:00,Denver Nuggets,San Antonio Spurs,0.725,0.275,0.725,0.275,0.9,0.9,2
401809817,NBA,2025-11-29 02:30:00+00:00,Oklahoma City Thunder,Phoenix Suns,0.895,0.105,0.895,0.105,0.9,0.9,1
401809816,NBA,2025-11-29 00:30:00+00:00,New York Knicks,Milwaukee Bucks,0.725,0.275,0.725,0.275,0.9,0.9,1
401809815,NBA,2025-11-29 00:30:00+00:00,Indiana Pacers,Washington Wizards,0.695,0.305,0.695,0.305,0.9,0.8,1
401809814,NBA,2025-11-29 00:30:00+00:00,Detroit Pistons,Orlando Magic,0.595,0.405,0.595,0.405,0.9,0.9,2
401809812,NBA,2025-11-29 00:30:00+00:00,Brooklyn Nets,Philadelphia 76ers,0.295,0.705,0.295,0.705,0.9,0.9,2
401809811,NBA,2025-11-29 00:30:00+00:00,Atlanta Hawks,Cleveland Cavaliers,0.305,0.695,0.305,0.695,0.8,0.8,1
401809813,NBA,2025-11-29 00:30:00+00:00,Charlotte Hornets,Chicago Bulls,0.425,0.575,0.425,0.575,0.9,0.8,1
401809809,NBA,2025-11-27 03:00:00+00:00,Portland Trail Blazers,San Antonio Spurs,0.495,0.505,0.495,0.505,0.9,0.9,2
401809810,NBA,2025-11-27 03:00:00+00:00,Sacramento Kings,Phoenix Suns,0.365,0.635,0.365,0.635,0.9,0.9,2
401809808,NBA,2025-11-27 03:00:00+00:00,Golden State Warriors,Houston Rockets,0.595,0.405,0.595,0.405,0.8,0.9,2
401809807,NBA,2025-11-27 01:00:00+00:00,New Orleans Pelicans,Memphis Grizzlies,0.395,0.605,0.395,0.605,0.9,0.9,2
401809806,NBA,2025-11-27 00:30:00+00:00,Oklahoma City Thunder,Minnesota Timberwolves,0.805,0.195,0.805,0.195,0.9,0.9,1
401809805,NBA,2025-11-27 00:30:00+00:00,Toronto Raptors,Indiana Pacers,0.795,0.205,0.795,0.205,0.8,0.9,1
401809804,NBA,2025-11-27 00:30:00+00:00,Miami Heat,Milwaukee Bucks,0.795,0.205,0.795,0.205,0.8,0.9,1
401809802,NBA,2025-11-26 22:00:00+00:00,Boston Celtics,Detroit Pistons,0.445,0.555,0.445,0.555,0.8,0.9,1
401809803,NBA,2025-11-27 00:00:00+00:00,Charlotte Hornets,New York Knicks,0.295,0.705,0.295,0.705,0.9,0.9,2
401809801,NBA,2025-11-26 04:00:00+00:00,Los Angeles Lakers,LA Clippers,0.69,0.31,0.69,0.31,0.9,0.8,1
401809800,NBA,2025-11-26 01:00:00+00:00,Philadelphia 76ers,Orlando Magic,0.365,0.635,0.365,0.635,0.8,0.8,2
401809799,NBA,2025-11-26 00:00:00+00:00,Washington Wizards,Atlanta Hawks,0.175,0.825,0.175,0.825,0.9,0.9,1
401810146,NBA,2025-11-25 03:00:00+00:00,Golden State Warriors,Utah Jazz,0.865,0.135,0.865,0.135,0.9,0.9,1
401810145,NBA,2025-11-25 02:30:00+00:00,Phoenix Suns,Houston Rockets,0.325,0.675,0.325,0.675,0.9,0.9,2
401810143,NBA,2025-11-25 01:00:00+00:00,Milwaukee Bucks,Portland Trail Blazers,0.505,0.495,0.505,0.495,0.9,0.9,2
401810144,NBA,2025-11-25 01:00:00+00:00,New Orleans Pelicans,Chicago Bulls,0.355,0.645,0.355,0.645,0.9,0.9,1
401810147,NBA,2025-11-25 03:00:00+00:00,Sacramento Kings,Minnesota Timberwolves,0.185,0.815,0.185,0.815,0.9,0.9,1
401810142,NBA,2025-11-25 01:00:00+00:00,Memphis Grizzlies,Denver Nuggets,0.295,0.705,0.295,0.705,0.9,0.9,2
401810141,NBA,2025-11-25 00:30:00+00:00,Miami Heat,Dallas Mavericks,0.715,0.285,0.715,0.285,0.8,0.8,1
401810140,NBA,2025-11-25 00:30:00+00:00,Brooklyn Nets,New York Knicks,0.145,0.855,0.145,0.855,0.9,0.8,2
401810139,NBA,2025-11-25 00:00:00+00:00,Toronto Raptors,Cleveland Cavaliers,0.535,0.465,0.535,0.465,0.9,0.9,1
401810138,NBA,2025-11-25 00:00:00+00:00,Indiana Pacers,Detroit Pistons,0.205,0.795,0.205,0.795,0.9,0.9,2
401810137,NBA,2025-11-24 01:00:00+00:00,Utah Jazz,Los Angeles Lakers,0.215,0.785,0.215,0.785,0.9,0.9,2
401810136,NBA,2025-11-24 01:00:00+00:00,Phoenix Suns,San Antonio Spurs,0.525,0.475,0.525,0.475,0.8,0.9,1
401810135,NBA,2025-11-24 00:00:00+00:00,Oklahoma City Thunder,Portland Trail Blazers,0.905,0.095,0.905,0.095,0.9,0.9,1
401810134,NBA,2025-11-23 23:00:00+00:00,Toronto Raptors,Brooklyn Nets,0.835,0.165,0.835,0.165,0.9,0.8,1
401810133,NBA,2025-11-23 23:00:00+00:00,Cleveland Cavaliers,LA Clippers,0.735,0.265,0.735,0.265,0.9,0.9,1
401810132,NBA,2025-11-23 23:00:00+00:00,Boston Celtics,Orlando Magic,0.615,0.385,0.615,0.385,0.9,0.9,1
401810130,NBA,2025-11-23 18:00:00+00:00,Philadelphia 76ers,Miami Heat,0.49,0.51,0.49,0.51,0.9,0.9,2
401810131,NBA,2025-11-23 23:00:00+00:00,Atlanta Hawks,Charlotte Hornets,0.735,0.265,0.735,0.265,0.9,0.9,1
401810129,NBA,2025-11-23 03:00:00+00:00,Denver Nuggets,Sacramento Kings,0.825,0.175,0.825,0.175,0.9,0.9,2
401810127,NBA,2025-11-23 01:00:00+00:00,Milwaukee Bucks,Detroit Pistons,0.245,0.755,0.245,0.755,0.9,0.9,2
401810128,NBA,2025-11-23 01:30:00+00:00,Dallas Mavericks,Memphis Grizzlies,0.495,0.505,0.495,0.505,0.9,0.9,2
401810126,NBA,2025-11-23 01:00:00+00:00,Chicago Bulls,Washington Wizards,0.845,0.155,0.845,0.155,0.9,0.9,1
401810125,NBA,2025-11-23 00:00:00+00:00,New Orleans Pelicans,Atlanta Hawks,0.195,0.805,0.195,0.805,0.9,0.9,2
401810124,NBA,2025-11-22 22:00:00+00:00,Orlando Magic,New York Knicks,0.535,0.465,0.535,0.465,0.8,0.9,1
401810123,NBA,2025-11-22 18:00:00+00:00,Charlotte Hornets,LA Clippers,0.505,0.495,0.505,0.495,0.9,0.9,2
401809797,NBA,2025-11-22 03:00:00+00:00,Utah Jazz,Oklahoma City Thunder,0.095,0.905,0.095,0.905,0.9,0.9,2
401809796,NBA,2025-11-22 02:30:00+00:00,Houston Rockets,Denver Nuggets,0.585,0.415,0.585,0.415,0.8,0.9,2
401809794,NBA,2025-11-22 01:30:00+00:00,Dallas Mavericks,New Orleans Pelicans,0.585,0.415,0.585,0.415,0.9,0.9,1
401809795,NBA,2025-11-22 02:00:00+00:00,Phoenix Suns,Minnesota Timberwolves,0.365,0.635,0.365,0.635,0.9,0.9,1
401809793,NBA,2025-11-22 01:00:00+00:00,Chicago Bulls,Miami Heat,0.555,0.445,0.555,0.445,0.9,0.9,2
401809791,NBA,2025-11-22 00:30:00+00:00,Boston Celtics,Brooklyn Nets,0.875,0.125,0.875,0.125,0.8,0.9,2
401809792,NBA,2025-11-22 00:30:00+00:00,Toronto Raptors,Washington Wizards,0.885,0.115,0.885,0.115,0.9,0.9,1
401809790,NBA,2025-11-22 00:00:00+00:00,Cleveland Cavaliers,Indiana Pacers,0.875,0.125,0.875,0.125,0.9,0.9,1
401809798,NBA,2025-11-22 03:00:00+00:00,Golden State Warriors,Portland Trail Blazers,0.805,0.195,0.805,0.195,0.8,0.9,2
401810122,NBA,2025-11-21 01:00:00+00:00,San Antonio Spurs,Atlanta Hawks,0.495,0.505,0.495,0.505,0.9,0.9,1
401810119,NBA,2025-11-21 00:00:00+00:00,Orlando Magic,LA Clippers,0.685,0.315,0.685,0.315,0.9,0.9,1
401810121,NBA,2025-11-21 01:00:00+00:00,Milwaukee Bucks,Philadelphia 76ers,0.47,0.53,0.47,0.53,0.9,0.9,2
401810120,NBA,2025-11-21 01:00:00+00:00,Memphis Grizzlies,Sacramento Kings,0.585,0.415,0.585,0.415,0.9,0.9,1
401810114,NBA,2025-11-20 01:00:00+00:00,Minnesota Timberwolves,Washington Wizards,0.915,0.085,0.915,0.085,0.9,0.9,1
401810113,NBA,2025-11-20 00:00:00+00:00,Philadelphia 76ers,Toronto Raptors,0.425,0.575,0.425,0.575,0.8,0.9,2
401810112,NBA,2025-11-20 00:30:00+00:00,Miami Heat,Golden State Warriors,0.785,0.215,0.785,0.215,0.9,0.9,1
401810117,NBA,2025-11-20 02:30:00+00:00,Dallas Mavericks,New York Knicks,0.235,0.765,0.235,0.765,0.9,0.9,2
401810115,NBA,2025-11-20 01:00:00+00:00,New Orleans Pelicans,Denver Nuggets,0.165,0.835,0.165,0.835,0.9,0.9,2
401810111,NBA,2025-11-20 00:00:00+00:00,Indiana Pacers,Charlotte Hornets,0.465,0.535,0.465,0.535,0.9,0.9,1
401810110,NBA,2025-11-20 00:00:00+00:00,Cleveland Cavaliers,Houston Rockets,0.465,0.535,0.465,0.535,0.9,0.9,2
401810118,NBA,2025-11-20 03:00:00+00:00,Portland Trail Blazers,Chicago Bulls,0.395,0.605,0.395,0.605,0.9,0.9,2
401810116,NBA,2025-11-20 01:00:00+00:00,Oklahoma City Thunder,Sacramento Kings,0.945,0.055,0.945,0.055,0.9,0.9,1
401810108,NBA,2025-11-19 03:30:00+00:00,Los Angeles Lakers,Utah Jazz,0.835,0.165,0.835,0.165,0.9,0.9,1
401810109,NBA,2025-11-19 04:00:00+00:00,Portland Trail Blazers,Phoenix Suns,0.535,0.465,0.535,0.465,0.9,0.9,2
401810105,NBA,2025-11-19 00:30:00+00:00,Brooklyn Nets,Boston Celtics,0.155,0.845,0.155,0.845,0.9,0.8,2
401810107,NBA,2025-11-19 01:00:00+00:00,San Antonio Spurs,Memphis Grizzlies,0.685,0.315,0.685,0.315,0.9,0.9,1
401810106,NBA,2025-11-19 00:30:00+00:00,Atlanta Hawks,Detroit Pistons,0.475,0.525,0.475,0.525,0.9,0.9,2
401810104,NBA,2025-11-19 00:00:00+00:00,Orlando Magic,Golden State Warriors,0.435,0.565,0.435,0.565,0.9,0.9,1
401810103,NBA,2025-11-18 02:00:00+00:00,Denver Nuggets,Chicago Bulls,0.875,0.125,0.875,0.125,0.9,0.9,2
401810101,NBA,2025-11-18 01:00:00+00:00,Minnesota Timberwolves,Dallas Mavericks,0.885,0.115,0.885,0.115,0.9,0.9,1
401810102,NBA,2025-11-18 01:00:00+00:00,New Orleans Pelicans,Oklahoma City Thunder,0.065,0.935,0.065,0.935,0.9,0.9,2
401810100,NBA,2025-11-18 00:30:00+00:00,Toronto Raptors,Charlotte Hornets,0.755,0.245,0.755,0.245,0.9,0.9,1
401810099,NBA,2025-11-18 00:30:00+00:00,Miami Heat,New York Knicks,0.515,0.485,0.515,0.485,0.9,0.9,1
401810097,NBA,2025-11-18 00:00:00+00:00,Detroit Pistons,Indiana Pacers,0.745,0.255,0.745,0.255,0.9,0.9,1
401810098,NBA,2025-11-18 00:00:00+00:00,Philadelphia 76ers,LA Clippers,0.645,0.355,0.645,0.355,0.9,0.9,1
401810096,NBA,2025-11-18 00:00:00+00:00,Cleveland Cavaliers,Milwaukee Bucks,0.69,0.31,0.69,0.31,0.9,0.9,1
401810089,NBA,2025-11-16 21:00:00+00:00,San Antonio Spurs,Sacramento Kings,0.69,0.31,0.69,0.31,0.8,0.9,1
401810091,NBA,2025-11-17 00:00:00+00:00,Houston Rockets,Orlando Magic,0.745,0.255,0.745,0.255,0.9,0.9,1
401810090,NBA,2025-11-16 23:00:00+00:00,Washington Wizards,Brooklyn Nets,0.57,0.43,0.57,0.43,0.9,0.9,2
401810088,NBA,2025-11-16 20:30:00+00:00,Boston Celtics,LA Clippers,0.665,0.335,0.665,0.335,0.9,0.9,1
401810095,NBA,2025-11-17 01:00:00+00:00,Utah Jazz,Chicago Bulls,0.355,0.645,0.355,0.645,0.9,0.9,1
401810094,NBA,2025-11-17 01:00:00+00:00,Phoenix Suns,Atlanta Hawks,0.525,0.475,0.525,0.475,0.9,0.9,2
401810093,NBA,2025-11-17 00:30:00+00:00,Dallas Mavericks,Portland Trail Blazers,0.405,0.595,0.405,0.595,0.9,0.9,1
401810092,NBA,2025-11-17 00:00:00+00:00,New Orleans Pelicans,Golden State Warriors,0.185,0.815,0.185,0.815,0.9,0.9,2
401810085,NBA,2025-11-16 00:00:00+00:00,Indiana Pacers,Toronto Raptors,0.315,0.685,0.315,0.685,0.8,0.9,2
401810086,NBA,2025-11-16 01:00:00+00:00,Milwaukee Bucks,Los Angeles Lakers,0.535,0.465,0.535,0.465,0.8,0.8,2
401810084,NBA,2025-11-16 00:00:00+00:00,Charlotte Hornets,Oklahoma City Thunder,0.095,0.905,0.095,0.905,0.9,0.9,2
401810083,NBA,2025-11-15 22:00:00+00:00,Cleveland Cavaliers,Memphis Grizzlies,0.815,0.185,0.815,0.185,0.7,0.7,1
401810087,NBA,2025-11-16 01:00:00+00:00,Minnesota Timberwolves,Denver Nuggets,0.495,0.505,0.495,0.505,0.9,0.8,2
401809789,NBA,2025-11-15 02:30:00+00:00,San Antonio Spurs,Golden State Warriors,0.575,0.425,0.575,0.425,0.9,0.9,2
401809788,NBA,2025-11-15 01:30:00+00:00,Dallas Mavericks,LA Clippers,0.415,0.585,0.415,0.585,0.9,0.9,2
401809787,NBA,2025-11-15 01:00:00+00:00,New Orleans Pelicans,Los Angeles Lakers,0.205,0.795,0.205,0.795,0.9,0.9,2
401809786,NBA,2025-11-15 01:00:00+00:00,Minnesota Timberwolves,Sacramento Kings,0.815,0.185,0.815,0.185,0.9,0.9,1
401809785,NBA,2025-11-15 01:00:00+00:00,Milwaukee Bucks,Charlotte Hornets,0.775,0.225,0.775,0.225,0.9,0.9,1
401809783,NBA,2025-11-15 00:30:00+00:00,Detroit Pistons,Philadelphia 76ers,0.515,0.485,0.515,0.485,0.9,0.9,1
401809782,NBA,2025-11-15 00:00:00+00:00,Orlando Magic,Brooklyn Nets,0.875,0.125,0.875,0.125,0.9,0.9,1
401809781,NBA,2025-11-15 00:00:00+00:00,New York Knicks,Miami Heat,0.675,0.325,0.675,0.325,0.9,0.9,1
401809784,NBA,2025-11-15 01:00:00+00:00,Houston Rockets,Portland Trail Blazers,0.725,0.275,0.725,0.275,0.9,0.9,1
401810081,NBA,2025-11-14 02:00:00+00:00,Phoenix Suns,Indiana Pacers,0.605,0.395,0.605,0.395,0.9,0.9,1
401810082,NBA,2025-11-14 02:00:00+00:00,Utah Jazz,Atlanta Hawks,0.475,0.525,0.475,0.525,0.9,0.9,2
401810080,NBA,2025-11-14 00:00:00+00:00,Cleveland Cavaliers,Toronto Raptors,0.715,0.285,0.715,0.285,0.9,0.9,2
401810076,NBA,2025-11-13 01:30:00+00:00,Dallas Mavericks,Phoenix Suns,0.46,0.54,0.46,0.54,0.9,0.9,2
401810078,NBA,2025-11-13 03:00:00+00:00,Sacramento Kings,Atlanta Hawks,0.385,0.615,0.385,0.615,0.9,0.9,2
401810077,NBA,2025-11-13 02:47:00+00:00,Oklahoma City Thunder,Los Angeles Lakers,0.725,0.275,0.725,0.275,0.9,0.9,1
401810075,NBA,2025-11-13 01:00:00+00:00,San Antonio Spurs,Golden State Warriors,0.605,0.395,0.605,0.395,0.9,0.9,2
401810079,NBA,2025-11-13 03:30:00+00:00,LA Clippers,Denver Nuggets,0.365,0.635,0.365,0.635,0.9,0.9,2
401810074,NBA,2025-11-13 01:00:00+00:00,New Orleans Pelicans,Portland Trail Blazers,0.245,0.755,0.245,0.755,0.9,0.9,2
401810072,NBA,2025-11-13 00:30:00+00:00,Miami Heat,Cleveland Cavaliers,0.635,0.365,0.635,0.365,0.9,0.9,2
401810073,NBA,2025-11-13 01:00:00+00:00,Houston Rockets,Washington Wizards,0.905,0.095,0.905,0.095,0.9,0.9,1
401810071,NBA,2025-11-13 00:30:00+00:00,Boston Celtics,Memphis Grizzlies,0.735,0.265,0.735,0.265,0.9,0.9,1
401810070,NBA,2025-11-13 00:00:00+00:00,New York Knicks,Orlando Magic,0.615,0.385,0.615,0.385,0.9,0.9,2
401810068,NBA,2025-11-13 00:00:00+00:00,Charlotte Hornets,Milwaukee Bucks,0.425,0.575,0.425,0.575,0.9,0.9,1
401810069,NBA,2025-11-13 00:00:00+00:00,Detroit Pistons,Chicago Bulls,0.435,0.565,0.435,0.565,0.9,0.9,1
401810064,NBA,2025-11-12 01:00:00+00:00,Philadelphia 76ers,Boston Celtics,0.465,0.535,0.465,0.535,0.9,0.9,1
401809779,NBA,2025-11-08 03:00:00+00:00,Denver Nuggets,Golden State Warriors,0.79,0.21,0.79,0.21,0.9,0.9,1
401809774,NBA,2025-11-08 00:30:00+00:00,San Antonio Spurs,Houston Rockets,0.395,0.605,0.395,0.605,0.9,0.9,1
401810067,NBA,2025-11-12 04:00:00+00:00,Sacramento Kings,Denver Nuggets,0.245,0.755,0.245,0.755,0.9,0.9,2
401810065,NBA,2025-11-12 01:00:00+00:00,Oklahoma City Thunder,Golden State Warriors,0.735,0.265,0.735,0.265,0.9,0.9,1
401810063,NBA,2025-11-12 00:30:00+00:00,New York Knicks,Memphis Grizzlies,0.795,0.205,0.795,0.205,0.9,0.9,1
401810062,NBA,2025-11-12 00:30:00+00:00,Brooklyn Nets,Toronto Raptors,0.22,0.78,0.22,0.78,0.9,0.9,2
401810050,NBA,2025-11-10 00:30:00+00:00,Philadelphia 76ers,Detroit Pistons,0.375,0.625,0.375,0.625,0.9,0.9,2
401810043,NBA,2025-11-09 01:00:00+00:00,San Antonio Spurs,New Orleans Pelicans,0.815,0.185,0.815,0.185,0.9,0.9,1
401810066,NBA,2025-11-12 02:00:00+00:00,Utah Jazz,Indiana Pacers,0.435,0.565,0.435,0.565,0.9,0.9,1
401810061,NBA,2025-11-11 03:30:00+00:00,LA Clippers,Atlanta Hawks,0.635,0.365,0.635,0.365,0.9,0.9,2
401810058,NBA,2025-11-11 01:30:00+00:00,Dallas Mavericks,Milwaukee Bucks,0.395,0.605,0.395,0.605,0.9,0.9,2
401810054,NBA,2025-11-11 00:00:00+00:00,Detroit Pistons,Washington Wizards,0.815,0.185,0.815,0.185,0.9,0.9,1
401810053,NBA,2025-11-11 00:00:00+00:00,Charlotte Hornets,Los Angeles Lakers,0.245,0.755,0.245,0.755,0.9,0.9,2
401810060,NBA,2025-11-11 02:00:00+00:00,Utah Jazz,Minnesota Timberwolves,0.265,0.735,0.265,0.735,0.9,0.9,2
401810059,NBA,2025-11-11 02:00:00+00:00,Phoenix Suns,New Orleans Pelicans,0.755,0.245,0.755,0.245,0.9,0.9,1
401810056,NBA,2025-11-11 00:30:00+00:00,Miami Heat,Cleveland Cavaliers,0.27,0.73,0.27,0.73,0.9,0.9,1
401810057,NBA,2025-11-11 01:00:00+00:00,Chicago Bulls,San Antonio Spurs,0.355,0.645,0.355,0.645,0.9,0.9,2
401810055,NBA,2025-11-11 00:00:00+00:00,Orlando Magic,Portland Trail Blazers,0.535,0.465,0.535,0.465,0.9,0.9,1
401810044,NBA,2025-11-09 02:00:00+00:00,Denver Nuggets,Indiana Pacers,0.795,0.205,0.795,0.205,0.9,0.9,1
401810040,NBA,2025-11-09 01:00:00+00:00,Atlanta Hawks,Los Angeles Lakers,0.335,0.665,0.335,0.665,0.9,0.9,1
401810039,NBA,2025-11-09 00:30:00+00:00,Philadelphia 76ers,Toronto Raptors,0.635,0.365,0.635,0.365,0.9,0.9,1
401810038,NBA,2025-11-09 00:00:00+00:00,Washington Wizards,Dallas Mavericks,0.395,0.605,0.395,0.605,0.9,0.9,2
401810052,NBA,2025-11-10 02:00:00+00:00,Sacramento Kings,Minnesota Timberwolves,0.355,0.645,0.355,0.645,0.9,0.9,2
401810051,NBA,2025-11-10 01:30:00+00:00,Golden State Warriors,Indiana Pacers,0.845,0.155,0.845,0.155,0.9,0.9,1
401810049,NBA,2025-11-09 23:00:00+00:00,Memphis Grizzlies,Oklahoma City Thunder,0.185,0.815,0.185,0.815,0.9,0.9,2
401810048,NBA,2025-11-09 23:00:00+00:00,Orlando Magic,Boston Celtics,0.59,0.41,0.59,0.41,0.9,0.9,2
401810047,NBA,2025-11-09 23:00:00+00:00,New York Knicks,Brooklyn Nets,0.905,0.095,0.905,0.095,0.9,0.9,1
401810046,NBA,2025-11-09 20:30:00+00:00,Milwaukee Bucks,Houston Rockets,0.405,0.595,0.405,0.595,0.9,0.9,2
401810045,NBA,2025-11-09 03:30:00+00:00,LA Clippers,Phoenix Suns,0.625,0.375,0.625,0.375,0.9,0.9,2
401810042,NBA,2025-11-09 01:00:00+00:00,Miami Heat,Portland Trail Blazers,0.395,0.605,0.395,0.605,0.9,0.9,1
401810041,NBA,2025-11-09 01:00:00+00:00,Cleveland Cavaliers,Chicago Bulls,0.755,0.245,0.755,0.245,0.9,0.9,1
401809778,NBA,2025-11-08 01:00:00+00:00,Minnesota Timberwolves,Utah Jazz,0.845,0.155,0.845,0.155,0.9,0.9,1
401809777,NBA,2025-11-08 01:00:00+00:00,Milwaukee Bucks,Chicago Bulls,0.615,0.385,0.615,0.385,0.9,0.9,1
401809512,NBA,2025-11-08 00:30:00+00:00,Atlanta Hawks,Toronto Raptors,0.555,0.445,0.555,0.445,0.9,0.9,2
401809773,NBA,2025-11-08 00:30:00+00:00,Brooklyn Nets,Detroit Pistons,0.2,0.8,0.2,0.8,0.9,0.9,2
401809775,NBA,2025-11-08 01:00:00+00:00,Miami Heat,Charlotte Hornets,0.705,0.295,0.705,0.295,0.9,0.9,1
401809776,NBA,2025-11-08 01:00:00+00:00,Memphis Grizzlies,Dallas Mavericks,0.615,0.385,0.615,0.385,0.9,0.9,1
401809511,NBA,2025-11-08 00:00:00+00:00,Washington Wizards,Cleveland Cavaliers,0.125,0.875,0.125,0.875,0.9,0.9,2
401809510,NBA,2025-11-08 00:00:00+00:00,Orlando Magic,Boston Celtics,0.605,0.395,0.605,0.395,0.9,0.9,1
401809780,NBA,2025-11-08 03:00:00+00:00,Sacramento Kings,Oklahoma City Thunder,0.175,0.825,0.175,0.825,0.9,0.9,2
401810037,NBA,2025-11-07 02:00:00+00:00,Phoenix Suns,LA Clippers,0.565,0.435,0.565,0.435,0.9,0.9,1
401810031,NBA,2025-11-06 01:00:00+00:00,Memphis Grizzlies,Houston Rockets,0.275,0.725,0.275,0.725,0.9,0.9,2
401810033,NBA,2025-11-06 02:00:00+00:00,Denver Nuggets,Miami Heat,0.765,0.235,0.765,0.235,0.9,0.9,1
401810030,NBA,2025-11-06 00:30:00+00:00,New York Knicks,Minnesota Timberwolves,0.595,0.405,0.595,0.405,0.9,0.9,1
401810035,NBA,2025-11-06 03:00:00+00:00,Portland Trail Blazers,Oklahoma City Thunder,0.385,0.615,0.385,0.615,0.9,0.9,1
401810026,NBA,2025-11-06 00:00:00+00:00,Cleveland Cavaliers,Philadelphia 76ers,0.815,0.185,0.815,0.185,0.9,0.9,1
401810027,NBA,2025-11-06 00:00:00+00:00,Detroit Pistons,Utah Jazz,0.795,0.205,0.795,0.205,0.9,0.9,1
401810032,NBA,2025-11-06 01:30:00+00:00,Dallas Mavericks,New Orleans Pelicans,0.725,0.275,0.725,0.275,0.9,0.9,2
401810034,NBA,2025-11-06 03:00:00+00:00,Los Angeles Lakers,San Antonio Spurs,0.475,0.525,0.475,0.525,0.9,0.9,1
401810029,NBA,2025-11-06 00:30:00+00:00,Boston Celtics,Washington Wizards,0.835,0.165,0.835,0.165,0.9,0.9,1
401810028,NBA,2025-11-06 00:00:00+00:00,Indiana Pacers,Brooklyn Nets,0.675,0.325,0.675,0.325,0.9,0.9,2
401810036,NBA,2025-11-06 03:00:00+00:00,Sacramento Kings,Golden State Warriors,0.565,0.435,0.565,0.435,0.9,0.9,1
401810025,NBA,2025-11-05 04:00:00+00:00,LA Clippers,Oklahoma City Thunder,0.255,0.745,0.255,0.745,0.9,0.9,2
401810024,NBA,2025-11-05 03:00:00+00:00,Golden State Warriors,Phoenix Suns,0.795,0.205,0.795,0.205,0.9,0.9,1
401810023,NBA,2025-11-05 01:00:00+00:00,New Orleans Pelicans,Charlotte Hornets,0.575,0.425,0.575,0.425,0.9,0.9,1
401810020,NBA,2025-11-05 00:30:00+00:00,Toronto Raptors,Milwaukee Bucks,0.555,0.445,0.555,0.445,0.9,0.9,1
401810021,NBA,2025-11-05 01:00:00+00:00,Atlanta Hawks,Orlando Magic,0.405,0.595,0.405,0.595,0.9,0.9,1
401810022,NBA,2025-11-05 01:00:00+00:00,Chicago Bulls,Philadelphia 76ers,0.545,0.455,0.545,0.455,0.9,0.9,1
401810016,NBA,2025-11-04 01:00:00+00:00,Memphis Grizzlies,Detroit Pistons,0.375,0.625,0.375,0.625,0.9,0.9,2
401810015,NBA,2025-11-04 01:00:00+00:00,Houston Rockets,Dallas Mavericks,0.835,0.165,0.835,0.165,0.9,0.9,1
401810013,NBA,2025-11-04 00:30:00+00:00,Boston Celtics,Utah Jazz,0.805,0.195,0.805,0.195,0.9,0.9,2
401810018,NBA,2025-11-04 03:00:00+00:00,Portland Trail Blazers,Los Angeles Lakers,0.755,0.245,0.755,0.245,0.9,0.9,2
401810017,NBA,2025-11-04 02:00:00+00:00,Denver Nuggets,Sacramento Kings,0.825,0.175,0.825,0.175,0.9,0.9,1
401810014,NBA,2025-11-04 00:30:00+00:00,New York Knicks,Washington Wizards,0.845,0.155,0.845,0.155,0.9,0.9,1
401810012,NBA,2025-11-04 00:00:00+00:00,Indiana Pacers,Milwaukee Bucks,0.315,0.685,0.315,0.685,0.9,0.9,2
401810011,NBA,2025-11-04 00:00:00+00:00,Brooklyn Nets,Minnesota Timberwolves,0.205,0.795,0.205,0.795,0.9,0.9,2
401810019,NBA,2025-11-04 03:30:00+00:00,LA Clippers,Miami Heat,0.735,0.265,0.735,0.265,0.9,0.9,2
401810010,NBA,2025-11-03 02:30:00+00:00,Los Angeles Lakers,Miami Heat,0.625,0.375,0.625,0.375,0.9,0.9,1
401810009,NBA,2025-11-03 01:00:00+00:00,Phoenix Suns,San Antonio Spurs,0.335,0.665,0.335,0.665,0.9,0.9,1
401810004,NBA,2025-11-02 23:00:00+00:00,Brooklyn Nets,Philadelphia 76ers,0.355,0.645,0.355,0.645,0.9,0.9,2
401810008,NBA,2025-11-03 00:00:00+00:00,New York Knicks,Chicago Bulls,0.715,0.285,0.715,0.285,0.9,0.9,1
401810006,NBA,2025-11-02 23:00:00+00:00,Cleveland Cavaliers,Atlanta Hawks,0.675,0.325,0.675,0.325,0.9,0.9,1
401810005,NBA,2025-11-02 23:00:00+00:00,Charlotte Hornets,Utah Jazz,0.485,0.515,0.485,0.515,0.9,0.9,1
401810007,NBA,2025-11-02 23:00:00+00:00,Toronto Raptors,Memphis Grizzlies,0.615,0.385,0.615,0.385,0.9,0.9,1
401810003,NBA,2025-11-02 20:30:00+00:00,Oklahoma City Thunder,New Orleans Pelicans,0.855,0.145,0.855,0.145,0.9,0.9,1
401810001,NBA,2025-11-02 00:00:00+00:00,Boston Celtics,Houston Rockets,0.375,0.625,0.375,0.625,0.9,0.9,2
401809999,NBA,2025-11-01 23:00:00+00:00,Indiana Pacers,Golden State Warriors,0.195,0.805,0.195,0.805,0.9,0.9,1
401810002,NBA,2025-11-02 02:00:00+00:00,Detroit Pistons,Dallas Mavericks,0.715,0.285,0.715,0.285,0.9,0.9,1
401810000,NBA,2025-11-01 23:00:00+00:00,Washington Wizards,Orlando Magic,0.235,0.765,0.235,0.765,0.9,0.9,2
401809997,NBA,2025-11-01 21:00:00+00:00,Milwaukee Bucks,Sacramento Kings,0.685,0.315,0.685,0.315,0.9,0.9,2
401809998,NBA,2025-11-01 22:00:00+00:00,Charlotte Hornets,Minnesota Timberwolves,0.375,0.625,0.375,0.625,0.9,0.9,2
401809507,NBA,2025-11-01 02:00:00+00:00,Phoenix Suns,Utah Jazz,0.585,0.415,0.585,0.415,0.9,0.9,1
401809508,NBA,2025-11-01 02:00:00+00:00,Portland Trail Blazers,Denver Nuggets,0.325,0.675,0.325,0.675,0.9,0.9,1
401809504,NBA,2025-10-31 23:30:00+00:00,Cleveland Cavaliers,Toronto Raptors,0.645,0.355,0.645,0.355,0.9,0.9,2
401809506,NBA,2025-11-01 01:30:00+00:00,Memphis Grizzlies,Los Angeles Lakers,0.485,0.515,0.485,0.515,0.9,0.9,2
401809505,NBA,2025-11-01 00:00:00+00:00,Chicago Bulls,New York Knicks,0.365,0.635,0.365,0.635,0.9,0.9,1
401809509,NBA,2025-11-01 02:30:00+00:00,LA Clippers,New Orleans Pelicans,0.815,0.185,0.815,0.185,0.9,0.9,1
401809503,NBA,2025-10-31 23:00:00+00:00,Philadelphia 76ers,Boston Celtics,0.465,0.535,0.465,0.535,0.9,0.9,2
401809502,NBA,2025-10-31 23:00:00+00:00,Indiana Pacers,Atlanta Hawks,0.455,0.545,0.455,0.545,0.9,0.9,2
401809996,NBA,2025-10-31 00:30:00+00:00,San Antonio Spurs,Miami Heat,0.675,0.325,0.675,0.325,0.9,0.9,1
401809995,NBA,2025-10-31 00:00:00+00:00,Oklahoma City Thunder,Washington Wizards,0.895,0.105,0.895,0.105,0.9,0.9,1
401809993,NBA,2025-10-30 23:00:00+00:00,Charlotte Hornets,Orlando Magic,0.415,0.585,0.415,0.585,0.9,0.9,2
401809994,NBA,2025-10-31 00:00:00+00:00,Milwaukee Bucks,Golden State Warriors,0.275,0.725,0.275,0.725,0.9,0.9,1
401809988,NBA,2025-10-30 00:30:00+00:00,Dallas Mavericks,Indiana Pacers,0.675,0.325,0.675,0.325,0.9,0.9,1
401809978,NBA,2025-10-28 23:00:00+00:00,Washington Wizards,Philadelphia 76ers,0.365,0.635,0.365,0.635,0.9,0.9,2
401809245,NBA,2025-10-27 23:00:00+00:00,Detroit Pistons,Cleveland Cavaliers,0.455,0.545,0.455,0.545,0.9,0.9,2
401809965,NBA,2025-10-26 23:00:00+00:00,Minnesota Timberwolves,Indiana Pacers,0.825,0.175,0.825,0.175,0.9,0.9,1
401809964,NBA,2025-10-26 22:00:00+00:00,Washington Wizards,Charlotte Hornets,0.545,0.455,0.545,0.455,0.9,0.9,2
401809991,NBA,2025-10-30 01:30:00+00:00,Minnesota Timberwolves,Los Angeles Lakers,0.725,0.275,0.725,0.275,0.9,0.9,2
401809973,NBA,2025-10-28 00:00:00+00:00,San Antonio Spurs,Toronto Raptors,0.615,0.385,0.615,0.385,0.9,0.9,1
401809963,NBA,2025-10-26 22:00:00+00:00,Miami Heat,New York Knicks,0.415,0.585,0.415,0.585,0.9,0.9,1
401809962,NBA,2025-10-26 22:00:00+00:00,Cleveland Cavaliers,Milwaukee Bucks,0.695,0.305,0.695,0.305,0.9,0.9,1
401809992,NBA,2025-10-30 02:00:00+00:00,Phoenix Suns,Memphis Grizzlies,0.445,0.555,0.445,0.555,0.9,0.9,2
401809990,NBA,2025-10-30 01:00:00+00:00,Utah Jazz,Portland Trail Blazers,0.425,0.575,0.425,0.575,0.9,0.9,2
401809989,NBA,2025-10-30 01:00:00+00:00,Denver Nuggets,New Orleans Pelicans,0.855,0.145,0.855,0.145,0.9,0.9,1
401809986,NBA,2025-10-29 22:30:00+00:00,Toronto Raptors,Houston Rockets,0.325,0.675,0.325,0.675,0.9,0.9,2
401809987,NBA,2025-10-30 00:00:00+00:00,Chicago Bulls,Sacramento Kings,0.635,0.365,0.635,0.365,0.9,0.9,1
401809985,NBA,2025-10-29 23:30:00+00:00,Brooklyn Nets,Atlanta Hawks,0.255,0.745,0.255,0.745,0.9,0.9,2
401809984,NBA,2025-10-29 23:00:00+00:00,Detroit Pistons,Orlando Magic,0.475,0.525,0.475,0.525,0.9,0.9,1
401809982,NBA,2025-10-29 03:00:00+00:00,Golden State Warriors,LA Clippers,0.49,0.51,0.49,0.51,0.9,0.9,1
401809983,NBA,2025-10-29 23:00:00+00:00,Boston Celtics,Cleveland Cavaliers,0.395,0.605,0.395,0.605,0.9,0.9,1
401809980,NBA,2025-10-29 00:00:00+00:00,Milwaukee Bucks,New York Knicks,0.465,0.535,0.465,0.535,0.9,0.9,1
401809981,NBA,2025-10-29 00:00:00+00:00,Oklahoma City Thunder,Sacramento Kings,0.775,0.225,0.775,0.225,0.9,0.9,1
401809979,NBA,2025-10-28 23:30:00+00:00,Miami Heat,Charlotte Hornets,0.625,0.375,0.625,0.375,0.9,0.8,1
401809977,NBA,2025-10-28 02:30:00+00:00,Los Angeles Lakers,Portland Trail Blazers,0.425,0.575,0.425,0.575,0.9,0.9,2
401809976,NBA,2025-10-28 02:00:00+00:00,Golden State Warriors,Memphis Grizzlies,0.735,0.265,0.735,0.265,0.9,0.9,1
401809975,NBA,2025-10-28 01:00:00+00:00,Utah Jazz,Phoenix Suns,0.53,0.47,0.53,0.47,0.9,0.9,1
401809974,NBA,2025-10-28 00:30:00+00:00,Dallas Mavericks,Oklahoma City Thunder,0.235,0.765,0.235,0.765,0.9,0.9,2
401809972,NBA,2025-10-28 00:00:00+00:00,New Orleans Pelicans,Boston Celtics,0.365,0.635,0.365,0.635,0.9,0.9,2
401809971,NBA,2025-10-28 00:00:00+00:00,Houston Rockets,Brooklyn Nets,0.895,0.105,0.895,0.105,0.9,0.9,1
401809970,NBA,2025-10-28 00:00:00+00:00,Chicago Bulls,Atlanta Hawks,0.445,0.555,0.445,0.555,0.9,0.9,1
401809969,NBA,2025-10-27 23:00:00+00:00,Philadelphia 76ers,Orlando Magic,0.325,0.675,0.325,0.675,0.9,0.9,1
401809246,NBA,2025-10-28 01:30:00+00:00,Minnesota Timberwolves,Denver Nuggets,0.325,0.675,0.325,0.675,0.9,0.9,2
401809968,NBA,2025-10-27 01:00:00+00:00,Sacramento Kings,Los Angeles Lakers,0.605,0.395,0.605,0.395,0.9,0.9,2
401809967,NBA,2025-10-27 01:00:00+00:00,LA Clippers,Portland Trail Blazers,0.745,0.255,0.745,0.255,0.9,0.9,1
401809966,NBA,2025-10-26 23:30:00+00:00,Dallas Mavericks,Toronto Raptors,0.495,0.505,0.495,0.505,0.9,0.8,1
401809961,NBA,2025-10-26 19:30:00+00:00,Detroit Pistons,Boston Celtics,0.555,0.445,0.555,0.445,0.9,0.9,1
401809957,NBA,2025-10-25 23:30:00+00:00,Philadelphia 76ers,Charlotte Hornets,0.645,0.355,0.645,0.355,0.9,0.9,1
401809956,NBA,2025-10-25 23:30:00+00:00,Atlanta Hawks,Oklahoma City Thunder,0.255,0.745,0.255,0.745,0.9,0.9,2
401809949,NBA,2025-10-25 00:00:00+00:00,New Orleans Pelicans,San Antonio Spurs,0.395,0.605,0.395,0.605,0.9,0.9,2
401809948,NBA,2025-10-25 00:00:00+00:00,Memphis Grizzlies,Miami Heat,0.585,0.415,0.585,0.415,0.9,0.9,2
401809946,NBA,2025-10-24 22:30:00+00:00,Toronto Raptors,Milwaukee Bucks,0.545,0.455,0.545,0.455,0.9,0.9,2
401809943,NBA,2025-10-24 23:00:00+00:00,Orlando Magic,Atlanta Hawks,0.665,0.335,0.665,0.335,0.9,0.9,2
401809944,NBA,2025-10-24 23:30:00+00:00,Brooklyn Nets,Cleveland Cavaliers,0.165,0.835,0.165,0.835,0.9,0.9,2
401809945,NBA,2025-10-24 23:30:00+00:00,New York Knicks,Boston Celtics,0.615,0.385,0.615,0.385,0.9,0.9,1
401809951,NBA,2025-10-25 02:00:00+00:00,Los Angeles Lakers,Minnesota Timberwolves,0.47,0.53,0.47,0.53,0.9,0.9,1
401809236,NBA,2025-10-23 23:30:00+00:00,Indiana Pacers,Oklahoma City Thunder,0.285,0.715,0.285,0.715,0.9,0.9,2
401809942,NBA,2025-10-23 02:00:00+00:00,Portland Trail Blazers,Minnesota Timberwolves,0.355,0.645,0.355,0.645,0.9,0.9,2
401809940,NBA,2025-10-23 01:00:00+00:00,Utah Jazz,LA Clippers,0.215,0.785,0.215,0.785,0.9,0.9,1
401809941,NBA,2025-10-23 02:00:00+00:00,Phoenix Suns,Sacramento Kings,0.605,0.395,0.605,0.395,0.9,0.9,1
401809938,NBA,2025-10-23 00:00:00+00:00,Memphis Grizzlies,New Orleans Pelicans,0.625,0.375,0.625,0.375,0.9,0.9,1
401809934,NBA,2025-10-22 23:00:00+00:00,Orlando Magic,Miami Heat,0.745,0.255,0.745,0.255,0.9,0.9,1
401809933,NBA,2025-10-22 23:00:00+00:00,Charlotte Hornets,Brooklyn Nets,0.645,0.355,0.645,0.355,0.9,0.9,1
401809937,NBA,2025-10-23 00:00:00+00:00,Chicago Bulls,Detroit Pistons,0.415,0.585,0.415,0.585,0.9,0.9,1
401809939,NBA,2025-10-23 00:00:00+00:00,Milwaukee Bucks,Washington Wizards,0.785,0.215,0.785,0.215,0.9,0.9,1
401809936,NBA,2025-10-22 23:30:00+00:00,Boston Celtics,Philadelphia 76ers,0.655,0.345,0.655,0.345,0.9,0.9,2
401809234,NBA,2025-10-22 23:00:00+00:00,New York Knicks,Cleveland Cavaliers,0.465,0.535,0.465,0.535,0.9,0.9,1
401809244,NBA,2025-10-22 02:00:00+00:00,Los Angeles Lakers,Golden State Warriors,0.445,0.555,0.445,0.555,0.9,0.9,2
401809935,NBA,2025-10-22 23:30:00+00:00,Atlanta Hawks,Toronto Raptors,0.665,0.335,0.665,0.335,0.9,0.9,2
401809243,NBA,2025-10-21 23:30:00+00:00,Oklahoma City Thunder,Houston Rockets,0.695,0.305,0.695,0.305,0.9,0.9,1
401809235,NBA,2025-10-23 01:47:00+00:00,Dallas Mavericks,San Antonio Spurs,0.595,0.405,0.595,0.405,0.9,0.9,2
401809947,NBA,2025-10-25 00:00:00+00:00,Houston Rockets,Detroit Pistons,0.695,0.305,0.695,0.305,0.9,0.9,2
401809959,NBA,2025-10-26 01:00:00+00:00,Denver Nuggets,Phoenix Suns,0.86,0.14,0.86,0.14,0.9,0.9,1
401809960,NBA,2025-10-26 18:00:00+00:00,San Antonio Spurs,Brooklyn Nets,0.805,0.195,0.805,0.195,0.9,0.9,1
401809958,NBA,2025-10-26 00:00:00+00:00,Memphis Grizzlies,Indiana Pacers,0.545,0.455,0.545,0.455,0.9,0.9,1
401809955,NBA,2025-10-25 23:00:00+00:00,Orlando Magic,Chicago Bulls,0.685,0.315,0.685,0.315,0.9,0.9,2
401809954,NBA,2025-10-25 02:30:00+00:00,LA Clippers,Phoenix Suns,0.785,0.215,0.785,0.215,0.9,0.9,1
401809953,NBA,2025-10-25 02:00:00+00:00,Sacramento Kings,Utah Jazz,0.665,0.335,0.665,0.335,0.9,0.9,1
401809950,NBA,2025-10-25 00:30:00+00:00,Dallas Mavericks,Washington Wizards,0.775,0.225,0.775,0.225,0.9,0.9,2
401809952,NBA,2025-10-25 02:00:00+00:00,Portland Trail Blazers,Golden State Warriors,0.415,0.585,0.415,0.585,0.9,0.9,1
401809237,NBA,2025-10-24 02:17:00+00:00,Golden State Warriors,Denver Nuggets,0.515,0.485,0.515,0.485,0.9,0.9,1
401812730,NBA,2025-10-17 01:00:00+00:00,Utah Jazz,Portland Trail Blazers,0.435,0.565,0.435,0.565,0.9,0.9,1
401812728,NBA,2025-10-16 23:30:00+00:00,Atlanta Hawks,Houston Rockets,0.68,0.32,0.68,0.32,0.9,0.9,2
401812738,NBA,2025-10-18 02:30:00+00:00,Los Angeles Lakers,Sacramento Kings,0.715,0.285,0.715,0.285,0.9,0.9,2
401812737,NBA,2025-10-18 02:00:00+00:00,Golden State Warriors,LA Clippers,0.605,0.395,0.605,0.395,0.9,0.9,2
401812733,NBA,2025-10-17 23:30:00+00:00,New York Knicks,Charlotte Hornets,0.665,0.335,0.665,0.335,0.9,0.9,1
401812732,NBA,2025-10-17 23:00:00+00:00,Philadelphia 76ers,Minnesota Timberwolves,0.7,0.3,0.7,0.3,0.9,0.9,1
401812735,NBA,2025-10-18 00:00:00+00:00,Oklahoma City Thunder,Denver Nuggets,0.76,0.24,0.76,0.24,0.9,0.9,1
401812736,NBA,2025-10-18 00:00:00+00:00,San Antonio Spurs,Indiana Pacers,0.64,0.36,0.64,0.36,0.9,0.9,1
401812734,NBA,2025-10-18 00:00:00+00:00,Miami Heat,Memphis Grizzlies,0.59,0.41,0.59,0.41,0.9,0.9,2
401812727,NBA,2025-10-16 23:00:00+00:00,Detroit Pistons,Washington Wizards,0.655,0.345,0.655,0.345,0.9,0.9,1
401812729,NBA,2025-10-17 00:00:00+00:00,Chicago Bulls,Minnesota Timberwolves,0.32,0.68,0.32,0.68,0.9,0.9,1
401812731,NBA,2025-10-17 23:00:00+00:00,Toronto Raptors,Brooklyn Nets,0.695,0.305,0.695,0.305,0.9,0.9,1
401812726,NBA,2025-10-16 23:00:00+00:00,Orlando Magic,New Orleans Pelicans,0.705,0.295,0.705,0.295,0.9,0.9,1
401812725,NBA,2025-10-16 02:00:00+00:00,Sacramento Kings,LA Clippers,0.365,0.635,0.365,0.635,0.9,0.9,2
401812723,NBA,2025-10-15 23:30:00+00:00,Boston Celtics,Toronto Raptors,0.605,0.395,0.605,0.395,0.9,0.9,1
401812724,NBA,2025-10-16 02:30:00+00:00,Los Angeles Lakers,Dallas Mavericks,0.265,0.735,0.265,0.735,0.9,0.9,2
401812722,NBA,2025-10-15 23:00:00+00:00,Charlotte Hornets,Memphis Grizzlies,0.56,0.44,0.56,0.44,0.9,0.9,1
401812721,NBA,2025-10-15 02:00:00+00:00,Phoenix Suns,Los Angeles Lakers,0.225,0.775,0.225,0.775,0.9,0.9,1
401812716,NBA,2025-10-14 23:00:00+00:00,Cleveland Cavaliers,Detroit Pistons,0.715,0.285,0.715,0.285,0.9,0.9,1
401812719,NBA,2025-10-15 01:00:00+00:00,Denver Nuggets,Chicago Bulls,0.645,0.355,0.645,0.355,0.9,0.9,1
401812720,NBA,2025-10-15 02:00:00+00:00,Portland Trail Blazers,Golden State Warriors,0.455,0.545,0.455,0.545,0.9,0.9,2
401812715,NBA,2025-10-14 01:00:00+00:00,Utah Jazz,Dallas Mavericks,0.415,0.585,0.415,0.585,0.9,0.9,2
401812712,NBA,2025-10-13 23:00:00+00:00,Indiana Pacers,San Antonio Spurs,0.57,0.43,0.57,0.43,0.9,0.9,2
401812717,NBA,2025-10-15 00:00:00+00:00,New Orleans Pelicans,Houston Rockets,0.325,0.675,0.325,0.675,0.9,0.9,2
401812708,NBA,2025-10-12 23:00:00+00:00,Chicago Bulls,Milwaukee Bucks,0.49,0.51,0.49,0.51,1.0,1.0,2
401812713,NBA,2025-10-13 23:30:00+00:00,New York Knicks,Washington Wizards,0.685,0.315,0.685,0.315,0.9,0.9,2
401812711,NBA,2025-10-13 22:00:00+00:00,Atlanta Hawks,Miami Heat,0.395,0.605,0.395,0.605,0.9,1.0,1
401812710,NBA,2025-10-13 01:30:00+00:00,Los Angeles Lakers,Golden State Warriors,0.535,0.465,0.535,0.465,0.9,0.9,1
401812703,NBA,2025-10-12 00:30:00+00:00,Dallas Mavericks,Charlotte Hornets,0.725,0.275,0.725,0.275,0.9,0.9,2
401812705,NBA,2025-10-12 19:00:00+00:00,Washington Wizards,Toronto Raptors,0.365,0.635,0.365,0.635,0.9,0.9,2
401812707,NBA,2025-10-12 23:00:00+00:00,Boston Celtics,Cleveland Cavaliers,0.715,0.285,0.715,0.285,0.9,1.0,1
401812706,NBA,2025-10-12 22:00:00+00:00,Orlando Magic,Miami Heat,0.645,0.355,0.645,0.355,0.9,0.9,1
401812704,NBA,2025-10-12 11:00:00+00:00,Phoenix Suns,Brooklyn Nets,0.625,0.375,0.625,0.375,0.9,0.9,2
401812709,NBA,2025-10-13 01:30:00+00:00,LA Clippers,Denver Nuggets,0.595,0.405,0.595,0.405,0.9,0.9,2
401812701,NBA,2025-10-11 23:00:00+00:00,Indiana Pacers,Oklahoma City Thunder,0.48,0.52,0.48,0.52,0.9,0.9,1
401812700,NBA,2025-10-11 02:00:00+00:00,Portland Trail Blazers,Sacramento Kings,0.56,0.44,0.56,0.44,1.0,0.9,1
401812699,NBA,2025-10-11 00:00:00+00:00,San Antonio Spurs,Utah Jazz,0.69,0.31,0.69,0.31,0.9,0.9,1
401812697,NBA,2025-10-10 23:00:00+00:00,Toronto Raptors,Boston Celtics,0.425,0.575,0.425,0.575,0.9,0.9,1
401812698,NBA,2025-10-10 23:00:00+00:00,Philadelphia 76ers,Orlando Magic,0.335,0.665,0.335,0.665,0.9,0.9,2
401812696,NBA,2025-10-10 12:00:00+00:00,Brooklyn Nets,Phoenix Suns,0.335,0.665,0.335,0.665,0.9,0.9,2
401812694,NBA,2025-10-10 00:00:00+00:00,Oklahoma City Thunder,Charlotte Hornets,0.795,0.205,0.795,0.205,0.9,0.9,1
401812693,NBA,2025-10-10 00:00:00+00:00,Milwaukee Bucks,Detroit Pistons,0.33,0.67,0.33,0.67,0.9,0.9,1
401812692,NBA,2025-10-10 00:00:00+00:00,Chicago Bulls,Cleveland Cavaliers,0.345,0.655,0.345,0.655,0.9,0.9,1
401812691,NBA,2025-10-09 23:30:00+00:00,New York Knicks,Minnesota Timberwolves,0.64,0.36,0.64,0.36,0.9,0.9,1
401772984,NFL,2026-01-18 01:00:00+00:00,Seattle Seahawks,San Francisco 49ers,0.725,0.275,0.725,0.275,0.8,0.8,1
401772983,NFL,2026-01-18 20:00:00+00:00,New England Patriots,Houston Texans,0.635,0.365,0.635,0.365,0.8,0.8,1
401772982,NFL,2026-01-17 21:30:00+00:00,Denver Broncos,Buffalo Bills,0.535,0.465,0.535,0.465,0.8,0.8,1
401772985,NFL,2026-01-18 23:30:00+00:00,Chicago Bears,Los Angeles Rams,0.345,0.655,0.345,0.655,0.7,0.8,2
401772978,NFL,2026-01-12 01:15:00+00:00,New England Patriots,Los Angeles Chargers,0.655,0.345,0.655,0.345,0.8,0.8,1
401772980,NFL,2026-01-11 21:30:00+00:00,Philadelphia Eagles,San Francisco 49ers,0.685,0.315,0.685,0.315,0.8,0.8,2
401772979,NFL,2026-01-10 21:30:00+00:00,Carolina Panthers,Los Angeles Rams,0.185,0.815,0.185,0.815,0.8,0.8,2
401772981,NFL,2026-01-11 01:00:00+00:00,Chicago Bears,Green Bay Packers,0.455,0.545,0.455,0.545,0.8,0.8,1
401772977,NFL,2026-01-11 18:00:00+00:00,Jacksonville Jaguars,Buffalo Bills,0.545,0.455,0.545,0.455,0.9,0.8,2
401772976,NFL,2026-01-13 01:15:00+00:00,Pittsburgh Steelers,Houston Texans,0.405,0.595,0.405,0.595,0.8,0.8,2
401772969,NFL,2026-01-03 21:30:00+00:00,Tampa Bay Buccaneers,Carolina Panthers,0.605,0.395,0.605,0.395,0.8,0.8,1
401772959,NFL,2026-01-04 21:25:00+00:00,Philadelphia Eagles,Washington Commanders,0.635,0.365,0.635,0.365,0.8,0.8,2
401772960,NFL,2026-01-05 01:20:00+00:00,Pittsburgh Steelers,Baltimore Ravens,0.315,0.685,0.315,0.685,0.7,0.6,1
401772963,NFL,2026-01-04 18:00:00+00:00,New York Giants,Dallas Cowboys,0.375,0.625,0.375,0.625,0.8,0.8,1
401772961,NFL,2026-01-04 01:00:00+00:00,San Francisco 49ers,Seattle Seahawks,0.415,0.585,0.415,0.585,0.8,0.7,2
401772955,NFL,2026-01-04 21:25:00+00:00,Los Angeles Rams,Arizona Cardinals,0.915,0.085,0.915,0.085,0.9,0.9,1
401772958,NFL,2026-01-04 21:25:00+00:00,New England Patriots,Miami Dolphins,0.885,0.115,0.885,0.115,0.8,0.8,1
401772968,NFL,2026-01-04 18:00:00+00:00,Minnesota Vikings,Green Bay Packers,0.835,0.165,0.835,0.165,0.8,0.8,1
401772970,NFL,2026-01-04 18:00:00+00:00,Jacksonville Jaguars,Tennessee Titans,0.865,0.135,0.865,0.135,0.9,0.8,1
401772964,NFL,2026-01-04 18:00:00+00:00,Cincinnati Bengals,Cleveland Browns,0.785,0.215,0.785,0.215,0.8,0.9,2
401772956,NFL,2026-01-04 21:25:00+00:00,Denver Broncos,Los Angeles Chargers,0.885,0.115,0.885,0.115,0.8,0.8,1
401772957,NFL,2026-01-04 21:25:00+00:00,Las Vegas Raiders,Kansas City Chiefs,0.365,0.635,0.365,0.635,0.8,0.8,1
401772965,NFL,2026-01-04 21:25:00+00:00,Chicago Bears,Detroit Lions,0.605,0.395,0.605,0.395,0.8,0.8,2
401772966,NFL,2026-01-04 18:00:00+00:00,Atlanta Falcons,New Orleans Saints,0.665,0.335,0.665,0.335,0.8,0.8,1
401772967,NFL,2026-01-04 21:25:00+00:00,Buffalo Bills,New York Jets,0.845,0.155,0.845,0.155,0.8,0.8,1
401772962,NFL,2026-01-04 18:00:00+00:00,Houston Texans,Indianapolis Colts,0.815,0.185,0.815,0.185,0.8,0.8,1
401772825,NFL,2025-12-30 01:15:00+00:00,Atlanta Falcons,Los Angeles Rams,0.235,0.765,0.235,0.765,0.8,0.9,1
401772935,NFL,2025-12-29 01:20:00+00:00,San Francisco 49ers,Chicago Bears,0.665,0.335,0.665,0.335,0.9,0.8,1
401772950,NFL,2025-12-28 21:05:00+00:00,Las Vegas Raiders,New York Giants,0.415,0.585,0.415,0.585,0.8,0.8,2
401772954,NFL,2025-12-28 18:00:00+00:00,Cincinnati Bengals,Arizona Cardinals,0.745,0.255,0.745,0.255,0.8,0.8,1
401772808,NFL,2025-12-28 18:00:00+00:00,New York Jets,New England Patriots,0.135,0.865,0.135,0.865,0.9,0.8,2
401772809,NFL,2025-12-28 18:00:00+00:00,Tennessee Titans,New Orleans Saints,0.485,0.515,0.485,0.515,0.8,0.9,2
401772917,NFL,2025-12-28 21:25:00+00:00,Buffalo Bills,Philadelphia Eagles,0.615,0.385,0.615,0.385,0.8,0.8,2
401772916,NFL,2025-12-28 18:00:00+00:00,Miami Dolphins,Tampa Bay Buccaneers,0.315,0.685,0.315,0.685,0.8,0.8,1
401772807,NFL,2025-12-28 18:00:00+00:00,Cleveland Browns,Pittsburgh Steelers,0.335,0.665,0.335,0.665,0.8,0.8,1
401772952,NFL,2025-12-28 18:00:00+00:00,Carolina Panthers,Seattle Seahawks,0.265,0.735,0.265,0.735,0.8,0.8,2
401772915,NFL,2025-12-28 18:00:00+00:00,Indianapolis Colts,Jacksonville Jaguars,0.335,0.665,0.335,0.665,0.8,0.8,2
401772953,NFL,2025-12-28 01:00:00+00:00,Green Bay Packers,Baltimore Ravens,0.555,0.445,0.555,0.445,0.8,0.9,2
401772951,NFL,2025-12-27 21:30:00+00:00,Los Angeles Chargers,Houston Texans,0.515,0.485,0.515,0.485,0.9,0.8,2
401772711,NFL,2025-12-25 21:30:00+00:00,Minnesota Vikings,Detroit Lions,0.245,0.755,0.245,0.755,0.9,0.9,1
401772622,NFL,2025-12-26 01:15:00+00:00,Kansas City Chiefs,Denver Broncos,0.135,0.865,0.135,0.865,0.8,0.9,2
401772710,NFL,2025-12-25 18:00:00+00:00,Washington Commanders,Dallas Cowboys,0.215,0.785,0.215,0.785,0.9,0.8,2
401772824,NFL,2025-12-23 01:15:00+00:00,Indianapolis Colts,San Francisco 49ers,0.345,0.655,0.345,0.655,0.8,0.8,2
401772914,NFL,2025-12-21 21:05:00+00:00,Arizona Cardinals,Atlanta Falcons,0.425,0.575,0.425,0.575,0.7,0.7,2
401772806,NFL,2025-12-21 21:25:00+00:00,Detroit Lions,Pittsburgh Steelers,0.775,0.225,0.775,0.225,0.9,0.8,2
401772805,NFL,2025-12-21 21:25:00+00:00,Houston Texans,Las Vegas Raiders,0.885,0.115,0.885,0.115,0.9,0.8,1
401772913,NFL,2025-12-21 21:05:00+00:00,Denver Broncos,Jacksonville Jaguars,0.625,0.375,0.625,0.375,0.7,0.7,2
401772934,NFL,2025-12-21 18:00:00+00:00,Miami Dolphins,Cincinnati Bengals,0.365,0.635,0.365,0.635,0.9,0.9,2
401772804,NFL,2025-12-22 01:20:00+00:00,Baltimore Ravens,New England Patriots,0.655,0.345,0.655,0.345,0.9,0.9,2
401772911,NFL,2025-12-21 18:00:00+00:00,New York Giants,Minnesota Vikings,0.435,0.565,0.435,0.565,0.9,0.9,2
401772613,NFL,2025-12-21 01:20:00+00:00,Chicago Bears,Green Bay Packers,0.525,0.475,0.525,0.475,0.8,0.8,1
401772910,NFL,2025-12-21 18:00:00+00:00,Dallas Cowboys,Los Angeles Chargers,0.535,0.465,0.535,0.465,0.8,0.9,2
401772912,NFL,2025-12-21 18:00:00+00:00,Carolina Panthers,Tampa Bay Buccaneers,0.415,0.585,0.415,0.585,0.9,0.9,1
401772612,NFL,2025-12-20 22:00:00+00:00,Washington Commanders,Philadelphia Eagles,0.255,0.745,0.255,0.745,0.9,0.8,2
401772801,NFL,2025-12-21 18:00:00+00:00,New Orleans Saints,New York Jets,0.725,0.275,0.725,0.275,0.8,0.9,1
401772802,NFL,2025-12-21 18:00:00+00:00,Cleveland Browns,Buffalo Bills,0.175,0.825,0.175,0.825,0.8,0.9,2
401772803,NFL,2025-12-21 18:00:00+00:00,Tennessee Titans,Kansas City Chiefs,0.375,0.625,0.375,0.625,0.9,0.9,1
401772949,NFL,2025-12-19 01:15:00+00:00,Seattle Seahawks,Los Angeles Rams,0.555,0.445,0.555,0.445,0.8,0.8,1
401772823,NFL,2025-12-16 01:15:00+00:00,Pittsburgh Steelers,Miami Dolphins,0.635,0.365,0.635,0.365,0.9,0.9,1
401772799,NFL,2025-12-14 21:25:00+00:00,Seattle Seahawks,Indianapolis Colts,0.845,0.155,0.845,0.155,0.8,0.8,1
401772908,NFL,2025-12-14 21:25:00+00:00,New Orleans Saints,Carolina Panthers,0.445,0.555,0.445,0.555,0.8,0.8,1
401772909,NFL,2025-12-14 21:25:00+00:00,Los Angeles Rams,Detroit Lions,0.695,0.305,0.695,0.305,0.8,0.8,1
401772800,NFL,2025-12-14 21:25:00+00:00,Denver Broncos,Green Bay Packers,0.465,0.535,0.465,0.535,0.8,0.8,1
401772933,NFL,2025-12-15 01:20:00+00:00,Dallas Cowboys,Minnesota Vikings,0.685,0.315,0.685,0.315,0.9,0.8,2
401772907,NFL,2025-12-14 21:25:00+00:00,San Francisco 49ers,Tennessee Titans,0.865,0.135,0.865,0.135,0.8,0.8,1
401772906,NFL,2025-12-14 18:00:00+00:00,Philadelphia Eagles,Las Vegas Raiders,0.865,0.135,0.865,0.135,0.8,0.9,1
401772905,NFL,2025-12-14 18:00:00+00:00,New York Giants,Washington Commanders,0.585,0.415,0.585,0.415,0.8,0.9,2
401772903,NFL,2025-12-14 18:00:00+00:00,Houston Texans,Arizona Cardinals,0.825,0.175,0.825,0.175,0.8,0.9,1
401772798,NFL,2025-12-14 18:00:00+00:00,Kansas City Chiefs,Los Angeles Chargers,0.715,0.285,0.715,0.285,0.8,0.8,2
401772797,NFL,2025-12-14 18:00:00+00:00,Jacksonville Jaguars,New York Jets,0.875,0.125,0.875,0.125,0.8,0.9,1
401772904,NFL,2025-12-14 18:00:00+00:00,Chicago Bears,Cleveland Browns,0.755,0.245,0.755,0.245,0.9,0.8,1
401772795,NFL,2025-12-14 18:00:00+00:00,New England Patriots,Buffalo Bills,0.435,0.565,0.435,0.565,0.9,0.8,2
401772796,NFL,2025-12-14 18:00:00+00:00,Cincinnati Bengals,Baltimore Ravens,0.385,0.615,0.385,0.615,0.9,0.9,2
401772948,NFL,2025-12-12 01:15:00+00:00,Tampa Bay Buccaneers,Atlanta Falcons,0.725,0.275,0.725,0.275,0.9,0.9,2
401772822,NFL,2025-12-09 01:15:00+00:00,Los Angeles Chargers,Philadelphia Eagles,0.495,0.505,0.495,0.505,0.9,0.9,1
401772932,NFL,2025-12-08 01:20:00+00:00,Kansas City Chiefs,Houston Texans,0.675,0.325,0.675,0.325,0.9,0.9,2
401772898,NFL,2025-12-07 18:00:00+00:00,Cleveland Browns,Tennessee Titans,0.635,0.365,0.635,0.365,0.9,0.9,2
401772794,NFL,2025-12-07 21:05:00+00:00,Las Vegas Raiders,Denver Broncos,0.225,0.775,0.225,0.775,0.9,0.9,2
401772899,NFL,2025-12-07 18:00:00+00:00,Minnesota Vikings,Washington Commanders,0.515,0.485,0.515,0.485,0.8,0.9,1
401772792,NFL,2025-12-07 18:00:00+00:00,Tampa Bay Buccaneers,New Orleans Saints,0.775,0.225,0.775,0.225,0.9,0.8,2
401772897,NFL,2025-12-07 21:25:00+00:00,Green Bay Packers,Chicago Bears,0.755,0.245,0.755,0.245,0.9,0.9,1
401772791,NFL,2025-12-07 18:00:00+00:00,Baltimore Ravens,Pittsburgh Steelers,0.705,0.295,0.705,0.295,0.9,0.8,2
401772821,NFL,2025-12-02 01:15:00+00:00,New England Patriots,New York Giants,0.745,0.255,0.745,0.255,0.9,0.9,1
401772931,NFL,2025-12-01 01:20:00+00:00,Washington Commanders,Denver Broncos,0.285,0.715,0.285,0.715,0.7,0.7,2
401772896,NFL,2025-11-30 21:05:00+00:00,Seattle Seahawks,Minnesota Vikings,0.855,0.145,0.855,0.145,0.8,0.9,1
401772895,NFL,2025-11-30 18:00:00+00:00,Tampa Bay Buccaneers,Arizona Cardinals,0.66,0.34,0.66,0.34,0.9,0.9,1
401772893,NFL,2025-11-30 18:00:00+00:00,New York Jets,Atlanta Falcons,0.405,0.595,0.405,0.595,0.9,0.8,1
401772789,NFL,2025-11-30 21:25:00+00:00,Pittsburgh Steelers,Buffalo Bills,0.385,0.615,0.385,0.615,0.8,0.9,2
401772891,NFL,2025-11-27 18:00:00+00:00,Detroit Lions,Green Bay Packers,0.605,0.395,0.605,0.395,0.8,0.9,2
401772694,NFL,2025-11-27 21:30:00+00:00,Dallas Cowboys,Kansas City Chiefs,0.365,0.635,0.365,0.635,0.8,0.9,1
401772930,NFL,2025-11-28 01:20:00+00:00,Baltimore Ravens,Cincinnati Bengals,0.785,0.215,0.785,0.215,0.9,0.9,2
401772787,NFL,2025-11-30 18:00:00+00:00,Indianapolis Colts,Houston Texans,0.61,0.39,0.61,0.39,0.9,0.9,2
401772902,NFL,2025-12-07 18:00:00+00:00,Buffalo Bills,Cincinnati Bengals,0.715,0.285,0.715,0.285,0.8,0.8,1
401772790,NFL,2025-12-07 18:00:00+00:00,New York Jets,Miami Dolphins,0.435,0.565,0.435,0.565,0.8,0.9,2
401772793,NFL,2025-12-07 18:00:00+00:00,Jacksonville Jaguars,Indianapolis Colts,0.435,0.565,0.435,0.565,0.9,0.8,1
401772900,NFL,2025-12-07 18:00:00+00:00,Atlanta Falcons,Seattle Seahawks,0.265,0.735,0.265,0.735,0.8,0.8,2
401772947,NFL,2025-12-05 01:15:00+00:00,Detroit Lions,Dallas Cowboys,0.635,0.365,0.635,0.365,0.9,0.9,1
401772788,NFL,2025-11-30 21:25:00+00:00,Los Angeles Chargers,Las Vegas Raiders,0.805,0.195,0.805,0.195,0.9,0.9,1
401772786,NFL,2025-11-30 18:00:00+00:00,Tennessee Titans,Jacksonville Jaguars,0.275,0.725,0.275,0.725,0.9,0.9,2
401772892,NFL,2025-11-30 18:00:00+00:00,Miami Dolphins,New Orleans Saints,0.705,0.295,0.705,0.295,0.9,0.9,1
401772785,NFL,2025-11-30 18:00:00+00:00,Cleveland Browns,San Francisco 49ers,0.315,0.685,0.315,0.685,0.9,0.9,2
401772621,NFL,2025-11-28 20:00:00+00:00,Philadelphia Eagles,Chicago Bears,0.765,0.235,0.765,0.235,0.9,0.9,2
401772820,NFL,2025-11-25 01:15:00+00:00,San Francisco 49ers,Carolina Panthers,0.775,0.225,0.775,0.225,0.8,0.9,1
401772889,NFL,2025-11-23 21:25:00+00:00,New Orleans Saints,Atlanta Falcons,0.52,0.48,0.52,0.48,0.9,0.9,2
401772890,NFL,2025-11-23 21:25:00+00:00,Dallas Cowboys,Philadelphia Eagles,0.425,0.575,0.425,0.575,0.9,0.9,1
401772784,NFL,2025-11-23 21:05:00+00:00,Las Vegas Raiders,Cleveland Browns,0.605,0.395,0.605,0.395,0.9,0.9,2
401772783,NFL,2025-11-23 21:05:00+00:00,Arizona Cardinals,Jacksonville Jaguars,0.455,0.545,0.455,0.545,0.9,0.9,2
401772886,NFL,2025-11-23 18:00:00+00:00,Tennessee Titans,Seattle Seahawks,0.135,0.865,0.135,0.865,0.9,0.9,2
401772779,NFL,2025-11-23 18:00:00+00:00,Kansas City Chiefs,Indianapolis Colts,0.675,0.325,0.675,0.325,0.8,0.9,1
401772887,NFL,2025-11-23 18:00:00+00:00,Green Bay Packers,Minnesota Vikings,0.715,0.285,0.715,0.285,0.8,0.9,1
401772888,NFL,2025-11-23 18:00:00+00:00,Detroit Lions,New York Giants,0.895,0.105,0.895,0.105,0.9,0.9,1
401772781,NFL,2025-11-23 18:00:00+00:00,Cincinnati Bengals,New England Patriots,0.245,0.755,0.245,0.755,0.9,0.8,2
401772780,NFL,2025-11-23 18:00:00+00:00,Chicago Bears,Pittsburgh Steelers,0.565,0.435,0.565,0.435,0.9,0.9,1
401772782,NFL,2025-11-23 18:00:00+00:00,Baltimore Ravens,New York Jets,0.905,0.095,0.905,0.095,0.9,0.9,1
401772946,NFL,2025-11-21 01:15:00+00:00,Houston Texans,Buffalo Bills,0.315,0.685,0.315,0.685,0.9,0.9,1
401772929,NFL,2025-11-24 01:20:00+00:00,Los Angeles Rams,Tampa Bay Buccaneers,0.765,0.235,0.765,0.235,0.9,0.9,1
401772819,NFL,2025-11-18 01:15:00+00:00,Las Vegas Raiders,Dallas Cowboys,0.365,0.635,0.365,0.635,0.9,0.9,2
401772928,NFL,2025-11-17 01:20:00+00:00,Philadelphia Eagles,Detroit Lions,0.555,0.445,0.555,0.445,0.9,0.9,1
401772778,NFL,2025-11-16 21:25:00+00:00,Denver Broncos,Kansas City Chiefs,0.355,0.645,0.355,0.645,0.9,0.8,1
401772777,NFL,2025-11-16 21:25:00+00:00,Cleveland Browns,Baltimore Ravens,0.21,0.79,0.21,0.79,0.9,0.9,2
401772884,NFL,2025-11-16 21:05:00+00:00,Los Angeles Rams,Seattle Seahawks,0.625,0.375,0.625,0.375,0.9,0.9,1
401772885,NFL,2025-11-16 21:05:00+00:00,Arizona Cardinals,San Francisco 49ers,0.365,0.635,0.365,0.635,0.9,0.9,2
401772881,NFL,2025-11-16 18:00:00+00:00,Tennessee Titans,Houston Texans,0.305,0.695,0.305,0.695,0.9,0.8,2
401772774,NFL,2025-11-16 18:00:00+00:00,Pittsburgh Steelers,Cincinnati Bengals,0.705,0.295,0.705,0.295,0.9,0.9,1
401772883,NFL,2025-11-16 18:00:00+00:00,New York Giants,Green Bay Packers,0.235,0.765,0.235,0.765,0.9,0.9,2
401772880,NFL,2025-11-16 18:00:00+00:00,Minnesota Vikings,Chicago Bears,0.595,0.405,0.595,0.405,0.9,0.9,2
401772775,NFL,2025-11-16 18:00:00+00:00,Jacksonville Jaguars,Los Angeles Chargers,0.435,0.565,0.435,0.565,0.9,0.9,1
401772882,NFL,2025-11-16 18:00:00+00:00,Atlanta Falcons,Carolina Panthers,0.675,0.325,0.675,0.325,0.9,0.9,2
401772776,NFL,2025-11-16 18:00:00+00:00,Buffalo Bills,Tampa Bay Buccaneers,0.725,0.275,0.725,0.275,0.9,0.9,1
401772631,NFL,2025-11-16 14:30:00+00:00,Miami Dolphins,Washington Commanders,0.555,0.445,0.555,0.445,0.9,0.9,1
401772945,NFL,2025-11-14 01:15:00+00:00,New England Patriots,New York Jets,0.865,0.135,0.865,0.135,0.9,0.9,1
401772630,NFL,2025-11-11 01:15:00+00:00,Green Bay Packers,Philadelphia Eagles,0.505,0.495,0.505,0.495,0.9,0.9,2
401772878,NFL,2025-11-09 21:25:00+00:00,Washington Commanders,Detroit Lions,0.225,0.775,0.225,0.775,0.9,0.9,2
401772879,NFL,2025-11-09 21:25:00+00:00,San Francisco 49ers,Los Angeles Rams,0.295,0.705,0.295,0.705,0.9,0.9,2
401772773,NFL,2025-11-09 21:05:00+00:00,Seattle Seahawks,Arizona Cardinals,0.755,0.245,0.755,0.245,0.9,0.9,1
401772772,NFL,2025-11-09 18:00:00+00:00,Tampa Bay Buccaneers,New England Patriots,0.575,0.425,0.575,0.425,0.9,0.9,2
401772927,NFL,2025-11-10 01:20:00+00:00,Los Angeles Chargers,Pittsburgh Steelers,0.645,0.355,0.645,0.355,0.9,0.9,1
401772944,NFL,2025-11-07 01:15:00+00:00,Denver Broncos,Las Vegas Raiders,0.785,0.215,0.785,0.215,0.9,0.9,1
401772769,NFL,2025-11-09 18:00:00+00:00,New York Jets,Cleveland Browns,0.475,0.525,0.475,0.525,0.9,0.9,1
401772876,NFL,2025-11-09 18:00:00+00:00,Minnesota Vikings,Baltimore Ravens,0.325,0.675,0.325,0.675,0.9,0.9,2
401772771,NFL,2025-11-09 18:00:00+00:00,Miami Dolphins,Buffalo Bills,0.225,0.775,0.225,0.775,0.9,0.9,1
401772770,NFL,2025-11-09 18:00:00+00:00,Houston Texans,Jacksonville Jaguars,0.525,0.475,0.525,0.475,0.9,0.9,1
401772875,NFL,2025-11-09 18:00:00+00:00,Chicago Bears,New York Giants,0.665,0.335,0.665,0.335,0.9,0.9,1
401772877,NFL,2025-11-09 18:00:00+00:00,Carolina Panthers,New Orleans Saints,0.675,0.325,0.675,0.325,0.9,0.9,2
401772636,NFL,2025-11-09 14:30:00+00:00,Indianapolis Colts,Atlanta Falcons,0.715,0.285,0.715,0.285,0.9,0.9,1
401772818,NFL,2025-11-04 01:15:00+00:00,Dallas Cowboys,Arizona Cardinals,0.615,0.385,0.615,0.385,0.9,0.9,2
401772768,NFL,2025-11-02 21:25:00+00:00,Buffalo Bills,Kansas City Chiefs,0.445,0.555,0.445,0.555,0.9,0.9,1
401772873,NFL,2025-11-02 21:05:00+00:00,Las Vegas Raiders,Jacksonville Jaguars,0.445,0.555,0.445,0.555,0.9,0.9,2
401772874,NFL,2025-11-02 21:05:00+00:00,Los Angeles Rams,New Orleans Saints,0.905,0.095,0.905,0.095,0.9,0.9,1
401772764,NFL,2025-11-02 18:00:00+00:00,Tennessee Titans,Los Angeles Chargers,0.185,0.815,0.185,0.815,0.9,0.9,2
401772766,NFL,2025-11-02 18:00:00+00:00,Pittsburgh Steelers,Indianapolis Colts,0.39,0.61,0.39,0.61,0.9,0.9,1
401772767,NFL,2025-11-02 18:00:00+00:00,New York Giants,San Francisco 49ers,0.455,0.545,0.455,0.545,0.9,0.9,2
401772763,NFL,2025-11-02 18:00:00+00:00,New England Patriots,Atlanta Falcons,0.685,0.315,0.685,0.315,0.9,0.9,1
401772870,NFL,2025-11-02 18:00:00+00:00,Houston Texans,Denver Broncos,0.555,0.445,0.555,0.445,0.9,0.9,2
401772872,NFL,2025-11-02 18:00:00+00:00,Green Bay Packers,Carolina Panthers,0.865,0.135,0.865,0.135,0.9,0.9,2
401772871,NFL,2025-11-02 18:00:00+00:00,Detroit Lions,Minnesota Vikings,0.805,0.195,0.805,0.195,0.9,0.9,2
401772765,NFL,2025-11-02 18:00:00+00:00,Cincinnati Bengals,Chicago Bears,0.415,0.585,0.415,0.585,0.9,0.9,2
401772943,NFL,2025-10-31 00:15:00+00:00,Miami Dolphins,Baltimore Ravens,0.225,0.775,0.225,0.775,0.9,0.9,2
401772926,NFL,2025-11-03 01:20:00+00:00,Washington Commanders,Seattle Seahawks,0.435,0.565,0.435,0.565,0.9,0.9,2
401772817,NFL,2025-10-28 00:15:00+00:00,Kansas City Chiefs,Washington Commanders,0.825,0.175,0.825,0.175,0.9,0.9,1
401772869,NFL,2025-10-26 20:05:00+00:00,New Orleans Saints,Tampa Bay Buccaneers,0.355,0.645,0.355,0.645,0.9,0.9,2
401772867,NFL,2025-10-26 17:00:00+00:00,Philadelphia Eagles,New York Giants,0.755,0.245,0.755,0.245,0.9,0.9,1
401772868,NFL,2025-10-26 17:00:00+00:00,New England Patriots,Cleveland Browns,0.745,0.255,0.745,0.255,0.9,0.9,1
401772866,NFL,2025-10-26 17:00:00+00:00,Houston Texans,San Francisco 49ers,0.605,0.395,0.605,0.395,0.9,0.9,1
401772761,NFL,2025-10-26 20:25:00+00:00,Indianapolis Colts,Tennessee Titans,0.895,0.105,0.895,0.105,0.9,0.9,1
401772762,NFL,2025-10-26 20:25:00+00:00,Denver Broncos,Dallas Cowboys,0.665,0.335,0.665,0.335,0.9,0.9,1
401772865,NFL,2025-10-26 17:00:00+00:00,Carolina Panthers,Buffalo Bills,0.235,0.765,0.235,0.765,0.9,0.9,2
401772759,NFL,2025-10-26 17:00:00+00:00,Baltimore Ravens,Chicago Bears,0.575,0.425,0.575,0.425,0.9,0.9,1
401772925,NFL,2025-10-27 00:20:00+00:00,Pittsburgh Steelers,Green Bay Packers,0.435,0.565,0.435,0.565,0.9,0.9,2
401772760,NFL,2025-10-26 17:00:00+00:00,Atlanta Falcons,Miami Dolphins,0.745,0.255,0.745,0.255,0.9,0.9,2
401772942,NFL,2025-10-24 00:15:00+00:00,Los Angeles Chargers,Minnesota Vikings,0.625,0.375,0.625,0.375,0.9,0.9,1
401772758,NFL,2025-10-26 17:00:00+00:00,Cincinnati Bengals,New York Jets,0.685,0.315,0.685,0.315,0.9,0.9,2
401772826,NFL,2025-10-21 02:00:00+00:00,Seattle Seahawks,Houston Texans,0.605,0.395,0.605,0.395,0.9,0.9,1
401772816,NFL,2025-10-20 23:00:00+00:00,Detroit Lions,Tampa Bay Buccaneers,0.715,0.285,0.715,0.285,0.9,0.9,1
401772864,NFL,2025-10-19 20:25:00+00:00,Dallas Cowboys,Washington Commanders,0.535,0.465,0.535,0.465,0.9,0.9,1
401772863,NFL,2025-10-19 20:25:00+00:00,Arizona Cardinals,Green Bay Packers,0.275,0.725,0.275,0.725,0.9,0.9,2
401772756,NFL,2025-10-19 20:05:00+00:00,Los Angeles Chargers,Indianapolis Colts,0.575,0.425,0.575,0.425,0.9,0.9,2
401772757,NFL,2025-10-19 20:05:00+00:00,Denver Broncos,New York Giants,0.785,0.215,0.785,0.215,0.9,0.9,1
401772862,NFL,2025-10-19 17:00:00+00:00,Minnesota Vikings,Philadelphia Eagles,0.44,0.56,0.44,0.56,0.9,0.9,2
401772753,NFL,2025-10-19 17:00:00+00:00,Kansas City Chiefs,Las Vegas Raiders,0.855,0.145,0.855,0.145,0.9,0.9,1
401772754,NFL,2025-10-19 17:00:00+00:00,Cleveland Browns,Miami Dolphins,0.565,0.435,0.565,0.435,0.9,0.9,1
401772924,NFL,2025-10-20 00:20:00+00:00,San Francisco 49ers,Atlanta Falcons,0.475,0.525,0.475,0.525,0.9,0.9,1
401772635,NFL,2025-10-19 13:30:00+00:00,Jacksonville Jaguars,Los Angeles Rams,0.38,0.62,0.38,0.62,0.9,0.9,2
401772941,NFL,2025-10-17 00:15:00+00:00,Cincinnati Bengals,Pittsburgh Steelers,0.315,0.685,0.315,0.685,0.8,0.8,1
401772755,NFL,2025-10-19 17:00:00+00:00,Tennessee Titans,New England Patriots,0.285,0.715,0.285,0.715,0.9,0.9,2
401772860,NFL,2025-10-19 17:00:00+00:00,New York Jets,Carolina Panthers,0.505,0.495,0.505,0.495,0.9,0.9,2
401772861,NFL,2025-10-19 17:00:00+00:00,Chicago Bears,New Orleans Saints,0.645,0.355,0.645,0.355,0.9,0.9,1
401772717,NFL,2025-10-14 00:15:00+00:00,Washington Commanders,Chicago Bears,0.695,0.305,0.695,0.305,0.9,0.9,2
401772815,NFL,2025-10-13 23:15:00+00:00,Atlanta Falcons,Buffalo Bills,0.365,0.635,0.365,0.635,0.9,0.9,1
401772859,NFL,2025-10-12 20:05:00+00:00,Las Vegas Raiders,Tennessee Titans,0.645,0.355,0.645,0.355,0.9,0.9,1
401772748,NFL,2025-10-12 17:00:00+00:00,Pittsburgh Steelers,Cleveland Browns,0.735,0.265,0.735,0.265,1.0,0.9,1
401772751,NFL,2025-10-12 17:00:00+00:00,New Orleans Saints,New England Patriots,0.385,0.615,0.385,0.615,0.9,1.0,2
401772750,NFL,2025-10-12 17:00:00+00:00,Miami Dolphins,Los Angeles Chargers,0.375,0.625,0.375,0.625,1.0,0.9,2
401772857,NFL,2025-10-12 17:00:00+00:00,Jacksonville Jaguars,Seattle Seahawks,0.495,0.505,0.495,0.505,0.9,0.9,2
401772856,NFL,2025-10-12 17:00:00+00:00,Indianapolis Colts,Arizona Cardinals,0.775,0.225,0.775,0.225,0.9,0.9,1
401772858,NFL,2025-10-12 17:00:00+00:00,Carolina Panthers,Dallas Cowboys,0.415,0.585,0.415,0.585,0.9,0.9,1
401772855,NFL,2025-10-12 17:00:00+00:00,Baltimore Ravens,Los Angeles Rams,0.265,0.735,0.265,0.735,0.9,0.9,2
401772634,NFL,2025-10-12 13:30:00+00:00,New York Jets,Denver Broncos,0.255,0.745,0.255,0.745,0.9,0.9,2
401772923,NFL,2025-10-13 00:20:00+00:00,Kansas City Chiefs,Detroit Lions,0.575,0.425,0.575,0.425,0.9,0.9,1
401772749,NFL,2025-10-12 20:25:00+00:00,Tampa Bay Buccaneers,San Francisco 49ers,0.635,0.365,0.635,0.365,0.9,0.9,1
401772752,NFL,2025-10-12 20:25:00+00:00,Green Bay Packers,Cincinnati Bengals,0.885,0.115,0.885,0.115,0.9,0.9,1
401772940,NFL,2025-10-10 00:15:00+00:00,New York Giants,Philadelphia Eagles,0.225,0.775,0.225,0.775,0.9,0.9,1
401772814,NFL,2025-10-07 00:15:00+00:00,Jacksonville Jaguars,Kansas City Chiefs,0.365,0.635,0.365,0.635,0.9,0.9,1
401772922,NFL,2025-10-06 00:20:00+00:00,Buffalo Bills,New England Patriots,0.785,0.215,0.785,0.215,0.9,0.9,2
401772853,NFL,2025-10-05 20:25:00+00:00,Los Angeles Chargers,Washington Commanders,0.615,0.385,0.615,0.385,0.9,1.0,2
401772854,NFL,2025-10-05 20:25:00+00:00,Cincinnati Bengals,Detroit Lions,0.185,0.815,0.185,0.815,0.9,0.9,2
401772746,NFL,2025-10-05 20:05:00+00:00,Seattle Seahawks,Tampa Bay Buccaneers,0.635,0.365,0.635,0.365,1.0,0.9,2
401772747,NFL,2025-10-05 20:05:00+00:00,Arizona Cardinals,Tennessee Titans,0.785,0.215,0.785,0.215,0.9,1.0,2
401772745,NFL,2025-10-05 17:00:00+00:00,Philadelphia Eagles,Denver Broncos,0.675,0.325,0.675,0.325,1.0,0.9,2
401772850,NFL,2025-10-05 17:00:00+00:00,New York Jets,Dallas Cowboys,0.545,0.455,0.545,0.455,0.9,1.0,2
401772744,NFL,2025-10-05 17:00:00+00:00,New Orleans Saints,New York Giants,0.555,0.445,0.555,0.445,0.9,0.9,1
401772851,NFL,2025-10-05 17:00:00+00:00,Indianapolis Colts,Las Vegas Raiders,0.765,0.235,0.765,0.235,0.9,0.9,1
401772852,NFL,2025-10-05 17:00:00+00:00,Carolina Panthers,Miami Dolphins,0.485,0.515,0.485,0.515,0.9,1.0,1
401772743,NFL,2025-10-05 17:00:00+00:00,Baltimore Ravens,Houston Texans,0.435,0.565,0.435,0.565,0.9,1.0,2
401772633,NFL,2025-10-05 13:30:00+00:00,Cleveland Browns,Minnesota Vikings,0.365,0.635,0.365,0.635,1.0,0.9,2
401772939,NFL,2025-10-03 00:15:00+00:00,Los Angeles Rams,San Francisco 49ers,0.785,0.215,0.785,0.215,0.9,1.0,2
401772716,NFL,2025-09-30 00:15:00+00:00,Denver Broncos,Cincinnati Bengals,0.785,0.215,0.785,0.215,0.9,0.9,1
401772813,NFL,2025-09-29 23:15:00+00:00,Miami Dolphins,New York Jets,0.595,0.405,0.595,0.405,0.9,0.9,1
401772742,NFL,2025-09-28 20:25:00+00:00,Las Vegas Raiders,Chicago Bears,0.565,0.435,0.565,0.435,0.9,0.9,2
401772921,NFL,2025-09-29 00:20:00+00:00,Dallas Cowboys,Green Bay Packers,0.255,0.745,0.255,0.745,1.0,0.9,1
401772741,NFL,2025-09-28 20:25:00+00:00,Kansas City Chiefs,Baltimore Ravens,0.435,0.565,0.435,0.565,0.9,1.0,1
401772848,NFL,2025-09-28 20:05:00+00:00,San Francisco 49ers,Jacksonville Jaguars,0.615,0.385,0.615,0.385,0.9,0.9,2
401772849,NFL,2025-09-28 20:05:00+00:00,Los Angeles Rams,Indianapolis Colts,0.635,0.365,0.635,0.365,1.0,1.0,1
401772737,NFL,2025-09-28 17:00:00+00:00,New York Giants,Los Angeles Chargers,0.295,0.705,0.295,0.705,0.9,0.9,1
401772845,NFL,2025-09-28 17:00:00+00:00,Tampa Bay Buccaneers,Philadelphia Eagles,0.355,0.645,0.355,0.645,1.0,1.0,2
401772847,NFL,2025-09-28 17:00:00+00:00,New England Patriots,Carolina Panthers,0.675,0.325,0.675,0.325,1.0,0.9,1
401772738,NFL,2025-09-28 17:00:00+00:00,Houston Texans,Tennessee Titans,0.775,0.225,0.775,0.225,1.0,1.0,1
401772846,NFL,2025-09-28 17:00:00+00:00,Detroit Lions,Cleveland Browns,0.835,0.165,0.835,0.165,0.9,0.9,1
401772740,NFL,2025-09-28 17:00:00+00:00,Buffalo Bills,New Orleans Saints,0.905,0.095,0.905,0.095,0.9,1.0,1
401772739,NFL,2025-09-28 17:00:00+00:00,Atlanta Falcons,Washington Commanders,0.58,0.42,0.58,0.42,0.9,0.9,1
401772632,NFL,2025-09-28 13:30:00+00:00,Pittsburgh Steelers,Minnesota Vikings,0.425,0.575,0.425,0.575,0.9,0.9,1
401772938,NFL,2025-09-26 00:15:00+00:00,Arizona Cardinals,Seattle Seahawks,0.465,0.535,0.465,0.535,0.9,0.9,2
401772812,NFL,2025-09-23 00:15:00+00:00,Baltimore Ravens,Detroit Lions,0.675,0.325,0.675,0.325,1.0,0.9,2
401772843,NFL,2025-09-21 20:25:00+00:00,San Francisco 49ers,Arizona Cardinals,0.515,0.485,0.515,0.485,0.9,0.9,1
401772844,NFL,2025-09-21 20:25:00+00:00,Chicago Bears,Dallas Cowboys,0.485,0.515,0.485,0.515,0.9,0.9,1
401772736,NFL,2025-09-21 20:05:00+00:00,Seattle Seahawks,New Orleans Saints,0.755,0.245,0.755,0.245,0.9,1.0,1
401772733,NFL,2025-09-21 17:00:00+00:00,Tennessee Titans,Indianapolis Colts,0.305,0.695,0.305,0.695,0.9,0.9,2
401772840,NFL,2025-09-21 17:00:00+00:00,Tampa Bay Buccaneers,New York Jets,0.725,0.275,0.725,0.275,1.0,0.9,1
401772839,NFL,2025-09-21 17:00:00+00:00,Philadelphia Eagles,Los Angeles Rams,0.655,0.345,0.655,0.345,0.9,0.9,1
401772732,NFL,2025-09-21 17:00:00+00:00,New England Patriots,Pittsburgh Steelers,0.495,0.505,0.495,0.505,0.9,0.9,2
401772731,NFL,2025-09-21 17:00:00+00:00,Minnesota Vikings,Cincinnati Bengals,0.635,0.365,0.635,0.365,1.0,0.9,1
401772838,NFL,2025-09-21 17:00:00+00:00,Carolina Panthers,Atlanta Falcons,0.325,0.675,0.325,0.675,1.0,0.9,1
401772937,NFL,2025-09-19 00:15:00+00:00,Buffalo Bills,Miami Dolphins,0.86,0.14,0.86,0.14,0.9,0.9,1
401772920,NFL,2025-09-22 00:20:00+00:00,New York Giants,Kansas City Chiefs,0.265,0.735,0.265,0.735,0.9,0.9,2
401772735,NFL,2025-09-21 20:05:00+00:00,Los Angeles Chargers,Denver Broncos,0.555,0.445,0.555,0.445,0.9,1.0,1
401772841,NFL,2025-09-21 17:00:00+00:00,Washington Commanders,Las Vegas Raiders,0.585,0.415,0.585,0.415,1.0,0.9,1
401772734,NFL,2025-09-21 17:00:00+00:00,Jacksonville Jaguars,Houston Texans,0.525,0.475,0.525,0.475,0.9,1.0,1
401772842,NFL,2025-09-21 17:00:00+00:00,Cleveland Browns,Green Bay Packers,0.22,0.78,0.22,0.78,0.9,1.0,1
401772811,NFL,2025-09-16 02:00:00+00:00,Las Vegas Raiders,Los Angeles Chargers,0.365,0.635,0.365,0.635,1.0,0.9,2
401772715,NFL,2025-09-15 23:00:00+00:00,Houston Texans,Tampa Bay Buccaneers,0.575,0.425,0.575,0.425,0.9,1.0,2
401772729,NFL,2025-09-14 20:05:00+00:00,Indianapolis Colts,Denver Broncos,0.47,0.53,0.47,0.53,0.9,0.9,1
401772730,NFL,2025-09-14 20:05:00+00:00,Arizona Cardinals,Carolina Panthers,0.765,0.235,0.765,0.235,1.0,0.9,1
401772724,NFL,2025-09-14 17:00:00+00:00,Tennessee Titans,Los Angeles Rams,0.315,0.685,0.315,0.685,0.9,0.9,2
401772837,NFL,2025-09-14 20:25:00+00:00,Kansas City Chiefs,Philadelphia Eagles,0.495,0.505,0.495,0.505,0.9,0.9,2
401772919,NFL,2025-09-15 00:20:00+00:00,Minnesota Vikings,Atlanta Falcons,0.615,0.385,0.615,0.385,1.0,0.9,2
401772836,NFL,2025-09-14 17:00:00+00:00,Pittsburgh Steelers,Seattle Seahawks,0.645,0.355,0.645,0.355,1.0,1.0,2
401772727,NFL,2025-09-14 17:00:00+00:00,New York Jets,Buffalo Bills,0.295,0.705,0.295,0.705,0.9,0.9,2
401772833,NFL,2025-09-14 17:00:00+00:00,New Orleans Saints,San Francisco 49ers,0.395,0.605,0.395,0.605,0.9,0.9,2
401772728,NFL,2025-09-14 17:00:00+00:00,Miami Dolphins,New England Patriots,0.555,0.445,0.555,0.445,0.9,0.9,2
401772835,NFL,2025-09-14 17:00:00+00:00,Detroit Lions,Chicago Bears,0.715,0.285,0.715,0.285,1.0,0.9,1
401772834,NFL,2025-09-14 17:00:00+00:00,Dallas Cowboys,New York Giants,0.675,0.325,0.675,0.325,0.9,0.9,1
401772725,NFL,2025-09-14 17:00:00+00:00,Cincinnati Bengals,Jacksonville Jaguars,0.645,0.355,0.645,0.355,0.9,0.9,1
401772936,NFL,2025-09-12 00:15:00+00:00,Green Bay Packers,Washington Commanders,0.625,0.375,0.625,0.375,0.9,1.0,1
401772726,NFL,2025-09-14 17:00:00+00:00,Baltimore Ravens,Cleveland Browns,0.875,0.125,0.875,0.125,0.9,0.9,1
401772723,NFL,2025-09-07 20:25:00+00:00,Los Angeles Rams,Houston Texans,0.605,0.395,0.605,0.395,0.9,1.0,1
401772810,NFL,2025-09-09 00:15:00+00:00,Chicago Bears,Minnesota Vikings,0.495,0.505,0.495,0.505,0.9,0.9,2
401772918,NFL,2025-09-08 00:20:00+00:00,Buffalo Bills,Baltimore Ravens,0.485,0.515,0.485,0.515,0.9,1.0,1
401772722,NFL,2025-09-07 20:25:00+00:00,Green Bay Packers,Detroit Lions,0.515,0.485,0.515,0.485,1.0,0.9,1
401772831,NFL,2025-09-07 20:05:00+00:00,Seattle Seahawks,San Francisco 49ers,0.445,0.555,0.445,0.555,1.0,0.9,2
401772832,NFL,2025-09-07 20:05:00+00:00,Denver Broncos,Tennessee Titans,0.785,0.215,0.785,0.215,0.9,0.9,1
401772827,NFL,2025-09-07 17:00:00+00:00,Washington Commanders,New York Giants,0.725,0.275,0.725,0.275,1.0,0.9,1
401772721,NFL,2025-09-07 17:00:00+00:00,New York Jets,Pittsburgh Steelers,0.395,0.605,0.395,0.605,0.9,1.0,2
401772718,NFL,2025-09-07 17:00:00+00:00,New Orleans Saints,Arizona Cardinals,0.295,0.705,0.295,0.705,0.9,0.9,2
401772720,NFL,2025-09-07 17:00:00+00:00,New England Patriots,Las Vegas Raiders,0.575,0.425,0.575,0.425,0.9,0.9,2
401772828,NFL,2025-09-07 17:00:00+00:00,Jacksonville Jaguars,Carolina Panthers,0.675,0.325,0.675,0.325,0.9,0.9,1
401772719,NFL,2025-09-07 17:00:00+00:00,Indianapolis Colts,Miami Dolphins,0.525,0.475,0.525,0.475,0.9,0.9,1
401772829,NFL,2025-09-07 17:00:00+00:00,Cleveland Browns,Cincinnati Bengals,0.315,0.685,0.315,0.685,0.9,0.9,2
401772830,NFL,2025-09-07 17:00:00+00:00,Atlanta Falcons,Tampa Bay Buccaneers,0.495,0.505,0.495,0.505,0.9,0.9,2
401772714,NFL,2025-09-06 00:00:00+00:00,Los Angeles Chargers,Kansas City Chiefs,0.395,0.605,0.395,0.605,0.9,0.9,1
401772510,NFL,2025-09-05 00:20:00+00:00,Philadelphia Eagles,Dallas Cowboys,0.785,0.215,0.785,0.215,0.9,0.9,1
401874176,NHL,2026-06-15 00:00:00+00:00,Vegas Golden Knights,Carolina Hurricanes,0.475,0.525,0.475,0.525,0.9,0.9,2
401874175,NHL,2026-06-12 00:00:00+00:00,Carolina Hurricanes,Vegas Golden Knights,0.585,0.415,0.585,0.415,0.9,0.9,1
401874172,NHL,2026-06-05 00:00:00+00:00,Carolina Hurricanes,Vegas Golden Knights,0.595,0.405,0.595,0.405,0.9,0.9,1
401874174,NHL,2026-06-10 00:00:00+00:00,Vegas Golden Knights,Carolina Hurricanes,0.485,0.515,0.485,0.515,0.9,0.9,2
401874173,NHL,2026-06-07 00:00:00+00:00,Vegas Golden Knights,Carolina Hurricanes,0.495,0.505,0.495,0.505,0.9,0.9,1
401874171,NHL,2026-06-03 00:00:00+00:00,Carolina Hurricanes,Vegas Golden Knights,0.605,0.395,0.605,0.395,0.9,0.9,2
401873387,NHL,2026-05-30 00:00:00+00:00,Carolina Hurricanes,Montreal Canadiens,0.705,0.295,0.705,0.295,0.9,0.9,1
401872906,NHL,2026-05-27 01:00:00+00:00,Vegas Golden Knights,Colorado Avalanche,0.485,0.515,0.485,0.515,0.9,0.9,1
401873386,NHL,2026-05-28 00:00:00+00:00,Montreal Canadiens,Carolina Hurricanes,0.415,0.585,0.415,0.585,0.9,0.9,2
401873385,NHL,2026-05-26 00:00:00+00:00,Montreal Canadiens,Carolina Hurricanes,0.425,0.575,0.425,0.575,0.9,0.9,2
401873384,NHL,2026-05-23 23:00:00+00:00,Carolina Hurricanes,Montreal Canadiens,0.645,0.355,0.645,0.355,0.9,0.9,1
401873383,NHL,2026-05-22 00:00:00+00:00,Carolina Hurricanes,Montreal Canadiens,0.655,0.345,0.655,0.345,0.9,0.9,2
401872903,NHL,2026-05-21 00:00:00+00:00,Colorado Avalanche,Vegas Golden Knights,0.605,0.395,0.605,0.395,0.9,0.9,2
401872904,NHL,2026-05-23 00:00:00+00:00,Colorado Avalanche,Vegas Golden Knights,0.625,0.375,0.625,0.375,0.9,0.9,2
401872905,NHL,2026-05-25 00:00:00+00:00,Vegas Golden Knights,Colorado Avalanche,0.41,0.59,0.41,0.59,0.7,0.7,1
401871409,NHL,2026-05-17 00:00:00+00:00,Montreal Canadiens,Buffalo Sabres,0.605,0.395,0.605,0.395,0.9,0.9,2
401871408,NHL,2026-05-14 23:00:00+00:00,Buffalo Sabres,Montreal Canadiens,0.505,0.495,0.505,0.495,0.9,0.9,2
401871428,NHL,2026-05-15 01:30:00+00:00,Anaheim Ducks,Vegas Golden Knights,0.535,0.465,0.535,0.465,0.9,0.9,2
401871420,NHL,2026-05-14 00:00:00+00:00,Colorado Avalanche,Minnesota Wild,0.665,0.335,0.665,0.335,0.9,0.9,1
401871419,NHL,2026-05-12 00:00:00+00:00,Minnesota Wild,Colorado Avalanche,0.425,0.575,0.425,0.575,0.9,0.9,2
401871407,NHL,2026-05-12 23:00:00+00:00,Montreal Canadiens,Buffalo Sabres,0.575,0.425,0.575,0.425,0.9,0.9,2
401871427,NHL,2026-05-13 01:52:00+00:00,Vegas Golden Knights,Anaheim Ducks,0.605,0.395,0.605,0.395,0.9,0.9,1
401871406,NHL,2026-05-10 23:00:00+00:00,Montreal Canadiens,Buffalo Sabres,0.555,0.445,0.555,0.445,0.9,0.9,1
401871404,NHL,2026-05-06 23:00:00+00:00,Buffalo Sabres,Montreal Canadiens,0.555,0.445,0.555,0.445,0.9,0.9,1
401871405,NHL,2026-05-08 23:00:00+00:00,Buffalo Sabres,Montreal Canadiens,0.545,0.455,0.545,0.455,0.9,0.9,2
401871426,NHL,2026-05-11 01:30:00+00:00,Anaheim Ducks,Vegas Golden Knights,0.525,0.475,0.525,0.475,0.9,0.9,1
401871418,NHL,2026-05-10 01:00:00+00:00,Minnesota Wild,Colorado Avalanche,0.455,0.545,0.455,0.545,0.9,0.9,1
401871412,NHL,2026-05-08 00:00:00+00:00,Philadelphia Flyers,Carolina Hurricanes,0.385,0.615,0.385,0.615,0.9,0.9,2
401871411,NHL,2026-05-04 23:00:00+00:00,Carolina Hurricanes,Philadelphia Flyers,0.705,0.295,0.705,0.295,0.9,0.9,1
401871413,NHL,2026-05-09 22:00:00+00:00,Philadelphia Flyers,Carolina Hurricanes,0.355,0.645,0.355,0.645,0.8,0.8,2
401871425,NHL,2026-05-09 01:30:00+00:00,Anaheim Ducks,Vegas Golden Knights,0.495,0.505,0.495,0.505,0.9,0.9,2
401871424,NHL,2026-05-07 01:30:00+00:00,Vegas Golden Knights,Anaheim Ducks,0.595,0.405,0.595,0.405,0.9,0.9,2
401871423,NHL,2026-05-05 01:50:00+00:00,Vegas Golden Knights,Anaheim Ducks,0.615,0.385,0.615,0.385,0.9,0.9,1
401871417,NHL,2026-05-06 00:00:00+00:00,Colorado Avalanche,Minnesota Wild,0.645,0.355,0.645,0.355,0.9,0.9,1
401871302,NHL,2026-05-04 01:00:00+00:00,Colorado Avalanche,Minnesota Wild,0.645,0.355,0.645,0.355,0.9,0.9,1
401869779,NHL,2026-05-03 22:00:00+00:00,Tampa Bay Lightning,Montreal Canadiens,0.595,0.405,0.595,0.405,0.9,0.9,2
401871166,NHL,2026-05-03 00:00:00+00:00,Carolina Hurricanes,Philadelphia Flyers,0.685,0.315,0.685,0.315,0.9,0.9,1
401869765,NHL,2026-05-01 23:30:00+00:00,Boston Bruins,Buffalo Sabres,0.465,0.535,0.465,0.535,0.8,0.9,2
401869776,NHL,2026-05-01 02:00:00+00:00,Anaheim Ducks,Edmonton Oilers,0.455,0.545,0.455,0.545,0.9,0.9,1
401869763,NHL,2026-05-02 02:20:00+00:00,Utah Mammoth,Vegas Golden Knights,0.465,0.535,0.465,0.535,0.9,0.9,2
401869777,NHL,2026-05-01 23:00:00+00:00,Montreal Canadiens,Tampa Bay Lightning,0.475,0.525,0.475,0.525,0.9,0.9,2
401869787,NHL,2026-04-30 23:30:00+00:00,Minnesota Wild,Dallas Stars,0.525,0.475,0.525,0.475,0.9,0.8,1
401869761,NHL,2026-04-30 02:00:00+00:00,Vegas Golden Knights,Utah Mammoth,0.595,0.405,0.595,0.405,0.9,0.9,1
401869802,NHL,2026-04-29 23:30:00+00:00,Philadelphia Flyers,Pittsburgh Penguins,0.505,0.495,0.505,0.495,0.9,0.9,1
401869775,NHL,2026-04-29 23:00:00+00:00,Tampa Bay Lightning,Montreal Canadiens,0.585,0.415,0.585,0.415,0.9,0.9,2
401869760,NHL,2026-04-28 01:50:00+00:00,Utah Mammoth,Vegas Golden Knights,0.455,0.545,0.455,0.545,0.9,0.9,2
401869801,NHL,2026-04-27 23:00:00+00:00,Pittsburgh Penguins,Philadelphia Flyers,0.545,0.455,0.545,0.455,0.9,0.9,1
401869785,NHL,2026-04-29 00:00:00+00:00,Dallas Stars,Minnesota Wild,0.535,0.465,0.535,0.465,0.9,0.9,2
401869774,NHL,2026-04-29 02:00:00+00:00,Edmonton Oilers,Anaheim Ducks,0.585,0.415,0.585,0.415,0.9,0.9,1
401869764,NHL,2026-04-28 23:30:00+00:00,Buffalo Sabres,Boston Bruins,0.615,0.385,0.615,0.385,0.9,0.9,2
401869784,NHL,2026-04-25 21:30:00+00:00,Minnesota Wild,Dallas Stars,0.525,0.475,0.525,0.475,0.9,0.9,1
401869758,NHL,2026-04-25 01:30:00+00:00,Utah Mammoth,Vegas Golden Knights,0.485,0.515,0.485,0.515,0.9,0.9,1
401869770,NHL,2026-04-25 02:00:00+00:00,Anaheim Ducks,Edmonton Oilers,0.445,0.555,0.445,0.555,0.9,0.9,1
401869793,NHL,2026-04-24 02:00:00+00:00,Los Angeles Kings,Colorado Avalanche,0.415,0.585,0.415,0.585,0.9,0.9,2
401869783,NHL,2026-04-23 23:30:00+00:00,Ottawa Senators,Carolina Hurricanes,0.525,0.475,0.525,0.475,0.8,0.9,2
401869759,NHL,2026-04-23 23:00:00+00:00,Boston Bruins,Buffalo Sabres,0.515,0.485,0.515,0.485,0.9,0.9,2
401869795,NHL,2026-04-26 20:30:00+00:00,Los Angeles Kings,Colorado Avalanche,0.395,0.605,0.395,0.605,0.9,0.9,2
401869772,NHL,2026-04-27 01:52:00+00:00,Anaheim Ducks,Edmonton Oilers,0.445,0.555,0.445,0.555,0.9,0.9,1
401869768,NHL,2026-04-23 02:00:00+00:00,Edmonton Oilers,Anaheim Ducks,0.625,0.375,0.625,0.375,0.9,0.9,2
401869799,NHL,2026-04-26 00:00:00+00:00,Philadelphia Flyers,Pittsburgh Penguins,0.525,0.475,0.525,0.475,0.9,0.9,2
401869756,NHL,2026-04-22 01:52:00+00:00,Vegas Golden Knights,Utah Mammoth,0.575,0.425,0.575,0.425,0.9,0.9,2
401869757,NHL,2026-04-21 23:30:00+00:00,Buffalo Sabres,Boston Bruins,0.595,0.405,0.595,0.405,0.9,0.9,2
401869781,NHL,2026-04-20 23:30:00+00:00,Carolina Hurricanes,Ottawa Senators,0.575,0.425,0.575,0.425,0.2,0.2,1
401869794,NHL,2026-04-20 23:00:00+00:00,Pittsburgh Penguins,Philadelphia Flyers,0.575,0.425,0.575,0.425,0.1,0.1,2
401869722,NHL,2026-04-21 02:22:00+00:00,Edmonton Oilers,Anaheim Ducks,0.635,0.365,0.635,0.365,0.3,0.2,1
401869721,NHL,2026-04-19 19:00:00+00:00,Colorado Avalanche,Los Angeles Kings,0.705,0.295,0.705,0.295,0.2,0.3,1
401869717,NHL,2026-04-19 00:00:00+00:00,Pittsburgh Penguins,Philadelphia Flyers,0.575,0.425,0.575,0.425,0.3,0.3,2
401869782,NHL,2026-04-23 01:30:00+00:00,Minnesota Wild,Dallas Stars,0.545,0.455,0.545,0.455,0.9,0.9,2
401869771,NHL,2026-04-24 23:00:00+00:00,Montreal Canadiens,Tampa Bay Lightning,0.475,0.525,0.475,0.525,0.9,0.9,1
401869716,NHL,2026-04-18 21:30:00+00:00,Dallas Stars,Minnesota Wild,0.545,0.455,0.545,0.455,0.3,1.1,2
401869786,NHL,2026-04-25 19:00:00+00:00,Ottawa Senators,Carolina Hurricanes,0.435,0.565,0.435,0.565,0.9,0.9,2
401869796,NHL,2026-04-22 23:00:00+00:00,Philadelphia Flyers,Pittsburgh Penguins,0.495,0.505,0.495,0.505,0.9,0.9,1
401869762,NHL,2026-04-26 18:00:00+00:00,Boston Bruins,Buffalo Sabres,0.525,0.475,0.525,0.475,0.9,0.9,2
401869773,NHL,2026-04-26 23:00:00+00:00,Montreal Canadiens,Tampa Bay Lightning,0.475,0.525,0.475,0.525,0.9,0.9,2
401869792,NHL,2026-04-22 02:22:00+00:00,Colorado Avalanche,Los Angeles Kings,0.695,0.305,0.695,0.305,0.7,0.7,1
401869769,NHL,2026-04-21 23:00:00+00:00,Tampa Bay Lightning,Montreal Canadiens,0.625,0.375,0.625,0.375,0.3,0.3,1
401869780,NHL,2026-04-21 01:50:00+00:00,Dallas Stars,Minnesota Wild,0.565,0.435,0.565,0.435,0.2,0.2,1
401869719,NHL,2026-04-19 23:30:00+00:00,Buffalo Sabres,Boston Bruins,0.595,0.405,0.595,0.405,0.3,0.3,1
401869720,NHL,2026-04-20 02:22:00+00:00,Vegas Golden Knights,Utah Mammoth,0.595,0.405,0.595,0.405,0.3,0.3,1
401869715,NHL,2026-04-18 19:00:00+00:00,Carolina Hurricanes,Ottawa Senators,0.565,0.435,0.565,0.435,0.2,0.1,1
401869718,NHL,2026-04-19 21:45:00+00:00,Tampa Bay Lightning,Montreal Canadiens,0.615,0.385,0.615,0.385,0.1,0.2,2
401803659,NHL,2026-04-17 00:00:00+00:00,Winnipeg Jets,San Jose Sharks,0.585,0.415,0.585,0.415,0.1,0.2,2
401803663,NHL,2026-04-17 02:00:00+00:00,Colorado Avalanche,Seattle Kraken,0.675,0.325,0.675,0.325,0.2,0.3,1
401803662,NHL,2026-04-17 01:00:00+00:00,Edmonton Oilers,Vancouver Canucks,0.745,0.255,0.745,0.255,0.2,0.2,1
401803660,NHL,2026-04-16 23:30:00+00:00,Utah Mammoth,St. Louis Blues,0.535,0.465,0.535,0.465,0.1,0.2,2
401803658,NHL,2026-04-17 00:00:00+00:00,Nashville Predators,Anaheim Ducks,0.465,0.535,0.465,0.535,0.1,0.2,2
401803661,NHL,2026-04-17 01:00:00+00:00,Calgary Flames,Los Angeles Kings,0.395,0.605,0.395,0.605,0.2,0.1,1
401803655,NHL,2026-04-15 23:30:00+00:00,Ottawa Senators,Toronto Maple Leafs,0.625,0.375,0.625,0.375,0.2,0.2,1
401803657,NHL,2026-04-16 02:00:00+00:00,Vegas Golden Knights,Seattle Kraken,0.725,0.275,0.725,0.275,0.1,0.1,1
401803656,NHL,2026-04-16 00:30:00+00:00,Chicago Blackhawks,San Jose Sharks,0.485,0.515,0.485,0.515,0.4,0.2,1
401803652,NHL,2026-04-15 23:00:00+00:00,Buffalo Sabres,Dallas Stars,0.435,0.565,0.435,0.565,0.2,0.2,2
401803653,NHL,2026-04-15 23:00:00+00:00,Tampa Bay Lightning,New York Rangers,0.555,0.445,0.555,0.445,0.3,0.3,2
401803654,NHL,2026-04-15 23:00:00+00:00,Florida Panthers,Detroit Red Wings,0.385,0.615,0.385,0.615,0.2,0.4,1
401803644,NHL,2026-04-14 23:00:00+00:00,New York Islanders,Carolina Hurricanes,0.605,0.395,0.605,0.395,0.2,0.2,2
401803651,NHL,2026-04-15 02:00:00+00:00,Vancouver Canucks,Los Angeles Kings,0.405,0.595,0.405,0.595,0.3,0.4,1
401803650,NHL,2026-04-15 01:30:00+00:00,St. Louis Blues,Pittsburgh Penguins,0.645,0.355,0.645,0.355,0.4,0.2,1
401803649,NHL,2026-04-15 01:00:00+00:00,Calgary Flames,Colorado Avalanche,0.385,0.615,0.385,0.615,0.2,0.2,2
401803648,NHL,2026-04-15 01:00:00+00:00,Utah Mammoth,Winnipeg Jets,0.665,0.335,0.665,0.335,0.2,0.3,1
401803647,NHL,2026-04-15 00:00:00+00:00,Minnesota Wild,Anaheim Ducks,0.375,0.625,0.375,0.625,0.2,0.2,1
401803643,NHL,2026-04-14 23:00:00+00:00,Boston Bruins,New Jersey Devils,0.585,0.415,0.585,0.415,0.1,0.3,1
401803645,NHL,2026-04-14 23:00:00+00:00,Philadelphia Flyers,Montreal Canadiens,0.275,0.725,0.275,0.725,0.3,0.1,1
401803646,NHL,2026-04-14 23:00:00+00:00,Columbus Blue Jackets,Washington Capitals,0.575,0.425,0.575,0.425,0.2,0.2,2
401803640,NHL,2026-04-14 01:30:00+00:00,Edmonton Oilers,Colorado Avalanche,0.4554,0.5446,0.46,0.55,1.2,0.1,2
401803639,NHL,2026-04-14 00:30:00+00:00,Chicago Blackhawks,Buffalo Sabres,0.365,0.635,0.365,0.635,0.3,0.3,2
401803637,NHL,2026-04-14 00:00:00+00:00,St. Louis Blues,Minnesota Wild,0.615,0.385,0.615,0.385,0.4,0.2,1
401803638,NHL,2026-04-14 00:00:00+00:00,Nashville Predators,San Jose Sharks,0.575,0.425,0.575,0.425,0.2,0.4,2
401803636,NHL,2026-04-13 23:30:00+00:00,Toronto Maple Leafs,Dallas Stars,0.365,0.635,0.365,0.635,0.4,0.2,2
401803635,NHL,2026-04-13 23:00:00+00:00,Philadelphia Flyers,Carolina Hurricanes,0.5829,0.4171,0.58,0.415,0.3,0.3,1
401803633,NHL,2026-04-13 23:00:00+00:00,Tampa Bay Lightning,Detroit Red Wings,0.625,0.375,0.625,0.375,0.3,0.3,1
401803634,NHL,2026-04-13 23:00:00+00:00,Florida Panthers,New York Rangers,0.425,0.575,0.425,0.575,0.2,0.3,1
401803641,NHL,2026-04-14 02:00:00+00:00,Vegas Golden Knights,Winnipeg Jets,0.635,0.365,0.635,0.365,0.3,0.3,1
401803642,NHL,2026-04-14 01:30:00+00:00,Seattle Kraken,Los Angeles Kings,0.395,0.605,0.395,0.605,0.1,0.1,2
401803632,NHL,2026-04-13 01:00:00+00:00,Calgary Flames,Utah Mammoth,0.4,0.6,0.4,0.6,0.3,0.2,1
401803631,NHL,2026-04-13 00:00:00+00:00,Anaheim Ducks,Vancouver Canucks,0.715,0.285,0.715,0.285,0.3,0.2,2
401803630,NHL,2026-04-12 23:00:00+00:00,New Jersey Devils,Ottawa Senators,0.525,0.475,0.525,0.475,0.2,0.2,1
401803628,NHL,2026-04-12 22:00:00+00:00,New York Islanders,Montreal Canadiens,0.545,0.455,0.545,0.455,0.3,0.4,2
401803629,NHL,2026-04-12 22:00:00+00:00,Columbus Blue Jackets,Boston Bruins,0.645,0.355,0.645,0.355,0.3,0.4,2
401803627,NHL,2026-04-12 19:00:00+00:00,Washington Capitals,Pittsburgh Penguins,0.585,0.415,0.585,0.415,0.2,0.3,1
401803616,NHL,2026-04-11 21:00:00+00:00,Detroit Red Wings,New Jersey Devils,0.55,0.45,0.55,0.45,0.3,0.3,2
401803619,NHL,2026-04-11 21:00:00+00:00,Dallas Stars,New York Rangers,0.615,0.385,0.615,0.385,0.3,0.3,1
401803618,NHL,2026-04-11 21:00:00+00:00,Nashville Predators,Minnesota Wild,0.505,0.495,0.505,0.495,0.3,0.4,1
401803614,NHL,2026-04-11 19:00:00+00:00,Pittsburgh Penguins,Washington Capitals,0.425,0.575,0.425,0.575,0.2,0.3,2
401803613,NHL,2026-04-11 17:00:00+00:00,New York Islanders,Ottawa Senators,0.445,0.555,0.445,0.555,0.3,0.2,2
401803625,NHL,2026-04-12 00:00:00+00:00,Colorado Avalanche,Vegas Golden Knights,0.565,0.435,0.565,0.435,0.3,0.1,2
401803622,NHL,2026-04-11 23:00:00+00:00,Montreal Canadiens,Columbus Blue Jackets,0.555,0.445,0.555,0.445,0.3,0.2,2
401803621,NHL,2026-04-11 23:00:00+00:00,Toronto Maple Leafs,Florida Panthers,0.585,0.415,0.585,0.415,0.3,0.3,2
401803615,NHL,2026-04-11 20:00:00+00:00,Los Angeles Kings,Edmonton Oilers,0.535,0.465,0.535,0.465,0.1,0.2,1
401803612,NHL,2026-04-11 16:30:00+00:00,Boston Bruins,Tampa Bay Lightning,0.475,0.525,0.475,0.525,0.3,0.4,2
401803620,NHL,2026-04-11 21:00:00+00:00,Utah Mammoth,Carolina Hurricanes,0.535,0.465,0.535,0.465,0.2,0.3,2
401803624,NHL,2026-04-11 23:00:00+00:00,Seattle Kraken,Calgary Flames,0.545,0.455,0.545,0.455,0.3,0.3,1
401803617,NHL,2026-04-11 21:00:00+00:00,Chicago Blackhawks,St. Louis Blues,0.435,0.565,0.435,0.565,0.2,0.2,2
401803623,NHL,2026-04-11 23:00:00+00:00,Winnipeg Jets,Philadelphia Flyers,0.525,0.475,0.525,0.475,0.3,0.3,2
401803626,NHL,2026-04-12 02:00:00+00:00,San Jose Sharks,Vancouver Canucks,0.625,0.375,0.625,0.375,0.3,0.3,2
401803611,NHL,2026-04-10 02:30:00+00:00,Los Angeles Kings,Vancouver Canucks,0.705,0.295,0.705,0.295,0.3,0.4,1
401803609,NHL,2026-04-10 02:00:00+00:00,Anaheim Ducks,San Jose Sharks,0.605,0.395,0.605,0.395,0.2,0.2,1
401803610,NHL,2026-04-10 02:00:00+00:00,Seattle Kraken,Vegas Golden Knights,0.375,0.625,0.375,0.625,0.2,0.3,1
401803607,NHL,2026-04-10 01:00:00+00:00,Colorado Avalanche,Calgary Flames,0.74,0.26,0.74,0.26,0.3,0.3,1
401803608,NHL,2026-04-10 01:00:00+00:00,Utah Mammoth,Nashville Predators,0.605,0.395,0.605,0.395,0.2,0.2,1
401803606,NHL,2026-04-10 00:30:00+00:00,Chicago Blackhawks,Carolina Hurricanes,0.385,0.615,0.385,0.615,0.3,0.2,2
401803598,NHL,2026-04-09 23:00:00+00:00,Buffalo Sabres,Columbus Blue Jackets,0.495,0.505,0.495,0.505,0.1,0.2,1
401803599,NHL,2026-04-09 23:00:00+00:00,Montreal Canadiens,Tampa Bay Lightning,0.485,0.515,0.485,0.515,0.3,0.3,1
401803603,NHL,2026-04-09 22:45:00+00:00,New York Islanders,Toronto Maple Leafs,0.735,0.265,0.735,0.265,0.2,0.2,1
401803600,NHL,2026-04-09 23:00:00+00:00,Ottawa Senators,Florida Panthers,0.765,0.235,0.765,0.235,0.2,0.1,1
401803605,NHL,2026-04-10 01:00:00+00:00,Dallas Stars,Minnesota Wild,0.535,0.465,0.535,0.465,0.2,0.2,1
401803602,NHL,2026-04-09 23:00:00+00:00,New Jersey Devils,Pittsburgh Penguins,0.505,0.495,0.505,0.495,0.3,0.2,2
401803604,NHL,2026-04-10 00:00:00+00:00,St. Louis Blues,Winnipeg Jets,0.505,0.495,0.505,0.495,0.3,0.2,2
401803601,NHL,2026-04-09 23:00:00+00:00,Detroit Red Wings,Philadelphia Flyers,0.535,0.465,0.535,0.465,0.1,0.3,1
401803596,NHL,2026-04-08 23:30:00+00:00,Toronto Maple Leafs,Washington Capitals,0.405,0.595,0.405,0.595,0.9,0.0,2
401803597,NHL,2026-04-09 02:00:00+00:00,San Jose Sharks,Edmonton Oilers,0.505,0.495,0.505,0.495,0.3,0.2,2
401803595,NHL,2026-04-08 23:00:00+00:00,New York Rangers,Buffalo Sabres,0.455,0.545,0.455,0.545,0.7,0.8,2
401803588,NHL,2026-04-07 23:00:00+00:00,Carolina Hurricanes,Boston Bruins,0.625,0.375,0.625,0.375,0.3,0.3,1
401803584,NHL,2026-04-07 23:00:00+00:00,Montreal Canadiens,Florida Panthers,0.725,0.275,0.725,0.275,0.3,0.3,1
401803587,NHL,2026-04-07 23:00:00+00:00,New Jersey Devils,Philadelphia Flyers,0.535,0.465,0.535,0.465,0.3,0.2,2
401803585,NHL,2026-04-07 23:00:00+00:00,Ottawa Senators,Tampa Bay Lightning,0.575,0.425,0.575,0.425,0.2,0.3,1
401803594,NHL,2026-04-08 02:00:00+00:00,Anaheim Ducks,Nashville Predators,0.575,0.425,0.575,0.425,0.7,0.9,2
401803589,NHL,2026-04-08 00:00:00+00:00,St. Louis Blues,Colorado Avalanche,0.405,0.595,0.405,0.595,0.2,0.2,2
401803593,NHL,2026-04-08 02:00:00+00:00,Vancouver Canucks,Vegas Golden Knights,0.315,0.685,0.315,0.685,0.8,0.7,2
401803592,NHL,2026-04-08 01:30:00+00:00,Utah Mammoth,Edmonton Oilers,0.565,0.435,0.565,0.435,0.2,0.1,1
401803590,NHL,2026-04-08 00:00:00+00:00,Dallas Stars,Calgary Flames,0.685,0.315,0.685,0.315,0.2,0.3,1
401803591,NHL,2026-04-08 00:00:00+00:00,Minnesota Wild,Seattle Kraken,0.705,0.295,0.705,0.295,0.2,0.3,1
401803586,NHL,2026-04-07 23:00:00+00:00,Detroit Red Wings,Columbus Blue Jackets,0.495,0.505,0.495,0.505,0.3,0.1,2
401803583,NHL,2026-04-07 02:30:00+00:00,Los Angeles Kings,Nashville Predators,0.565,0.435,0.565,0.435,0.2,0.1,1
401803582,NHL,2026-04-07 02:00:00+00:00,San Jose Sharks,Chicago Blackhawks,0.595,0.405,0.595,0.405,0.3,0.4,1
401803581,NHL,2026-04-06 23:30:00+00:00,Winnipeg Jets,Seattle Kraken,0.595,0.405,0.595,0.405,0.0,0.8,1
401803580,NHL,2026-04-06 23:00:00+00:00,Buffalo Sabres,Tampa Bay Lightning,0.485,0.515,0.485,0.515,0.2,0.2,1
401803561,NHL,2026-04-04 21:00:00+00:00,Tampa Bay Lightning,Boston Bruins,0.615,0.385,0.615,0.385,0.3,0.2,1
401803577,NHL,2026-04-05 23:00:00+00:00,Montreal Canadiens,New Jersey Devils,0.565,0.435,0.565,0.435,0.3,0.3,2
401803560,NHL,2026-04-04 19:00:00+00:00,Dallas Stars,Colorado Avalanche,0.485,0.515,0.485,0.515,1.2,0.1,2
401803579,NHL,2026-04-06 01:45:00+00:00,Colorado Avalanche,St. Louis Blues,0.625,0.375,0.625,0.375,0.1,0.2,2
401803578,NHL,2026-04-05 23:00:00+00:00,New York Rangers,Washington Capitals,0.495,0.505,0.495,0.505,0.3,0.4,1
401803576,NHL,2026-04-05 21:00:00+00:00,Ottawa Senators,Carolina Hurricanes,0.475,0.525,0.475,0.525,0.2,1.2,1
401803575,NHL,2026-04-05 19:30:00+00:00,Philadelphia Flyers,Boston Bruins,0.585,0.415,0.585,0.415,1.2,1.3,1
401803574,NHL,2026-04-05 19:00:00+00:00,Pittsburgh Penguins,Florida Panthers,0.675,0.325,0.675,0.325,0.4,0.4,1
401803573,NHL,2026-04-05 17:00:00+00:00,Detroit Red Wings,Minnesota Wild,0.445,0.555,0.445,0.555,0.2,0.2,2
401803571,NHL,2026-04-05 02:00:00+00:00,San Jose Sharks,Nashville Predators,0.515,0.485,0.515,0.485,0.3,0.3,2
401803570,NHL,2026-04-05 02:00:00+00:00,Anaheim Ducks,Calgary Flames,0.565,0.435,0.565,0.435,0.3,0.2,2
401803565,NHL,2026-04-04 23:00:00+00:00,Carolina Hurricanes,New York Islanders,0.675,0.325,0.675,0.325,0.4,0.4,1
401803568,NHL,2026-04-04 23:00:00+00:00,Los Angeles Kings,Toronto Maple Leafs,0.645,0.355,0.645,0.355,0.3,0.2,1
401803567,NHL,2026-04-04 23:00:00+00:00,Vancouver Canucks,Utah Mammoth,0.345,0.655,0.345,0.655,0.3,0.4,2
401803564,NHL,2026-04-04 23:00:00+00:00,Washington Capitals,Buffalo Sabres,0.495,0.505,0.495,0.505,0.3,0.3,1
401803566,NHL,2026-04-04 23:00:00+00:00,Columbus Blue Jackets,Winnipeg Jets,0.585,0.415,0.585,0.415,0.3,0.2,2
401803562,NHL,2026-04-04 21:00:00+00:00,Pittsburgh Penguins,Florida Panthers,0.675,0.325,0.675,0.325,0.2,0.3,1
401803559,NHL,2026-04-04 17:00:00+00:00,Ottawa Senators,Minnesota Wild,0.545,0.455,0.545,0.455,0.1,0.0,2
401803558,NHL,2026-04-04 16:30:00+00:00,New York Rangers,Detroit Red Wings,0.435,0.565,0.435,0.565,0.2,0.1,1
401803569,NHL,2026-04-05 02:00:00+00:00,Edmonton Oilers,Vegas Golden Knights,0.495,0.505,0.495,0.505,0.4,0.2,2
401803572,NHL,2026-04-05 02:00:00+00:00,Seattle Kraken,Chicago Blackhawks,0.605,0.395,0.605,0.395,0.3,0.4,2
401803563,NHL,2026-04-04 23:00:00+00:00,New Jersey Devils,Montreal Canadiens,0.485,0.515,0.485,0.515,0.3,0.2,2
401803556,NHL,2026-04-03 23:00:00+00:00,New York Islanders,Philadelphia Flyers,0.585,0.415,0.585,0.415,0.2,0.3,2
401803557,NHL,2026-04-04 02:00:00+00:00,Anaheim Ducks,St. Louis Blues,0.555,0.445,0.555,0.445,0.3,0.3,2
401803546,NHL,2026-04-02 23:00:00+00:00,New York Rangers,Montreal Canadiens,0.465,0.535,0.465,0.535,0.4,0.2,2
401803548,NHL,2026-04-02 23:00:00+00:00,Carolina Hurricanes,Columbus Blue Jackets,0.625,0.375,0.625,0.375,0.3,0.3,1
401803550,NHL,2026-04-03 00:00:00+00:00,Minnesota Wild,Vancouver Canucks,0.785,0.215,0.785,0.215,0.1,0.1,1
401803555,NHL,2026-04-03 02:30:00+00:00,Los Angeles Kings,Nashville Predators,0.525,0.475,0.525,0.475,0.2,0.3,2
401803549,NHL,2026-04-03 00:00:00+00:00,Dallas Stars,Winnipeg Jets,0.585,0.415,0.585,0.415,0.3,0.3,1
401803545,NHL,2026-04-02 23:30:00+00:00,New Jersey Devils,Washington Capitals,0.505,0.495,0.505,0.495,0.2,0.2,1
401803553,NHL,2026-04-03 02:00:00+00:00,San Jose Sharks,Toronto Maple Leafs,0.555,0.445,0.555,0.445,0.2,0.3,1
401803552,NHL,2026-04-03 02:00:00+00:00,Vegas Golden Knights,Calgary Flames,0.675,0.325,0.675,0.325,0.3,0.3,1
401803554,NHL,2026-04-03 02:00:00+00:00,Seattle Kraken,Utah Mammoth,0.435,0.565,0.435,0.565,0.3,0.3,2
401803551,NHL,2026-04-03 01:00:00+00:00,Edmonton Oilers,Chicago Blackhawks,0.655,0.345,0.655,0.345,0.3,0.2,1
401803542,NHL,2026-04-02 23:00:00+00:00,Ottawa Senators,Buffalo Sabres,0.515,0.485,0.515,0.485,0.4,0.3,1
401803547,NHL,2026-04-02 23:00:00+00:00,Philadelphia Flyers,Detroit Red Wings,0.495,0.505,0.495,0.505,0.3,0.3,2
401803544,NHL,2026-04-02 23:00:00+00:00,Florida Panthers,Boston Bruins,0.395,0.605,0.395,0.605,0.4,0.3,1
401803543,NHL,2026-04-02 23:00:00+00:00,Tampa Bay Lightning,Pittsburgh Penguins,0.595,0.405,0.595,0.405,0.3,0.4,1
401803541,NHL,2026-04-02 01:00:00+00:00,San Jose Sharks,Anaheim Ducks,0.505,0.495,0.505,0.495,0.3,0.3,1
401803540,NHL,2026-04-02 01:00:00+00:00,Los Angeles Kings,St. Louis Blues,0.565,0.435,0.565,0.435,0.3,0.4,1
401803539,NHL,2026-04-02 00:30:00+00:00,Colorado Avalanche,Vancouver Canucks,0.795,0.205,0.795,0.205,0.3,0.4,2
401803535,NHL,2026-03-31 23:00:00+00:00,Washington Capitals,Philadelphia Flyers,0.535,0.465,0.535,0.465,0.3,0.2,1
401803531,NHL,2026-03-31 23:00:00+00:00,Tampa Bay Lightning,Montreal Canadiens,0.605,0.395,0.605,0.395,0.3,0.3,2
401803533,NHL,2026-03-31 23:00:00+00:00,New York Rangers,New Jersey Devils,0.465,0.535,0.465,0.535,0.1,0.2,1
401803530,NHL,2026-03-31 23:00:00+00:00,Buffalo Sabres,New York Islanders,0.615,0.385,0.615,0.385,0.2,0.3,1
401803538,NHL,2026-04-01 01:00:00+00:00,Edmonton Oilers,Seattle Kraken,0.625,0.375,0.625,0.375,0.3,0.4,1
401803532,NHL,2026-03-31 23:00:00+00:00,Florida Panthers,Ottawa Senators,0.375,0.625,0.375,0.625,0.3,0.3,1
401803536,NHL,2026-03-31 23:30:00+00:00,Columbus Blue Jackets,Carolina Hurricanes,0.455,0.545,0.455,0.545,0.3,0.3,2
401803529,NHL,2026-03-31 23:00:00+00:00,Boston Bruins,Dallas Stars,0.455,0.545,0.455,0.545,0.2,0.3,1
401803537,NHL,2026-04-01 00:30:00+00:00,Chicago Blackhawks,Winnipeg Jets,0.425,0.575,0.425,0.575,0.2,0.3,2
401803534,NHL,2026-03-31 23:00:00+00:00,Pittsburgh Penguins,Detroit Red Wings,0.515,0.485,0.515,0.485,0.2,0.2,1
401803528,NHL,2026-03-31 02:00:00+00:00,San Jose Sharks,St. Louis Blues,0.495,0.505,0.495,0.505,0.2,0.2,1
401803527,NHL,2026-03-31 02:00:00+00:00,Anaheim Ducks,Toronto Maple Leafs,0.625,0.375,0.625,0.375,0.2,0.2,2
401803526,NHL,2026-03-31 02:00:00+00:00,Vegas Golden Knights,Vancouver Canucks,0.745,0.255,0.745,0.255,0.2,0.3,1
401803525,NHL,2026-03-31 00:30:00+00:00,Colorado Avalanche,Calgary Flames,0.765,0.235,0.765,0.235,0.2,0.2,1
401803524,NHL,2026-03-30 23:00:00+00:00,New York Islanders,Pittsburgh Penguins,0.545,0.455,0.545,0.455,0.3,0.4,2
401803518,NHL,2026-03-29 17:00:00+00:00,New York Rangers,Florida Panthers,0.625,0.375,0.625,0.375,0.3,0.3,1
401803520,NHL,2026-03-29 21:00:00+00:00,Carolina Hurricanes,Montreal Canadiens,0.595,0.405,0.595,0.405,0.2,0.4,2
401803522,NHL,2026-03-29 23:00:00+00:00,New Jersey Devils,Chicago Blackhawks,0.605,0.395,0.605,0.395,0.2,0.4,1
401803519,NHL,2026-03-29 21:00:00+00:00,Tampa Bay Lightning,Nashville Predators,0.615,0.385,0.615,0.385,0.4,0.3,1
401803523,NHL,2026-03-29 23:00:00+00:00,Philadelphia Flyers,Dallas Stars,0.385,0.615,0.385,0.615,0.3,0.4,1
401803521,NHL,2026-03-29 21:00:00+00:00,Columbus Blue Jackets,Boston Bruins,0.595,0.405,0.595,0.405,0.4,0.3,2
401803503,NHL,2026-03-28 17:00:00+00:00,Tampa Bay Lightning,Ottawa Senators,0.565,0.435,0.565,0.435,0.4,0.5,1
401803508,NHL,2026-03-28 21:00:00+00:00,Carolina Hurricanes,New Jersey Devils,0.635,0.365,0.635,0.365,0.4,0.4,1
401803517,NHL,2026-03-29 02:30:00+00:00,Vegas Golden Knights,Washington Capitals,0.575,0.425,0.575,0.425,0.4,0.5,2
401803516,NHL,2026-03-29 02:00:00+00:00,Calgary Flames,Vancouver Canucks,0.585,0.415,0.585,0.415,0.5,0.5,1
401803510,NHL,2026-03-28 21:30:00+00:00,Buffalo Sabres,Seattle Kraken,0.625,0.375,0.625,0.375,0.5,0.5,1
401803512,NHL,2026-03-28 23:00:00+00:00,Nashville Predators,Montreal Canadiens,0.485,0.515,0.485,0.515,0.4,0.5,2
401803504,NHL,2026-03-28 17:00:00+00:00,New York Islanders,Florida Panthers,0.645,0.355,0.645,0.355,0.4,0.4,1
401803511,NHL,2026-03-28 23:00:00+00:00,St. Louis Blues,Toronto Maple Leafs,0.585,0.415,0.585,0.415,0.5,0.5,1
401803514,NHL,2026-03-29 00:00:00+00:00,Detroit Red Wings,Philadelphia Flyers,0.535,0.465,0.535,0.465,0.3,0.4,2
401803507,NHL,2026-03-28 21:00:00+00:00,Pittsburgh Penguins,Dallas Stars,0.445,0.555,0.445,0.555,0.4,0.4,2
401803506,NHL,2026-03-28 21:00:00+00:00,Boston Bruins,Minnesota Wild,0.475,0.525,0.475,0.525,0.4,0.5,1
401803513,NHL,2026-03-28 23:00:00+00:00,Colorado Avalanche,Winnipeg Jets,0.705,0.295,0.705,0.295,0.5,0.3,2
401803515,NHL,2026-03-29 01:00:00+00:00,Los Angeles Kings,Utah Mammoth,0.495,0.505,0.495,0.505,0.5,0.3,2
401803509,NHL,2026-03-28 21:00:00+00:00,Columbus Blue Jackets,San Jose Sharks,0.635,0.365,0.635,0.365,0.4,0.5,2
401803505,NHL,2026-03-28 19:30:00+00:00,Edmonton Oilers,Anaheim Ducks,0.575,0.425,0.575,0.425,0.3,0.5,1
401803502,NHL,2026-03-27 23:00:00+00:00,New York Rangers,Chicago Blackhawks,0.605,0.395,0.605,0.395,0.4,0.5,1
401803501,NHL,2026-03-27 23:00:00+00:00,Buffalo Sabres,Detroit Red Wings,0.565,0.435,0.565,0.435,0.5,0.6,2
401803489,NHL,2026-03-26 23:00:00+00:00,Ottawa Senators,Pittsburgh Penguins,0.575,0.425,0.575,0.425,0.6,0.6,2
401803491,NHL,2026-03-26 23:00:00+00:00,Florida Panthers,Minnesota Wild,0.405,0.595,0.405,0.595,0.6,0.6,2
401803494,NHL,2026-03-27 00:00:00+00:00,St. Louis Blues,San Jose Sharks,0.535,0.465,0.535,0.465,0.5,0.5,1
401803493,NHL,2026-03-26 23:00:00+00:00,Philadelphia Flyers,Chicago Blackhawks,0.565,0.435,0.565,0.435,0.5,0.7,1
401803492,NHL,2026-03-26 23:00:00+00:00,New York Islanders,Dallas Stars,0.475,0.525,0.475,0.525,0.5,0.6,1
401803496,NHL,2026-03-27 00:00:00+00:00,Winnipeg Jets,Colorado Avalanche,0.375,0.625,0.375,0.625,0.5,0.5,2
401803500,NHL,2026-03-27 02:00:00+00:00,Vancouver Canucks,Los Angeles Kings,0.375,0.625,0.375,0.625,0.5,0.5,2
401803490,NHL,2026-03-26 23:00:00+00:00,Tampa Bay Lightning,Seattle Kraken,0.715,0.285,0.715,0.285,0.5,0.6,2
401803495,NHL,2026-03-27 00:00:00+00:00,Nashville Predators,New Jersey Devils,0.505,0.495,0.505,0.495,0.5,0.5,2
401803497,NHL,2026-03-27 01:00:00+00:00,Utah Mammoth,Washington Capitals,0.555,0.445,0.555,0.445,0.5,0.5,2
401803499,NHL,2026-03-27 01:30:00+00:00,Vegas Golden Knights,Edmonton Oilers,0.565,0.435,0.565,0.435,0.6,0.6,2
401803488,NHL,2026-03-26 23:00:00+00:00,Montreal Canadiens,Columbus Blue Jackets,0.495,0.505,0.495,0.505,0.7,0.5,1
401803498,NHL,2026-03-27 01:00:00+00:00,Calgary Flames,Anaheim Ducks,0.455,0.545,0.455,0.545,0.6,0.5,2
401803486,NHL,2026-03-25 23:30:00+00:00,Buffalo Sabres,Boston Bruins,0.655,0.345,0.655,0.345,0.5,0.6,2
401803487,NHL,2026-03-25 23:30:00+00:00,Toronto Maple Leafs,New York Rangers,0.445,0.555,0.445,0.555,0.5,0.5,1
401803474,NHL,2026-03-24 23:00:00+00:00,Florida Panthers,Seattle Kraken,0.535,0.465,0.535,0.465,0.5,0.6,1
401803476,NHL,2026-03-24 23:00:00+00:00,Philadelphia Flyers,Columbus Blue Jackets,0.435,0.565,0.435,0.565,0.6,0.6,2
401803477,NHL,2026-03-24 23:00:00+00:00,Pittsburgh Penguins,Colorado Avalanche,0.395,0.605,0.395,0.605,0.6,0.6,2
401803478,NHL,2026-03-24 23:30:00+00:00,Tampa Bay Lightning,Minnesota Wild,0.585,0.415,0.585,0.415,0.6,0.6,1
401803484,NHL,2026-03-25 01:00:00+00:00,Calgary Flames,Los Angeles Kings,0.43,0.57,0.43,0.57,0.5,0.6,1
401803473,NHL,2026-03-24 23:00:00+00:00,Detroit Red Wings,Ottawa Senators,0.545,0.455,0.545,0.455,0.5,0.6,2
401803475,NHL,2026-03-24 23:00:00+00:00,New York Islanders,Chicago Blackhawks,0.605,0.395,0.605,0.395,0.5,0.5,2
401803472,NHL,2026-03-24 23:00:00+00:00,Montreal Canadiens,Carolina Hurricanes,0.455,0.545,0.455,0.545,0.6,0.5,1
401803482,NHL,2026-03-25 00:00:00+00:00,Winnipeg Jets,Vegas Golden Knights,0.455,0.545,0.455,0.545,0.5,0.6,1
401803485,NHL,2026-03-25 02:00:00+00:00,Vancouver Canucks,Anaheim Ducks,0.385,0.615,0.385,0.615,0.5,0.6,2
401803479,NHL,2026-03-25 00:00:00+00:00,St. Louis Blues,Washington Capitals,0.485,0.515,0.485,0.515,0.6,0.6,1
401803483,NHL,2026-03-25 01:30:00+00:00,Utah Mammoth,Edmonton Oilers,0.555,0.445,0.555,0.445,0.6,0.6,2
401803481,NHL,2026-03-25 00:00:00+00:00,Dallas Stars,New Jersey Devils,0.605,0.395,0.605,0.395,0.5,0.6,2
401803471,NHL,2026-03-24 23:00:00+00:00,Boston Bruins,Toronto Maple Leafs,0.635,0.365,0.635,0.365,0.6,0.6,2
401803480,NHL,2026-03-25 00:00:00+00:00,Nashville Predators,San Jose Sharks,0.545,0.455,0.545,0.455,0.6,0.5,1
401803470,NHL,2026-03-23 23:30:00+00:00,New York Rangers,Ottawa Senators,0.375,0.625,0.375,0.625,0.6,0.6,2
401803466,NHL,2026-03-22 23:00:00+00:00,Dallas Stars,Vegas Golden Knights,0.555,0.445,0.555,0.445,0.5,0.6,2
401803468,NHL,2026-03-23 00:00:00+00:00,Anaheim Ducks,Buffalo Sabres,0.485,0.515,0.485,0.515,0.6,0.6,1
401803464,NHL,2026-03-22 19:00:00+00:00,Chicago Blackhawks,Nashville Predators,0.495,0.505,0.495,0.505,0.6,0.7,2
401803465,NHL,2026-03-22 23:00:00+00:00,New York Islanders,Columbus Blue Jackets,0.475,0.525,0.475,0.525,0.6,0.6,1
401803469,NHL,2026-03-23 01:00:00+00:00,Utah Mammoth,Los Angeles Kings,0.615,0.385,0.615,0.385,0.5,0.5,1
401803461,NHL,2026-03-22 16:00:00+00:00,New York Rangers,Winnipeg Jets,0.515,0.485,0.515,0.485,0.6,0.6,2
401803463,NHL,2026-03-22 19:00:00+00:00,Pittsburgh Penguins,Carolina Hurricanes,0.435,0.565,0.435,0.565,0.6,0.6,2
401803462,NHL,2026-03-22 16:30:00+00:00,Washington Capitals,Colorado Avalanche,0.395,0.605,0.395,0.605,0.6,0.7,2
401803467,NHL,2026-03-23 00:00:00+00:00,Calgary Flames,Tampa Bay Lightning,0.395,0.605,0.395,0.605,0.6,0.5,1
401803454,NHL,2026-03-21 20:00:00+00:00,San Jose Sharks,Philadelphia Flyers,0.525,0.475,0.525,0.475,0.5,0.5,2
401803453,NHL,2026-03-21 20:00:00+00:00,Los Angeles Kings,Buffalo Sabres,0.465,0.535,0.465,0.535,0.5,0.5,2
401803458,NHL,2026-03-21 23:00:00+00:00,Vancouver Canucks,St. Louis Blues,0.435,0.565,0.435,0.565,0.6,0.6,2
401803457,NHL,2026-03-21 23:00:00+00:00,Ottawa Senators,Toronto Maple Leafs,0.725,0.275,0.725,0.275,0.6,0.5,1
401803455,NHL,2026-03-21 21:00:00+00:00,Columbus Blue Jackets,Seattle Kraken,0.645,0.355,0.645,0.355,0.6,0.5,1
401803460,NHL,2026-03-22 02:00:00+00:00,Edmonton Oilers,Tampa Bay Lightning,0.445,0.555,0.445,0.555,0.6,0.6,2
401803459,NHL,2026-03-22 00:00:00+00:00,Detroit Red Wings,Boston Bruins,0.535,0.465,0.535,0.465,0.6,0.6,2
401803456,NHL,2026-03-21 23:00:00+00:00,Montreal Canadiens,New York Islanders,0.525,0.475,0.525,0.475,0.6,0.6,1
401803451,NHL,2026-03-21 18:00:00+00:00,Nashville Predators,Vegas Golden Knights,0.425,0.575,0.425,0.575,0.4,0.6,1
401803452,NHL,2026-03-21 20:00:00+00:00,Minnesota Wild,Dallas Stars,0.445,0.555,0.445,0.555,0.5,0.5,1
401803450,NHL,2026-03-21 17:00:00+00:00,Pittsburgh Penguins,Winnipeg Jets,0.595,0.405,0.595,0.405,0.5,0.5,1
401803445,NHL,2026-03-20 23:00:00+00:00,Toronto Maple Leafs,Carolina Hurricanes,0.345,0.655,0.345,0.655,0.5,0.4,2
401803447,NHL,2026-03-21 00:30:00+00:00,Chicago Blackhawks,Colorado Avalanche,0.255,0.745,0.255,0.745,0.6,0.5,2
401803448,NHL,2026-03-21 01:00:00+00:00,Calgary Flames,Florida Panthers,0.525,0.475,0.525,0.475,0.4,0.5,1
401803449,NHL,2026-03-21 02:00:00+00:00,Utah Mammoth,Anaheim Ducks,0.545,0.455,0.545,0.455,0.6,0.5,2
401803446,NHL,2026-03-20 23:00:00+00:00,Washington Capitals,New Jersey Devils,0.535,0.465,0.535,0.465,0.5,0.4,1
401803435,NHL,2026-03-19 23:00:00+00:00,Ottawa Senators,New York Islanders,0.525,0.475,0.525,0.475,0.5,0.5,1
401803436,NHL,2026-03-19 23:00:00+00:00,Detroit Red Wings,Montreal Canadiens,0.485,0.515,0.485,0.515,0.5,0.5,1
401803440,NHL,2026-03-20 01:00:00+00:00,Edmonton Oilers,Florida Panthers,0.585,0.415,0.585,0.415,0.4,0.4,2
401803439,NHL,2026-03-19 23:30:00+00:00,Minnesota Wild,Chicago Blackhawks,0.625,0.375,0.625,0.375,0.6,0.5,2
401803444,NHL,2026-03-20 02:30:00+00:00,Los Angeles Kings,Philadelphia Flyers,0.645,0.355,0.645,0.355,0.6,0.5,2
401803441,NHL,2026-03-20 02:00:00+00:00,Vancouver Canucks,Tampa Bay Lightning,0.265,0.735,0.265,0.735,0.6,0.6,2
401803438,NHL,2026-03-20 00:00:00+00:00,Nashville Predators,Seattle Kraken,0.535,0.465,0.535,0.465,0.5,0.5,1
401803434,NHL,2026-03-19 23:00:00+00:00,Boston Bruins,Winnipeg Jets,0.555,0.445,0.555,0.445,0.5,0.5,1
401803442,NHL,2026-03-20 02:00:00+00:00,Vegas Golden Knights,Utah Mammoth,0.545,0.455,0.545,0.455,0.6,0.5,2
401803443,NHL,2026-03-20 02:00:00+00:00,San Jose Sharks,Buffalo Sabres,0.445,0.555,0.445,0.555,0.6,0.5,2
401803437,NHL,2026-03-19 23:00:00+00:00,Columbus Blue Jackets,New York Rangers,0.67,0.33,0.67,0.33,0.5,0.4,1
401803428,NHL,2026-03-18 23:00:00+00:00,New York Rangers,New Jersey Devils,0.475,0.525,0.475,0.525,0.6,0.6,2
401803430,NHL,2026-03-18 23:30:00+00:00,Washington Capitals,Ottawa Senators,0.445,0.555,0.445,0.555,0.5,0.5,1
401803432,NHL,2026-03-19 01:30:00+00:00,Calgary Flames,St. Louis Blues,0.445,0.555,0.445,0.555,0.6,0.6,1
401803433,NHL,2026-03-19 02:00:00+00:00,Anaheim Ducks,Philadelphia Flyers,0.575,0.425,0.575,0.425,0.5,0.4,2
401803429,NHL,2026-03-18 23:00:00+00:00,Carolina Hurricanes,Pittsburgh Penguins,0.545,0.455,0.545,0.455,0.5,0.5,1
401803431,NHL,2026-03-19 01:30:00+00:00,Colorado Avalanche,Dallas Stars,0.555,0.445,0.555,0.445,0.6,0.5,2
401803421,NHL,2026-03-17 23:00:00+00:00,Columbus Blue Jackets,Carolina Hurricanes,0.465,0.535,0.465,0.535,0.4,0.5,1
401803425,NHL,2026-03-18 02:00:00+00:00,Vancouver Canucks,Florida Panthers,0.415,0.585,0.415,0.585,0.2,0.3,1
401803422,NHL,2026-03-18 00:00:00+00:00,Winnipeg Jets,Nashville Predators,0.535,0.465,0.535,0.465,0.6,0.6,2
401803423,NHL,2026-03-17 23:30:00+00:00,Chicago Blackhawks,Minnesota Wild,0.385,0.615,0.385,0.615,0.5,0.5,2
401803427,NHL,2026-03-18 02:00:00+00:00,Seattle Kraken,Tampa Bay Lightning,0.375,0.625,0.375,0.625,0.3,0.3,2
401803426,NHL,2026-03-18 02:00:00+00:00,Vegas Golden Knights,Buffalo Sabres,0.555,0.445,0.555,0.445,0.3,0.3,2
401803420,NHL,2026-03-17 23:00:00+00:00,Montreal Canadiens,Boston Bruins,0.585,0.415,0.585,0.415,0.4,0.4,1
401803419,NHL,2026-03-17 23:00:00+00:00,Toronto Maple Leafs,New York Islanders,0.415,0.585,0.415,0.585,0.4,0.4,2
401803424,NHL,2026-03-18 01:00:00+00:00,Edmonton Oilers,San Jose Sharks,0.595,0.405,0.595,0.405,0.4,0.5,1
401803414,NHL,2026-03-16 23:00:00+00:00,Detroit Red Wings,Calgary Flames,0.615,0.385,0.615,0.385,0.5,0.6,1
401803417,NHL,2026-03-17 00:00:00+00:00,Dallas Stars,Utah Mammoth,0.585,0.415,0.585,0.415,0.6,0.5,2
401803415,NHL,2026-03-16 23:00:00+00:00,New Jersey Devils,Boston Bruins,0.525,0.475,0.525,0.475,0.4,0.6,1
401803416,NHL,2026-03-16 23:00:00+00:00,New York Rangers,Los Angeles Kings,0.495,0.505,0.495,0.505,0.5,0.5,2
401803418,NHL,2026-03-17 01:50:00+00:00,Colorado Avalanche,Pittsburgh Penguins,0.67,0.33,0.67,0.33,0.5,0.6,2
401803411,NHL,2026-03-15 23:30:00+00:00,Minnesota Wild,Toronto Maple Leafs,0.695,0.305,0.695,0.305,0.6,0.6,2
401803412,NHL,2026-03-16 00:00:00+00:00,Edmonton Oilers,Nashville Predators,0.625,0.375,0.625,0.375,0.6,0.5,1
401803408,NHL,2026-03-15 19:00:00+00:00,Winnipeg Jets,St. Louis Blues,0.495,0.505,0.495,0.505,0.7,0.6,1
401803413,NHL,2026-03-16 00:00:00+00:00,Seattle Kraken,Florida Panthers,0.475,0.525,0.475,0.525,0.5,0.7,1
401803409,NHL,2026-03-15 21:00:00+00:00,Ottawa Senators,San Jose Sharks,0.625,0.375,0.625,0.375,0.5,0.6,1
401803410,NHL,2026-03-15 23:00:00+00:00,Montreal Canadiens,Anaheim Ducks,0.565,0.435,0.565,0.435,0.5,0.4,2
401803400,NHL,2026-03-14 23:00:00+00:00,Tampa Bay Lightning,Carolina Hurricanes,0.535,0.465,0.535,0.465,0.6,0.6,2
401803403,NHL,2026-03-14 23:30:00+00:00,Philadelphia Flyers,Columbus Blue Jackets,0.445,0.555,0.445,0.555,0.6,0.5,2
401803406,NHL,2026-03-15 02:00:00+00:00,Vancouver Canucks,Seattle Kraken,0.435,0.565,0.435,0.565,0.6,0.6,2
401803407,NHL,2026-03-15 02:00:00+00:00,Vegas Golden Knights,Chicago Blackhawks,0.665,0.335,0.665,0.335,0.5,0.6,1
401803399,NHL,2026-03-14 23:00:00+00:00,Montreal Canadiens,San Jose Sharks,0.585,0.415,0.585,0.415,0.6,0.7,2
401803405,NHL,2026-03-15 01:00:00+00:00,Utah Mammoth,Pittsburgh Penguins,0.585,0.415,0.585,0.415,0.5,0.6,2
401803404,NHL,2026-03-15 00:00:00+00:00,Dallas Stars,Detroit Red Wings,0.635,0.365,0.635,0.365,0.4,0.4,1
401803402,NHL,2026-03-14 23:00:00+00:00,New York Islanders,Calgary Flames,0.575,0.425,0.575,0.425,0.6,0.5,1
401803395,NHL,2026-03-14 19:00:00+00:00,Washington Capitals,Boston Bruins,0.545,0.455,0.545,0.455,0.4,0.6,2
401803394,NHL,2026-03-14 17:00:00+00:00,Ottawa Senators,Anaheim Ducks,0.625,0.375,0.625,0.375,0.4,0.3,1
401803401,NHL,2026-03-14 23:00:00+00:00,New Jersey Devils,Los Angeles Kings,0.59,0.41,0.59,0.41,0.6,0.6,1
401803398,NHL,2026-03-14 23:00:00+00:00,Buffalo Sabres,Toronto Maple Leafs,0.675,0.325,0.675,0.325,0.6,0.5,1
401803397,NHL,2026-03-14 22:00:00+00:00,Minnesota Wild,New York Rangers,0.635,0.365,0.635,0.365,0.6,0.5,2
401803396,NHL,2026-03-14 20:00:00+00:00,Winnipeg Jets,Colorado Avalanche,0.385,0.615,0.385,0.615,0.5,0.6,1
401803393,NHL,2026-03-14 00:00:00+00:00,St. Louis Blues,Edmonton Oilers,0.435,0.565,0.435,0.565,0.6,0.6,1
401803392,NHL,2026-03-13 23:00:00+00:00,New York Islanders,Los Angeles Kings,0.555,0.445,0.555,0.445,0.6,0.5,2
401803378,NHL,2026-03-12 23:00:00+00:00,Boston Bruins,San Jose Sharks,0.575,0.425,0.575,0.425,0.6,0.6,2
401803388,NHL,2026-03-13 01:00:00+00:00,Utah Mammoth,Chicago Blackhawks,0.675,0.325,0.675,0.325,0.5,0.5,2
401803379,NHL,2026-03-12 23:00:00+00:00,Buffalo Sabres,Washington Capitals,0.655,0.345,0.655,0.345,0.5,0.5,2
401803391,NHL,2026-03-13 02:00:00+00:00,Seattle Kraken,Colorado Avalanche,0.345,0.655,0.345,0.655,0.6,0.6,2
401803389,NHL,2026-03-13 02:00:00+00:00,Vancouver Canucks,Nashville Predators,0.395,0.605,0.395,0.605,0.5,0.6,1
401803384,NHL,2026-03-12 23:00:00+00:00,Carolina Hurricanes,St. Louis Blues,0.715,0.285,0.715,0.285,0.6,0.6,2
401803385,NHL,2026-03-13 00:00:00+00:00,Dallas Stars,Edmonton Oilers,0.535,0.465,0.535,0.465,0.3,0.2,1
401803383,NHL,2026-03-12 23:00:00+00:00,New Jersey Devils,Calgary Flames,0.625,0.375,0.625,0.375,0.6,0.6,2
401803386,NHL,2026-03-13 00:00:00+00:00,Minnesota Wild,Philadelphia Flyers,0.675,0.325,0.675,0.325,0.3,0.3,2
401803387,NHL,2026-03-13 00:00:00+00:00,Winnipeg Jets,New York Rangers,0.575,0.425,0.575,0.425,0.3,0.3,2
401803390,NHL,2026-03-13 02:00:00+00:00,Vegas Golden Knights,Pittsburgh Penguins,0.605,0.395,0.605,0.395,0.5,0.6,1
401803381,NHL,2026-03-12 23:00:00+00:00,Tampa Bay Lightning,Detroit Red Wings,0.665,0.335,0.665,0.335,0.6,0.5,1
401803382,NHL,2026-03-12 23:00:00+00:00,Florida Panthers,Columbus Blue Jackets,0.455,0.545,0.455,0.545,0.6,0.5,1
401803380,NHL,2026-03-12 23:00:00+00:00,Toronto Maple Leafs,Anaheim Ducks,0.505,0.495,0.505,0.495,0.5,0.5,1
401803377,NHL,2026-03-11 23:30:00+00:00,Philadelphia Flyers,Washington Capitals,0.445,0.555,0.445,0.555,0.6,0.6,1
401803376,NHL,2026-03-11 23:30:00+00:00,Ottawa Senators,Montreal Canadiens,0.64,0.36,0.64,0.36,0.5,0.6,2
401803373,NHL,2026-03-11 00:30:00+00:00,Winnipeg Jets,Anaheim Ducks,0.565,0.435,0.565,0.435,0.6,0.7,2
401803366,NHL,2026-03-10 23:00:00+00:00,Tampa Bay Lightning,Columbus Blue Jackets,0.675,0.325,0.675,0.325,0.6,0.6,2
401803374,NHL,2026-03-11 02:00:00+00:00,Colorado Avalanche,Edmonton Oilers,0.605,0.395,0.605,0.395,0.6,0.7,2
401803369,NHL,2026-03-10 23:00:00+00:00,Carolina Hurricanes,Pittsburgh Penguins,0.635,0.365,0.635,0.365,0.6,0.7,1
401803365,NHL,2026-03-10 23:00:00+00:00,Montreal Canadiens,Toronto Maple Leafs,0.6,0.4,0.6,0.4,0.6,0.7,1
401803370,NHL,2026-03-10 23:30:00+00:00,St. Louis Blues,New York Islanders,0.475,0.525,0.475,0.525,0.6,0.5,2
401803367,NHL,2026-03-10 23:00:00+00:00,Florida Panthers,Detroit Red Wings,0.48,0.52,0.48,0.52,0.6,0.6,1
401803363,NHL,2026-03-10 23:00:00+00:00,Boston Bruins,Los Angeles Kings,0.585,0.415,0.585,0.415,0.7,0.6,1
401803364,NHL,2026-03-10 23:00:00+00:00,Buffalo Sabres,San Jose Sharks,0.645,0.355,0.645,0.355,0.6,0.6,1
401803375,NHL,2026-03-11 02:00:00+00:00,Seattle Kraken,Nashville Predators,0.495,0.505,0.495,0.505,0.6,0.6,2
401803368,NHL,2026-03-10 23:00:00+00:00,New York Rangers,Calgary Flames,0.525,0.475,0.525,0.475,0.6,0.6,1
401803371,NHL,2026-03-11 00:00:00+00:00,Dallas Stars,Vegas Golden Knights,0.575,0.425,0.575,0.425,0.5,0.5,1
401803372,NHL,2026-03-11 00:00:00+00:00,Minnesota Wild,Utah Mammoth,0.585,0.415,0.585,0.415,0.6,0.6,1
401803361,NHL,2026-03-10 00:30:00+00:00,Chicago Blackhawks,Utah Mammoth,0.325,0.675,0.325,0.675,0.7,0.6,1
401803362,NHL,2026-03-10 01:00:00+00:00,Vancouver Canucks,Ottawa Senators,0.335,0.665,0.335,0.665,0.6,0.6,2
401803359,NHL,2026-03-09 23:00:00+00:00,Philadelphia Flyers,New York Rangers,0.555,0.445,0.555,0.445,0.6,0.6,2
401803360,NHL,2026-03-09 23:00:00+00:00,Washington Capitals,Calgary Flames,0.625,0.375,0.625,0.375,0.6,0.6,1
401803353,NHL,2026-03-08 20:30:00+00:00,Pittsburgh Penguins,Boston Bruins,0.515,0.485,0.515,0.485,0.7,0.7,1
401803354,NHL,2026-03-08 22:00:00+00:00,Buffalo Sabres,Tampa Bay Lightning,0.475,0.525,0.475,0.525,0.7,0.7,1
401803357,NHL,2026-03-09 01:00:00+00:00,Anaheim Ducks,St. Louis Blues,0.595,0.405,0.595,0.405,0.7,0.7,2
401803358,NHL,2026-03-09 01:45:00+00:00,Vegas Golden Knights,Edmonton Oilers,0.505,0.495,0.505,0.495,0.6,0.7,2
401803352,NHL,2026-03-08 18:00:00+00:00,Colorado Avalanche,Minnesota Wild,0.625,0.375,0.625,0.375,0.7,0.7,1
401803355,NHL,2026-03-08 22:00:00+00:00,Dallas Stars,Chicago Blackhawks,0.735,0.265,0.735,0.265,0.7,0.7,1
401803356,NHL,2026-03-08 23:00:00+00:00,New Jersey Devils,Detroit Red Wings,0.475,0.525,0.475,0.525,0.4,0.4,2
401803346,NHL,2026-03-08 00:00:00+00:00,Columbus Blue Jackets,Utah Mammoth,0.485,0.515,0.485,0.515,0.6,0.7,2
401803341,NHL,2026-03-07 17:30:00+00:00,Boston Bruins,Washington Capitals,0.535,0.465,0.535,0.465,0.7,0.6,1
401803344,NHL,2026-03-07 22:30:00+00:00,Pittsburgh Penguins,Philadelphia Flyers,0.56,0.44,0.56,0.44,0.6,0.6,2
401803347,NHL,2026-03-08 00:00:00+00:00,Winnipeg Jets,Vancouver Canucks,0.7325,0.2675,0.7325,0.2675,0.6,0.6,1
401803351,NHL,2026-03-08 03:00:00+00:00,Seattle Kraken,Ottawa Senators,0.405,0.595,0.405,0.595,0.6,0.6,2
401803349,NHL,2026-03-08 03:00:00+00:00,Calgary Flames,Carolina Hurricanes,0.355,0.645,0.355,0.645,0.6,0.6,1
401803342,NHL,2026-03-07 20:00:00+00:00,New Jersey Devils,New York Rangers,0.615,0.385,0.615,0.385,0.7,0.6,1
401803345,NHL,2026-03-08 00:00:00+00:00,Toronto Maple Leafs,Tampa Bay Lightning,0.345,0.655,0.345,0.655,0.7,0.6,2
401803350,NHL,2026-03-08 03:00:00+00:00,San Jose Sharks,New York Islanders,0.435,0.565,0.435,0.565,0.6,0.7,2
401803343,NHL,2026-03-07 22:30:00+00:00,Buffalo Sabres,Nashville Predators,0.625,0.375,0.625,0.375,0.6,0.6,1
401803348,NHL,2026-03-08 00:00:00+00:00,Los Angeles Kings,Montreal Canadiens,0.525,0.475,0.525,0.475,0.7,0.7,2
401803340,NHL,2026-03-07 03:00:00+00:00,San Jose Sharks,St. Louis Blues,0.585,0.415,0.585,0.415,0.6,0.6,2
401803339,NHL,2026-03-07 03:00:00+00:00,Vegas Golden Knights,Minnesota Wild,0.485,0.515,0.485,0.515,0.7,0.6,2
401803337,NHL,2026-03-07 02:00:00+00:00,Edmonton Oilers,Carolina Hurricanes,0.485,0.515,0.485,0.515,0.6,0.6,2
401803338,NHL,2026-03-07 02:00:00+00:00,Anaheim Ducks,Montreal Canadiens,0.485,0.515,0.485,0.515,0.6,0.7,1
401803335,NHL,2026-03-07 01:00:00+00:00,Dallas Stars,Colorado Avalanche,0.475,0.525,0.475,0.525,0.6,0.6,2
401803336,NHL,2026-03-07 01:30:00+00:00,Chicago Blackhawks,Vancouver Canucks,0.575,0.425,0.575,0.425,0.6,0.6,2
401803334,NHL,2026-03-07 00:00:00+00:00,Detroit Red Wings,Florida Panthers,0.575,0.425,0.575,0.425,0.6,0.6,2
401803331,NHL,2026-03-06 01:00:00+00:00,Winnipeg Jets,Tampa Bay Lightning,0.355,0.645,0.355,0.645,0.6,0.5,1
401803333,NHL,2026-03-06 02:30:00+00:00,Los Angeles Kings,New York Islanders,0.525,0.475,0.525,0.475,0.7,0.5,1
401803329,NHL,2026-03-06 00:00:00+00:00,Columbus Blue Jackets,Florida Panthers,0.505,0.495,0.505,0.495,0.6,0.6,1
401803328,NHL,2026-03-06 00:00:00+00:00,Pittsburgh Penguins,Buffalo Sabres,0.485,0.515,0.485,0.515,0.6,0.6,2
401803327,NHL,2026-03-06 00:00:00+00:00,Philadelphia Flyers,Utah Mammoth,0.475,0.525,0.475,0.525,0.6,0.5,2
401803326,NHL,2026-03-06 00:00:00+00:00,New York Rangers,Toronto Maple Leafs,0.545,0.455,0.545,0.455,0.6,0.6,1
401803332,NHL,2026-03-06 02:00:00+00:00,Calgary Flames,Ottawa Senators,0.385,0.615,0.385,0.615,0.6,0.6,2
401803330,NHL,2026-03-06 01:00:00+00:00,Nashville Predators,Boston Bruins,0.495,0.505,0.495,0.505,0.6,0.6,1
401803322,NHL,2026-03-05 00:00:00+00:00,New Jersey Devils,Toronto Maple Leafs,0.525,0.475,0.525,0.475,0.3,0.6,1
401803321,NHL,2026-03-05 00:00:00+00:00,Detroit Red Wings,Vegas Golden Knights,0.555,0.445,0.555,0.445,0.6,0.5,2
401803325,NHL,2026-03-05 03:00:00+00:00,Seattle Kraken,St. Louis Blues,0.575,0.425,0.575,0.425,0.7,0.6,2
401803324,NHL,2026-03-05 03:00:00+00:00,Anaheim Ducks,New York Islanders,0.465,0.535,0.465,0.535,0.6,0.6,1
401803323,NHL,2026-03-05 03:00:00+00:00,Vancouver Canucks,Carolina Hurricanes,0.255,0.745,0.255,0.745,0.7,0.6,2
401803310,NHL,2026-03-04 00:00:00+00:00,Boston Bruins,Pittsburgh Penguins,0.535,0.465,0.535,0.465,0.6,0.5,1
401803318,NHL,2026-03-04 02:30:00+00:00,Minnesota Wild,Tampa Bay Lightning,0.445,0.555,0.445,0.555,0.6,0.6,1
401803319,NHL,2026-03-04 03:00:00+00:00,Anaheim Ducks,Colorado Avalanche,0.435,0.565,0.435,0.565,0.6,0.5,2
401803314,NHL,2026-03-04 00:00:00+00:00,Columbus Blue Jackets,Nashville Predators,0.55,0.45,0.55,0.45,0.7,0.6,1
401803311,NHL,2026-03-04 00:00:00+00:00,Buffalo Sabres,Vegas Golden Knights,0.555,0.445,0.555,0.445,0.5,0.7,1
401803313,NHL,2026-03-04 00:00:00+00:00,Washington Capitals,Utah Mammoth,0.495,0.505,0.495,0.505,0.6,0.6,2
401803312,NHL,2026-03-04 00:00:00+00:00,New Jersey Devils,Florida Panthers,0.475,0.525,0.475,0.525,0.6,0.6,1
401803315,NHL,2026-03-04 01:00:00+00:00,Winnipeg Jets,Chicago Blackhawks,0.575,0.425,0.575,0.425,0.6,0.6,1
401803317,NHL,2026-03-04 02:00:00+00:00,Edmonton Oilers,Ottawa Senators,0.495,0.505,0.495,0.505,0.6,0.7,1
401803316,NHL,2026-03-04 02:00:00+00:00,Calgary Flames,Dallas Stars,0.455,0.545,0.455,0.545,0.5,0.5,2
401803320,NHL,2026-03-04 03:00:00+00:00,San Jose Sharks,Montreal Canadiens,0.445,0.555,0.445,0.555,0.6,0.6,1
401803309,NHL,2026-03-03 03:30:00+00:00,Los Angeles Kings,Colorado Avalanche,0.365,0.635,0.365,0.635,0.6,0.6,2
401803305,NHL,2026-03-03 00:30:00+00:00,Toronto Maple Leafs,Philadelphia Flyers,0.545,0.455,0.545,0.455,0.7,0.6,2
401803308,NHL,2026-03-03 03:00:00+00:00,Seattle Kraken,Carolina Hurricanes,0.375,0.625,0.375,0.625,0.6,0.5,1
401803307,NHL,2026-03-03 03:00:00+00:00,Vancouver Canucks,Dallas Stars,0.365,0.635,0.365,0.635,0.6,0.6,2
401803306,NHL,2026-03-02 19:00:00+00:00,Nashville Predators,Detroit Red Wings,0.485,0.515,0.485,0.515,0.5,0.7,2
401803304,NHL,2026-03-03 00:00:00+00:00,New York Rangers,Columbus Blue Jackets,0.485,0.515,0.485,0.515,0.6,0.6,2
401803299,NHL,2026-03-01 23:30:00+00:00,New York Islanders,Florida Panthers,0.425,0.575,0.425,0.575,0.6,0.7,1
401803301,NHL,2026-03-01 21:00:00+00:00,San Jose Sharks,Winnipeg Jets,0.475,0.525,0.475,0.525,0.6,0.5,1
401803303,NHL,2026-03-02 01:00:00+00:00,Anaheim Ducks,Calgary Flames,0.615,0.385,0.615,0.385,0.6,0.6,1
401803302,NHL,2026-03-01 22:00:00+00:00,Minnesota Wild,St. Louis Blues,0.675,0.325,0.675,0.325,0.5,0.6,2
401803298,NHL,2026-03-01 18:00:00+00:00,Pittsburgh Penguins,Vegas Golden Knights,0.425,0.575,0.425,0.575,0.5,0.5,1
401803300,NHL,2026-03-01 21:00:00+00:00,Utah Mammoth,Chicago Blackhawks,0.745,0.255,0.745,0.255,0.5,0.6,2
401803295,NHL,2026-03-01 00:00:00+00:00,Los Angeles Kings,Calgary Flames,0.565,0.435,0.565,0.435,0.6,0.7,1
401803297,NHL,2026-03-01 03:00:00+00:00,Seattle Kraken,Vancouver Canucks,0.595,0.405,0.595,0.405,0.6,0.6,1
401803288,NHL,2026-02-28 23:00:00+00:00,Columbus Blue Jackets,New York Islanders,0.565,0.435,0.565,0.435,0.6,0.6,2
401803289,NHL,2026-02-28 23:00:00+00:00,Colorado Avalanche,Chicago Blackhawks,0.755,0.245,0.755,0.245,0.6,0.5,1
401803287,NHL,2026-02-28 21:00:00+00:00,San Jose Sharks,Edmonton Oilers,0.405,0.595,0.405,0.595,0.6,0.6,1
401803294,NHL,2026-02-28 22:00:00+00:00,St. Louis Blues,New Jersey Devils,0.49,0.51,0.49,0.51,0.6,0.6,2
401803291,NHL,2026-03-01 00:00:00+00:00,Montreal Canadiens,Washington Capitals,0.595,0.405,0.595,0.405,0.6,0.5,1
401803286,NHL,2026-02-28 20:20:00+00:00,Philadelphia Flyers,Boston Bruins,0.515,0.485,0.515,0.485,0.6,0.5,1
401803290,NHL,2026-03-01 00:00:00+00:00,Toronto Maple Leafs,Ottawa Senators,0.445,0.555,0.445,0.555,0.5,0.5,2
401803292,NHL,2026-03-01 00:00:00+00:00,Tampa Bay Lightning,Buffalo Sabres,0.695,0.305,0.695,0.305,0.7,0.6,2
401803293,NHL,2026-03-01 00:00:00+00:00,Carolina Hurricanes,Detroit Red Wings,0.635,0.365,0.635,0.365,0.5,0.6,1
401803285,NHL,2026-02-28 17:30:00+00:00,New York Rangers,Pittsburgh Penguins,0.475,0.525,0.475,0.525,0.5,0.7,1
401803296,NHL,2026-03-01 01:00:00+00:00,Dallas Stars,Nashville Predators,0.575,0.425,0.575,0.425,0.5,0.6,1
401803282,NHL,2026-02-28 00:00:00+00:00,Washington Capitals,Vegas Golden Knights,0.515,0.485,0.515,0.485,0.5,0.6,1
401803284,NHL,2026-02-28 03:00:00+00:00,Anaheim Ducks,Winnipeg Jets,0.555,0.445,0.555,0.445,0.6,0.6,1
401803281,NHL,2026-02-28 00:00:00+00:00,Florida Panthers,Buffalo Sabres,0.525,0.475,0.525,0.475,0.6,0.6,2
401803283,NHL,2026-02-28 02:00:00+00:00,Utah Mammoth,Minnesota Wild,0.565,0.435,0.565,0.435,0.4,0.5,1
401803272,NHL,2026-02-27 00:00:00+00:00,Florida Panthers,Toronto Maple Leafs,0.605,0.395,0.605,0.395,0.7,0.6,1
401803269,NHL,2026-02-27 00:00:00+00:00,Boston Bruins,Columbus Blue Jackets,0.495,0.505,0.495,0.505,0.7,0.7,1
401803280,NHL,2026-02-27 03:30:00+00:00,Los Angeles Kings,Edmonton Oilers,0.465,0.535,0.465,0.535,0.6,0.6,2
401803279,NHL,2026-02-27 03:00:00+00:00,San Jose Sharks,Calgary Flames,0.535,0.465,0.535,0.465,0.6,0.6,2
401803277,NHL,2026-02-27 01:00:00+00:00,Nashville Predators,Chicago Blackhawks,0.595,0.405,0.595,0.405,0.6,0.7,1
401803278,NHL,2026-02-27 02:00:00+00:00,Colorado Avalanche,Minnesota Wild,0.575,0.425,0.575,0.425,0.6,0.7,2
401803270,NHL,2026-02-27 00:00:00+00:00,Montreal Canadiens,New York Islanders,0.565,0.435,0.565,0.435,0.6,0.6,2
401803273,NHL,2026-02-27 00:00:00+00:00,Pittsburgh Penguins,New Jersey Devils,0.585,0.415,0.585,0.415,0.6,0.6,1
401803271,NHL,2026-02-27 00:00:00+00:00,Ottawa Senators,Detroit Red Wings,0.585,0.415,0.585,0.415,0.6,0.6,2
401803275,NHL,2026-02-27 01:00:00+00:00,New York Rangers,Philadelphia Flyers,0.565,0.435,0.565,0.435,0.6,0.6,2
401803276,NHL,2026-02-27 01:00:00+00:00,St. Louis Blues,Seattle Kraken,0.555,0.445,0.555,0.445,0.6,0.6,1
401803274,NHL,2026-02-27 00:00:00+00:00,Carolina Hurricanes,Tampa Bay Lightning,0.565,0.435,0.565,0.435,0.7,0.6,1
401803263,NHL,2026-02-26 00:30:00+00:00,Tampa Bay Lightning,Toronto Maple Leafs,0.655,0.345,0.655,0.345,0.7,0.7,1
401803264,NHL,2026-02-26 01:00:00+00:00,Dallas Stars,Seattle Kraken,0.585,0.415,0.585,0.415,0.7,0.7,1
401803261,NHL,2026-02-26 00:00:00+00:00,New Jersey Devils,Buffalo Sabres,0.495,0.505,0.495,0.505,0.6,0.6,2
401803262,NHL,2026-02-26 00:00:00+00:00,Washington Capitals,Philadelphia Flyers,0.565,0.435,0.565,0.435,0.7,0.7,1
401803268,NHL,2026-02-26 03:30:00+00:00,Anaheim Ducks,Edmonton Oilers,0.455,0.545,0.455,0.545,0.7,0.7,1
401803267,NHL,2026-02-26 03:20:00+00:00,Los Angeles Kings,Vegas Golden Knights,0.625,0.375,0.625,0.375,0.6,0.7,2
401803265,NHL,2026-02-26 02:00:00+00:00,Utah Mammoth,Colorado Avalanche,0.485,0.515,0.485,0.515,0.7,0.7,2
401803266,NHL,2026-02-26 03:00:00+00:00,Vancouver Canucks,Winnipeg Jets,0.455,0.545,0.455,0.545,0.6,0.7,2
401803257,NHL,2026-02-06 00:00:00+00:00,New York Rangers,Carolina Hurricanes,0.345,0.655,0.345,0.655,0.8,0.8,2
401803256,NHL,2026-02-06 00:00:00+00:00,New Jersey Devils,New York Islanders,0.495,0.505,0.495,0.505,0.8,0.8,2
401803254,NHL,2026-02-06 00:00:00+00:00,Buffalo Sabres,Pittsburgh Penguins,0.545,0.455,0.545,0.455,0.8,0.8,2
401803260,NHL,2026-02-06 03:00:00+00:00,Vegas Golden Knights,Los Angeles Kings,0.565,0.435,0.565,0.435,0.7,0.8,1
401803259,NHL,2026-02-06 00:00:00+00:00,Washington Capitals,Nashville Predators,0.615,0.385,0.615,0.385,0.8,0.8,1
401803255,NHL,2026-02-06 00:30:00+00:00,Tampa Bay Lightning,Florida Panthers,0.655,0.345,0.655,0.345,0.7,0.7,1
401803258,NHL,2026-02-06 00:00:00+00:00,Philadelphia Flyers,Ottawa Senators,0.455,0.545,0.455,0.545,0.7,0.8,2
401803253,NHL,2026-02-05 03:00:00+00:00,Los Angeles Kings,Seattle Kraken,0.605,0.395,0.605,0.395,0.8,0.8,2
401803252,NHL,2026-02-05 03:00:00+00:00,Vegas Golden Knights,Vancouver Canucks,0.725,0.275,0.725,0.275,0.7,0.7,1
401803246,NHL,2026-02-05 00:00:00+00:00,Winnipeg Jets,Montreal Canadiens,0.545,0.455,0.545,0.455,0.8,0.8,2
401803244,NHL,2026-02-05 00:00:00+00:00,Florida Panthers,Boston Bruins,0.595,0.405,0.595,0.405,0.8,0.8,1
401803249,NHL,2026-02-05 02:00:00+00:00,Utah Mammoth,Detroit Red Wings,0.555,0.445,0.555,0.445,0.7,0.7,1
401803250,NHL,2026-02-05 02:30:00+00:00,Dallas Stars,St. Louis Blues,0.655,0.345,0.655,0.345,0.8,0.8,1
401803247,NHL,2026-02-05 01:00:00+00:00,Nashville Predators,Minnesota Wild,0.475,0.525,0.475,0.525,0.8,0.8,2
401803248,NHL,2026-02-05 02:00:00+00:00,Colorado Avalanche,San Jose Sharks,0.715,0.285,0.715,0.285,0.8,0.7,1
401803245,NHL,2026-02-05 00:00:00+00:00,Columbus Blue Jackets,Chicago Blackhawks,0.575,0.425,0.575,0.425,0.7,0.7,1
401803251,NHL,2026-02-05 03:00:00+00:00,Calgary Flames,Edmonton Oilers,0.435,0.565,0.435,0.565,0.7,0.8,1
401803238,NHL,2026-02-04 00:00:00+00:00,New Jersey Devils,Columbus Blue Jackets,0.495,0.505,0.495,0.505,0.8,0.8,2
401803242,NHL,2026-02-04 01:30:00+00:00,Edmonton Oilers,Toronto Maple Leafs,0.625,0.375,0.625,0.375,0.8,0.7,2
401803237,NHL,2026-02-04 00:30:00+00:00,Tampa Bay Lightning,Buffalo Sabres,0.65,0.35,0.65,0.35,0.8,0.8,1
401803239,NHL,2026-02-04 00:30:00+00:00,New York Islanders,Pittsburgh Penguins,0.475,0.525,0.475,0.525,0.8,0.8,1
401803241,NHL,2026-02-04 00:00:00+00:00,Carolina Hurricanes,Ottawa Senators,0.615,0.385,0.615,0.385,0.7,0.7,1
401803240,NHL,2026-02-04 00:00:00+00:00,Philadelphia Flyers,Washington Capitals,0.565,0.435,0.565,0.435,0.8,0.8,1
401803243,NHL,2026-02-04 03:00:00+00:00,Anaheim Ducks,Seattle Kraken,0.565,0.435,0.565,0.435,0.7,0.7,1
401803231,NHL,2026-02-03 01:00:00+00:00,Nashville Predators,St. Louis Blues,0.555,0.445,0.555,0.445,0.8,0.8,1
401803229,NHL,2026-02-03 00:00:00+00:00,Washington Capitals,New York Islanders,0.545,0.455,0.545,0.455,0.8,0.7,1
401803227,NHL,2026-02-03 00:00:00+00:00,Florida Panthers,Buffalo Sabres,0.505,0.495,0.505,0.495,0.8,0.8,2
401803228,NHL,2026-02-03 00:00:00+00:00,Pittsburgh Penguins,Ottawa Senators,0.465,0.535,0.465,0.535,0.8,0.8,2
401803230,NHL,2026-02-03 00:30:00+00:00,Minnesota Wild,Montreal Canadiens,0.545,0.455,0.545,0.455,0.8,0.6,1
401803234,NHL,2026-02-03 02:00:00+00:00,Colorado Avalanche,Detroit Red Wings,0.635,0.365,0.635,0.365,0.8,0.8,2
401803235,NHL,2026-02-03 02:30:00+00:00,Utah Mammoth,Vancouver Canucks,0.715,0.285,0.715,0.285,0.8,0.7,1
401803233,NHL,2026-02-03 01:30:00+00:00,Dallas Stars,Winnipeg Jets,0.575,0.425,0.575,0.425,0.8,0.8,1
401803232,NHL,2026-02-03 01:30:00+00:00,Chicago Blackhawks,San Jose Sharks,0.485,0.515,0.485,0.515,0.8,0.8,1
401803236,NHL,2026-02-03 03:00:00+00:00,Calgary Flames,Toronto Maple Leafs,0.475,0.525,0.475,0.525,0.8,0.7,2
401803226,NHL,2026-02-02 02:30:00+00:00,Anaheim Ducks,Vegas Golden Knights,0.515,0.485,0.515,0.485,0.8,0.8,1
401803224,NHL,2026-02-01 23:30:00+00:00,Tampa Bay Lightning,Boston Bruins,0.655,0.345,0.655,0.345,0.7,0.8,1
401803225,NHL,2026-02-01 20:00:00+00:00,Carolina Hurricanes,Los Angeles Kings,0.605,0.395,0.605,0.395,0.8,0.8,1
401803212,NHL,2026-01-31 20:30:00+00:00,Pittsburgh Penguins,New York Rangers,0.645,0.355,0.645,0.355,0.7,0.7,1
401803210,NHL,2026-01-31 17:30:00+00:00,Philadelphia Flyers,Los Angeles Kings,0.48,0.52,0.48,0.52,0.8,0.8,2
401803211,NHL,2026-01-31 18:00:00+00:00,Detroit Red Wings,Colorado Avalanche,0.435,0.565,0.435,0.565,0.8,0.8,2
401803219,NHL,2026-02-01 00:00:00+00:00,St. Louis Blues,Columbus Blue Jackets,0.485,0.515,0.485,0.515,0.0,0.1,2
401803217,NHL,2026-02-01 00:00:00+00:00,Ottawa Senators,New Jersey Devils,0.605,0.395,0.605,0.395,0.2,0.0,1
401803213,NHL,2026-01-31 21:00:00+00:00,Florida Panthers,Winnipeg Jets,0.565,0.435,0.565,0.435,0.8,0.7,2
401803214,NHL,2026-01-31 21:00:00+00:00,Calgary Flames,San Jose Sharks,0.485,0.515,0.485,0.515,0.8,0.7,1
401803215,NHL,2026-01-31 22:00:00+00:00,Washington Capitals,Carolina Hurricanes,0.365,0.635,0.365,0.635,0.8,0.7,1
401803220,NHL,2026-02-01 00:00:00+00:00,Vancouver Canucks,Toronto Maple Leafs,0.415,0.585,0.415,0.585,0.1,0.1,2
401803218,NHL,2026-02-01 00:00:00+00:00,New York Islanders,Nashville Predators,0.525,0.475,0.525,0.475,0.6,0.6,2
401803216,NHL,2026-02-01 00:00:00+00:00,Buffalo Sabres,Montreal Canadiens,0.525,0.475,0.525,0.475,0.5,0.0,2
401803221,NHL,2026-02-01 02:00:00+00:00,Utah Mammoth,Dallas Stars,0.525,0.475,0.525,0.475,0.8,0.8,2
401803223,NHL,2026-02-01 03:00:00+00:00,Vegas Golden Knights,Seattle Kraken,0.625,0.375,0.625,0.375,0.7,0.7,2
401803222,NHL,2026-02-01 03:00:00+00:00,Edmonton Oilers,Minnesota Wild,0.535,0.465,0.535,0.465,0.8,0.8,2
401803209,NHL,2026-01-31 01:30:00+00:00,Chicago Blackhawks,Columbus Blue Jackets,0.4,0.6,0.4,0.6,0.7,0.8,2
401803201,NHL,2026-01-30 00:00:00+00:00,Pittsburgh Penguins,Chicago Blackhawks,0.615,0.385,0.615,0.385,0.8,0.8,1
401803198,NHL,2026-01-30 00:00:00+00:00,Tampa Bay Lightning,Winnipeg Jets,0.625,0.375,0.625,0.375,0.7,0.7,1
401803199,NHL,2026-01-30 00:00:00+00:00,New Jersey Devils,Nashville Predators,0.535,0.465,0.535,0.465,0.7,0.7,1
401803194,NHL,2026-01-30 00:00:00+00:00,Boston Bruins,Philadelphia Flyers,0.595,0.405,0.595,0.405,0.8,0.8,1
401803204,NHL,2026-01-30 01:00:00+00:00,Minnesota Wild,Calgary Flames,0.625,0.375,0.625,0.375,0.8,0.8,1
401803200,NHL,2026-01-30 00:00:00+00:00,New York Rangers,New York Islanders,0.425,0.575,0.425,0.575,0.7,0.8,2
401803196,NHL,2026-01-30 00:00:00+00:00,Montreal Canadiens,Colorado Avalanche,0.455,0.545,0.455,0.545,0.7,0.8,1
401803202,NHL,2026-01-30 00:00:00+00:00,Carolina Hurricanes,Utah Mammoth,0.615,0.385,0.615,0.385,0.7,0.8,1
401803197,NHL,2026-01-30 00:30:00+00:00,Detroit Red Wings,Washington Capitals,0.555,0.445,0.555,0.445,0.8,0.7,2
401803195,NHL,2026-01-30 00:00:00+00:00,Buffalo Sabres,Los Angeles Kings,0.525,0.475,0.525,0.475,0.7,0.8,1
401803203,NHL,2026-01-30 01:00:00+00:00,St. Louis Blues,Florida Panthers,0.425,0.575,0.425,0.575,0.8,0.8,1
401803205,NHL,2026-01-30 02:00:00+00:00,Edmonton Oilers,San Jose Sharks,0.625,0.375,0.625,0.375,0.7,0.7,1
401803208,NHL,2026-01-30 03:00:00+00:00,Seattle Kraken,Toronto Maple Leafs,0.48,0.52,0.48,0.52,0.8,0.8,1
401803207,NHL,2026-01-30 03:00:00+00:00,Vegas Golden Knights,Dallas Stars,0.525,0.475,0.525,0.475,0.8,0.7,2
401803206,NHL,2026-01-30 03:00:00+00:00,Vancouver Canucks,Anaheim Ducks,0.415,0.585,0.415,0.585,0.8,0.8,1
401803193,NHL,2026-01-29 00:00:00+00:00,New York Islanders,New York Rangers,0.565,0.435,0.565,0.435,0.8,0.8,1
401803192,NHL,2026-01-29 00:30:00+00:00,Ottawa Senators,Colorado Avalanche,0.435,0.565,0.435,0.565,0.7,0.8,1
401803191,NHL,2026-01-29 00:30:00+00:00,Columbus Blue Jackets,Philadelphia Flyers,0.525,0.475,0.525,0.475,0.8,0.8,1
401803185,NHL,2026-01-28 00:00:00+00:00,Florida Panthers,Utah Mammoth,0.585,0.415,0.585,0.415,0.8,0.7,2
401803182,NHL,2026-01-28 00:00:00+00:00,Toronto Maple Leafs,Buffalo Sabres,0.52,0.48,0.52,0.48,0.8,0.8,2
401803186,NHL,2026-01-28 00:00:00+00:00,New Jersey Devils,Winnipeg Jets,0.54,0.46,0.54,0.46,0.8,0.8,2
401803183,NHL,2026-01-28 00:00:00+00:00,Montreal Canadiens,Vegas Golden Knights,0.475,0.525,0.475,0.525,0.8,0.7,1
401803184,NHL,2026-01-28 00:00:00+00:00,Detroit Red Wings,Los Angeles Kings,0.535,0.465,0.535,0.465,0.8,0.8,2
401803181,NHL,2026-01-28 00:00:00+00:00,Boston Bruins,Nashville Predators,0.505,0.495,0.505,0.495,0.8,0.8,1
401803188,NHL,2026-01-28 01:00:00+00:00,Minnesota Wild,Chicago Blackhawks,0.635,0.365,0.635,0.365,0.8,0.7,1
401803187,NHL,2026-01-28 01:00:00+00:00,St. Louis Blues,Dallas Stars,0.405,0.595,0.405,0.595,0.8,0.8,2
401803190,NHL,2026-01-28 03:00:00+00:00,Seattle Kraken,Washington Capitals,0.455,0.545,0.455,0.545,0.8,0.8,1
401803189,NHL,2026-01-28 03:00:00+00:00,Vancouver Canucks,San Jose Sharks,0.455,0.545,0.455,0.545,0.8,0.7,2
401803176,NHL,2026-01-27 00:00:00+00:00,Tampa Bay Lightning,Utah Mammoth,0.585,0.415,0.585,0.415,0.8,0.8,1
401803180,NHL,2026-01-27 01:30:00+00:00,Edmonton Oilers,Anaheim Ducks,0.705,0.295,0.705,0.295,0.8,0.8,1
401803178,NHL,2026-01-27 00:00:00+00:00,Philadelphia Flyers,New York Islanders,0.515,0.485,0.515,0.485,0.8,0.8,2
401803177,NHL,2026-01-27 00:00:00+00:00,New York Rangers,Boston Bruins,0.475,0.525,0.475,0.525,0.8,0.8,1
401857755,NHL,2026-03-09 20:00:00+00:00,Columbus Blue Jackets,Los Angeles Kings,0.595,0.405,0.595,0.405,0.5,0.6,2
401803170,NHL,2026-01-25 18:30:00+00:00,Toronto Maple Leafs,Colorado Avalanche,0.395,0.605,0.395,0.605,0.8,0.8,2
401803171,NHL,2026-01-25 20:00:00+00:00,Seattle Kraken,New Jersey Devils,0.465,0.535,0.465,0.535,0.8,0.8,1
401803174,NHL,2026-01-26 00:00:00+00:00,Chicago Blackhawks,Florida Panthers,0.455,0.545,0.455,0.545,0.8,0.8,2
401803173,NHL,2026-01-25 23:00:00+00:00,Vancouver Canucks,Pittsburgh Penguins,0.405,0.595,0.405,0.595,0.8,0.8,2
401803175,NHL,2026-01-26 01:00:00+00:00,Calgary Flames,Anaheim Ducks,0.5,0.5,0.5,0.5,0.8,0.8,2
401803172,NHL,2026-01-25 22:00:00+00:00,Ottawa Senators,Vegas Golden Knights,0.425,0.575,0.425,0.575,0.7,0.6,1
401803167,NHL,2026-01-25 01:00:00+00:00,St. Louis Blues,Los Angeles Kings,0.435,0.565,0.435,0.565,0.8,0.8,2
401803165,NHL,2026-01-25 00:00:00+00:00,Columbus Blue Jackets,Tampa Bay Lightning,0.485,0.515,0.485,0.515,0.8,0.8,1
401803164,NHL,2026-01-25 00:00:00+00:00,Ottawa Senators,Carolina Hurricanes,0.455,0.545,0.455,0.545,0.8,0.8,2
401803166,NHL,2026-01-25 00:00:00+00:00,Winnipeg Jets,Detroit Red Wings,0.545,0.455,0.545,0.455,0.8,0.8,2
401803162,NHL,2026-01-24 18:30:00+00:00,Nashville Predators,Utah Mammoth,0.475,0.525,0.475,0.525,0.3,0.8,2
401803163,NHL,2026-01-25 00:00:00+00:00,Boston Bruins,Montreal Canadiens,0.515,0.485,0.515,0.485,0.8,0.8,1
401803161,NHL,2026-01-24 18:00:00+00:00,New York Islanders,Buffalo Sabres,0.495,0.505,0.495,0.505,0.8,0.8,2
401803168,NHL,2026-01-25 02:00:00+00:00,Minnesota Wild,Florida Panthers,0.545,0.455,0.545,0.455,0.8,0.8,2
401803169,NHL,2026-01-25 03:00:00+00:00,Edmonton Oilers,Washington Capitals,0.615,0.385,0.615,0.385,0.8,0.8,1
401803158,NHL,2026-01-24 03:00:00+00:00,Vancouver Canucks,New Jersey Devils,0.415,0.585,0.415,0.585,0.8,0.8,2
401803157,NHL,2026-01-24 02:00:00+00:00,Calgary Flames,Washington Capitals,0.435,0.565,0.435,0.565,0.8,0.7,2
401803154,NHL,2026-01-24 00:00:00+00:00,Chicago Blackhawks,Tampa Bay Lightning,0.265,0.735,0.265,0.735,0.8,0.7,2
401803155,NHL,2026-01-24 01:00:00+00:00,Dallas Stars,St. Louis Blues,0.595,0.405,0.595,0.405,0.8,0.8,1
401803160,NHL,2026-01-24 03:00:00+00:00,Seattle Kraken,Anaheim Ducks,0.515,0.485,0.515,0.485,0.8,0.8,2
401803156,NHL,2026-01-24 02:00:00+00:00,Colorado Avalanche,Philadelphia Flyers,0.725,0.275,0.725,0.275,0.8,0.8,2
401803153,NHL,2026-01-24 00:00:00+00:00,Toronto Maple Leafs,Vegas Golden Knights,0.475,0.525,0.475,0.525,0.8,0.7,2
401803159,NHL,2026-01-24 03:00:00+00:00,San Jose Sharks,New York Rangers,0.525,0.475,0.525,0.475,0.8,0.8,1
401803152,NHL,2026-01-23 02:30:00+00:00,Minnesota Wild,Detroit Red Wings,0.595,0.405,0.595,0.405,0.8,0.8,1
401803149,NHL,2026-01-23 01:00:00+00:00,Nashville Predators,Ottawa Senators,0.475,0.525,0.475,0.525,0.8,0.8,1
401803151,NHL,2026-01-23 02:00:00+00:00,Edmonton Oilers,Pittsburgh Penguins,0.625,0.375,0.625,0.375,0.8,0.8,2
401803145,NHL,2026-01-23 00:00:00+00:00,Boston Bruins,Vegas Golden Knights,0.425,0.575,0.425,0.575,0.8,0.8,1
401803150,NHL,2026-01-23 01:00:00+00:00,Winnipeg Jets,Florida Panthers,0.505,0.495,0.505,0.495,0.8,0.8,2
401803147,NHL,2026-01-23 00:00:00+00:00,Carolina Hurricanes,Chicago Blackhawks,0.725,0.275,0.725,0.275,0.8,0.8,2
401803146,NHL,2026-01-23 00:00:00+00:00,Montreal Canadiens,Buffalo Sabres,0.535,0.465,0.535,0.465,0.8,0.8,2
401803148,NHL,2026-01-23 00:00:00+00:00,Columbus Blue Jackets,Dallas Stars,0.495,0.505,0.495,0.505,0.8,0.8,1
401803144,NHL,2026-01-22 02:30:00+00:00,Seattle Kraken,New York Islanders,0.48,0.52,0.48,0.52,0.8,0.8,1
401803141,NHL,2026-01-22 02:00:00+00:00,Utah Mammoth,Philadelphia Flyers,0.625,0.375,0.625,0.375,0.8,0.8,1
401803143,NHL,2026-01-22 03:00:00+00:00,Vancouver Canucks,Washington Capitals,0.405,0.595,0.405,0.595,0.8,0.8,1
401803142,NHL,2026-01-22 02:30:00+00:00,Calgary Flames,Pittsburgh Penguins,0.46,0.54,0.46,0.54,0.8,0.8,2
401803140,NHL,2026-01-22 02:00:00+00:00,Colorado Avalanche,Anaheim Ducks,0.735,0.265,0.735,0.265,0.8,0.8,2
401803139,NHL,2026-01-22 00:00:00+00:00,Toronto Maple Leafs,Detroit Red Wings,0.545,0.455,0.545,0.455,0.8,0.8,2
401803132,NHL,2026-01-21 00:00:00+00:00,Tampa Bay Lightning,San Jose Sharks,0.735,0.265,0.735,0.265,0.8,0.8,1
401803135,NHL,2026-01-21 01:00:00+00:00,Nashville Predators,Buffalo Sabres,0.555,0.445,0.555,0.445,0.8,0.8,2
401803138,NHL,2026-01-21 03:00:00+00:00,Los Angeles Kings,New York Rangers,0.615,0.385,0.615,0.385,0.8,0.7,1
401803131,NHL,2026-01-21 00:00:00+00:00,Montreal Canadiens,Minnesota Wild,0.565,0.435,0.565,0.435,0.8,0.8,1
401803136,NHL,2026-01-21 01:00:00+00:00,Winnipeg Jets,St. Louis Blues,0.535,0.465,0.535,0.465,0.8,0.8,1
401803134,NHL,2026-01-21 00:30:00+00:00,Dallas Stars,Boston Bruins,0.565,0.435,0.565,0.435,0.8,0.8,1
401803133,NHL,2026-01-21 00:00:00+00:00,Columbus Blue Jackets,Ottawa Senators,0.495,0.505,0.495,0.505,0.8,0.8,2
401803137,NHL,2026-01-21 03:00:00+00:00,Edmonton Oilers,New Jersey Devils,0.615,0.385,0.615,0.385,0.8,0.8,2
401803128,NHL,2026-01-20 02:00:00+00:00,Calgary Flames,New Jersey Devils,0.465,0.535,0.465,0.535,0.8,0.8,2
401803129,NHL,2026-01-20 03:00:00+00:00,Vancouver Canucks,New York Islanders,0.415,0.585,0.415,0.585,0.8,0.8,2
401803123,NHL,2026-01-19 22:00:00+00:00,Seattle Kraken,Pittsburgh Penguins,0.445,0.555,0.445,0.555,0.7,0.8,2
401803124,NHL,2026-01-19 23:00:00+00:00,Florida Panthers,San Jose Sharks,0.615,0.385,0.615,0.385,0.8,0.8,2
401803130,NHL,2026-01-20 03:00:00+00:00,Anaheim Ducks,New York Rangers,0.575,0.425,0.575,0.425,0.8,0.8,1
401803126,NHL,2026-01-20 01:00:00+00:00,Vegas Golden Knights,Philadelphia Flyers,0.665,0.335,0.665,0.335,0.8,0.7,2
401803121,NHL,2026-01-19 18:30:00+00:00,Carolina Hurricanes,Buffalo Sabres,0.635,0.365,0.635,0.365,0.8,0.8,1
401803122,NHL,2026-01-19 21:00:00+00:00,Colorado Avalanche,Washington Capitals,0.645,0.355,0.645,0.355,0.8,0.8,1
401803127,NHL,2026-01-20 01:30:00+00:00,Chicago Blackhawks,Winnipeg Jets,0.435,0.565,0.435,0.565,0.8,0.8,1
401803125,NHL,2026-01-20 00:30:00+00:00,Toronto Maple Leafs,Minnesota Wild,0.495,0.505,0.495,0.505,0.8,0.8,2
401803120,NHL,2026-01-19 01:00:00+00:00,Edmonton Oilers,St. Louis Blues,0.575,0.425,0.575,0.425,0.8,0.8,1
401803119,NHL,2026-01-18 22:00:00+00:00,Detroit Red Wings,Ottawa Senators,0.535,0.465,0.535,0.465,0.8,0.8,1
401803118,NHL,2026-01-18 19:00:00+00:00,Dallas Stars,Tampa Bay Lightning,0.47,0.53,0.47,0.53,0.7,0.6,2
401803114,NHL,2026-01-18 01:00:00+00:00,Chicago Blackhawks,Boston Bruins,0.465,0.535,0.465,0.535,0.8,0.8,2
401803116,NHL,2026-01-18 03:00:00+00:00,Vegas Golden Knights,Nashville Predators,0.645,0.355,0.645,0.355,0.7,0.5,1
401803117,NHL,2026-01-18 03:00:00+00:00,Anaheim Ducks,Los Angeles Kings,0.465,0.535,0.465,0.535,0.6,0.7,1
401803110,NHL,2026-01-18 00:00:00+00:00,New Jersey Devils,Carolina Hurricanes,0.455,0.545,0.455,0.545,0.8,0.8,2
401803113,NHL,2026-01-18 00:00:00+00:00,Winnipeg Jets,Toronto Maple Leafs,0.575,0.425,0.575,0.425,0.8,0.8,2
401803109,NHL,2026-01-18 00:00:00+00:00,Ottawa Senators,Montreal Canadiens,0.535,0.465,0.535,0.465,0.8,0.8,2
401803107,NHL,2026-01-17 20:00:00+00:00,Calgary Flames,New York Islanders,0.535,0.465,0.535,0.465,0.8,0.8,1
401803111,NHL,2026-01-18 00:00:00+00:00,Pittsburgh Penguins,Columbus Blue Jackets,0.515,0.485,0.515,0.485,0.8,0.8,2
401803108,NHL,2026-01-17 22:00:00+00:00,Utah Mammoth,Seattle Kraken,0.625,0.375,0.625,0.375,0.8,0.8,1
401803112,NHL,2026-01-18 00:00:00+00:00,Washington Capitals,Florida Panthers,0.575,0.425,0.575,0.425,0.8,0.8,2
401803105,NHL,2026-01-17 17:30:00+00:00,Buffalo Sabres,Minnesota Wild,0.535,0.465,0.535,0.465,0.8,0.8,2
401803106,NHL,2026-01-17 18:00:00+00:00,Philadelphia Flyers,New York Rangers,0.535,0.465,0.535,0.465,0.8,0.8,2
401803115,NHL,2026-01-18 03:00:00+00:00,Vancouver Canucks,Edmonton Oilers,0.375,0.625,0.375,0.625,0.6,0.8,2
401803100,NHL,2026-01-17 00:00:00+00:00,Detroit Red Wings,San Jose Sharks,0.605,0.395,0.605,0.395,0.8,0.8,1
401803104,NHL,2026-01-17 03:30:00+00:00,Los Angeles Kings,Anaheim Ducks,0.575,0.425,0.575,0.425,0.8,0.8,2
401803103,NHL,2026-01-17 02:00:00+00:00,Colorado Avalanche,Nashville Predators,0.715,0.285,0.715,0.285,0.8,0.8,2
401803102,NHL,2026-01-17 01:00:00+00:00,St. Louis Blues,Tampa Bay Lightning,0.345,0.655,0.345,0.655,0.8,0.8,1
401803101,NHL,2026-01-17 00:00:00+00:00,Carolina Hurricanes,Florida Panthers,0.615,0.385,0.615,0.385,0.8,0.8,1
401803093,NHL,2026-01-16 00:00:00+00:00,Washington Capitals,San Jose Sharks,0.605,0.395,0.605,0.395,0.8,0.8,2
401803099,NHL,2026-01-16 02:30:00+00:00,Vegas Golden Knights,Toronto Maple Leafs,0.545,0.455,0.545,0.455,0.8,0.8,1
401803098,NHL,2026-01-16 02:00:00+00:00,Edmonton Oilers,New York Islanders,0.595,0.405,0.595,0.405,0.8,0.8,2
401803096,NHL,2026-01-16 01:30:00+00:00,Chicago Blackhawks,Calgary Flames,0.525,0.475,0.525,0.475,0.6,0.6,2
401803097,NHL,2026-01-16 02:00:00+00:00,Utah Mammoth,Dallas Stars,0.535,0.465,0.535,0.465,0.8,0.7,1
401803095,NHL,2026-01-16 01:00:00+00:00,Minnesota Wild,Winnipeg Jets,0.55,0.45,0.55,0.45,0.8,0.8,2
401803090,NHL,2026-01-16 01:00:00+00:00,Boston Bruins,Seattle Kraken,0.615,0.385,0.615,0.385,0.8,0.8,1
401803092,NHL,2026-01-16 00:00:00+00:00,Pittsburgh Penguins,Philadelphia Flyers,0.605,0.395,0.605,0.395,0.8,0.7,1
401803094,NHL,2026-01-16 00:00:00+00:00,Columbus Blue Jackets,Vancouver Canucks,0.595,0.405,0.595,0.405,0.8,0.8,1
401803091,NHL,2026-01-16 00:00:00+00:00,Buffalo Sabres,Montreal Canadiens,0.465,0.535,0.465,0.535,0.8,0.8,1
401803089,NHL,2026-01-15 03:00:00+00:00,Los Angeles Kings,Vegas Golden Knights,0.465,0.535,0.465,0.535,0.8,0.8,2
401803088,NHL,2026-01-15 00:30:00+00:00,New York Rangers,Ottawa Senators,0.465,0.535,0.465,0.535,0.8,0.8,2
401803087,NHL,2026-01-15 00:30:00+00:00,Buffalo Sabres,Philadelphia Flyers,0.565,0.435,0.565,0.435,0.8,0.8,1
401803086,NHL,2026-01-15 00:00:00+00:00,New Jersey Devils,Seattle Kraken,0.575,0.425,0.575,0.425,0.8,0.8,1
401803084,NHL,2026-01-14 03:00:00+00:00,Utah Mammoth,Toronto Maple Leafs,0.595,0.405,0.595,0.405,0.8,0.8,1
401803081,NHL,2026-01-14 00:30:00+00:00,St. Louis Blues,Carolina Hurricanes,0.385,0.615,0.385,0.615,0.8,0.8,1
401803085,NHL,2026-01-14 03:00:00+00:00,Anaheim Ducks,Dallas Stars,0.465,0.535,0.465,0.535,0.8,0.8,1
401803082,NHL,2026-01-14 01:00:00+00:00,Nashville Predators,Edmonton Oilers,0.445,0.555,0.445,0.555,0.8,0.8,1
401803083,NHL,2026-01-14 01:00:00+00:00,Winnipeg Jets,New York Islanders,0.54,0.46,0.54,0.46,0.8,0.8,1
401803080,NHL,2026-01-14 00:30:00+00:00,Boston Bruins,Detroit Red Wings,0.565,0.435,0.565,0.435,0.8,0.8,1
401803077,NHL,2026-01-14 00:00:00+00:00,Pittsburgh Penguins,Tampa Bay Lightning,0.435,0.565,0.435,0.565,0.8,0.8,2
401803076,NHL,2026-01-14 00:00:00+00:00,Ottawa Senators,Vancouver Canucks,0.665,0.335,0.665,0.335,0.8,0.8,1
401803078,NHL,2026-01-14 00:00:00+00:00,Washington Capitals,Montreal Canadiens,0.555,0.445,0.555,0.445,0.8,0.8,1
401803079,NHL,2026-01-14 00:00:00+00:00,Columbus Blue Jackets,Calgary Flames,0.555,0.445,0.555,0.445,0.8,0.8,1
401803074,NHL,2026-01-13 03:00:00+00:00,Colorado Avalanche,Toronto Maple Leafs,0.67,0.33,0.67,0.33,0.7,0.6,2
401803070,NHL,2026-01-13 00:00:00+00:00,Philadelphia Flyers,Tampa Bay Lightning,0.435,0.565,0.435,0.565,0.8,0.8,2
401803073,NHL,2026-01-13 01:30:00+00:00,Chicago Blackhawks,Edmonton Oilers,0.385,0.615,0.385,0.615,0.8,0.8,2
401803072,NHL,2026-01-13 01:00:00+00:00,Minnesota Wild,New Jersey Devils,0.605,0.395,0.605,0.395,0.8,0.8,2
401803075,NHL,2026-01-13 03:00:00+00:00,Los Angeles Kings,Dallas Stars,0.475,0.525,0.475,0.525,0.6,0.6,2
401803068,NHL,2026-01-13 00:00:00+00:00,Detroit Red Wings,Carolina Hurricanes,0.415,0.585,0.415,0.585,0.8,0.8,1
401803071,NHL,2026-01-13 00:30:00+00:00,Montreal Canadiens,Vancouver Canucks,0.645,0.355,0.645,0.355,0.6,0.6,1
401803067,NHL,2026-01-13 00:00:00+00:00,Buffalo Sabres,Florida Panthers,0.52,0.48,0.52,0.48,0.8,0.8,2
401803069,NHL,2026-01-13 00:00:00+00:00,New York Rangers,Seattle Kraken,0.565,0.435,0.565,0.435,0.8,0.8,2
401803066,NHL,2026-01-12 01:00:00+00:00,San Jose Sharks,Vegas Golden Knights,0.425,0.575,0.425,0.575,0.8,0.8,2
401803064,NHL,2026-01-12 00:00:00+00:00,Nashville Predators,Washington Capitals,0.465,0.535,0.465,0.535,0.8,0.8,1
401803065,NHL,2026-01-12 00:00:00+00:00,Utah Mammoth,Columbus Blue Jackets,0.605,0.395,0.605,0.395,0.8,0.8,2
401803063,NHL,2026-01-11 22:00:00+00:00,Boston Bruins,Pittsburgh Penguins,0.485,0.515,0.485,0.515,0.8,0.8,1
401803062,NHL,2026-01-11 19:00:00+00:00,Winnipeg Jets,New Jersey Devils,0.535,0.465,0.535,0.465,0.8,0.8,1
401803060,NHL,2026-01-11 03:00:00+00:00,Edmonton Oilers,Los Angeles Kings,0.615,0.385,0.615,0.385,0.8,0.8,2
401803061,NHL,2026-01-11 03:00:00+00:00,Vegas Golden Knights,St. Louis Blues,0.71,0.29,0.71,0.29,0.8,0.8,1
401803058,NHL,2026-01-11 01:00:00+00:00,Nashville Predators,Chicago Blackhawks,0.645,0.355,0.645,0.355,0.8,0.8,2
401803059,NHL,2026-01-11 01:00:00+00:00,Minnesota Wild,New York Islanders,0.585,0.415,0.585,0.415,0.8,0.8,2
401803052,NHL,2026-01-11 00:00:00+00:00,Buffalo Sabres,Anaheim Ducks,0.575,0.425,0.575,0.425,0.8,0.8,1
401803057,NHL,2026-01-11 00:00:00+00:00,Carolina Hurricanes,Seattle Kraken,0.725,0.275,0.725,0.275,0.8,0.8,1
401803054,NHL,2026-01-11 00:00:00+00:00,Montreal Canadiens,Detroit Red Wings,0.555,0.445,0.555,0.445,0.8,0.8,2
401803055,NHL,2026-01-11 00:00:00+00:00,Ottawa Senators,Florida Panthers,0.535,0.465,0.535,0.465,0.8,0.8,2
401803056,NHL,2026-01-11 00:00:00+00:00,Philadelphia Flyers,Tampa Bay Lightning,0.375,0.625,0.375,0.625,0.8,0.8,2
401803053,NHL,2026-01-11 00:00:00+00:00,Toronto Maple Leafs,Vancouver Canucks,0.595,0.405,0.595,0.405,0.8,0.8,1
401803050,NHL,2026-01-10 21:00:00+00:00,Colorado Avalanche,Columbus Blue Jackets,0.705,0.295,0.705,0.295,0.8,0.8,1
401803051,NHL,2026-01-10 21:00:00+00:00,San Jose Sharks,Dallas Stars,0.405,0.595,0.405,0.595,0.8,0.8,1
401803049,NHL,2026-01-10 20:30:00+00:00,Pittsburgh Penguins,Calgary Flames,0.585,0.415,0.585,0.415,0.8,0.9,2
401803048,NHL,2026-01-10 18:00:00+00:00,Boston Bruins,New York Rangers,0.545,0.455,0.545,0.455,0.8,0.8,1
401803047,NHL,2026-01-10 02:00:00+00:00,Utah Mammoth,St. Louis Blues,0.625,0.375,0.625,0.375,0.8,0.8,1
401803045,NHL,2026-01-10 01:00:00+00:00,Chicago Blackhawks,Washington Capitals,0.435,0.565,0.435,0.565,0.8,0.8,2
401803046,NHL,2026-01-10 01:00:00+00:00,Winnipeg Jets,Los Angeles Kings,0.445,0.555,0.445,0.555,0.8,0.8,1
401803043,NHL,2026-01-09 03:00:00+00:00,Vegas Golden Knights,Columbus Blue Jackets,0.565,0.435,0.565,0.435,0.8,0.6,1
401803044,NHL,2026-01-09 03:00:00+00:00,Seattle Kraken,Minnesota Wild,0.395,0.605,0.395,0.605,0.6,0.7,2
401803035,NHL,2026-01-09 00:00:00+00:00,Detroit Red Wings,Vancouver Canucks,0.575,0.425,0.575,0.425,0.8,0.7,1
401803042,NHL,2026-01-09 02:00:00+00:00,Colorado Avalanche,Ottawa Senators,0.715,0.285,0.715,0.285,0.8,0.8,1
401803041,NHL,2026-01-09 01:00:00+00:00,Winnipeg Jets,Edmonton Oilers,0.495,0.505,0.495,0.505,0.8,0.8,2
401803033,NHL,2026-01-09 00:00:00+00:00,Boston Bruins,Calgary Flames,0.555,0.445,0.555,0.445,0.9,0.5,1
401803040,NHL,2026-01-09 01:00:00+00:00,Nashville Predators,New York Islanders,0.545,0.455,0.545,0.455,0.8,0.8,1
401803039,NHL,2026-01-09 00:00:00+00:00,Carolina Hurricanes,Anaheim Ducks,0.665,0.335,0.665,0.335,0.6,0.7,1
401803034,NHL,2026-01-09 00:00:00+00:00,Montreal Canadiens,Florida Panthers,0.495,0.505,0.495,0.505,0.8,0.9,1
401803038,NHL,2026-01-09 00:00:00+00:00,Pittsburgh Penguins,New Jersey Devils,0.51,0.49,0.51,0.49,0.5,0.8,1
401803037,NHL,2026-01-09 00:00:00+00:00,Philadelphia Flyers,Toronto Maple Leafs,0.535,0.465,0.535,0.465,0.7,0.8,2
401803036,NHL,2026-01-09 00:00:00+00:00,New York Rangers,Buffalo Sabres,0.465,0.535,0.465,0.535,0.6,0.7,2
401803030,NHL,2026-01-08 02:30:00+00:00,Chicago Blackhawks,St. Louis Blues,0.485,0.515,0.485,0.515,0.8,0.8,1
401803031,NHL,2026-01-08 02:30:00+00:00,Utah Mammoth,Ottawa Senators,0.515,0.485,0.515,0.485,0.8,0.8,1
401803028,NHL,2026-01-08 00:00:00+00:00,Washington Capitals,Dallas Stars,0.51,0.49,0.51,0.49,0.6,0.6,2
401803032,NHL,2026-01-08 03:30:00+00:00,Los Angeles Kings,San Jose Sharks,0.67,0.33,0.67,0.33,0.8,0.8,2
401803029,NHL,2026-01-08 00:30:00+00:00,Montreal Canadiens,Calgary Flames,0.565,0.435,0.565,0.435,0.8,0.8,1
401803020,NHL,2026-01-07 00:30:00+00:00,New York Islanders,New Jersey Devils,0.475,0.525,0.475,0.525,0.9,0.8,1
401803025,NHL,2026-01-07 02:00:00+00:00,Edmonton Oilers,Nashville Predators,0.565,0.435,0.565,0.435,0.9,0.8,1
401803018,NHL,2026-01-07 00:00:00+00:00,Buffalo Sabres,Vancouver Canucks,0.605,0.395,0.605,0.395,0.8,0.8,1
401803026,NHL,2026-01-07 03:00:00+00:00,San Jose Sharks,Columbus Blue Jackets,0.445,0.555,0.445,0.555,0.8,0.8,1
401803024,NHL,2026-01-07 01:00:00+00:00,Winnipeg Jets,Vegas Golden Knights,0.515,0.485,0.515,0.485,0.9,0.8,2
401803027,NHL,2026-01-07 03:00:00+00:00,Seattle Kraken,Boston Bruins,0.475,0.525,0.475,0.525,0.9,0.8,1
401803023,NHL,2026-01-07 00:30:00+00:00,Toronto Maple Leafs,Florida Panthers,0.465,0.535,0.465,0.535,0.8,0.8,1
401803022,NHL,2026-01-07 00:00:00+00:00,Carolina Hurricanes,Dallas Stars,0.555,0.445,0.555,0.445,0.8,0.8,1
401803021,NHL,2026-01-07 00:00:00+00:00,Philadelphia Flyers,Anaheim Ducks,0.565,0.435,0.565,0.435,0.8,0.8,1
401803019,NHL,2026-01-07 00:00:00+00:00,Tampa Bay Lightning,Colorado Avalanche,0.485,0.515,0.485,0.515,0.8,0.8,1
401803013,NHL,2026-01-06 00:00:00+00:00,New York Rangers,Utah Mammoth,0.48,0.52,0.48,0.52,0.8,0.8,2
401803016,NHL,2026-01-06 02:30:00+00:00,Calgary Flames,Seattle Kraken,0.585,0.415,0.585,0.415,0.8,0.9,2
401803017,NHL,2026-01-06 03:30:00+00:00,Los Angeles Kings,Minnesota Wild,0.465,0.535,0.465,0.535,0.8,0.8,1
401803015,NHL,2026-01-06 00:30:00+00:00,Ottawa Senators,Detroit Red Wings,0.595,0.405,0.595,0.405,0.7,0.7,2
401803014,NHL,2026-01-06 00:00:00+00:00,Washington Capitals,Anaheim Ducks,0.545,0.455,0.545,0.455,0.8,0.8,1
401803012,NHL,2026-01-05 00:00:00+00:00,Chicago Blackhawks,Vegas Golden Knights,0.295,0.705,0.295,0.705,0.9,0.8,1
401803010,NHL,2026-01-04 22:00:00+00:00,Florida Panthers,Colorado Avalanche,0.435,0.565,0.435,0.565,0.8,0.9,1
401803009,NHL,2026-01-04 20:00:00+00:00,Columbus Blue Jackets,Pittsburgh Penguins,0.535,0.465,0.535,0.465,0.9,0.8,2
401803008,NHL,2026-01-04 19:00:00+00:00,Dallas Stars,Montreal Canadiens,0.625,0.375,0.625,0.375,0.8,0.8,2
401803011,NHL,2026-01-05 00:00:00+00:00,New Jersey Devils,Carolina Hurricanes,0.47,0.53,0.47,0.53,0.8,0.8,2
401803006,NHL,2026-01-04 02:00:00+00:00,Los Angeles Kings,Minnesota Wild,0.535,0.465,0.535,0.465,0.8,0.8,1
401803007,NHL,2026-01-04 03:00:00+00:00,Vancouver Canucks,Boston Bruins,0.435,0.565,0.435,0.565,0.8,0.9,2
401803005,NHL,2026-01-04 00:00:00+00:00,Calgary Flames,Nashville Predators,0.515,0.485,0.515,0.485,0.8,0.8,2
401803004,NHL,2026-01-04 00:00:00+00:00,Carolina Hurricanes,Colorado Avalanche,0.425,0.575,0.425,0.575,0.8,0.9,2
401803002,NHL,2026-01-04 00:00:00+00:00,New York Islanders,Toronto Maple Leafs,0.495,0.505,0.495,0.505,0.8,0.8,1
401803001,NHL,2026-01-04 00:00:00+00:00,Ottawa Senators,Winnipeg Jets,0.535,0.465,0.535,0.465,0.8,0.9,1
401803000,NHL,2026-01-03 21:00:00+00:00,San Jose Sharks,Tampa Bay Lightning,0.34,0.66,0.34,0.66,0.9,0.9,2
401803003,NHL,2026-01-04 00:00:00+00:00,Washington Capitals,Chicago Blackhawks,0.675,0.325,0.675,0.325,0.9,0.9,2
401802999,NHL,2026-01-03 21:00:00+00:00,St. Louis Blues,Montreal Canadiens,0.405,0.595,0.405,0.595,0.8,0.8,1
401802998,NHL,2026-01-03 20:30:00+00:00,Edmonton Oilers,Philadelphia Flyers,0.585,0.415,0.585,0.415,0.8,0.8,2
401802996,NHL,2026-01-03 20:00:00+00:00,New Jersey Devils,Utah Mammoth,0.515,0.485,0.515,0.485,0.9,0.8,1
401802997,NHL,2026-01-03 20:00:00+00:00,Columbus Blue Jackets,Buffalo Sabres,0.505,0.495,0.505,0.495,0.9,0.8,1
401802995,NHL,2026-01-03 17:00:00+00:00,Detroit Red Wings,Pittsburgh Penguins,0.545,0.455,0.545,0.455,0.8,0.8,2
401802994,NHL,2026-01-03 03:30:00+00:00,Anaheim Ducks,Minnesota Wild,0.445,0.555,0.445,0.555,0.8,0.8,2
401802992,NHL,2026-01-03 01:00:00+00:00,Florida Panthers,New York Rangers,0.565,0.435,0.565,0.435,0.9,0.8,2
401802993,NHL,2026-01-03 03:30:00+00:00,Vancouver Canucks,Seattle Kraken,0.565,0.435,0.565,0.435,0.8,0.8,2
401802991,NHL,2026-01-02 20:00:00+00:00,St. Louis Blues,Vegas Golden Knights,0.425,0.575,0.425,0.575,0.9,0.8,1
401802990,NHL,2026-01-02 00:00:00+00:00,Los Angeles Kings,Tampa Bay Lightning,0.535,0.465,0.535,0.465,0.9,0.9,2
401802988,NHL,2026-01-02 01:30:00+00:00,Chicago Blackhawks,Dallas Stars,0.375,0.625,0.375,0.625,0.8,0.9,1
401802987,NHL,2026-01-02 00:00:00+00:00,Carolina Hurricanes,Montreal Canadiens,0.585,0.415,0.585,0.415,0.9,0.8,2
401802989,NHL,2026-01-02 03:00:00+00:00,Seattle Kraken,Nashville Predators,0.48,0.52,0.48,0.52,0.9,0.9,1
401802985,NHL,2026-01-02 00:00:00+00:00,Toronto Maple Leafs,Winnipeg Jets,0.535,0.465,0.535,0.465,0.9,0.9,1
401802984,NHL,2026-01-01 20:00:00+00:00,New York Islanders,Utah Mammoth,0.465,0.535,0.465,0.535,0.9,0.8,2
401802986,NHL,2026-01-02 00:00:00+00:00,Pittsburgh Penguins,Detroit Red Wings,0.555,0.445,0.555,0.445,0.8,0.8,1
401802983,NHL,2026-01-01 18:00:00+00:00,Ottawa Senators,Washington Capitals,0.575,0.425,0.575,0.425,0.8,0.9,1
401802981,NHL,2026-01-01 02:30:00+00:00,Calgary Flames,Philadelphia Flyers,0.565,0.435,0.565,0.435,0.9,0.8,1
401802982,NHL,2026-01-01 02:30:00+00:00,Edmonton Oilers,Boston Bruins,0.615,0.385,0.615,0.385,0.9,0.8,2
401802979,NHL,2026-01-01 01:00:00+00:00,Dallas Stars,Buffalo Sabres,0.595,0.405,0.595,0.405,0.9,0.8,2
401802980,NHL,2026-01-01 02:00:00+00:00,Colorado Avalanche,St. Louis Blues,0.745,0.255,0.745,0.255,0.8,0.8,1
401802978,NHL,2026-01-01 00:00:00+00:00,Columbus Blue Jackets,New Jersey Devils,0.525,0.475,0.525,0.475,0.8,0.8,2
401802977,NHL,2025-12-31 23:30:00+00:00,Detroit Red Wings,Winnipeg Jets,0.475,0.525,0.475,0.525,0.6,0.6,1
401802976,NHL,2025-12-31 21:00:00+00:00,San Jose Sharks,Minnesota Wild,0.385,0.615,0.385,0.615,0.9,0.8,1
401802975,NHL,2025-12-31 21:00:00+00:00,Anaheim Ducks,Tampa Bay Lightning,0.41,0.59,0.41,0.59,0.8,0.8,2
401802974,NHL,2025-12-31 20:00:00+00:00,Vegas Golden Knights,Nashville Predators,0.615,0.385,0.615,0.385,0.8,0.9,2
401802973,NHL,2025-12-31 17:30:00+00:00,Washington Capitals,New York Rangers,0.57,0.43,0.57,0.43,0.9,0.8,1
401802970,NHL,2025-12-31 00:00:00+00:00,Pittsburgh Penguins,Carolina Hurricanes,0.455,0.545,0.455,0.545,0.8,0.8,1
401802969,NHL,2025-12-31 00:00:00+00:00,Florida Panthers,Montreal Canadiens,0.535,0.465,0.535,0.465,0.8,0.8,2
401802972,NHL,2025-12-31 03:00:00+00:00,Vancouver Canucks,Philadelphia Flyers,0.425,0.575,0.425,0.575,0.9,0.8,2
401802968,NHL,2025-12-31 00:00:00+00:00,Toronto Maple Leafs,New Jersey Devils,0.425,0.575,0.425,0.575,0.8,0.9,1
401802971,NHL,2025-12-31 01:30:00+00:00,Chicago Blackhawks,New York Islanders,0.435,0.565,0.435,0.565,0.6,0.6,2
401802966,NHL,2025-12-30 03:00:00+00:00,Anaheim Ducks,San Jose Sharks,0.605,0.395,0.605,0.395,0.8,0.8,2
401802957,NHL,2025-12-30 00:30:00+00:00,Ottawa Senators,Columbus Blue Jackets,0.66,0.34,0.66,0.34,0.8,0.8,2
401802967,NHL,2025-12-30 03:00:00+00:00,Seattle Kraken,Vancouver Canucks,0.465,0.535,0.465,0.535,0.8,0.8,2
401802964,NHL,2025-12-30 02:00:00+00:00,Calgary Flames,Boston Bruins,0.545,0.455,0.545,0.455,0.8,0.9,1
401802962,NHL,2025-12-30 02:00:00+00:00,Colorado Avalanche,Los Angeles Kings,0.665,0.335,0.665,0.335,0.8,0.9,1
401802963,NHL,2025-12-30 02:00:00+00:00,Utah Mammoth,Nashville Predators,0.565,0.435,0.565,0.435,0.8,0.8,2
401802960,NHL,2025-12-30 00:30:00+00:00,Winnipeg Jets,Edmonton Oilers,0.515,0.485,0.515,0.485,0.9,0.8,2
401802961,NHL,2025-12-30 01:00:00+00:00,St. Louis Blues,Buffalo Sabres,0.485,0.515,0.485,0.515,0.8,0.9,2
401802959,NHL,2025-12-30 00:00:00+00:00,Carolina Hurricanes,New York Rangers,0.615,0.385,0.615,0.385,0.9,0.8,1
401802958,NHL,2025-12-30 00:00:00+00:00,Florida Panthers,Washington Capitals,0.545,0.455,0.545,0.455,0.8,0.9,1
401802965,NHL,2025-12-30 03:00:00+00:00,Vegas Golden Knights,Minnesota Wild,0.495,0.505,0.495,0.505,0.9,0.8,2
401802956,NHL,2025-12-29 01:00:00+00:00,Seattle Kraken,Philadelphia Flyers,0.425,0.575,0.425,0.575,0.8,0.8,1
401802955,NHL,2025-12-29 00:00:00+00:00,Chicago Blackhawks,Pittsburgh Penguins,0.425,0.575,0.425,0.575,0.9,0.8,2
401802952,NHL,2025-12-29 00:00:00+00:00,Detroit Red Wings,Toronto Maple Leafs,0.545,0.455,0.545,0.455,0.8,0.8,1
401802954,NHL,2025-12-28 22:00:00+00:00,Columbus Blue Jackets,New York Islanders,0.555,0.445,0.555,0.445,0.8,0.8,1
401802953,NHL,2025-12-28 22:00:00+00:00,Tampa Bay Lightning,Montreal Canadiens,0.555,0.445,0.555,0.445,0.8,0.8,1
401802951,NHL,2025-12-28 03:00:00+00:00,Vegas Golden Knights,Colorado Avalanche,0.415,0.585,0.415,0.585,0.6,0.7,2
401802944,NHL,2025-12-28 00:00:00+00:00,Carolina Hurricanes,Detroit Red Wings,0.625,0.375,0.625,0.375,0.8,0.9,1
401802943,NHL,2025-12-28 00:00:00+00:00,New Jersey Devils,Washington Capitals,0.525,0.475,0.525,0.475,0.9,0.8,2
401802939,NHL,2025-12-27 23:00:00+00:00,New York Islanders,New York Rangers,0.475,0.525,0.475,0.525,0.8,0.8,1
401802949,NHL,2025-12-28 03:00:00+00:00,Calgary Flames,Edmonton Oilers,0.425,0.575,0.425,0.575,0.6,0.6,1
401802950,NHL,2025-12-28 03:00:00+00:00,Vancouver Canucks,San Jose Sharks,0.555,0.445,0.555,0.445,0.7,0.7,2
401802948,NHL,2025-12-28 02:00:00+00:00,Los Angeles Kings,Anaheim Ducks,0.545,0.455,0.545,0.455,0.8,0.8,1
401802947,NHL,2025-12-28 01:00:00+00:00,Dallas Stars,Chicago Blackhawks,0.745,0.255,0.745,0.255,0.8,0.8,2
401802946,NHL,2025-12-28 01:00:00+00:00,St. Louis Blues,Nashville Predators,0.515,0.485,0.515,0.485,0.8,0.9,1
401802940,NHL,2025-12-28 00:00:00+00:00,Buffalo Sabres,Boston Bruins,0.545,0.455,0.545,0.455,0.8,0.8,1
401802941,NHL,2025-12-28 00:00:00+00:00,Toronto Maple Leafs,Ottawa Senators,0.45,0.55,0.45,0.55,0.8,0.8,1
401802942,NHL,2025-12-28 00:00:00+00:00,Florida Panthers,Tampa Bay Lightning,0.485,0.515,0.485,0.515,0.9,0.9,2
401802945,NHL,2025-12-28 00:00:00+00:00,Winnipeg Jets,Minnesota Wild,0.505,0.495,0.505,0.495,0.8,0.8,2
401802937,NHL,2025-12-24 03:00:00+00:00,Vegas Golden Knights,San Jose Sharks,0.635,0.365,0.635,0.365,0.9,0.8,1
401802930,NHL,2025-12-23 23:30:00+00:00,Detroit Red Wings,Dallas Stars,0.455,0.545,0.455,0.545,0.8,0.9,1
401802936,NHL,2025-12-24 02:00:00+00:00,Edmonton Oilers,Calgary Flames,0.575,0.425,0.575,0.425,0.8,0.9,1
401802934,NHL,2025-12-24 02:00:00+00:00,Chicago Blackhawks,Philadelphia Flyers,0.47,0.53,0.47,0.53,0.9,0.9,2
401802935,NHL,2025-12-24 02:00:00+00:00,Colorado Avalanche,Utah Mammoth,0.695,0.305,0.695,0.305,0.9,0.8,1
401802933,NHL,2025-12-24 01:00:00+00:00,Minnesota Wild,Nashville Predators,0.615,0.385,0.615,0.385,0.9,0.8,2
401802926,NHL,2025-12-23 21:00:00+00:00,Toronto Maple Leafs,Pittsburgh Penguins,0.54,0.46,0.54,0.46,0.8,0.8,1
401802938,NHL,2025-12-24 03:00:00+00:00,Los Angeles Kings,Seattle Kraken,0.67,0.33,0.67,0.33,0.8,0.8,2
401802928,NHL,2025-12-24 00:00:00+00:00,Boston Bruins,Montreal Canadiens,0.525,0.475,0.525,0.475,0.9,0.8,2
401802932,NHL,2025-12-24 00:00:00+00:00,Carolina Hurricanes,Florida Panthers,0.565,0.435,0.565,0.435,0.8,0.8,2
401802931,NHL,2025-12-24 00:00:00+00:00,New York Islanders,New Jersey Devils,0.455,0.545,0.455,0.545,0.9,0.8,1
401802929,NHL,2025-12-24 00:00:00+00:00,Ottawa Senators,Buffalo Sabres,0.605,0.395,0.605,0.395,0.9,0.8,2
401802927,NHL,2025-12-24 00:00:00+00:00,Washington Capitals,New York Rangers,0.575,0.425,0.575,0.425,0.8,0.9,2
401802925,NHL,2025-12-23 03:00:00+00:00,Los Angeles Kings,Columbus Blue Jackets,0.595,0.405,0.595,0.405,0.8,0.8,2
401802924,NHL,2025-12-23 03:00:00+00:00,Anaheim Ducks,Seattle Kraken,0.625,0.375,0.625,0.375,0.8,0.9,2
401802923,NHL,2025-12-23 00:30:00+00:00,Philadelphia Flyers,Vancouver Canucks,0.555,0.445,0.555,0.445,0.9,0.9,1
401802922,NHL,2025-12-23 00:00:00+00:00,Tampa Bay Lightning,St. Louis Blues,0.695,0.305,0.695,0.305,0.9,0.9,1
401802917,NHL,2025-12-22 00:00:00+00:00,Pittsburgh Penguins,Montreal Canadiens,0.505,0.495,0.505,0.495,0.8,0.9,1
401802918,NHL,2025-12-22 00:00:00+00:00,Nashville Predators,New York Rangers,0.505,0.495,0.505,0.495,0.9,0.9,1
401802920,NHL,2025-12-22 00:00:00+00:00,Utah Mammoth,Winnipeg Jets,0.525,0.475,0.525,0.475,0.9,0.9,1
401802913,NHL,2025-12-21 18:00:00+00:00,Detroit Red Wings,Washington Capitals,0.525,0.475,0.525,0.475,0.8,0.8,1
401802919,NHL,2025-12-22 00:00:00+00:00,Dallas Stars,Toronto Maple Leafs,0.655,0.345,0.655,0.345,0.9,0.9,1
401802921,NHL,2025-12-22 01:00:00+00:00,Edmonton Oilers,Vegas Golden Knights,0.535,0.465,0.535,0.465,0.9,0.9,1
401802916,NHL,2025-12-22 00:00:00+00:00,New Jersey Devils,Buffalo Sabres,0.615,0.385,0.615,0.385,0.9,0.9,2
401802914,NHL,2025-12-21 23:00:00+00:00,Minnesota Wild,Colorado Avalanche,0.385,0.615,0.385,0.615,0.9,0.9,2
401802915,NHL,2025-12-22 00:00:00+00:00,Boston Bruins,Ottawa Senators,0.425,0.575,0.425,0.575,0.8,0.9,2
401802911,NHL,2025-12-21 03:00:00+00:00,Anaheim Ducks,Columbus Blue Jackets,0.515,0.485,0.515,0.485,0.9,0.8,1
401802907,NHL,2025-12-21 00:00:00+00:00,Montreal Canadiens,Pittsburgh Penguins,0.545,0.455,0.545,0.455,0.8,0.9,1
401802912,NHL,2025-12-21 03:00:00+00:00,San Jose Sharks,Seattle Kraken,0.545,0.455,0.545,0.455,0.8,0.8,2
401802909,NHL,2025-12-21 00:00:00+00:00,Nashville Predators,Toronto Maple Leafs,0.5,0.5,0.5,0.5,0.9,0.9,1
401802904,NHL,2025-12-20 22:00:00+00:00,Buffalo Sabres,New York Islanders,0.615,0.385,0.615,0.385,0.9,0.8,1
401802910,NHL,2025-12-21 03:00:00+00:00,Calgary Flames,Vegas Golden Knights,0.455,0.545,0.455,0.545,0.9,0.8,1
401802905,NHL,2025-12-20 23:00:00+00:00,Florida Panthers,St. Louis Blues,0.625,0.375,0.625,0.375,0.6,0.8,2
401802900,NHL,2025-12-20 17:30:00+00:00,New York Rangers,Philadelphia Flyers,0.585,0.415,0.585,0.415,0.8,0.9,1
401802908,NHL,2025-12-21 00:00:00+00:00,Tampa Bay Lightning,Carolina Hurricanes,0.555,0.445,0.555,0.445,0.9,0.9,1
401802901,NHL,2025-12-20 17:30:00+00:00,Washington Capitals,Detroit Red Wings,0.575,0.425,0.575,0.425,0.8,0.9,2
401802906,NHL,2025-12-21 00:00:00+00:00,Boston Bruins,Vancouver Canucks,0.615,0.385,0.615,0.385,0.9,0.9,2
401802903,NHL,2025-12-20 20:00:00+00:00,Minnesota Wild,Edmonton Oilers,0.545,0.455,0.545,0.455,0.6,0.6,1
401802902,NHL,2025-12-20 20:00:00+00:00,Ottawa Senators,Chicago Blackhawks,0.705,0.295,0.705,0.295,0.6,0.6,1
401802895,NHL,2025-12-20 00:00:00+00:00,Florida Panthers,Carolina Hurricanes,0.45,0.55,0.45,0.55,0.9,0.8,1
401802897,NHL,2025-12-20 02:00:00+00:00,Colorado Avalanche,Winnipeg Jets,0.665,0.335,0.665,0.335,0.9,0.8,1
401802899,NHL,2025-12-20 03:00:00+00:00,Anaheim Ducks,Dallas Stars,0.515,0.485,0.515,0.485,0.9,0.8,2
401802898,NHL,2025-12-20 02:00:00+00:00,Utah Mammoth,New Jersey Devils,0.575,0.425,0.575,0.425,0.9,0.9,2
401802896,NHL,2025-12-20 00:00:00+00:00,New York Islanders,Vancouver Canucks,0.56,0.44,0.56,0.44,0.8,0.8,2
401802894,NHL,2025-12-19 03:00:00+00:00,San Jose Sharks,Dallas Stars,0.365,0.635,0.365,0.635,0.8,0.9,2
401802893,NHL,2025-12-19 02:00:00+00:00,Calgary Flames,Seattle Kraken,0.605,0.395,0.605,0.395,0.9,0.9,1
401802892,NHL,2025-12-19 01:00:00+00:00,St. Louis Blues,New York Rangers,0.435,0.565,0.435,0.565,0.9,0.8,2
401802885,NHL,2025-12-19 00:00:00+00:00,Boston Bruins,Edmonton Oilers,0.445,0.555,0.445,0.555,0.8,0.8,2
401802886,NHL,2025-12-19 00:30:00+00:00,Buffalo Sabres,Philadelphia Flyers,0.575,0.425,0.575,0.425,0.8,0.8,1
401802887,NHL,2025-12-19 00:00:00+00:00,Montreal Canadiens,Chicago Blackhawks,0.615,0.385,0.615,0.385,0.8,0.9,1
401802888,NHL,2025-12-19 00:00:00+00:00,Ottawa Senators,Pittsburgh Penguins,0.595,0.405,0.595,0.405,0.8,0.9,1
401802889,NHL,2025-12-19 00:00:00+00:00,Tampa Bay Lightning,Los Angeles Kings,0.665,0.335,0.665,0.335,0.8,0.8,2
401802890,NHL,2025-12-19 00:00:00+00:00,Washington Capitals,Toronto Maple Leafs,0.585,0.415,0.585,0.415,0.8,0.9,1
401802891,NHL,2025-12-19 00:00:00+00:00,Columbus Blue Jackets,Minnesota Wild,0.51,0.49,0.51,0.49,0.9,0.8,2
401802884,NHL,2025-12-18 03:00:00+00:00,Vegas Golden Knights,New Jersey Devils,0.595,0.405,0.595,0.405,0.8,0.9,2
401802882,NHL,2025-12-18 01:00:00+00:00,St. Louis Blues,Winnipeg Jets,0.41,0.59,0.41,0.59,0.9,0.8,1
401802880,NHL,2025-12-18 00:00:00+00:00,Florida Panthers,Los Angeles Kings,0.565,0.435,0.565,0.435,0.8,0.9,1
401802883,NHL,2025-12-18 01:00:00+00:00,Nashville Predators,Carolina Hurricanes,0.385,0.615,0.385,0.615,0.9,0.8,2
401802881,NHL,2025-12-18 00:30:00+00:00,Detroit Red Wings,Utah Mammoth,0.515,0.485,0.515,0.485,0.9,0.9,2
401802870,NHL,2025-12-17 00:00:00+00:00,Boston Bruins,Utah Mammoth,0.515,0.485,0.515,0.485,1.9,1.9,1
401802878,NHL,2025-12-17 03:00:00+00:00,San Jose Sharks,Calgary Flames,0.415,0.585,0.415,0.585,0.9,0.9,1
401802877,NHL,2025-12-17 01:00:00+00:00,Minnesota Wild,Washington Capitals,0.515,0.485,0.515,0.485,0.9,0.8,1
401802874,NHL,2025-12-17 00:00:00+00:00,New York Rangers,Vancouver Canucks,0.525,0.475,0.525,0.475,1.8,1.8,2
401802871,NHL,2025-12-17 00:00:00+00:00,Toronto Maple Leafs,Chicago Blackhawks,0.645,0.355,0.645,0.355,1.9,1.9,1
401802879,NHL,2025-12-17 03:00:00+00:00,Seattle Kraken,Colorado Avalanche,0.265,0.735,0.265,0.735,0.9,0.9,2
401802873,NHL,2025-12-17 00:00:00+00:00,Detroit Red Wings,New York Islanders,0.545,0.455,0.545,0.455,1.9,1.8,1
401802872,NHL,2025-12-17 00:00:00+00:00,Montreal Canadiens,Philadelphia Flyers,0.515,0.485,0.515,0.485,1.8,1.8,2
401802875,NHL,2025-12-17 00:30:00+00:00,Pittsburgh Penguins,Edmonton Oilers,0.43,0.57,0.43,0.57,0.8,0.9,2
401802876,NHL,2025-12-17 00:00:00+00:00,Columbus Blue Jackets,Anaheim Ducks,0.575,0.425,0.575,0.425,1.9,1.8,1
401802869,NHL,2025-12-16 01:00:00+00:00,Dallas Stars,Los Angeles Kings,0.555,0.445,0.555,0.445,0.9,0.9,1
401802867,NHL,2025-12-16 00:30:00+00:00,Winnipeg Jets,Ottawa Senators,0.545,0.455,0.545,0.455,0.9,0.9,2
401802868,NHL,2025-12-16 01:00:00+00:00,St. Louis Blues,Nashville Predators,0.485,0.515,0.485,0.515,0.9,0.9,2
401802866,NHL,2025-12-16 00:00:00+00:00,New York Rangers,Anaheim Ducks,0.515,0.485,0.515,0.485,0.9,0.9,2
401802865,NHL,2025-12-16 00:00:00+00:00,Tampa Bay Lightning,Florida Panthers,0.525,0.475,0.525,0.475,0.9,0.9,2
401802862,NHL,2025-12-14 23:00:00+00:00,Minnesota Wild,Boston Bruins,0.545,0.455,0.545,0.455,0.9,0.9,1
401802861,NHL,2025-12-14 22:00:00+00:00,Carolina Hurricanes,Philadelphia Flyers,0.695,0.305,0.695,0.305,0.8,0.9,1
401802863,NHL,2025-12-15 00:00:00+00:00,Montreal Canadiens,Edmonton Oilers,0.435,0.565,0.435,0.565,0.5,0.8,1
401802860,NHL,2025-12-14 20:00:00+00:00,Pittsburgh Penguins,Utah Mammoth,0.455,0.545,0.455,0.545,0.8,0.8,2
401802864,NHL,2025-12-15 01:00:00+00:00,Seattle Kraken,Buffalo Sabres,0.445,0.555,0.445,0.555,0.9,0.9,2
401802859,NHL,2025-12-14 17:30:00+00:00,New Jersey Devils,Vancouver Canucks,0.515,0.485,0.515,0.485,0.8,0.8,2
401802858,NHL,2025-12-14 03:00:00+00:00,Los Angeles Kings,Calgary Flames,0.605,0.395,0.605,0.395,0.8,0.9,2
401802855,NHL,2025-12-14 01:00:00+00:00,Chicago Blackhawks,Detroit Red Wings,0.355,0.645,0.355,0.645,0.9,0.8,2
401802857,NHL,2025-12-14 02:00:00+00:00,Colorado Avalanche,Nashville Predators,0.765,0.235,0.765,0.235,0.7,0.7,1
401802851,NHL,2025-12-14 00:00:00+00:00,New York Rangers,Montreal Canadiens,0.555,0.445,0.555,0.445,0.8,0.9,1
401802856,NHL,2025-12-14 01:00:00+00:00,Dallas Stars,Florida Panthers,0.555,0.445,0.555,0.445,0.9,0.9,2
401802852,NHL,2025-12-14 00:00:00+00:00,Philadelphia Flyers,Carolina Hurricanes,0.375,0.625,0.375,0.625,0.8,0.9,2
401802850,NHL,2025-12-14 00:00:00+00:00,Toronto Maple Leafs,Edmonton Oilers,0.455,0.545,0.455,0.545,0.8,0.8,2
401802854,NHL,2025-12-14 00:00:00+00:00,Winnipeg Jets,Washington Capitals,0.485,0.515,0.485,0.515,0.9,0.8,1
401802853,NHL,2025-12-14 00:00:00+00:00,Columbus Blue Jackets,Vegas Golden Knights,0.435,0.565,0.435,0.565,0.9,0.8,2
401802849,NHL,2025-12-13 20:30:00+00:00,New York Islanders,Tampa Bay Lightning,0.46,0.54,0.46,0.54,0.9,0.9,1
401802847,NHL,2025-12-13 19:00:00+00:00,Minnesota Wild,Ottawa Senators,0.515,0.485,0.515,0.485,0.8,0.9,1
401802848,NHL,2025-12-13 20:00:00+00:00,Pittsburgh Penguins,San Jose Sharks,0.625,0.375,0.625,0.375,0.8,0.9,2
401802846,NHL,2025-12-13 17:30:00+00:00,New Jersey Devils,Anaheim Ducks,0.495,0.505,0.495,0.505,0.9,0.8,1
401802844,NHL,2025-12-13 01:00:00+00:00,St. Louis Blues,Chicago Blackhawks,0.485,0.515,0.485,0.515,0.8,0.9,1
401802845,NHL,2025-12-13 02:00:00+00:00,Utah Mammoth,Seattle Kraken,0.63,0.37,0.63,0.37,0.8,0.9,1
401802843,NHL,2025-12-12 03:00:00+00:00,Vancouver Canucks,Buffalo Sabres,0.485,0.515,0.485,0.515,0.9,0.9,2
401802842,NHL,2025-12-12 02:00:00+00:00,Edmonton Oilers,Detroit Red Wings,0.625,0.375,0.625,0.375,0.8,0.8,1
401802841,NHL,2025-12-12 02:30:00+00:00,Colorado Avalanche,Florida Panthers,0.685,0.315,0.685,0.315,0.9,0.8,1
401802838,NHL,2025-12-12 01:00:00+00:00,Nashville Predators,St. Louis Blues,0.565,0.435,0.565,0.435,0.9,0.8,1
401802840,NHL,2025-12-12 01:00:00+00:00,Winnipeg Jets,Boston Bruins,0.585,0.415,0.585,0.415,0.7,0.9,2
401802839,NHL,2025-12-12 01:00:00+00:00,Minnesota Wild,Dallas Stars,0.445,0.555,0.445,0.555,0.8,0.8,1
401802832,NHL,2025-12-12 00:00:00+00:00,New Jersey Devils,Tampa Bay Lightning,0.435,0.565,0.435,0.565,0.9,0.8,2
401802833,NHL,2025-12-12 00:00:00+00:00,New York Islanders,Anaheim Ducks,0.515,0.485,0.515,0.485,0.8,0.9,1
401802834,NHL,2025-12-12 00:00:00+00:00,Philadelphia Flyers,Vegas Golden Knights,0.425,0.575,0.425,0.575,0.9,0.9,2
401802835,NHL,2025-12-12 00:30:00+00:00,Pittsburgh Penguins,Montreal Canadiens,0.54,0.46,0.54,0.46,0.9,0.8,2
401802831,NHL,2025-12-12 00:00:00+00:00,Toronto Maple Leafs,San Jose Sharks,0.625,0.375,0.625,0.375,0.9,0.9,2
401802836,NHL,2025-12-12 00:00:00+00:00,Washington Capitals,Carolina Hurricanes,0.475,0.525,0.475,0.525,0.8,0.8,2
401802837,NHL,2025-12-12 00:00:00+00:00,Columbus Blue Jackets,Ottawa Senators,0.46,0.54,0.46,0.54,0.8,0.9,2
401802830,NHL,2025-12-11 03:00:00+00:00,Seattle Kraken,Los Angeles Kings,0.425,0.575,0.425,0.575,0.9,0.9,1
401802829,NHL,2025-12-11 02:00:00+00:00,Utah Mammoth,Florida Panthers,0.495,0.505,0.495,0.505,0.9,0.9,2
401802828,NHL,2025-12-11 01:30:00+00:00,Calgary Flames,Detroit Red Wings,0.495,0.505,0.495,0.505,0.8,0.8,2
401802827,NHL,2025-12-11 00:30:00+00:00,Chicago Blackhawks,New York Rangers,0.425,0.575,0.425,0.575,0.9,0.8,1
401802826,NHL,2025-12-10 02:30:00+00:00,Nashville Predators,Colorado Avalanche,0.345,0.655,0.345,0.655,0.9,0.8,1
401802825,NHL,2025-12-10 02:00:00+00:00,Edmonton Oilers,Buffalo Sabres,0.655,0.345,0.655,0.345,0.9,0.9,2
401802822,NHL,2025-12-10 00:30:00+00:00,Carolina Hurricanes,Columbus Blue Jackets,0.665,0.335,0.665,0.335,0.9,0.9,1
401802824,NHL,2025-12-10 01:00:00+00:00,Winnipeg Jets,Dallas Stars,0.425,0.575,0.425,0.575,0.8,0.9,2
401802817,NHL,2025-12-10 00:00:00+00:00,Montreal Canadiens,Tampa Bay Lightning,0.485,0.515,0.485,0.515,0.9,0.9,2
401802819,NHL,2025-12-10 00:00:00+00:00,New York Islanders,Vegas Golden Knights,0.435,0.565,0.435,0.565,0.8,0.9,1
401802818,NHL,2025-12-10 00:00:00+00:00,Ottawa Senators,New Jersey Devils,0.595,0.405,0.595,0.405,0.9,0.8,2
401802820,NHL,2025-12-10 00:00:00+00:00,Philadelphia Flyers,San Jose Sharks,0.625,0.375,0.625,0.375,0.9,0.9,1
401802823,NHL,2025-12-10 01:00:00+00:00,St. Louis Blues,Boston Bruins,0.545,0.455,0.545,0.455,0.9,0.9,2
401802821,NHL,2025-12-10 00:00:00+00:00,Pittsburgh Penguins,Anaheim Ducks,0.495,0.505,0.495,0.505,0.9,0.9,2
401802815,NHL,2025-12-09 03:00:00+00:00,Vancouver Canucks,Detroit Red Wings,0.465,0.535,0.465,0.535,0.9,0.9,2
401802816,NHL,2025-12-09 03:00:00+00:00,Seattle Kraken,Minnesota Wild,0.44,0.56,0.44,0.56,0.9,0.9,2
401802814,NHL,2025-12-09 02:00:00+00:00,Calgary Flames,Buffalo Sabres,0.495,0.505,0.495,0.505,0.9,0.9,1
401802813,NHL,2025-12-09 02:00:00+00:00,Utah Mammoth,Los Angeles Kings,0.495,0.505,0.495,0.505,0.9,0.8,2
401802812,NHL,2025-12-09 00:30:00+00:00,Toronto Maple Leafs,Tampa Bay Lightning,0.45,0.55,0.45,0.55,0.9,0.9,1
401802809,NHL,2025-12-08 00:00:00+00:00,New York Rangers,Vegas Golden Knights,0.4,0.6,0.4,0.6,0.9,0.9,2
401802810,NHL,2025-12-08 00:00:00+00:00,Washington Capitals,Columbus Blue Jackets,0.63,0.37,0.63,0.37,0.9,0.9,1
401802808,NHL,2025-12-08 00:00:00+00:00,Montreal Canadiens,St. Louis Blues,0.555,0.445,0.555,0.445,0.9,0.9,2
401802807,NHL,2025-12-07 23:00:00+00:00,Dallas Stars,Pittsburgh Penguins,0.625,0.375,0.625,0.375,0.8,0.9,1
401802811,NHL,2025-12-08 01:00:00+00:00,Anaheim Ducks,Chicago Blackhawks,0.625,0.375,0.625,0.375,0.8,0.9,1
401802806,NHL,2025-12-07 22:00:00+00:00,Carolina Hurricanes,San Jose Sharks,0.755,0.245,0.755,0.245,0.9,0.9,2
401802805,NHL,2025-12-07 22:00:00+00:00,Florida Panthers,New York Islanders,0.595,0.405,0.595,0.405,0.9,0.9,1
401802804,NHL,2025-12-07 18:00:00+00:00,Philadelphia Flyers,Colorado Avalanche,0.385,0.615,0.385,0.615,0.9,0.8,2
401802794,NHL,2025-12-07 00:00:00+00:00,Boston Bruins,New Jersey Devils,0.475,0.525,0.475,0.525,0.9,0.9,1
401802801,NHL,2025-12-07 03:00:00+00:00,Edmonton Oilers,Winnipeg Jets,0.615,0.385,0.615,0.385,0.8,0.9,1
401802802,NHL,2025-12-07 03:00:00+00:00,Vancouver Canucks,Minnesota Wild,0.415,0.585,0.415,0.585,0.9,0.9,1
401802800,NHL,2025-12-07 02:00:00+00:00,Los Angeles Kings,Chicago Blackhawks,0.645,0.355,0.645,0.355,0.9,0.9,1
401802803,NHL,2025-12-07 03:00:00+00:00,Seattle Kraken,Detroit Red Wings,0.465,0.535,0.465,0.535,0.9,0.8,2
401802798,NHL,2025-12-07 00:00:00+00:00,Carolina Hurricanes,Nashville Predators,0.685,0.315,0.685,0.315,0.8,0.9,1
401802799,NHL,2025-12-07 00:00:00+00:00,Calgary Flames,Utah Mammoth,0.555,0.445,0.555,0.445,0.8,0.9,1
401802796,NHL,2025-12-07 00:00:00+00:00,Ottawa Senators,St. Louis Blues,0.585,0.415,0.585,0.415,0.9,0.9,2
401802795,NHL,2025-12-07 00:00:00+00:00,Toronto Maple Leafs,Montreal Canadiens,0.56,0.44,0.56,0.44,0.8,0.9,2
401802797,NHL,2025-12-07 00:00:00+00:00,Tampa Bay Lightning,New York Islanders,0.565,0.435,0.565,0.435,0.9,0.9,2
401802793,NHL,2025-12-06 20:30:00+00:00,Florida Panthers,Columbus Blue Jackets,0.595,0.405,0.595,0.405,0.8,0.8,1
401802792,NHL,2025-12-06 17:30:00+00:00,New York Rangers,Colorado Avalanche,0.385,0.615,0.385,0.615,0.9,0.9,2
401802791,NHL,2025-12-06 03:00:00+00:00,Anaheim Ducks,Washington Capitals,0.45,0.55,0.45,0.55,0.9,0.8,1
401802790,NHL,2025-12-06 02:00:00+00:00,Vancouver Canucks,Utah Mammoth,0.445,0.555,0.445,0.555,0.9,0.8,2
401802789,NHL,2025-12-06 01:00:00+00:00,Dallas Stars,San Jose Sharks,0.705,0.295,0.705,0.295,0.9,0.9,1
401802787,NHL,2025-12-06 00:00:00+00:00,New Jersey Devils,Vegas Golden Knights,0.435,0.565,0.435,0.565,0.8,0.8,2
401802788,NHL,2025-12-06 00:00:00+00:00,Winnipeg Jets,Buffalo Sabres,0.525,0.475,0.525,0.475,0.9,0.8,1
401802781,NHL,2025-12-05 00:00:00+00:00,New York Islanders,Colorado Avalanche,0.365,0.635,0.365,0.635,0.8,0.9,1
401802782,NHL,2025-12-05 00:00:00+00:00,Carolina Hurricanes,Toronto Maple Leafs,0.655,0.345,0.655,0.345,0.9,0.9,2
401802785,NHL,2025-12-05 02:00:00+00:00,Edmonton Oilers,Seattle Kraken,0.635,0.365,0.635,0.365,0.9,0.9,1
401802786,NHL,2025-12-05 03:00:00+00:00,Los Angeles Kings,Chicago Blackhawks,0.645,0.355,0.645,0.355,0.8,0.8,2
401802784,NHL,2025-12-05 02:00:00+00:00,Calgary Flames,Minnesota Wild,0.475,0.525,0.475,0.525,0.9,0.9,1
401802777,NHL,2025-12-05 00:00:00+00:00,Boston Bruins,St. Louis Blues,0.44,0.56,0.44,0.56,0.9,0.8,1
401802778,NHL,2025-12-05 00:00:00+00:00,Ottawa Senators,New York Rangers,0.545,0.455,0.545,0.455,0.9,0.8,2
401802783,NHL,2025-12-05 00:30:00+00:00,Columbus Blue Jackets,Detroit Red Wings,0.505,0.495,0.505,0.495,0.8,0.8,1
401802779,NHL,2025-12-05 00:00:00+00:00,Tampa Bay Lightning,Pittsburgh Penguins,0.58,0.42,0.58,0.42,0.8,0.8,2
401802780,NHL,2025-12-05 00:00:00+00:00,Florida Panthers,Nashville Predators,0.625,0.375,0.625,0.375,0.9,0.9,2
401802775,NHL,2025-12-04 03:00:00+00:00,Anaheim Ducks,Utah Mammoth,0.5,0.5,0.5,0.5,0.9,0.9,2
401802773,NHL,2025-12-04 00:30:00+00:00,Montreal Canadiens,Winnipeg Jets,0.45,0.55,0.45,0.55,0.9,0.9,1
401802772,NHL,2025-12-04 00:00:00+00:00,New Jersey Devils,Dallas Stars,0.525,0.475,0.525,0.475,0.9,0.8,2
401802776,NHL,2025-12-04 03:00:00+00:00,San Jose Sharks,Washington Capitals,0.43,0.57,0.43,0.57,0.8,0.9,2
401802774,NHL,2025-12-04 00:30:00+00:00,Philadelphia Flyers,Buffalo Sabres,0.46,0.54,0.46,0.54,0.9,0.9,1
401802771,NHL,2025-12-03 03:30:00+00:00,Los Angeles Kings,Washington Capitals,0.525,0.475,0.525,0.475,0.9,0.9,2
401802770,NHL,2025-12-03 03:00:00+00:00,Vegas Golden Knights,Chicago Blackhawks,0.705,0.295,0.705,0.295,0.8,0.8,1
401802769,NHL,2025-12-03 02:00:00+00:00,Edmonton Oilers,Minnesota Wild,0.565,0.435,0.565,0.435,0.9,0.9,2
401802768,NHL,2025-12-03 02:00:00+00:00,Colorado Avalanche,Vancouver Canucks,0.755,0.245,0.755,0.245,0.9,0.9,1
401802767,NHL,2025-12-03 01:00:00+00:00,Nashville Predators,Calgary Flames,0.52,0.48,0.52,0.48,0.8,0.9,1
401802763,NHL,2025-12-03 00:00:00+00:00,Detroit Red Wings,Boston Bruins,0.645,0.355,0.645,0.355,0.8,0.9,1
401802762,NHL,2025-12-03 00:00:00+00:00,Montreal Canadiens,Ottawa Senators,0.45,0.55,0.45,0.55,0.9,0.9,2
401802765,NHL,2025-12-03 00:00:00+00:00,New York Islanders,Tampa Bay Lightning,0.465,0.535,0.465,0.535,0.9,0.8,1
401802766,NHL,2025-12-03 00:00:00+00:00,New York Rangers,Dallas Stars,0.465,0.535,0.465,0.535,0.9,0.9,1
401802764,NHL,2025-12-03 00:30:00+00:00,Florida Panthers,Toronto Maple Leafs,0.615,0.385,0.615,0.385,0.9,0.9,2
401802761,NHL,2025-12-02 03:00:00+00:00,San Jose Sharks,Utah Mammoth,0.365,0.635,0.365,0.635,0.9,0.9,1
401802759,NHL,2025-12-02 00:30:00+00:00,Buffalo Sabres,Winnipeg Jets,0.495,0.505,0.495,0.505,0.9,0.9,1
401802757,NHL,2025-12-02 00:00:00+00:00,New Jersey Devils,Columbus Blue Jackets,0.565,0.435,0.565,0.435,0.9,0.9,2
401802758,NHL,2025-12-02 00:00:00+00:00,Philadelphia Flyers,Pittsburgh Penguins,0.55,0.45,0.55,0.45,0.9,0.9,2
401802760,NHL,2025-12-02 01:00:00+00:00,St. Louis Blues,Anaheim Ducks,0.58,0.42,0.58,0.42,0.9,0.9,2
401802756,NHL,2025-11-30 23:00:00+00:00,Dallas Stars,Ottawa Senators,0.545,0.455,0.545,0.455,0.9,0.9,1
401802755,NHL,2025-11-30 22:00:00+00:00,Carolina Hurricanes,Calgary Flames,0.695,0.305,0.695,0.305,0.7,0.7,1
401802754,NHL,2025-11-30 20:30:00+00:00,Chicago Blackhawks,Anaheim Ducks,0.495,0.505,0.495,0.505,0.9,0.9,1
401802753,NHL,2025-11-30 18:00:00+00:00,New York Islanders,Washington Capitals,0.445,0.555,0.445,0.555,0.9,0.9,2
401802752,NHL,2025-11-30 03:00:00+00:00,Los Angeles Kings,Vancouver Canucks,0.605,0.395,0.605,0.395,0.9,0.8,1
401802751,NHL,2025-11-30 03:00:00+00:00,Vegas Golden Knights,San Jose Sharks,0.745,0.255,0.745,0.255,0.9,0.9,1
401802749,NHL,2025-11-30 01:00:00+00:00,St. Louis Blues,Utah Mammoth,0.465,0.535,0.465,0.535,0.9,0.9,1
401802750,NHL,2025-11-30 01:00:00+00:00,Minnesota Wild,Buffalo Sabres,0.565,0.435,0.565,0.435,0.9,0.9,2
401802745,NHL,2025-11-30 00:00:00+00:00,Boston Bruins,Detroit Red Wings,0.405,0.595,0.405,0.595,0.9,0.9,1
401802746,NHL,2025-11-30 00:00:00+00:00,New Jersey Devils,Philadelphia Flyers,0.555,0.445,0.555,0.445,0.9,0.9,2
401802747,NHL,2025-11-30 00:00:00+00:00,Pittsburgh Penguins,Toronto Maple Leafs,0.495,0.505,0.495,0.505,0.9,0.9,2
401802748,NHL,2025-11-30 00:00:00+00:00,Nashville Predators,Winnipeg Jets,0.455,0.545,0.455,0.545,0.8,0.8,2
401802744,NHL,2025-11-29 21:00:00+00:00,Seattle Kraken,Edmonton Oilers,0.415,0.585,0.415,0.585,0.8,0.8,2
401802743,NHL,2025-11-29 20:00:00+00:00,Colorado Avalanche,Montreal Canadiens,0.695,0.305,0.695,0.305,0.8,0.9,1
401802742,NHL,2025-11-29 19:00:00+00:00,New York Rangers,Tampa Bay Lightning,0.55,0.45,0.55,0.45,0.8,0.9,2
401802740,NHL,2025-11-29 01:00:00+00:00,Chicago Blackhawks,Nashville Predators,0.455,0.545,0.455,0.545,0.9,0.8,2
401802741,NHL,2025-11-29 01:00:00+00:00,Dallas Stars,Utah Mammoth,0.545,0.455,0.545,0.455,0.9,0.9,1
401802739,NHL,2025-11-29 00:00:00+00:00,Columbus Blue Jackets,Pittsburgh Penguins,0.555,0.445,0.555,0.445,0.8,0.8,2
401802738,NHL,2025-11-28 22:00:00+00:00,Carolina Hurricanes,Winnipeg Jets,0.645,0.355,0.645,0.355,0.8,0.9,1
401802737,NHL,2025-11-28 22:00:00+00:00,Washington Capitals,Toronto Maple Leafs,0.605,0.395,0.605,0.395,0.8,0.9,1
401802730,NHL,2025-11-28 21:00:00+00:00,Buffalo Sabres,New Jersey Devils,0.505,0.495,0.505,0.495,0.9,0.8,2
401802732,NHL,2025-11-28 21:00:00+00:00,New York Islanders,Philadelphia Flyers,0.575,0.425,0.575,0.425,0.8,0.8,2
401802736,NHL,2025-11-28 21:00:00+00:00,San Jose Sharks,Vancouver Canucks,0.465,0.535,0.465,0.535,0.9,0.8,1
401802733,NHL,2025-11-28 21:00:00+00:00,St. Louis Blues,Ottawa Senators,0.485,0.515,0.485,0.515,0.8,0.8,1
401802735,NHL,2025-11-28 21:00:00+00:00,Anaheim Ducks,Los Angeles Kings,0.445,0.555,0.445,0.555,0.8,0.8,1
401802731,NHL,2025-11-28 21:00:00+00:00,Florida Panthers,Calgary Flames,0.625,0.375,0.625,0.375,0.8,0.9,2
401802734,NHL,2025-11-28 21:00:00+00:00,Vegas Golden Knights,Montreal Canadiens,0.655,0.345,0.655,0.345,0.9,0.9,2
401802729,NHL,2025-11-28 20:30:00+00:00,Minnesota Wild,Colorado Avalanche,0.365,0.635,0.365,0.635,0.9,0.8,1
401802727,NHL,2025-11-28 18:00:00+00:00,Boston Bruins,New York Rangers,0.385,0.615,0.385,0.615,0.7,0.7,2
401802728,NHL,2025-11-28 17:00:00+00:00,Detroit Red Wings,Tampa Bay Lightning,0.465,0.535,0.465,0.535,0.9,0.9,2
401802725,NHL,2025-11-27 03:00:00+00:00,Anaheim Ducks,Vancouver Canucks,0.585,0.415,0.585,0.415,0.9,0.9,2
401802726,NHL,2025-11-27 03:00:00+00:00,Seattle Kraken,Dallas Stars,0.445,0.555,0.445,0.555,0.8,0.9,2
401802712,NHL,2025-11-27 00:00:00+00:00,Detroit Red Wings,Nashville Predators,0.585,0.415,0.585,0.415,0.9,0.9,2
401802718,NHL,2025-11-27 00:00:00+00:00,Washington Capitals,Winnipeg Jets,0.57,0.43,0.57,0.43,0.9,0.9,1
401802715,NHL,2025-11-27 00:00:00+00:00,New Jersey Devils,St. Louis Blues,0.555,0.445,0.555,0.445,0.9,0.9,1
401802724,NHL,2025-11-27 03:00:00+00:00,Vegas Golden Knights,Ottawa Senators,0.62,0.38,0.62,0.38,0.8,0.9,2
401802714,NHL,2025-11-27 00:00:00+00:00,Florida Panthers,Philadelphia Flyers,0.62,0.38,0.62,0.38,0.9,0.9,2
401802717,NHL,2025-11-27 00:00:00+00:00,Pittsburgh Penguins,Buffalo Sabres,0.515,0.485,0.515,0.485,0.9,0.8,1
401802720,NHL,2025-11-27 00:00:00+00:00,Columbus Blue Jackets,Toronto Maple Leafs,0.505,0.495,0.505,0.495,0.8,0.9,2
401802713,NHL,2025-11-27 00:00:00+00:00,Tampa Bay Lightning,Calgary Flames,0.615,0.385,0.615,0.385,0.9,0.9,1
401802723,NHL,2025-11-27 02:30:00+00:00,Utah Mammoth,Montreal Canadiens,0.575,0.425,0.575,0.425,0.9,0.9,2
401802722,NHL,2025-11-27 02:00:00+00:00,Colorado Avalanche,San Jose Sharks,0.77,0.23,0.77,0.23,0.9,0.9,1
401802721,NHL,2025-11-27 01:30:00+00:00,Chicago Blackhawks,Minnesota Wild,0.455,0.545,0.455,0.545,0.8,0.9,2
401802719,NHL,2025-11-27 00:00:00+00:00,Carolina Hurricanes,New York Rangers,0.635,0.365,0.635,0.365,0.9,0.8,2
401802716,NHL,2025-11-27 00:00:00+00:00,New York Islanders,Boston Bruins,0.595,0.405,0.595,0.405,0.9,0.9,2
401802711,NHL,2025-11-26 02:00:00+00:00,Edmonton Oilers,Dallas Stars,0.555,0.445,0.555,0.445,0.9,0.9,2
401802708,NHL,2025-11-25 01:00:00+00:00,Nashville Predators,Florida Panthers,0.445,0.555,0.445,0.555,0.8,0.9,2
401802705,NHL,2025-11-25 00:00:00+00:00,New Jersey Devils,Detroit Red Wings,0.535,0.465,0.535,0.465,0.9,0.9,1
401802709,NHL,2025-11-25 02:00:00+00:00,Utah Mammoth,Vegas Golden Knights,0.495,0.505,0.495,0.505,0.9,0.9,1
401802710,NHL,2025-11-25 02:00:00+00:00,Los Angeles Kings,Ottawa Senators,0.595,0.405,0.595,0.405,0.9,0.9,1
401802706,NHL,2025-11-25 00:00:00+00:00,New York Rangers,St. Louis Blues,0.565,0.435,0.565,0.435,0.9,0.9,1
401802704,NHL,2025-11-25 00:00:00+00:00,Tampa Bay Lightning,Philadelphia Flyers,0.615,0.385,0.615,0.385,0.9,0.9,1
401802707,NHL,2025-11-25 00:00:00+00:00,Washington Capitals,Columbus Blue Jackets,0.605,0.395,0.605,0.395,0.9,0.9,1
401802702,NHL,2025-11-24 01:00:00+00:00,San Jose Sharks,Boston Bruins,0.445,0.555,0.445,0.555,0.9,0.9,1
401802703,NHL,2025-11-24 02:00:00+00:00,Vancouver Canucks,Calgary Flames,0.565,0.435,0.565,0.435,0.9,0.9,2
401802701,NHL,2025-11-24 00:00:00+00:00,Chicago Blackhawks,Colorado Avalanche,0.345,0.655,0.345,0.655,0.9,0.9,2
401802700,NHL,2025-11-23 22:00:00+00:00,New York Islanders,Seattle Kraken,0.585,0.415,0.585,0.415,0.9,0.9,1
401802699,NHL,2025-11-23 21:00:00+00:00,Winnipeg Jets,Minnesota Wild,0.555,0.445,0.555,0.445,0.7,0.8,2
401802698,NHL,2025-11-23 18:00:00+00:00,Buffalo Sabres,Carolina Hurricanes,0.365,0.635,0.365,0.635,0.9,0.9,1
401802687,NHL,2025-11-22 20:30:00+00:00,New York Islanders,St. Louis Blues,0.565,0.435,0.565,0.435,0.9,0.9,2
401802696,NHL,2025-11-23 03:00:00+00:00,Calgary Flames,Dallas Stars,0.44,0.56,0.44,0.56,0.9,0.9,1
401802697,NHL,2025-11-23 03:00:00+00:00,Anaheim Ducks,Vegas Golden Knights,0.405,0.595,0.405,0.595,0.9,0.9,1
401802695,NHL,2025-11-23 02:00:00+00:00,Utah Mammoth,New York Rangers,0.56,0.44,0.56,0.44,0.9,0.9,1
401802694,NHL,2025-11-23 01:00:00+00:00,Nashville Predators,Colorado Avalanche,0.345,0.655,0.345,0.655,0.9,0.9,2
401802690,NHL,2025-11-23 00:00:00+00:00,Philadelphia Flyers,New Jersey Devils,0.485,0.515,0.485,0.515,0.9,0.9,1
401802688,NHL,2025-11-23 00:00:00+00:00,Montreal Canadiens,Toronto Maple Leafs,0.58,0.42,0.58,0.42,0.9,0.9,1
401802691,NHL,2025-11-23 00:00:00+00:00,Pittsburgh Penguins,Seattle Kraken,0.545,0.455,0.545,0.455,0.9,0.9,2
401802693,NHL,2025-11-23 00:00:00+00:00,San Jose Sharks,Ottawa Senators,0.385,0.615,0.385,0.615,0.9,0.9,2
401802689,NHL,2025-11-23 00:00:00+00:00,Florida Panthers,Edmonton Oilers,0.545,0.455,0.545,0.455,0.9,0.9,2
401802692,NHL,2025-11-23 00:00:00+00:00,Washington Capitals,Tampa Bay Lightning,0.515,0.485,0.515,0.485,0.9,0.9,2
401802686,NHL,2025-11-22 18:00:00+00:00,Detroit Red Wings,Columbus Blue Jackets,0.525,0.475,0.525,0.475,0.8,0.9,1
401802685,NHL,2025-11-22 03:30:00+00:00,Los Angeles Kings,Boston Bruins,0.625,0.375,0.625,0.375,0.9,0.8,2
401802684,NHL,2025-11-22 01:00:00+00:00,Winnipeg Jets,Carolina Hurricanes,0.395,0.605,0.395,0.605,0.9,0.8,2
401802682,NHL,2025-11-22 00:00:00+00:00,Buffalo Sabres,Chicago Blackhawks,0.625,0.375,0.625,0.375,0.9,0.9,1
401802683,NHL,2025-11-22 00:00:00+00:00,Pittsburgh Penguins,Minnesota Wild,0.535,0.465,0.535,0.465,0.8,0.8,2
401802680,NHL,2025-11-21 03:00:00+00:00,Anaheim Ducks,Ottawa Senators,0.435,0.565,0.435,0.565,0.9,0.8,2
401802681,NHL,2025-11-21 03:00:00+00:00,San Jose Sharks,Los Angeles Kings,0.385,0.615,0.385,0.615,0.8,0.9,1
401802678,NHL,2025-11-21 02:00:00+00:00,Utah Mammoth,Vegas Golden Knights,0.485,0.515,0.485,0.515,0.9,0.9,2
401802676,NHL,2025-11-21 01:00:00+00:00,Chicago Blackhawks,Seattle Kraken,0.515,0.485,0.515,0.485,0.9,0.9,2
401802677,NHL,2025-11-21 02:00:00+00:00,Colorado Avalanche,New York Rangers,0.635,0.365,0.635,0.365,0.9,0.9,1
401802672,NHL,2025-11-21 00:00:00+00:00,Detroit Red Wings,New York Islanders,0.545,0.455,0.545,0.455,0.9,0.9,2
401802671,NHL,2025-11-21 00:00:00+00:00,Montreal Canadiens,Washington Capitals,0.545,0.455,0.545,0.455,0.9,0.9,2
401802675,NHL,2025-11-21 00:00:00+00:00,Philadelphia Flyers,St. Louis Blues,0.535,0.465,0.535,0.465,0.9,0.9,1
401802673,NHL,2025-11-21 00:30:00+00:00,Tampa Bay Lightning,Edmonton Oilers,0.615,0.385,0.615,0.385,0.8,0.9,1
401802670,NHL,2025-11-21 00:00:00+00:00,Toronto Maple Leafs,Columbus Blue Jackets,0.475,0.525,0.475,0.525,0.9,0.9,2
401802674,NHL,2025-11-21 00:00:00+00:00,Florida Panthers,New Jersey Devils,0.585,0.415,0.585,0.415,0.9,0.9,1
401802679,NHL,2025-11-21 03:00:00+00:00,Vancouver Canucks,Dallas Stars,0.435,0.565,0.435,0.565,0.9,0.9,2
401802668,NHL,2025-11-20 02:30:00+00:00,Minnesota Wild,Carolina Hurricanes,0.375,0.625,0.375,0.625,0.9,0.9,1
401802667,NHL,2025-11-20 00:30:00+00:00,Buffalo Sabres,Calgary Flames,0.585,0.415,0.585,0.415,0.9,0.9,2
401802666,NHL,2025-11-20 00:00:00+00:00,Washington Capitals,Edmonton Oilers,0.525,0.475,0.525,0.475,0.9,0.9,1
401802669,NHL,2025-11-20 03:00:00+00:00,Anaheim Ducks,Boston Bruins,0.625,0.375,0.625,0.375,0.9,0.9,1
401802665,NHL,2025-11-19 03:00:00+00:00,San Jose Sharks,Utah Mammoth,0.44,0.56,0.44,0.56,0.9,0.9,1
401802664,NHL,2025-11-19 03:00:00+00:00,Vegas Golden Knights,New York Rangers,0.57,0.43,0.57,0.43,0.9,0.9,1
401802663,NHL,2025-11-19 01:30:00+00:00,Chicago Blackhawks,Calgary Flames,0.455,0.545,0.455,0.545,0.9,0.9,1
401802661,NHL,2025-11-19 01:00:00+00:00,Dallas Stars,New York Islanders,0.625,0.375,0.625,0.375,0.9,0.9,2
401802662,NHL,2025-11-19 01:00:00+00:00,Winnipeg Jets,Columbus Blue Jackets,0.615,0.385,0.615,0.385,0.9,0.9,1
401802659,NHL,2025-11-19 00:00:00+00:00,Detroit Red Wings,Seattle Kraken,0.595,0.405,0.595,0.405,0.9,0.9,1
401802660,NHL,2025-11-19 00:00:00+00:00,Tampa Bay Lightning,New Jersey Devils,0.605,0.395,0.605,0.395,0.9,0.9,1
401802658,NHL,2025-11-19 00:00:00+00:00,Toronto Maple Leafs,St. Louis Blues,0.485,0.515,0.485,0.515,0.9,0.9,1
401802656,NHL,2025-11-18 00:30:00+00:00,Columbus Blue Jackets,Montreal Canadiens,0.555,0.445,0.555,0.445,0.9,0.9,1
401802657,NHL,2025-11-18 03:00:00+00:00,Anaheim Ducks,Utah Mammoth,0.455,0.545,0.455,0.545,0.9,0.9,1
401802652,NHL,2025-11-18 00:00:00+00:00,Boston Bruins,Carolina Hurricanes,0.345,0.655,0.345,0.655,0.9,0.9,2
401802653,NHL,2025-11-18 00:00:00+00:00,Buffalo Sabres,Edmonton Oilers,0.425,0.575,0.425,0.575,0.9,0.9,1
401802655,NHL,2025-11-18 00:00:00+00:00,Washington Capitals,Los Angeles Kings,0.505,0.495,0.505,0.495,0.9,0.9,1
401802654,NHL,2025-11-18 00:00:00+00:00,Florida Panthers,Vancouver Canucks,0.705,0.295,0.705,0.295,0.9,0.9,1
401802647,NHL,2025-11-16 14:00:00+00:00,Pittsburgh Penguins,Nashville Predators,0.565,0.435,0.565,0.435,0.9,0.9,1
401802651,NHL,2025-11-17 02:00:00+00:00,Colorado Avalanche,New York Islanders,0.685,0.315,0.685,0.315,0.9,0.9,1
401802650,NHL,2025-11-17 00:00:00+00:00,New York Rangers,Detroit Red Wings,0.555,0.445,0.555,0.445,0.9,0.9,2
401802649,NHL,2025-11-16 23:00:00+00:00,Minnesota Wild,Vegas Golden Knights,0.455,0.545,0.455,0.545,0.9,0.9,1
401802648,NHL,2025-11-16 22:00:00+00:00,Tampa Bay Lightning,Vancouver Canucks,0.575,0.425,0.575,0.425,0.9,0.9,2
401802643,NHL,2025-11-16 01:00:00+00:00,St. Louis Blues,Vegas Golden Knights,0.395,0.605,0.395,0.605,0.9,0.8,2
401802646,NHL,2025-11-16 03:00:00+00:00,Seattle Kraken,San Jose Sharks,0.575,0.425,0.575,0.425,0.9,0.9,1
401802642,NHL,2025-11-16 00:00:00+00:00,Chicago Blackhawks,Toronto Maple Leafs,0.455,0.545,0.455,0.545,0.9,0.8,1
401802644,NHL,2025-11-16 01:00:00+00:00,Dallas Stars,Philadelphia Flyers,0.66,0.34,0.66,0.34,0.9,0.9,1
401802639,NHL,2025-11-16 00:00:00+00:00,Washington Capitals,New Jersey Devils,0.565,0.435,0.565,0.435,0.9,0.9,2
401802636,NHL,2025-11-16 00:00:00+00:00,Montreal Canadiens,Boston Bruins,0.585,0.415,0.585,0.415,0.8,0.9,2
401802640,NHL,2025-11-16 00:00:00+00:00,Carolina Hurricanes,Edmonton Oilers,0.535,0.465,0.535,0.465,0.8,0.9,2
401802641,NHL,2025-11-16 00:00:00+00:00,Columbus Blue Jackets,New York Rangers,0.475,0.525,0.475,0.525,0.9,0.9,2
401802645,NHL,2025-11-16 03:00:00+00:00,Calgary Flames,Winnipeg Jets,0.46,0.54,0.46,0.54,0.9,0.9,2
401802638,NHL,2025-11-16 00:00:00+00:00,Detroit Red Wings,Buffalo Sabres,0.605,0.395,0.605,0.395,0.8,0.8,2
401802637,NHL,2025-11-16 00:00:00+00:00,Ottawa Senators,Los Angeles Kings,0.495,0.505,0.495,0.505,0.8,0.9,2
401802634,NHL,2025-11-15 22:00:00+00:00,Florida Panthers,Tampa Bay Lightning,0.575,0.425,0.575,0.425,0.7,0.7,2
401802635,NHL,2025-11-15 23:00:00+00:00,Minnesota Wild,Anaheim Ducks,0.53,0.47,0.53,0.47,0.9,0.9,1
401802632,NHL,2025-11-15 01:00:00+00:00,St. Louis Blues,Philadelphia Flyers,0.555,0.445,0.555,0.445,0.9,0.9,2
401802633,NHL,2025-11-15 02:00:00+00:00,Utah Mammoth,New York Islanders,0.66,0.34,0.66,0.34,0.7,0.7,2
401802631,NHL,2025-11-15 00:00:00+00:00,Carolina Hurricanes,Vancouver Canucks,0.705,0.295,0.705,0.295,0.9,0.8,1
401802630,NHL,2025-11-14 19:00:00+00:00,Nashville Predators,Pittsburgh Penguins,0.445,0.555,0.445,0.555,0.9,0.9,1
401802628,NHL,2025-11-14 03:00:00+00:00,Vegas Golden Knights,New York Islanders,0.635,0.365,0.635,0.365,0.9,0.9,2
401802627,NHL,2025-11-14 02:00:00+00:00,Calgary Flames,San Jose Sharks,0.585,0.415,0.585,0.415,0.9,0.9,1
401802629,NHL,2025-11-14 03:00:00+00:00,Seattle Kraken,Winnipeg Jets,0.435,0.565,0.435,0.565,0.9,0.9,1
401802626,NHL,2025-11-14 02:00:00+00:00,Colorado Avalanche,Buffalo Sabres,0.765,0.235,0.765,0.235,0.9,0.9,1
401802621,NHL,2025-11-14 00:00:00+00:00,Montreal Canadiens,Dallas Stars,0.525,0.475,0.525,0.475,0.9,0.9,2
401802623,NHL,2025-11-14 00:00:00+00:00,Detroit Red Wings,Anaheim Ducks,0.555,0.445,0.555,0.445,0.9,0.9,1
401802622,NHL,2025-11-14 00:00:00+00:00,Ottawa Senators,Boston Bruins,0.585,0.415,0.585,0.415,0.9,0.9,1
401802620,NHL,2025-11-14 00:00:00+00:00,Toronto Maple Leafs,Los Angeles Kings,0.455,0.545,0.455,0.545,0.9,0.9,2
401802625,NHL,2025-11-14 00:30:00+00:00,Columbus Blue Jackets,Edmonton Oilers,0.545,0.455,0.545,0.455,0.9,0.9,1
401802624,NHL,2025-11-14 00:00:00+00:00,Florida Panthers,Washington Capitals,0.535,0.465,0.535,0.465,0.9,0.9,1
401802618,NHL,2025-11-13 02:00:00+00:00,Utah Mammoth,Buffalo Sabres,0.635,0.365,0.635,0.365,0.9,0.9,1
401802619,NHL,2025-11-13 02:30:00+00:00,Chicago Blackhawks,New Jersey Devils,0.425,0.575,0.425,0.575,0.9,0.9,2
401802617,NHL,2025-11-13 00:30:00+00:00,Philadelphia Flyers,Edmonton Oilers,0.475,0.525,0.475,0.525,0.9,0.9,2
401802616,NHL,2025-11-13 00:00:00+00:00,Tampa Bay Lightning,New York Rangers,0.545,0.455,0.545,0.455,0.9,0.9,2
401802613,NHL,2025-11-12 02:30:00+00:00,Colorado Avalanche,Anaheim Ducks,0.695,0.305,0.695,0.305,0.7,0.7,1
401802612,NHL,2025-11-12 01:00:00+00:00,Minnesota Wild,San Jose Sharks,0.635,0.365,0.635,0.365,0.9,0.9,2
401802611,NHL,2025-11-12 01:00:00+00:00,St. Louis Blues,Calgary Flames,0.555,0.445,0.555,0.445,0.9,0.9,1
401802615,NHL,2025-11-12 03:00:00+00:00,Seattle Kraken,Columbus Blue Jackets,0.525,0.475,0.525,0.475,0.9,0.9,2
401802609,NHL,2025-11-12 00:00:00+00:00,Ottawa Senators,Dallas Stars,0.535,0.465,0.535,0.465,0.9,0.9,2
401802614,NHL,2025-11-12 03:00:00+00:00,Vancouver Canucks,Winnipeg Jets,0.475,0.525,0.475,0.525,0.9,0.9,2
401802610,NHL,2025-11-12 00:00:00+00:00,Carolina Hurricanes,Washington Capitals,0.575,0.425,0.575,0.425,0.9,0.9,2
401802608,NHL,2025-11-12 00:00:00+00:00,Montreal Canadiens,Los Angeles Kings,0.485,0.515,0.485,0.515,0.9,0.9,2
401802607,NHL,2025-11-12 00:00:00+00:00,Boston Bruins,Toronto Maple Leafs,0.445,0.555,0.445,0.555,0.9,0.9,1
401802606,NHL,2025-11-11 03:00:00+00:00,Vegas Golden Knights,Florida Panthers,0.545,0.455,0.545,0.455,0.9,0.9,2
401802605,NHL,2025-11-11 01:30:00+00:00,Edmonton Oilers,Columbus Blue Jackets,0.615,0.385,0.615,0.385,0.9,0.9,1
401802603,NHL,2025-11-11 00:00:00+00:00,New Jersey Devils,New York Islanders,0.565,0.435,0.565,0.435,0.9,0.9,2
401802604,NHL,2025-11-11 00:00:00+00:00,New York Rangers,Nashville Predators,0.635,0.365,0.635,0.365,0.9,0.9,1
401802601,NHL,2025-11-10 03:00:00+00:00,Vancouver Canucks,Colorado Avalanche,0.355,0.645,0.355,0.645,0.9,0.9,2
401802600,NHL,2025-11-10 01:00:00+00:00,Minnesota Wild,Calgary Flames,0.575,0.425,0.575,0.425,0.9,0.9,1
401802602,NHL,2025-11-10 03:00:00+00:00,Anaheim Ducks,Winnipeg Jets,0.43,0.57,0.43,0.57,0.9,0.9,1
401802599,NHL,2025-11-10 00:00:00+00:00,Dallas Stars,Seattle Kraken,0.645,0.355,0.645,0.355,0.9,0.9,1
401802598,NHL,2025-11-10 00:00:00+00:00,Ottawa Senators,Utah Mammoth,0.485,0.515,0.485,0.515,0.9,0.9,1
401802597,NHL,2025-11-10 00:00:00+00:00,Toronto Maple Leafs,Carolina Hurricanes,0.445,0.555,0.445,0.555,0.9,0.9,2
401802595,NHL,2025-11-09 18:00:00+00:00,Detroit Red Wings,Chicago Blackhawks,0.62,0.38,0.62,0.38,0.9,0.9,2
401802596,NHL,2025-11-09 19:00:00+00:00,Pittsburgh Penguins,Los Angeles Kings,0.395,0.605,0.395,0.605,0.9,0.9,2
401802591,NHL,2025-11-09 03:00:00+00:00,Edmonton Oilers,Colorado Avalanche,0.47,0.53,0.47,0.53,0.9,0.9,2
401802594,NHL,2025-11-09 03:00:00+00:00,San Jose Sharks,Florida Panthers,0.31,0.69,0.31,0.69,0.9,0.9,1
401802592,NHL,2025-11-09 03:00:00+00:00,Vancouver Canucks,Columbus Blue Jackets,0.505,0.495,0.505,0.495,0.9,0.9,1
401802589,NHL,2025-11-09 00:00:00+00:00,Carolina Hurricanes,Buffalo Sabres,0.685,0.315,0.685,0.315,0.9,0.9,1
401802593,NHL,2025-11-09 03:00:00+00:00,Vegas Golden Knights,Anaheim Ducks,0.66,0.34,0.66,0.34,0.9,0.9,2
401802586,NHL,2025-11-09 00:00:00+00:00,Montreal Canadiens,Utah Mammoth,0.47,0.53,0.47,0.53,0.9,0.9,1
401802590,NHL,2025-11-09 00:00:00+00:00,St. Louis Blues,Seattle Kraken,0.605,0.395,0.605,0.395,0.9,0.9,2
401802588,NHL,2025-11-09 00:00:00+00:00,New York Rangers,New York Islanders,0.595,0.405,0.595,0.405,0.9,0.9,2
401802585,NHL,2025-11-09 00:00:00+00:00,Toronto Maple Leafs,Boston Bruins,0.655,0.345,0.655,0.345,0.9,0.9,2
401802587,NHL,2025-11-09 00:00:00+00:00,Tampa Bay Lightning,Washington Capitals,0.585,0.415,0.585,0.415,0.9,0.9,1
401802584,NHL,2025-11-08 20:30:00+00:00,Nashville Predators,Dallas Stars,0.415,0.585,0.415,0.585,0.9,0.9,2
401802583,NHL,2025-11-08 18:00:00+00:00,Philadelphia Flyers,Ottawa Senators,0.465,0.535,0.465,0.535,0.9,0.9,2
401802582,NHL,2025-11-08 17:30:00+00:00,New Jersey Devils,Pittsburgh Penguins,0.61,0.39,0.61,0.39,0.9,0.9,1
401802581,NHL,2025-11-08 03:00:00+00:00,San Jose Sharks,Winnipeg Jets,0.365,0.635,0.365,0.635,0.9,0.9,1
401802578,NHL,2025-11-08 00:00:00+00:00,Detroit Red Wings,New York Rangers,0.525,0.475,0.525,0.475,0.9,0.9,2
401802579,NHL,2025-11-08 00:00:00+00:00,New York Islanders,Minnesota Wild,0.59,0.41,0.59,0.41,0.9,0.9,2
401802580,NHL,2025-11-08 02:00:00+00:00,Calgary Flames,Chicago Blackhawks,0.57,0.43,0.57,0.43,0.9,0.9,2
401802573,NHL,2025-11-07 00:00:00+00:00,Carolina Hurricanes,Minnesota Wild,0.65,0.35,0.65,0.35,0.9,0.9,1
401802577,NHL,2025-11-07 03:00:00+00:00,Los Angeles Kings,Florida Panthers,0.515,0.485,0.515,0.485,0.9,0.9,2
401802576,NHL,2025-11-07 03:00:00+00:00,Vegas Golden Knights,Tampa Bay Lightning,0.525,0.475,0.525,0.475,0.9,0.9,2
401802575,NHL,2025-11-07 01:00:00+00:00,Dallas Stars,Anaheim Ducks,0.605,0.395,0.605,0.395,0.9,0.9,2
401802574,NHL,2025-11-07 01:00:00+00:00,Nashville Predators,Philadelphia Flyers,0.555,0.445,0.555,0.445,0.9,0.9,2
401802569,NHL,2025-11-07 00:00:00+00:00,Boston Bruins,Ottawa Senators,0.395,0.605,0.395,0.605,0.9,0.9,1
401802570,NHL,2025-11-07 00:00:00+00:00,Buffalo Sabres,St. Louis Blues,0.565,0.435,0.565,0.435,0.9,0.9,2
401802571,NHL,2025-11-07 00:00:00+00:00,New Jersey Devils,Montreal Canadiens,0.565,0.435,0.565,0.435,0.9,0.9,1
401802572,NHL,2025-11-07 00:30:00+00:00,Pittsburgh Penguins,Washington Capitals,0.52,0.48,0.52,0.48,0.9,0.9,1
401802567,NHL,2025-11-06 03:00:00+00:00,Vancouver Canucks,Chicago Blackhawks,0.585,0.415,0.585,0.415,0.9,0.9,2
401802568,NHL,2025-11-06 03:00:00+00:00,Seattle Kraken,San Jose Sharks,0.615,0.385,0.615,0.385,0.9,0.9,2
401802566,NHL,2025-11-06 02:30:00+00:00,Calgary Flames,Columbus Blue Jackets,0.505,0.495,0.505,0.495,0.9,0.9,1
401802565,NHL,2025-11-06 00:30:00+00:00,Washington Capitals,St. Louis Blues,0.575,0.425,0.575,0.425,0.9,0.9,1
401802564,NHL,2025-11-06 00:00:00+00:00,Toronto Maple Leafs,Utah Mammoth,0.585,0.415,0.585,0.415,0.9,0.9,1
401802561,NHL,2025-11-05 03:00:00+00:00,Vegas Golden Knights,Detroit Red Wings,0.625,0.375,0.625,0.375,0.9,0.9,1
401802562,NHL,2025-11-05 03:00:00+00:00,Anaheim Ducks,Florida Panthers,0.405,0.595,0.405,0.595,0.9,0.9,1
401802563,NHL,2025-11-05 03:30:00+00:00,Los Angeles Kings,Winnipeg Jets,0.555,0.445,0.555,0.445,0.9,0.9,1
401802560,NHL,2025-11-05 02:30:00+00:00,Colorado Avalanche,Tampa Bay Lightning,0.565,0.435,0.565,0.435,0.9,0.9,1
401802558,NHL,2025-11-05 01:00:00+00:00,Dallas Stars,Edmonton Oilers,0.525,0.475,0.525,0.475,0.9,0.9,1
401802555,NHL,2025-11-05 00:00:00+00:00,Montreal Canadiens,Philadelphia Flyers,0.585,0.415,0.585,0.415,0.9,0.9,2
401802559,NHL,2025-11-05 01:00:00+00:00,Minnesota Wild,Nashville Predators,0.655,0.345,0.655,0.345,0.9,0.9,1
401802554,NHL,2025-11-05 00:00:00+00:00,Buffalo Sabres,Utah Mammoth,0.465,0.535,0.465,0.535,0.9,0.9,2
401802556,NHL,2025-11-05 00:00:00+00:00,New York Islanders,Boston Bruins,0.605,0.395,0.605,0.395,0.9,0.9,2
401802557,NHL,2025-11-05 00:00:00+00:00,New York Rangers,Carolina Hurricanes,0.485,0.515,0.485,0.515,0.9,0.9,2
401802459,NHL,2025-10-22 23:00:00+00:00,New Jersey Devils,Minnesota Wild,0.535,0.465,0.535,0.465,0.9,0.9,1
401802553,NHL,2025-11-04 03:00:00+00:00,Seattle Kraken,Chicago Blackhawks,0.585,0.415,0.585,0.415,0.9,0.9,1
401802548,NHL,2025-11-03 01:00:00+00:00,Anaheim Ducks,New Jersey Devils,0.475,0.525,0.475,0.525,0.9,0.9,1
401802542,NHL,2025-11-02 01:00:00+00:00,Los Angeles Kings,New Jersey Devils,0.515,0.485,0.515,0.485,0.9,0.9,2
401802544,NHL,2025-11-02 02:00:00+00:00,Seattle Kraken,New York Rangers,0.445,0.555,0.445,0.555,0.9,0.9,2
401802538,NHL,2025-11-01 23:00:00+00:00,Montreal Canadiens,Ottawa Senators,0.49,0.51,0.49,0.51,0.9,0.9,1
401802539,NHL,2025-11-01 23:00:00+00:00,Philadelphia Flyers,Toronto Maple Leafs,0.475,0.525,0.475,0.525,0.9,0.9,2
401802540,NHL,2025-11-01 23:00:00+00:00,Columbus Blue Jackets,St. Louis Blues,0.575,0.425,0.575,0.425,0.9,0.9,1
401802535,NHL,2025-11-01 20:00:00+00:00,San Jose Sharks,Colorado Avalanche,0.315,0.685,0.315,0.685,0.9,0.9,1
401802534,NHL,2025-11-01 19:30:00+00:00,Nashville Predators,Calgary Flames,0.52,0.48,0.52,0.48,0.9,0.9,1
401802541,NHL,2025-11-01 23:00:00+00:00,Minnesota Wild,Vancouver Canucks,0.625,0.375,0.625,0.375,0.9,0.9,1
401802537,NHL,2025-11-01 23:00:00+00:00,Buffalo Sabres,Washington Capitals,0.545,0.455,0.545,0.455,0.9,0.9,1
401802533,NHL,2025-11-01 19:00:00+00:00,Winnipeg Jets,Pittsburgh Penguins,0.595,0.405,0.595,0.405,0.9,0.9,1
401802536,NHL,2025-11-01 22:00:00+00:00,Florida Panthers,Dallas Stars,0.565,0.435,0.565,0.435,0.9,0.9,1
401802532,NHL,2025-11-01 17:00:00+00:00,Boston Bruins,Carolina Hurricanes,0.355,0.645,0.355,0.645,0.9,0.9,1
401802530,NHL,2025-10-31 23:00:00+00:00,Washington Capitals,New York Islanders,0.665,0.335,0.665,0.335,0.9,0.9,2
401802528,NHL,2025-10-31 02:30:00+00:00,Los Angeles Kings,Detroit Red Wings,0.565,0.435,0.565,0.435,0.9,0.9,2
401802523,NHL,2025-10-31 00:00:00+00:00,St. Louis Blues,Vancouver Canucks,0.615,0.385,0.615,0.385,0.9,0.9,2
401802529,NHL,2025-10-31 20:00:00+00:00,Vegas Golden Knights,Colorado Avalanche,0.445,0.555,0.445,0.555,0.9,0.9,2
401802526,NHL,2025-10-31 01:00:00+00:00,Edmonton Oilers,New York Rangers,0.59,0.41,0.59,0.41,0.9,0.9,2
401802531,NHL,2025-11-01 02:00:00+00:00,Anaheim Ducks,Detroit Red Wings,0.545,0.455,0.545,0.455,0.9,0.9,1
401802527,NHL,2025-10-31 02:00:00+00:00,San Jose Sharks,New Jersey Devils,0.325,0.675,0.325,0.675,0.9,0.9,1
401802521,NHL,2025-10-30 23:00:00+00:00,Philadelphia Flyers,Nashville Predators,0.585,0.415,0.585,0.415,0.9,0.9,1
401802522,NHL,2025-10-30 23:30:00+00:00,Carolina Hurricanes,New York Islanders,0.675,0.325,0.675,0.325,0.9,0.9,1
401802518,NHL,2025-10-30 23:00:00+00:00,Boston Bruins,Buffalo Sabres,0.445,0.555,0.445,0.555,0.9,0.9,1
401802519,NHL,2025-10-30 23:00:00+00:00,Ottawa Senators,Calgary Flames,0.605,0.395,0.605,0.395,0.9,0.9,1
401802525,NHL,2025-10-31 00:00:00+00:00,Winnipeg Jets,Chicago Blackhawks,0.645,0.355,0.645,0.355,0.9,0.9,1
401802517,NHL,2025-10-29 23:30:00+00:00,Columbus Blue Jackets,Toronto Maple Leafs,0.535,0.465,0.535,0.465,0.9,0.9,1
401802520,NHL,2025-10-30 23:00:00+00:00,Tampa Bay Lightning,Dallas Stars,0.585,0.415,0.585,0.415,0.9,0.9,1
401802516,NHL,2025-10-29 03:00:00+00:00,San Jose Sharks,Los Angeles Kings,0.34,0.66,0.34,0.66,0.9,0.9,2
401802524,NHL,2025-10-31 00:00:00+00:00,Minnesota Wild,Pittsburgh Penguins,0.605,0.395,0.605,0.395,0.9,0.9,2
401802515,NHL,2025-10-29 02:30:00+00:00,Seattle Kraken,Montreal Canadiens,0.475,0.525,0.475,0.525,0.9,0.9,2
401802550,NHL,2025-11-04 00:30:00+00:00,Toronto Maple Leafs,Pittsburgh Penguins,0.63,0.37,0.63,0.37,0.9,0.9,1
401802513,NHL,2025-10-29 01:30:00+00:00,Edmonton Oilers,Utah Mammoth,0.575,0.425,0.575,0.425,0.9,0.9,1
401802514,NHL,2025-10-29 02:00:00+00:00,Vancouver Canucks,New York Rangers,0.465,0.535,0.465,0.535,0.9,0.9,2
401802509,NHL,2025-10-29 00:15:00+00:00,St. Louis Blues,Detroit Red Wings,0.495,0.505,0.495,0.505,0.9,0.9,2
401802512,NHL,2025-10-29 01:00:00+00:00,Colorado Avalanche,New Jersey Devils,0.635,0.365,0.635,0.365,0.9,0.9,1
401802511,NHL,2025-10-29 00:45:00+00:00,Chicago Blackhawks,Ottawa Senators,0.425,0.575,0.425,0.575,0.9,0.9,1
401802507,NHL,2025-10-28 23:45:00+00:00,Nashville Predators,Tampa Bay Lightning,0.385,0.615,0.385,0.615,0.9,0.9,2
401802508,NHL,2025-10-29 00:00:00+00:00,Minnesota Wild,Winnipeg Jets,0.51,0.49,0.51,0.49,0.9,0.8,2
401802510,NHL,2025-10-29 00:50:00+00:00,Dallas Stars,Washington Capitals,0.525,0.475,0.525,0.475,0.9,0.9,1
401802506,NHL,2025-10-28 22:30:00+00:00,Carolina Hurricanes,Vegas Golden Knights,0.585,0.415,0.585,0.415,0.9,0.9,2
401802502,NHL,2025-10-28 22:00:00+00:00,Toronto Maple Leafs,Calgary Flames,0.595,0.405,0.595,0.405,0.9,0.9,1
401802503,NHL,2025-10-28 22:45:00+00:00,Buffalo Sabres,Columbus Blue Jackets,0.505,0.495,0.505,0.495,0.9,0.9,2
401802504,NHL,2025-10-28 23:00:00+00:00,Florida Panthers,Anaheim Ducks,0.625,0.375,0.625,0.375,0.9,0.9,2
401802498,NHL,2025-10-27 02:00:00+00:00,Vancouver Canucks,Edmonton Oilers,0.405,0.595,0.405,0.595,0.9,0.9,1
401802500,NHL,2025-10-27 23:30:00+00:00,Ottawa Senators,Boston Bruins,0.61,0.39,0.61,0.39,0.8,0.9,1
401802501,NHL,2025-10-28 22:00:00+00:00,Philadelphia Flyers,Pittsburgh Penguins,0.615,0.385,0.615,0.385,0.9,0.9,1
401802505,NHL,2025-10-28 23:15:00+00:00,Boston Bruins,New York Islanders,0.42,0.58,0.42,0.58,0.9,0.9,1
401802499,NHL,2025-10-27 23:00:00+00:00,Pittsburgh Penguins,St. Louis Blues,0.475,0.525,0.475,0.525,0.9,0.9,1
401802497,NHL,2025-10-27 00:00:00+00:00,Calgary Flames,New York Rangers,0.445,0.555,0.445,0.555,0.9,0.9,1
401802495,NHL,2025-10-26 23:00:00+00:00,Chicago Blackhawks,Los Angeles Kings,0.405,0.595,0.405,0.595,0.9,0.9,2
401802493,NHL,2025-10-26 22:00:00+00:00,Minnesota Wild,San Jose Sharks,0.635,0.365,0.635,0.365,0.9,0.9,2
401802496,NHL,2025-10-26 23:00:00+00:00,Nashville Predators,Dallas Stars,0.415,0.585,0.415,0.585,0.9,0.9,2
401802494,NHL,2025-10-26 22:00:00+00:00,Winnipeg Jets,Utah Mammoth,0.59,0.41,0.59,0.41,0.9,0.9,2
401802490,NHL,2025-10-26 02:00:00+00:00,Seattle Kraken,Edmonton Oilers,0.395,0.605,0.395,0.605,0.9,0.9,1
401802492,NHL,2025-10-26 21:00:00+00:00,Tampa Bay Lightning,Vegas Golden Knights,0.565,0.435,0.565,0.435,0.9,0.9,1
401802491,NHL,2025-10-26 17:00:00+00:00,New Jersey Devils,Colorado Avalanche,0.545,0.455,0.545,0.455,0.9,0.9,1
401802488,NHL,2025-10-26 00:00:00+00:00,Nashville Predators,Los Angeles Kings,0.425,0.575,0.425,0.575,0.9,0.9,1
401802489,NHL,2025-10-26 00:00:00+00:00,Dallas Stars,Carolina Hurricanes,0.535,0.465,0.535,0.465,0.9,0.9,1
401802483,NHL,2025-10-25 21:00:00+00:00,Toronto Maple Leafs,Buffalo Sabres,0.565,0.435,0.565,0.435,0.9,0.9,1
401802484,NHL,2025-10-25 23:00:00+00:00,Detroit Red Wings,St. Louis Blues,0.485,0.515,0.485,0.515,0.9,0.9,1
401802485,NHL,2025-10-25 23:00:00+00:00,Pittsburgh Penguins,Columbus Blue Jackets,0.525,0.475,0.525,0.475,0.9,0.9,2
401802481,NHL,2025-10-25 22:00:00+00:00,Florida Panthers,Vegas Golden Knights,0.5,0.5,0.5,0.5,0.9,0.9,1
401802487,NHL,2025-10-25 23:00:00+00:00,Vancouver Canucks,Montreal Canadiens,0.485,0.515,0.485,0.515,0.9,0.9,2
401802482,NHL,2025-10-25 22:00:00+00:00,Minnesota Wild,Utah Mammoth,0.515,0.485,0.515,0.485,0.9,0.9,2
401802480,NHL,2025-10-25 21:00:00+00:00,Tampa Bay Lightning,Anaheim Ducks,0.635,0.365,0.635,0.365,0.9,0.9,1
401802486,NHL,2025-10-25 23:00:00+00:00,Washington Capitals,Ottawa Senators,0.525,0.475,0.525,0.475,0.9,0.9,2
401802479,NHL,2025-10-25 19:00:00+00:00,Boston Bruins,Colorado Avalanche,0.355,0.645,0.355,0.645,0.9,0.9,1
401802478,NHL,2025-10-25 16:30:00+00:00,Philadelphia Flyers,New York Islanders,0.515,0.485,0.515,0.485,0.9,0.9,1
401802477,NHL,2025-10-25 00:00:00+00:00,Winnipeg Jets,Calgary Flames,0.555,0.445,0.555,0.445,0.9,0.9,1
401802476,NHL,2025-10-24 23:00:00+00:00,Columbus Blue Jackets,Washington Capitals,0.485,0.515,0.485,0.515,0.9,0.9,2
401802474,NHL,2025-10-24 23:00:00+00:00,Buffalo Sabres,Toronto Maple Leafs,0.47,0.53,0.47,0.53,0.9,0.9,1
401802475,NHL,2025-10-24 23:00:00+00:00,New Jersey Devils,San Jose Sharks,0.765,0.235,0.765,0.235,0.9,0.9,1
401802473,NHL,2025-10-24 01:00:00+00:00,Edmonton Oilers,Montreal Canadiens,0.655,0.345,0.655,0.345,0.9,0.9,1
401802470,NHL,2025-10-24 01:00:00+00:00,Dallas Stars,Los Angeles Kings,0.555,0.445,0.555,0.445,0.9,0.9,2
401802468,NHL,2025-10-24 00:00:00+00:00,St. Louis Blues,Utah Mammoth,0.515,0.485,0.515,0.485,0.9,0.9,2
401802471,NHL,2025-10-24 00:00:00+00:00,Winnipeg Jets,Seattle Kraken,0.655,0.345,0.655,0.345,0.9,0.9,2
401802469,NHL,2025-10-24 00:00:00+00:00,Nashville Predators,Vancouver Canucks,0.525,0.475,0.525,0.475,0.9,0.9,1
401802472,NHL,2025-10-24 01:00:00+00:00,Colorado Avalanche,Carolina Hurricanes,0.555,0.445,0.555,0.445,0.9,0.9,2
401802466,NHL,2025-10-23 23:00:00+00:00,New York Islanders,Detroit Red Wings,0.545,0.455,0.545,0.455,0.9,0.9,1
401802467,NHL,2025-10-23 23:00:00+00:00,New York Rangers,San Jose Sharks,0.725,0.275,0.725,0.275,0.9,0.9,2
401802462,NHL,2025-10-23 23:00:00+00:00,Boston Bruins,Anaheim Ducks,0.515,0.485,0.515,0.485,0.9,0.9,2
401802465,NHL,2025-10-23 23:00:00+00:00,Florida Panthers,Pittsburgh Penguins,0.645,0.355,0.645,0.355,0.9,0.9,2
401802464,NHL,2025-10-23 22:45:00+00:00,Tampa Bay Lightning,Chicago Blackhawks,0.725,0.275,0.725,0.275,0.9,0.9,2
401802461,NHL,2025-10-23 00:30:00+00:00,Calgary Flames,Montreal Canadiens,0.495,0.505,0.495,0.505,0.9,0.9,2
401802457,NHL,2025-10-22 00:00:00+00:00,Dallas Stars,Columbus Blue Jackets,0.625,0.375,0.625,0.375,0.9,0.9,2
401802455,NHL,2025-10-22 00:00:00+00:00,St. Louis Blues,Los Angeles Kings,0.525,0.475,0.525,0.475,0.9,0.9,2
401802460,NHL,2025-10-22 23:30:00+00:00,Buffalo Sabres,Detroit Red Wings,0.525,0.475,0.525,0.475,0.9,0.9,1
401802463,NHL,2025-10-23 23:00:00+00:00,Ottawa Senators,Philadelphia Flyers,0.575,0.425,0.575,0.425,0.9,0.9,1
401802456,NHL,2025-10-22 00:00:00+00:00,Nashville Predators,Anaheim Ducks,0.555,0.445,0.555,0.445,0.9,0.9,2
401802458,NHL,2025-10-22 02:00:00+00:00,Utah Mammoth,Colorado Avalanche,0.425,0.575,0.425,0.575,0.9,0.9,1
401802454,NHL,2025-10-21 23:30:00+00:00,Boston Bruins,Florida Panthers,0.405,0.595,0.405,0.595,0.9,0.9,2
401802449,NHL,2025-10-21 23:00:00+00:00,Toronto Maple Leafs,New Jersey Devils,0.515,0.485,0.515,0.485,0.9,0.9,2
401802452,NHL,2025-10-21 23:00:00+00:00,Pittsburgh Penguins,Vancouver Canucks,0.505,0.495,0.505,0.495,0.9,0.9,1
401802451,NHL,2025-10-21 23:00:00+00:00,New York Islanders,San Jose Sharks,0.665,0.335,0.665,0.335,0.9,0.9,1
401802447,NHL,2025-10-21 01:30:00+00:00,Calgary Flames,Winnipeg Jets,0.435,0.565,0.435,0.565,0.9,0.9,2
401802444,NHL,2025-10-20 23:00:00+00:00,New York Rangers,Minnesota Wild,0.605,0.395,0.605,0.395,0.9,0.9,2
401802453,NHL,2025-10-21 23:00:00+00:00,Washington Capitals,Seattle Kraken,0.695,0.305,0.695,0.305,0.9,0.9,1
401802450,NHL,2025-10-21 23:00:00+00:00,Ottawa Senators,Edmonton Oilers,0.465,0.535,0.465,0.535,0.9,0.9,2
401802446,NHL,2025-10-20 23:30:00+00:00,Montreal Canadiens,Buffalo Sabres,0.575,0.425,0.575,0.425,0.9,0.9,1
401802437,NHL,2025-10-19 01:00:00+00:00,Los Angeles Kings,Carolina Hurricanes,0.465,0.535,0.465,0.535,0.9,0.9,2
401802441,NHL,2025-10-19 19:00:00+00:00,Detroit Red Wings,Edmonton Oilers,0.455,0.545,0.455,0.545,0.9,0.9,1
401802440,NHL,2025-10-19 16:30:00+00:00,Washington Capitals,Vancouver Canucks,0.585,0.415,0.585,0.415,0.9,0.9,2
401802442,NHL,2025-10-19 23:00:00+00:00,Chicago Blackhawks,Anaheim Ducks,0.455,0.545,0.455,0.545,0.9,0.9,1
401802436,NHL,2025-10-19 01:00:00+00:00,Colorado Avalanche,Boston Bruins,0.695,0.305,0.695,0.305,0.9,0.9,1
401802439,NHL,2025-10-19 02:00:00+00:00,San Jose Sharks,Pittsburgh Penguins,0.395,0.605,0.395,0.605,0.9,0.9,2
401802431,NHL,2025-10-18 23:00:00+00:00,Montreal Canadiens,New York Rangers,0.535,0.465,0.535,0.465,0.9,0.9,2
401802445,NHL,2025-10-20 23:00:00+00:00,Philadelphia Flyers,Seattle Kraken,0.565,0.435,0.565,0.435,0.9,0.9,1
401802448,NHL,2025-10-21 02:00:00+00:00,Vegas Golden Knights,Carolina Hurricanes,0.485,0.515,0.485,0.515,0.9,0.9,1
401802432,NHL,2025-10-18 23:00:00+00:00,Philadelphia Flyers,Minnesota Wild,0.525,0.475,0.525,0.475,0.9,0.9,1
401802430,NHL,2025-10-18 23:00:00+00:00,Toronto Maple Leafs,Seattle Kraken,0.645,0.355,0.645,0.355,0.9,0.9,2
401802435,NHL,2025-10-18 23:00:00+00:00,Winnipeg Jets,Nashville Predators,0.63,0.37,0.63,0.37,0.9,0.9,1
401802433,NHL,2025-10-18 23:00:00+00:00,Columbus Blue Jackets,Tampa Bay Lightning,0.545,0.455,0.545,0.455,0.9,0.9,1
401802428,NHL,2025-10-18 19:00:00+00:00,Ottawa Senators,New York Islanders,0.555,0.445,0.555,0.445,0.9,0.9,2
401802426,NHL,2025-10-18 01:00:00+00:00,Utah Mammoth,San Jose Sharks,0.705,0.295,0.705,0.295,0.9,0.9,1
401802423,NHL,2025-10-17 23:00:00+00:00,Detroit Red Wings,Tampa Bay Lightning,0.455,0.545,0.455,0.545,0.9,0.9,1
401802425,NHL,2025-10-18 00:30:00+00:00,Chicago Blackhawks,Vancouver Canucks,0.465,0.535,0.465,0.535,0.9,0.9,2
401802429,NHL,2025-10-18 19:30:00+00:00,New Jersey Devils,Edmonton Oilers,0.495,0.505,0.495,0.505,0.9,0.9,1
401802424,NHL,2025-10-17 23:00:00+00:00,Washington Capitals,Minnesota Wild,0.54,0.46,0.54,0.46,0.9,0.9,1
401802422,NHL,2025-10-17 02:00:00+00:00,Los Angeles Kings,Pittsburgh Penguins,0.645,0.355,0.645,0.355,0.9,0.9,2
401802421,NHL,2025-10-17 02:00:00+00:00,Anaheim Ducks,Carolina Hurricanes,0.365,0.635,0.365,0.635,0.9,0.9,2
401802420,NHL,2025-10-17 02:00:00+00:00,Vegas Golden Knights,Boston Bruins,0.675,0.325,0.675,0.325,0.9,0.9,1
401802413,NHL,2025-10-16 23:00:00+00:00,Montreal Canadiens,Nashville Predators,0.575,0.425,0.575,0.425,0.9,0.9,1
401802416,NHL,2025-10-16 23:30:00+00:00,New York Islanders,Edmonton Oilers,0.405,0.595,0.405,0.595,0.9,0.9,1
401802414,NHL,2025-10-16 23:00:00+00:00,Ottawa Senators,Seattle Kraken,0.585,0.415,0.585,0.415,0.9,0.9,1
401802438,NHL,2025-10-19 02:00:00+00:00,Vegas Golden Knights,Calgary Flames,0.685,0.315,0.685,0.315,0.9,0.9,1
401802443,NHL,2025-10-19 23:00:00+00:00,Utah Mammoth,Boston Bruins,0.655,0.345,0.655,0.345,0.9,0.9,1
401802434,NHL,2025-10-18 23:00:00+00:00,St. Louis Blues,Dallas Stars,0.455,0.545,0.455,0.545,0.9,0.9,1
401802427,NHL,2025-10-18 17:00:00+00:00,Buffalo Sabres,Florida Panthers,0.415,0.585,0.415,0.585,0.9,0.9,1
401802417,NHL,2025-10-16 23:00:00+00:00,Philadelphia Flyers,Winnipeg Jets,0.445,0.555,0.445,0.555,0.9,0.9,2
401802415,NHL,2025-10-16 23:00:00+00:00,New Jersey Devils,Florida Panthers,0.585,0.415,0.585,0.415,0.9,0.9,1
401802418,NHL,2025-10-16 23:00:00+00:00,Columbus Blue Jackets,Colorado Avalanche,0.405,0.595,0.405,0.595,0.9,0.9,2
401802411,NHL,2025-10-16 01:30:00+00:00,Utah Mammoth,Calgary Flames,0.68,0.32,0.68,0.32,0.9,0.9,1
401802419,NHL,2025-10-17 00:00:00+00:00,Dallas Stars,Vancouver Canucks,0.595,0.405,0.595,0.405,0.9,0.9,2
401802406,NHL,2025-10-15 02:00:00+00:00,San Jose Sharks,Carolina Hurricanes,0.295,0.705,0.295,0.705,0.9,0.9,2
401802408,NHL,2025-10-15 23:00:00+00:00,Buffalo Sabres,Ottawa Senators,0.5,0.5,0.5,0.5,0.9,0.9,1
401802405,NHL,2025-10-15 01:50:00+00:00,Dallas Stars,Minnesota Wild,0.645,0.355,0.645,0.355,0.9,0.9,1
401802410,NHL,2025-10-16 01:30:00+00:00,St. Louis Blues,Chicago Blackhawks,0.685,0.315,0.685,0.315,0.9,0.9,2
401802407,NHL,2025-10-15 02:30:00+00:00,Anaheim Ducks,Pittsburgh Penguins,0.565,0.435,0.565,0.435,0.9,0.9,1
401802401,NHL,2025-10-14 23:00:00+00:00,Montreal Canadiens,Seattle Kraken,0.585,0.415,0.585,0.415,0.9,0.9,1
401802409,NHL,2025-10-15 23:00:00+00:00,Detroit Red Wings,Florida Panthers,0.405,0.595,0.405,0.595,0.9,0.9,1
401802412,NHL,2025-10-16 23:00:00+00:00,Toronto Maple Leafs,New York Rangers,0.575,0.425,0.575,0.425,0.9,0.9,1
401802404,NHL,2025-10-15 01:00:00+00:00,Calgary Flames,Vegas Golden Knights,0.38,0.62,0.38,0.62,0.9,0.9,2
401802546,NHL,2025-11-02 22:00:00+00:00,New York Islanders,Columbus Blue Jackets,0.525,0.475,0.525,0.475,0.9,0.9,1
401802545,NHL,2025-11-02 20:30:00+00:00,Utah Mammoth,Tampa Bay Lightning,0.515,0.485,0.515,0.485,0.9,0.9,2
401802543,NHL,2025-11-02 02:00:00+00:00,Edmonton Oilers,Chicago Blackhawks,0.705,0.295,0.705,0.295,0.9,0.9,1
401802551,NHL,2025-11-04 01:30:00+00:00,St. Louis Blues,Edmonton Oilers,0.475,0.525,0.475,0.525,0.9,0.9,1
401802552,NHL,2025-11-04 01:30:00+00:00,Nashville Predators,Vancouver Canucks,0.505,0.495,0.505,0.495,0.9,0.9,2
401802549,NHL,2025-11-03 01:00:00+00:00,San Jose Sharks,Detroit Red Wings,0.375,0.625,0.375,0.625,0.9,0.9,2
401802547,NHL,2025-11-03 00:00:00+00:00,Philadelphia Flyers,Calgary Flames,0.53,0.47,0.53,0.47,0.9,0.9,2
401802402,NHL,2025-10-14 23:00:00+00:00,New York Rangers,Edmonton Oilers,0.455,0.545,0.455,0.545,0.9,0.9,2
401802400,NHL,2025-10-14 23:00:00+00:00,Toronto Maple Leafs,Nashville Predators,0.615,0.385,0.615,0.385,0.9,0.9,1
401802403,NHL,2025-10-14 23:00:00+00:00,Washington Capitals,Tampa Bay Lightning,0.495,0.505,0.495,0.505,0.9,0.9,1
401802399,NHL,2025-10-14 00:30:00+00:00,Chicago Blackhawks,Utah Mammoth,0.405,0.595,0.405,0.595,0.9,0.9,1
401802395,NHL,2025-10-13 23:00:00+00:00,Philadelphia Flyers,Florida Panthers,0.425,0.575,0.425,0.575,0.9,0.9,1
401802398,NHL,2025-10-14 00:00:00+00:00,Minnesota Wild,Los Angeles Kings,0.475,0.525,0.475,0.525,0.9,0.9,1
401802397,NHL,2025-10-13 23:30:00+00:00,Vancouver Canucks,St. Louis Blues,0.53,0.47,0.53,0.47,0.9,0.9,2
401802393,NHL,2025-10-13 17:00:00+00:00,New York Islanders,Winnipeg Jets,0.495,0.505,0.495,0.505,0.9,0.9,2
401802394,NHL,2025-10-13 18:00:00+00:00,Toronto Maple Leafs,Detroit Red Wings,0.605,0.395,0.605,0.395,1.0,0.9,2
401802391,NHL,2025-10-13 17:00:00+00:00,Boston Bruins,Tampa Bay Lightning,0.405,0.595,0.405,0.595,0.9,0.9,2
401802396,NHL,2025-10-13 23:00:00+00:00,Columbus Blue Jackets,New Jersey Devils,0.475,0.525,0.475,0.525,0.9,0.9,2
401802392,NHL,2025-10-13 17:00:00+00:00,Ottawa Senators,Nashville Predators,0.615,0.385,0.615,0.385,0.9,0.9,2
401802390,NHL,2025-10-13 16:30:00+00:00,Buffalo Sabres,Colorado Avalanche,0.385,0.615,0.385,0.615,0.9,1.0,2
401802389,NHL,2025-10-12 23:00:00+00:00,New York Rangers,Washington Capitals,0.515,0.485,0.515,0.485,0.9,0.9,2
401802386,NHL,2025-10-12 02:00:00+00:00,Edmonton Oilers,Vancouver Canucks,0.615,0.385,0.615,0.385,0.9,0.9,1
401802387,NHL,2025-10-12 02:00:00+00:00,San Jose Sharks,Anaheim Ducks,0.455,0.545,0.455,0.545,0.9,0.9,2
401802388,NHL,2025-10-12 02:00:00+00:00,Seattle Kraken,Vegas Golden Knights,0.375,0.625,0.375,0.625,0.9,0.9,1
401802385,NHL,2025-10-12 01:00:00+00:00,Colorado Avalanche,Dallas Stars,0.575,0.425,0.575,0.425,0.9,0.9,2
401802383,NHL,2025-10-12 00:00:00+00:00,Nashville Predators,Utah Mammoth,0.46,0.54,0.46,0.54,0.9,0.9,2
401802384,NHL,2025-10-12 00:00:00+00:00,Minnesota Wild,Columbus Blue Jackets,0.595,0.405,0.595,0.405,0.9,0.9,2
401802375,NHL,2025-10-11 23:00:00+00:00,Boston Bruins,Buffalo Sabres,0.525,0.475,0.525,0.475,0.9,0.9,1
401802382,NHL,2025-10-11 23:00:00+00:00,Chicago Blackhawks,Montreal Canadiens,0.405,0.595,0.405,0.595,0.9,0.9,2
401802376,NHL,2025-10-11 23:00:00+00:00,Detroit Red Wings,Toronto Maple Leafs,0.425,0.575,0.425,0.575,0.9,0.9,1
401802381,NHL,2025-10-11 23:00:00+00:00,Carolina Hurricanes,Philadelphia Flyers,0.715,0.285,0.715,0.285,0.9,0.9,1
401802379,NHL,2025-10-11 23:00:00+00:00,New York Islanders,Washington Capitals,0.485,0.515,0.485,0.515,0.9,0.9,2
401802380,NHL,2025-10-11 23:00:00+00:00,Pittsburgh Penguins,New York Rangers,0.435,0.565,0.435,0.565,0.9,0.9,2
401802377,NHL,2025-10-11 23:00:00+00:00,Tampa Bay Lightning,New Jersey Devils,0.58,0.42,0.58,0.42,0.9,0.9,2
401802378,NHL,2025-10-11 23:00:00+00:00,Florida Panthers,Ottawa Senators,0.585,0.415,0.585,0.415,0.9,0.9,1
401802374,NHL,2025-10-11 20:00:00+00:00,Calgary Flames,St. Louis Blues,0.485,0.515,0.485,0.515,0.9,0.9,2
401802373,NHL,2025-10-11 17:30:00+00:00,Winnipeg Jets,Los Angeles Kings,0.545,0.455,0.545,0.455,0.9,0.9,1
401802371,NHL,2025-10-10 02:00:00+00:00,San Jose Sharks,Vegas Golden Knights,0.335,0.665,0.335,0.665,0.9,0.9,2
401802370,NHL,2025-10-10 02:00:00+00:00,Vancouver Canucks,Calgary Flames,0.635,0.365,0.635,0.365,0.9,0.9,1
401802369,NHL,2025-10-10 01:00:00+00:00,Colorado Avalanche,Utah Mammoth,0.625,0.375,0.625,0.375,0.9,0.9,1
401802372,NHL,2025-10-10 02:00:00+00:00,Seattle Kraken,Anaheim Ducks,0.555,0.445,0.555,0.445,0.9,0.9,1
401802366,NHL,2025-10-10 00:00:00+00:00,St. Louis Blues,Minnesota Wild,0.535,0.465,0.535,0.465,0.9,0.9,2
401802367,NHL,2025-10-10 00:00:00+00:00,Nashville Predators,Columbus Blue Jackets,0.525,0.475,0.525,0.475,0.9,0.9,1
401802368,NHL,2025-10-10 00:00:00+00:00,Winnipeg Jets,Dallas Stars,0.495,0.505,0.495,0.505,0.9,0.9,2
401802359,NHL,2025-10-09 23:00:00+00:00,Boston Bruins,Chicago Blackhawks,0.595,0.405,0.595,0.405,0.9,0.9,1
401802360,NHL,2025-10-09 23:00:00+00:00,Buffalo Sabres,New York Rangers,0.485,0.515,0.485,0.515,0.9,0.9,2
401802361,NHL,2025-10-09 23:00:00+00:00,Detroit Red Wings,Montreal Canadiens,0.565,0.435,0.565,0.435,0.9,0.9,2
401802365,NHL,2025-10-09 23:30:00+00:00,Carolina Hurricanes,New Jersey Devils,0.615,0.385,0.615,0.385,0.9,0.9,1
401802364,NHL,2025-10-09 23:00:00+00:00,Pittsburgh Penguins,New York Islanders,0.465,0.535,0.465,0.535,0.9,0.9,1
401802362,NHL,2025-10-09 23:00:00+00:00,Tampa Bay Lightning,Ottawa Senators,0.625,0.375,0.625,0.375,0.9,0.9,2
401802363,NHL,2025-10-09 23:00:00+00:00,Florida Panthers,Philadelphia Flyers,0.66,0.34,0.66,0.34,0.9,0.9,1
401790342,NHL,2025-10-02 23:00:00+00:00,New York Rangers,New Jersey Devils,0.445,0.555,0.445,0.555,1.0,0.9,2
401790339,NHL,2025-10-02 23:00:00+00:00,Toronto Maple Leafs,Detroit Red Wings,0.62,0.38,0.62,0.38,0.9,0.9,2
401790343,NHL,2025-10-02 23:00:00+00:00,Philadelphia Flyers,New York Islanders,0.715,0.285,0.715,0.285,0.9,0.9,2
401790338,NHL,2025-10-02 23:00:00+00:00,Washington Capitals,Boston Bruins,0.635,0.365,0.635,0.365,0.9,0.9,2
401802358,NHL,2025-10-09 02:00:00+00:00,Vegas Golden Knights,Los Angeles Kings,0.655,0.345,0.655,0.345,0.9,0.9,2
401802357,NHL,2025-10-09 02:00:00+00:00,Edmonton Oilers,Calgary Flames,0.675,0.325,0.675,0.325,0.9,0.9,2
401802356,NHL,2025-10-08 23:30:00+00:00,Washington Capitals,Boston Bruins,0.625,0.375,0.625,0.375,0.9,0.9,2
401802355,NHL,2025-10-08 23:00:00+00:00,Toronto Maple Leafs,Montreal Canadiens,0.605,0.395,0.605,0.395,0.9,0.9,1
401801799,NHL,2025-10-08 00:00:00+00:00,New York Rangers,Pittsburgh Penguins,0.675,0.325,0.675,0.325,0.9,0.9,2
401801800,NHL,2025-10-08 02:30:00+00:00,Los Angeles Kings,Colorado Avalanche,0.485,0.515,0.485,0.515,1.0,0.9,2
401801798,NHL,2025-10-07 21:00:00+00:00,Florida Panthers,Chicago Blackhawks,0.715,0.285,0.715,0.285,0.9,1.0,1
401800983,NHL,2025-10-04 23:00:00+00:00,Chicago Blackhawks,St. Louis Blues,0.37,0.63,0.37,0.63,0.9,0.9,2
401790352,NHL,2025-10-05 00:00:00+00:00,Utah Mammoth,San Jose Sharks,0.63,0.37,0.63,0.37,0.9,0.9,1
401790354,NHL,2025-10-04 23:00:00+00:00,Detroit Red Wings,Toronto Maple Leafs,0.655,0.345,0.655,0.345,0.9,0.9,1
401790349,NHL,2025-10-04 23:00:00+00:00,Washington Capitals,Columbus Blue Jackets,0.595,0.405,0.595,0.405,0.9,0.9,1
401790366,NHL,2025-10-04 23:00:00+00:00,Montreal Canadiens,Ottawa Senators,0.745,0.255,0.745,0.255,1.0,0.9,2
401790353,NHL,2025-10-04 23:00:00+00:00,Florida Panthers,Tampa Bay Lightning,0.59,0.41,0.59,0.41,1.0,0.9,1
401790346,NHL,2025-10-04 20:00:00+00:00,Los Angeles Kings,Anaheim Ducks,0.615,0.385,0.615,0.385,0.9,0.9,1
401790348,NHL,2025-10-04 22:00:00+00:00,Dallas Stars,Colorado Avalanche,0.68,0.32,0.68,0.32,0.9,0.9,1
401790347,NHL,2025-10-04 20:00:00+00:00,Nashville Predators,Carolina Hurricanes,0.4,0.6,0.4,0.6,0.9,1.0,1
401800982,NHL,2025-10-04 00:00:00+00:00,Chicago Blackhawks,Minnesota Wild,0.385,0.615,0.385,0.615,1.0,0.9,2
401790350,NHL,2025-10-04 16:30:00+00:00,Philadelphia Flyers,New Jersey Devils,0.685,0.315,0.685,0.315,0.9,0.9,1
401790351,NHL,2025-10-04 18:00:00+00:00,Boston Bruins,New York Rangers,0.295,0.705,0.295,0.705,0.9,0.9,1
401794803,NHL,2025-10-04 02:00:00+00:00,Vancouver Canucks,Edmonton Oilers,0.435,0.565,0.435,0.565,1.0,0.9,1
401794790,NHL,2025-10-04 01:00:00+00:00,Calgary Flames,Winnipeg Jets,0.435,0.565,0.435,0.565,1.0,1.0,2
401790345,NHL,2025-10-04 02:00:00+00:00,Vegas Golden Knights,San Jose Sharks,0.745,0.255,0.745,0.255,1.0,0.9,2
401790344,NHL,2025-10-03 23:00:00+00:00,Pittsburgh Penguins,Buffalo Sabres,0.51,0.49,0.51,0.49,0.9,1.0,1
401790341,NHL,2025-10-03 01:00:00+00:00,Utah Mammoth,Los Angeles Kings,0.5,0.5,0.5,0.5,0.9,1.0,1
401790375,NHL,2025-10-03 00:00:00+00:00,St. Louis Blues,Ottawa Senators,0.65,0.35,0.65,0.35,0.9,0.9,1
401790340,NHL,2025-10-02 23:00:00+00:00,Tampa Bay Lightning,Florida Panthers,0.7,0.3,0.7,0.3,0.9,0.9,1
401769075,CFB,2026-01-09 00:30:00+00:00,Ole Miss Rebels,Miami Hurricanes,0.385,0.615,0.385,0.615,0.8,0.8,2
401769074,CFB,2026-01-10 00:30:00+00:00,Indiana Hoosiers,Oregon Ducks,0.615,0.385,0.615,0.385,0.8,0.8,1
401831583,CFB,2026-01-03 01:00:00+00:00,SMU Mustangs,Arizona Wildcats,0.555,0.445,0.555,0.445,0.9,0.8,1
401778333,CFB,2026-01-02 21:30:00+00:00,Cincinnati Bearcats,Navy Midshipmen,0.285,0.715,0.285,0.715,0.9,0.9,2
401778334,CFB,2026-01-03 01:00:00+00:00,Mississippi State Bulldogs,Wake Forest Demon Deacons,0.575,0.425,0.575,0.425,0.8,0.8,2
401769070,CFB,2026-01-01 00:30:00+00:00,Ohio State Buckeyes,Miami Hurricanes,0.745,0.255,0.745,0.255,0.9,0.9,2
401778329,CFB,2025-12-31 19:00:00+00:00,Duke Blue Devils,Arizona State Sun Devils,0.625,0.375,0.625,0.375,0.9,0.9,1
401778328,CFB,2025-12-31 17:00:00+00:00,Vanderbilt Commodores,Iowa Hawkeyes,0.595,0.405,0.595,0.405,0.8,0.8,2
401778331,CFB,2025-12-31 20:30:00+00:00,Utah Utes,Nebraska Cornhuskers,0.815,0.185,0.815,0.185,0.8,0.8,1
401778325,CFB,2025-12-30 19:00:00+00:00,Louisiana Tech Bulldogs,Coastal Carolina Chanticleers,0.765,0.235,0.765,0.235,0.8,0.8,1
401769071,CFB,2026-01-01 17:00:00+00:00,Texas Tech Red Raiders,Oregon Ducks,0.525,0.475,0.525,0.475,0.8,0.8,2
401769073,CFB,2026-01-02 01:00:00+00:00,Georgia Bulldogs,Ole Miss Rebels,0.665,0.335,0.665,0.335,0.8,0.9,2
401769072,CFB,2026-01-01 21:00:00+00:00,Indiana Hoosiers,Alabama Crimson Tide,0.7,0.3,0.7,0.3,0.8,0.9,1
401778332,CFB,2026-01-02 18:00:00+00:00,Texas State Bobcats,Rice Owls,0.885,0.115,0.885,0.115,0.8,0.8,1
401778330,CFB,2025-12-31 20:00:00+00:00,Texas Longhorns,Michigan Wolverines,0.615,0.385,0.615,0.385,0.8,0.8,1
401778326,CFB,2025-12-30 22:30:00+00:00,Illinois Fighting Illini,Tennessee Volunteers,0.435,0.565,0.435,0.565,0.8,0.9,1
401778327,CFB,2025-12-31 02:00:00+00:00,TCU Horned Frogs,USC Trojans,0.355,0.645,0.355,0.645,0.8,0.9,1
401778319,CFB,2025-12-27 20:40:00+00:00,BYU Cougars,Georgia Tech Yellow Jackets,0.615,0.385,0.615,0.385,0.8,0.8,1
401778317,CFB,2025-12-27 17:00:00+00:00,Clemson Tigers,Penn State Nittany Lions,0.54,0.46,0.54,0.46,0.8,0.8,2
401778322,CFB,2025-12-28 00:30:00+00:00,Missouri Tigers,Virginia Cavaliers,0.625,0.375,0.625,0.375,0.8,0.8,2
401778321,CFB,2025-12-27 22:45:00+00:00,San Diego State Aztecs,North Texas Mean Green,0.295,0.705,0.295,0.705,0.9,0.9,2
401778313,CFB,2025-12-26 18:00:00+00:00,Northwestern Wildcats,Central Michigan Chippewas,0.815,0.185,0.815,0.185,0.9,0.8,1
401778320,CFB,2025-12-27 21:30:00+00:00,Fresno State Bulldogs,Miami (OH) RedHawks,0.645,0.355,0.645,0.355,0.8,0.8,1
401778310,CFB,2025-12-23 22:30:00+00:00,Southern Miss Golden Eagles,Western Kentucky Hilltoppers,0.555,0.445,0.555,0.445,0.8,0.9,2
401778316,CFB,2025-12-27 16:00:00+00:00,East Carolina Pirates,Pittsburgh Panthers,0.195,0.805,0.195,0.805,0.8,0.8,1
401778315,CFB,2025-12-27 01:00:00+00:00,UTSA Roadrunners,Florida International Panthers,0.695,0.305,0.695,0.305,0.8,0.8,1
401778323,CFB,2025-12-28 02:20:00+00:00,Houston Cougars,LSU Tigers,0.525,0.475,0.525,0.475,0.9,0.9,1
401778314,CFB,2025-12-26 21:30:00+00:00,Minnesota Golden Gophers,New Mexico Lobos,0.525,0.475,0.525,0.475,0.8,0.8,1
401778309,CFB,2025-12-23 19:00:00+00:00,Louisville Cardinals,Toledo Rockets,0.805,0.195,0.805,0.195,0.7,0.7,1
401778308,CFB,2025-12-22 19:00:00+00:00,Utah State Aggies,Washington State Cougars,0.505,0.495,0.505,0.495,0.7,0.7,2
401779843,CFB,2025-12-21 00:30:00+00:00,Oregon Ducks,James Madison Dukes,0.925,0.075,0.925,0.075,0.9,0.9,1
401838053,CFB,2025-12-19 02:00:00+00:00,Arkansas State Red Wolves,Missouri State Bears,0.535,0.465,0.535,0.465,0.9,0.8,1
401778304,CFB,2025-12-17 22:00:00+00:00,South Florida Bulls,Old Dominion Monarchs,0.625,0.375,0.625,0.375,0.9,0.9,2
401778303,CFB,2025-12-17 02:00:00+00:00,Jacksonville State Gamecocks,Troy Trojans,0.59,0.41,0.59,0.41,0.9,0.9,1
401779842,CFB,2025-12-20 20:30:00+00:00,Ole Miss Rebels,Tulane Green Wave,0.875,0.125,0.875,0.125,0.8,0.8,1
401779841,CFB,2025-12-20 17:00:00+00:00,Texas A&M Aggies,Miami Hurricanes,0.565,0.435,0.565,0.435,0.9,0.9,2
401778306,CFB,2025-12-19 16:00:00+00:00,Western Michigan Broncos,Kennesaw State Owls,0.605,0.395,0.605,0.395,0.6,0.6,1
401779840,CFB,2025-12-20 01:00:00+00:00,Oklahoma Sooners,Alabama Crimson Tide,0.555,0.445,0.555,0.445,0.7,0.8,2
401778302,CFB,2025-12-14 01:00:00+00:00,Washington Huskies,Boise State Broncos,0.76,0.24,0.76,0.24,0.9,0.8,1
401762521,CFB,2025-12-13 20:00:00+00:00,Navy Midshipmen,Army Black Knights,0.695,0.305,0.695,0.305,0.8,0.8,1
401777329,CFB,2025-12-06 17:00:00+00:00,Western Michigan Broncos,Miami (OH) RedHawks,0.555,0.445,0.555,0.445,0.9,0.9,1
401777328,CFB,2025-12-07 01:00:00+00:00,Virginia Cavaliers,Duke Blue Devils,0.625,0.375,0.625,0.375,0.9,0.9,2
401777351,CFB,2025-12-06 21:00:00+00:00,Alabama Crimson Tide,Georgia Bulldogs,0.475,0.525,0.475,0.525,0.9,0.9,2
401777327,CFB,2025-12-06 17:00:00+00:00,Texas Tech Red Raiders,BYU Cougars,0.825,0.175,0.825,0.175,0.9,0.9,1
401777353,CFB,2025-12-07 01:00:00+00:00,Ohio State Buckeyes,Indiana Hoosiers,0.625,0.375,0.625,0.375,0.7,0.7,2
401777352,CFB,2025-12-06 00:00:00+00:00,James Madison Dukes,Troy Trojans,0.945,0.055,0.945,0.055,0.8,0.8,1
401777325,CFB,2025-12-06 00:00:00+00:00,Jacksonville State Gamecocks,Kennesaw State Owls,0.415,0.585,0.415,0.585,0.9,0.9,2
401777324,CFB,2025-12-06 01:00:00+00:00,Tulane Green Wave,North Texas Mean Green,0.485,0.515,0.485,0.515,0.9,0.9,1
401762875,CFB,2025-11-29 17:00:00+00:00,Miami (OH) RedHawks,Ball State Cardinals,0.885,0.115,0.885,0.115,0.9,0.8,1
401762520,CFB,2025-11-30 00:00:00+00:00,South Florida Bulls,Rice Owls,0.9705,0.0295,0.9705,0.0295,0.9,0.9,1
401762517,CFB,2025-11-29 20:00:00+00:00,Tulsa Golden Hurricane,UAB Blazers,0.755,0.245,0.755,0.245,0.9,0.9,2
401761664,CFB,2025-11-29 19:00:00+00:00,Old Dominion Monarchs,Georgia State Panthers,0.977,0.023,0.977,0.023,0.9,0.8,1
401762518,CFB,2025-11-30 00:30:00+00:00,Tulane Green Wave,Charlotte 49ers,0.9825,0.0175,0.9825,0.0175,0.9,0.9,1
401761666,CFB,2025-11-29 20:30:00+00:00,Southern Miss Golden Eagles,Troy Trojans,0.695,0.305,0.695,0.305,0.8,0.9,2
401760425,CFB,2025-11-30 02:00:00+00:00,Nevada Wolf Pack,UNLV Rebels,0.265,0.735,0.265,0.735,0.9,0.9,2
401757310,CFB,2025-11-29 18:00:00+00:00,Delaware Blue Hens,UTEP Miners,0.645,0.355,0.645,0.355,0.8,0.9,1
401757312,CFB,2025-11-29 19:00:00+00:00,Jacksonville State Gamecocks,Western Kentucky Hilltoppers,0.49,0.51,0.49,0.51,0.9,0.9,1
401757313,CFB,2025-11-29 20:30:00+00:00,Liberty Flames,Kennesaw State Owls,0.43,0.57,0.43,0.57,0.9,0.9,2
401757315,CFB,2025-11-29 20:00:00+00:00,New Mexico State Aggies,Middle Tennessee Blue Raiders,0.595,0.405,0.595,0.405,0.8,0.8,2
401756967,CFB,2025-11-29 20:30:00+00:00,TCU Horned Frogs,Cincinnati Bearcats,0.59,0.41,0.59,0.41,0.9,0.9,1
401756968,CFB,2025-11-29 17:00:00+00:00,West Virginia Mountaineers,Texas Tech Red Raiders,0.065,0.935,0.065,0.935,0.9,0.8,2
401756965,CFB,2025-11-29 17:00:00+00:00,Kansas State Wildcats,Colorado Buffaloes,0.885,0.115,0.885,0.115,0.8,0.8,1
401752787,CFB,2025-11-29 17:00:00+00:00,Louisville Cardinals,Kentucky Wildcats,0.485,0.515,0.485,0.515,0.9,0.9,1
401756962,CFB,2025-11-29 17:00:00+00:00,Baylor Bears,Houston Cougars,0.545,0.455,0.545,0.455,0.9,0.9,2
401752783,CFB,2025-11-29 20:30:00+00:00,Arkansas Razorbacks,Missouri Tigers,0.355,0.645,0.355,0.645,0.9,0.9,2
401762872,CFB,2025-11-29 17:00:00+00:00,Central Michigan Chippewas,Toledo Rockets,0.22,0.78,0.22,0.78,0.9,0.9,2
401752917,CFB,2025-11-29 20:30:00+00:00,Washington Huskies,Oregon Ducks,0.305,0.695,0.305,0.695,0.9,0.8,2
401752791,CFB,2025-11-29 20:30:00+00:00,Tennessee Volunteers,Vanderbilt Commodores,0.525,0.475,0.525,0.475,0.9,0.9,2
401752790,CFB,2025-11-29 17:00:00+00:00,South Carolina Gamecocks,Clemson Tigers,0.555,0.445,0.555,0.445,0.9,0.9,2
401752922,CFB,2025-11-30 00:30:00+00:00,Illinois Fighting Illini,Northwestern Wildcats,0.705,0.295,0.705,0.295,0.9,0.9,1
401752946,CFB,2025-11-29 23:30:00+00:00,Washington State Cougars,Oregon State Beavers,0.84,0.16,0.84,0.16,0.8,0.8,1
401754613,CFB,2025-11-30 00:00:00+00:00,Virginia Cavaliers,Virginia Tech Hokies,0.755,0.245,0.755,0.245,0.9,0.9,1
401754609,CFB,2025-11-30 01:00:00+00:00,California Golden Bears,SMU Mustangs,0.165,0.835,0.165,0.835,0.9,0.9,1
401762441,CFB,2025-11-29 20:30:00+00:00,UTSA Roadrunners,Army Black Knights,0.735,0.265,0.735,0.265,0.9,0.9,2
401762519,CFB,2025-11-29 17:00:00+00:00,Florida Atlantic Owls,East Carolina Pirates,0.305,0.695,0.305,0.695,0.9,0.9,2
401761667,CFB,2025-11-29 20:00:00+00:00,Texas State Bobcats,South Alabama Jaguars,0.75,0.25,0.75,0.25,0.8,0.8,1
401761662,CFB,2025-11-29 20:45:00+00:00,Coastal Carolina Chanticleers,James Madison Dukes,0.045,0.955,0.045,0.955,0.8,0.9,2
401761665,CFB,2025-11-29 20:00:00+00:00,Louisiana Ragin' Cajuns,UL Monroe Warhawks,0.8,0.2,0.8,0.2,0.9,0.9,1
401754611,CFB,2025-11-29 17:00:00+00:00,Pittsburgh Panthers,Miami Hurricanes,0.325,0.675,0.325,0.675,0.9,0.9,2
401761663,CFB,2025-11-29 18:30:00+00:00,Marshall Thundering Herd,Georgia Southern Eagles,0.77,0.23,0.77,0.23,0.7,0.6,2
401752920,CFB,2025-11-29 20:30:00+00:00,Rutgers Scarlet Knights,Penn State Nittany Lions,0.175,0.825,0.175,0.825,0.9,0.9,2
401752784,CFB,2025-11-30 00:30:00+00:00,Auburn Tigers,Alabama Crimson Tide,0.29,0.71,0.29,0.71,0.9,0.9,2
401752918,CFB,2025-11-29 20:30:00+00:00,Minnesota Golden Gophers,Wisconsin Badgers,0.435,0.565,0.435,0.565,0.9,0.9,1
401754610,CFB,2025-11-29 20:30:00+00:00,Duke Blue Devils,Wake Forest Demon Deacons,0.545,0.455,0.545,0.455,0.9,0.8,1
401757314,CFB,2025-11-29 19:00:00+00:00,Missouri State Bears,Louisiana Tech Bulldogs,0.575,0.425,0.575,0.425,0.8,0.9,2
401757311,CFB,2025-11-29 18:00:00+00:00,Sam Houston Bearkats,Florida International Panthers,0.215,0.785,0.215,0.785,0.9,0.8,2
401752921,CFB,2025-11-29 17:00:00+00:00,Michigan Wolverines,Ohio State Buckeyes,0.22,0.78,0.22,0.78,0.9,0.8,2
401762870,CFB,2025-11-28 17:00:00+00:00,Buffalo Bulls,Ohio Bobcats,0.305,0.695,0.305,0.695,0.9,0.9,2
401762871,CFB,2025-11-28 17:00:00+00:00,Northern Illinois Huskies,Kent State Golden Flashes,0.645,0.355,0.645,0.355,0.9,0.8,2
401762442,CFB,2025-11-28 20:30:00+00:00,North Texas Mean Green,Temple Owls,0.92,0.08,0.92,0.08,0.9,0.8,1
401760421,CFB,2025-11-28 20:00:00+00:00,Colorado State Rams,Air Force Falcons,0.445,0.555,0.445,0.555,0.8,0.9,2
401760422,CFB,2025-11-28 21:00:00+00:00,Utah State Aggies,Boise State Broncos,0.47,0.53,0.47,0.53,0.9,0.8,2
401756963,CFB,2025-11-29 18:00:00+00:00,BYU Cougars,UCF Knights,0.895,0.105,0.895,0.105,0.9,0.9,1
401756966,CFB,2025-11-29 17:00:00+00:00,Oklahoma State Cowboys,Iowa State Cyclones,0.145,0.855,0.145,0.855,0.9,0.9,2
401752786,CFB,2025-11-28 20:30:00+00:00,Georgia Tech Yellow Jackets,Georgia Bulldogs,0.135,0.865,0.135,0.865,0.9,0.9,2
401752792,CFB,2025-11-29 00:30:00+00:00,Texas Longhorns,Texas A&M Aggies,0.435,0.565,0.435,0.565,0.8,0.9,1
401752785,CFB,2025-11-29 21:30:00+00:00,Florida Gators,Florida State Seminoles,0.485,0.515,0.485,0.515,0.9,0.9,1
401752788,CFB,2025-11-28 17:00:00+00:00,Mississippi State Bulldogs,Ole Miss Rebels,0.275,0.725,0.275,0.725,0.8,0.8,2
401752924,CFB,2025-11-29 00:30:00+00:00,Purdue Boilermakers,Indiana Hoosiers,0.029,0.971,0.029,0.971,0.8,0.9,2
401752916,CFB,2025-11-28 17:00:00+00:00,Nebraska Cornhuskers,Iowa Hawkeyes,0.335,0.665,0.335,0.665,0.9,0.9,2
401752919,CFB,2025-11-30 00:30:00+00:00,USC Trojans,UCLA Bruins,0.935,0.065,0.935,0.065,0.9,0.9,1
401754614,CFB,2025-11-30 03:30:00+00:00,Stanford Cardinal,Notre Dame Fighting Irish,0.023,0.977,0.023,0.977,0.9,0.9,2
401752789,CFB,2025-11-29 20:30:00+00:00,Oklahoma Sooners,LSU Tigers,0.805,0.195,0.805,0.195,0.8,0.9,1
401754608,CFB,2025-11-29 20:00:00+00:00,Syracuse Orange,Boston College Eagles,0.44,0.56,0.44,0.56,0.9,0.8,2
401754612,CFB,2025-11-30 00:30:00+00:00,NC State Wolfpack,North Carolina Tar Heels,0.715,0.285,0.715,0.285,0.9,0.9,1
401752923,CFB,2025-11-30 00:00:00+00:00,Michigan State Spartans,Maryland Terrapins,0.625,0.375,0.625,0.375,0.9,0.8,1
401760426,CFB,2025-11-28 20:30:00+00:00,New Mexico Lobos,San Diego State Aztecs,0.5,0.5,0.5,0.5,0.8,0.9,1
401756961,CFB,2025-11-29 02:00:00+00:00,Arizona State Sun Devils,Arizona Wildcats,0.475,0.525,0.475,0.525,0.9,0.9,2
401756964,CFB,2025-11-28 17:00:00+00:00,Kansas Jayhawks,Utah Utes,0.205,0.795,0.205,0.795,0.9,0.8,2
401762516,CFB,2025-11-28 00:30:00+00:00,Memphis Tigers,Navy Midshipmen,0.615,0.385,0.615,0.385,0.8,0.9,2
401762869,CFB,2025-11-26 00:30:00+00:00,Eastern Michigan Eagles,Western Michigan Broncos,0.225,0.775,0.225,0.775,0.9,0.8,2
401762867,CFB,2025-11-22 19:00:00+00:00,Toledo Rockets,Ball State Cardinals,0.966,0.034,0.966,0.034,0.9,0.9,1
401762511,CFB,2025-11-22 20:00:00+00:00,UAB Blazers,South Florida Bulls,0.075,0.925,0.075,0.925,0.9,0.9,2
401761660,CFB,2025-11-22 21:00:00+00:00,Troy Trojans,Georgia State Panthers,0.775,0.225,0.775,0.225,0.9,0.9,1
401760415,CFB,2025-11-23 00:00:00+00:00,Air Force Falcons,New Mexico Lobos,0.415,0.585,0.415,0.585,0.9,0.9,2
401754602,CFB,2025-11-22 17:00:00+00:00,SMU Mustangs,Louisville Cardinals,0.625,0.375,0.625,0.375,0.9,0.9,1
401752780,CFB,2025-11-22 20:30:00+00:00,Texas Longhorns,Arkansas Razorbacks,0.765,0.235,0.765,0.235,0.9,0.9,1
401752911,CFB,2025-11-22 20:30:00+00:00,Oregon Ducks,USC Trojans,0.775,0.225,0.775,0.225,0.9,0.9,1
401752910,CFB,2025-11-23 03:30:00+00:00,UCLA Bruins,Washington Huskies,0.205,0.795,0.205,0.795,0.9,0.9,2
401752781,CFB,2025-11-22 17:00:00+00:00,Texas A&M Aggies,Samford Bulldogs,0.9985,0.0015,0.9985,0.0015,0.9,0.9,1
401752773,CFB,2025-11-22 19:00:00+00:00,Alabama Crimson Tide,Eastern Illinois Panthers,0.9975,0.0025,0.9975,0.0025,0.9,0.9,1
401754599,CFB,2025-11-23 00:30:00+00:00,Stanford Cardinal,California Golden Bears,0.36,0.64,0.36,0.64,0.8,0.9,1
401752782,CFB,2025-11-22 20:30:00+00:00,Vanderbilt Commodores,Kentucky Wildcats,0.715,0.285,0.715,0.285,0.9,0.9,1
401752913,CFB,2025-11-22 20:30:00+00:00,Iowa Hawkeyes,Michigan State Spartans,0.885,0.115,0.885,0.115,0.9,0.9,1
401754605,CFB,2025-11-22 21:30:00+00:00,Clemson Tigers,Furman Paladins,0.982,0.018,0.982,0.018,0.8,0.9,1
401752908,CFB,2025-11-23 00:00:00+00:00,Penn State Nittany Lions,Nebraska Cornhuskers,0.71,0.29,0.71,0.29,0.9,0.9,1
401752778,CFB,2025-11-22 17:00:00+00:00,Oklahoma Sooners,Missouri Tigers,0.675,0.325,0.675,0.325,0.9,0.8,1
401752774,CFB,2025-11-22 19:00:00+00:00,Auburn Tigers,Mercer Bears,0.945,0.055,0.945,0.055,0.9,0.9,1
401752912,CFB,2025-11-22 17:00:00+00:00,Ohio State Buckeyes,Rutgers Scarlet Knights,0.9765,0.0235,0.9765,0.0235,0.9,0.8,1
401754606,CFB,2025-11-22 17:00:00+00:00,Wake Forest Demon Deacons,Delaware Blue Hens,0.895,0.105,0.895,0.105,0.9,0.9,1
401752914,CFB,2025-11-22 21:00:00+00:00,Maryland Terrapins,Michigan Wolverines,0.17,0.83,0.17,0.83,0.9,0.9,2
401754598,CFB,2025-11-22 01:00:00+00:00,NC State Wolfpack,Florida State Seminoles,0.305,0.695,0.305,0.695,0.9,0.9,1
401762865,CFB,2025-11-20 00:00:00+00:00,Buffalo Bulls,Miami (OH) RedHawks,0.455,0.545,0.455,0.545,0.9,0.9,2
401761655,CFB,2025-11-21 00:30:00+00:00,Arkansas State Red Wolves,Louisiana Ragin' Cajuns,0.565,0.435,0.565,0.435,0.9,0.9,2
401762866,CFB,2025-11-20 00:00:00+00:00,Kent State Golden Flashes,Central Michigan Chippewas,0.265,0.735,0.265,0.735,0.9,0.9,2
401762862,CFB,2025-11-19 00:00:00+00:00,Bowling Green Falcons,Akron Zips,0.535,0.465,0.535,0.465,0.9,0.9,2
401762864,CFB,2025-11-19 00:00:00+00:00,Northern Illinois Huskies,Western Michigan Broncos,0.275,0.725,0.275,0.725,0.9,0.9,2
401752909,CFB,2025-11-22 17:00:00+00:00,Northwestern Wildcats,Minnesota Golden Gophers,0.63,0.37,0.63,0.37,0.9,0.9,1
401762512,CFB,2025-11-22 17:00:00+00:00,Army Black Knights,Tulsa Golden Hurricane,0.765,0.235,0.765,0.235,0.9,0.9,2
401762513,CFB,2025-11-22 20:30:00+00:00,UTSA Roadrunners,East Carolina Pirates,0.475,0.525,0.475,0.525,0.9,0.8,1
401762514,CFB,2025-11-23 00:30:00+00:00,Rice Owls,North Texas Mean Green,0.095,0.905,0.095,0.905,0.9,0.9,2
401762515,CFB,2025-11-22 20:45:00+00:00,Temple Owls,Tulane Green Wave,0.295,0.705,0.295,0.705,0.9,0.9,2
401761658,CFB,2025-11-22 20:30:00+00:00,South Alabama Jaguars,Southern Miss Golden Eagles,0.435,0.565,0.435,0.565,0.8,0.9,1
401752779,CFB,2025-11-22 21:15:00+00:00,South Carolina Gamecocks,Coastal Carolina Chanticleers,0.945,0.055,0.945,0.055,0.9,0.9,1
401761659,CFB,2025-11-22 22:00:00+00:00,Texas State Bobcats,UL Monroe Warhawks,0.92,0.08,0.92,0.08,0.9,0.9,1
401761657,CFB,2025-11-22 18:00:00+00:00,Georgia Southern Eagles,Old Dominion Monarchs,0.235,0.765,0.235,0.765,0.9,0.9,2
401760416,CFB,2025-11-23 00:00:00+00:00,Boise State Broncos,Colorado State Rams,0.89,0.11,0.89,0.11,0.9,0.9,1
401760417,CFB,2025-11-23 03:30:00+00:00,Fresno State Bulldogs,Utah State Aggies,0.545,0.455,0.545,0.455,0.9,0.9,2
401760419,CFB,2025-11-22 19:00:00+00:00,Wyoming Cowboys,Nevada Wolf Pack,0.68,0.32,0.68,0.32,0.9,0.9,2
401752954,CFB,2025-11-22 18:00:00+00:00,James Madison Dukes,Washington State Cougars,0.86,0.14,0.86,0.14,0.9,0.9,1
401757306,CFB,2025-11-22 19:00:00+00:00,Kennesaw State Owls,Missouri State Bears,0.665,0.335,0.665,0.335,0.9,0.9,1
401757309,CFB,2025-11-22 20:00:00+00:00,UTEP Miners,New Mexico State Aggies,0.635,0.365,0.635,0.365,0.9,0.9,2
401757308,CFB,2025-11-22 20:00:00+00:00,Middle Tennessee Blue Raiders,Sam Houston Bearkats,0.69,0.31,0.69,0.31,0.9,0.9,1
401757175,CFB,2025-11-22 20:00:00+00:00,Florida Atlantic Owls,UConn Huskies,0.33,0.67,0.33,0.67,0.9,0.9,2
401757305,CFB,2025-11-22 20:30:00+00:00,Florida International Panthers,Jacksonville State Gamecocks,0.535,0.465,0.535,0.465,0.9,0.9,1
401756958,CFB,2025-11-22 17:00:00+00:00,Iowa State Cyclones,Kansas Jayhawks,0.6,0.4,0.6,0.4,0.9,0.9,1
401754600,CFB,2025-11-22 20:30:00+00:00,North Carolina Tar Heels,Duke Blue Devils,0.305,0.695,0.305,0.695,0.9,0.9,2
401756956,CFB,2025-11-23 01:00:00+00:00,Colorado Buffaloes,Arizona State Sun Devils,0.29,0.71,0.29,0.71,0.9,0.9,2
401756957,CFB,2025-11-22 21:00:00+00:00,Houston Cougars,TCU Horned Frogs,0.465,0.535,0.465,0.535,0.9,0.9,2
401756960,CFB,2025-11-22 21:00:00+00:00,Utah Utes,Kansas State Wildcats,0.885,0.115,0.885,0.115,0.9,0.9,1
401756955,CFB,2025-11-23 01:00:00+00:00,Cincinnati Bearcats,BYU Cougars,0.425,0.575,0.425,0.575,0.9,0.9,2
401756959,CFB,2025-11-22 21:00:00+00:00,UCF Knights,Oklahoma State Cowboys,0.825,0.175,0.825,0.175,0.8,0.9,1
401756954,CFB,2025-11-22 18:00:00+00:00,Arizona Wildcats,Baylor Bears,0.685,0.315,0.685,0.315,0.9,0.9,1
401752777,CFB,2025-11-23 00:45:00+00:00,LSU Tigers,Western Kentucky Hilltoppers,0.945,0.055,0.945,0.055,0.9,0.9,1
401754604,CFB,2025-11-22 20:30:00+00:00,Notre Dame Fighting Irish,Syracuse Orange,0.984,0.016,0.984,0.016,0.9,0.9,1
401754601,CFB,2025-11-23 00:00:00+00:00,Georgia Tech Yellow Jackets,Pittsburgh Panthers,0.56,0.44,0.56,0.44,0.9,0.9,2
401752776,CFB,2025-11-22 17:45:00+00:00,Georgia Bulldogs,Charlotte 49ers,0.996,0.004,0.996,0.004,0.6,0.6,1
401752775,CFB,2025-11-23 00:30:00+00:00,Florida Gators,Tennessee Volunteers,0.385,0.615,0.385,0.615,0.9,0.9,2
401752915,CFB,2025-11-23 00:30:00+00:00,Wisconsin Badgers,Illinois Fighting Illini,0.245,0.755,0.245,0.755,0.9,0.8,1
401754603,CFB,2025-11-22 17:00:00+00:00,Virginia Tech Hokies,Miami Hurricanes,0.115,0.885,0.115,0.885,0.9,0.9,2
401757307,CFB,2025-11-22 20:00:00+00:00,Louisiana Tech Bulldogs,Liberty Flames,0.48,0.52,0.48,0.52,0.9,0.9,1
401762861,CFB,2025-11-15 17:00:00+00:00,Ball State Cardinals,Eastern Michigan Eagles,0.435,0.565,0.435,0.565,0.9,0.8,2
401761654,CFB,2025-11-15 20:30:00+00:00,Southern Miss Golden Eagles,Texas State Bobcats,0.605,0.395,0.605,0.395,0.9,0.9,2
401761651,CFB,2025-11-15 19:00:00+00:00,Georgia State Panthers,Marshall Thundering Herd,0.255,0.745,0.255,0.745,0.9,0.9,2
401756953,CFB,2025-11-15 20:30:00+00:00,Texas Tech Red Raiders,UCF Knights,0.945,0.055,0.945,0.055,0.9,0.9,1
401756951,CFB,2025-11-15 17:00:00+00:00,Cincinnati Bearcats,Arizona Wildcats,0.655,0.345,0.655,0.345,0.9,0.9,2
401762506,CFB,2025-11-15 19:00:00+00:00,UAB Blazers,North Texas Mean Green,0.12,0.88,0.12,0.88,0.9,0.9,2
401762509,CFB,2025-11-15 21:00:00+00:00,Tulane Green Wave,Florida Atlantic Owls,0.875,0.125,0.875,0.125,0.8,0.9,1
401762507,CFB,2025-11-15 17:00:00+00:00,Charlotte 49ers,UTSA Roadrunners,0.115,0.885,0.115,0.885,0.9,0.9,2
401762510,CFB,2025-11-15 17:00:00+00:00,Navy Midshipmen,South Florida Bulls,0.245,0.755,0.245,0.755,0.9,0.9,1
401762508,CFB,2025-11-15 21:00:00+00:00,East Carolina Pirates,Memphis Tigers,0.575,0.425,0.575,0.425,0.9,0.9,1
401761650,CFB,2025-11-15 23:00:00+00:00,Georgia Southern Eagles,Coastal Carolina Chanticleers,0.605,0.395,0.605,0.395,0.9,0.9,1
401761653,CFB,2025-11-15 20:30:00+00:00,UL Monroe Warhawks,South Alabama Jaguars,0.375,0.625,0.375,0.625,0.9,0.9,2
401760412,CFB,2025-11-16 03:30:00+00:00,Fresno State Bulldogs,Wyoming Cowboys,0.61,0.39,0.61,0.39,0.9,0.9,1
401760414,CFB,2025-11-16 00:00:00+00:00,UNLV Rebels,Utah State Aggies,0.655,0.345,0.655,0.345,0.9,0.9,1
401760410,CFB,2025-11-16 03:30:00+00:00,San Diego State Aztecs,Boise State Broncos,0.535,0.465,0.535,0.465,0.9,0.9,1
401757303,CFB,2025-11-15 20:30:00+00:00,Western Kentucky Hilltoppers,Middle Tennessee Blue Raiders,0.825,0.175,0.825,0.175,0.9,0.9,1
401757302,CFB,2025-11-16 01:00:00+00:00,Jacksonville State Gamecocks,Kennesaw State Owls,0.395,0.605,0.395,0.605,0.9,0.8,1
401757300,CFB,2025-11-16 00:00:00+00:00,Sam Houston Bearkats,Delaware Blue Hens,0.205,0.795,0.205,0.795,0.9,0.9,1
401757304,CFB,2025-11-15 20:00:00+00:00,Missouri State Bears,UTEP Miners,0.685,0.315,0.685,0.315,0.9,0.9,1
401757301,CFB,2025-11-15 22:00:00+00:00,Florida International Panthers,Liberty Flames,0.455,0.545,0.455,0.545,0.7,0.7,1
401760411,CFB,2025-11-15 20:00:00+00:00,New Mexico Lobos,Colorado State Rams,0.855,0.145,0.855,0.145,0.9,0.8,1
401757174,CFB,2025-11-15 17:00:00+00:00,UConn Huskies,Air Force Falcons,0.735,0.265,0.735,0.265,0.9,0.9,1
401756949,CFB,2025-11-16 00:00:00+00:00,Baylor Bears,Utah Utes,0.235,0.765,0.235,0.765,0.9,0.9,2
401752767,CFB,2025-11-15 18:30:00+00:00,Kentucky Wildcats,Tennessee Tech Golden Eagles,0.935,0.065,0.935,0.065,0.9,0.9,1
401756950,CFB,2025-11-16 03:15:00+00:00,BYU Cougars,TCU Horned Frogs,0.59,0.41,0.59,0.41,0.9,0.9,1
401756948,CFB,2025-11-15 18:00:00+00:00,Arizona State Sun Devils,West Virginia Mountaineers,0.785,0.215,0.785,0.215,0.9,0.9,1
401756952,CFB,2025-11-15 17:00:00+00:00,Oklahoma State Cowboys,Kansas State Wildcats,0.085,0.915,0.085,0.915,0.9,0.9,2
401761649,CFB,2025-11-14 00:30:00+00:00,Old Dominion Monarchs,Troy Trojans,0.765,0.235,0.765,0.235,0.9,0.9,1
401752768,CFB,2025-11-15 17:45:00+00:00,LSU Tigers,Arkansas Razorbacks,0.645,0.355,0.645,0.355,0.8,0.9,1
401762857,CFB,2025-11-12 01:00:00+00:00,Western Michigan Broncos,Ohio Bobcats,0.505,0.495,0.505,0.495,0.9,0.9,1
401752901,CFB,2025-11-15 17:00:00+00:00,Indiana Hoosiers,Wisconsin Badgers,0.9805,0.0195,0.9805,0.0195,0.9,0.9,1
401752766,CFB,2025-11-16 00:30:00+00:00,Georgia Bulldogs,Texas Longhorns,0.605,0.395,0.605,0.395,0.9,0.9,1
401752905,CFB,2025-11-15 17:00:00+00:00,Northwestern Wildcats,Michigan Wolverines,0.195,0.805,0.195,0.805,0.9,0.9,2
401754594,CFB,2025-11-16 00:30:00+00:00,Florida State Seminoles,Virginia Tech Hokies,0.835,0.165,0.835,0.165,0.9,0.9,1
401752906,CFB,2025-11-15 20:30:00+00:00,Illinois Fighting Illini,Maryland Terrapins,0.865,0.135,0.865,0.135,0.9,0.9,1
401752907,CFB,2025-11-15 20:30:00+00:00,USC Trojans,Iowa Hawkeyes,0.685,0.315,0.685,0.315,0.8,0.9,1
401752902,CFB,2025-11-16 00:00:00+00:00,Washington Huskies,Purdue Boilermakers,0.855,0.145,0.855,0.145,0.9,0.9,1
401752953,CFB,2025-11-16 03:00:00+00:00,Washington State Cougars,Louisiana Tech Bulldogs,0.765,0.235,0.765,0.235,0.9,0.9,1
401752771,CFB,2025-11-15 21:15:00+00:00,Tennessee Volunteers,New Mexico State Aggies,0.9905,0.0095,0.9905,0.0095,0.8,0.8,1
401752772,CFB,2025-11-15 17:00:00+00:00,Texas A&M Aggies,South Carolina Gamecocks,0.895,0.105,0.895,0.105,0.9,0.9,1
401754597,CFB,2025-11-15 17:00:00+00:00,Pittsburgh Panthers,Notre Dame Fighting Irish,0.195,0.805,0.195,0.805,0.9,0.9,2
401752900,CFB,2025-11-16 00:30:00+00:00,Ohio State Buckeyes,UCLA Bruins,0.987,0.013,0.987,0.013,0.9,0.9,1
401754595,CFB,2025-11-15 20:40:00+00:00,Miami Hurricanes,NC State Wolfpack,0.845,0.155,0.845,0.155,0.9,0.9,1
401752945,CFB,2025-11-15 18:00:00+00:00,Tulsa Golden Hurricane,Oregon State Beavers,0.495,0.505,0.495,0.505,0.9,0.9,1
401754596,CFB,2025-11-15 21:30:00+00:00,Wake Forest Demon Deacons,North Carolina Tar Heels,0.605,0.395,0.605,0.395,0.8,0.9,1
401754593,CFB,2025-11-15 20:35:00+00:00,Duke Blue Devils,Virginia Cavaliers,0.655,0.345,0.655,0.345,0.9,0.9,2
401752765,CFB,2025-11-15 20:30:00+00:00,Alabama Crimson Tide,Oklahoma Sooners,0.68,0.32,0.68,0.32,0.9,0.9,2
401752769,CFB,2025-11-16 00:00:00+00:00,Ole Miss Rebels,Florida Gators,0.805,0.195,0.805,0.195,0.9,0.8,1
401752770,CFB,2025-11-16 00:45:00+00:00,Missouri Tigers,Mississippi State Bulldogs,0.71,0.29,0.71,0.29,0.9,0.9,1
401752903,CFB,2025-11-15 20:30:00+00:00,Michigan State Spartans,Penn State Nittany Lions,0.285,0.715,0.285,0.715,0.9,0.9,2
401754592,CFB,2025-11-15 20:30:00+00:00,Boston College Eagles,Georgia Tech Yellow Jackets,0.125,0.875,0.125,0.875,0.9,0.9,2
401752904,CFB,2025-11-15 02:00:00+00:00,Oregon Ducks,Minnesota Golden Gophers,0.955,0.045,0.955,0.045,0.7,0.7,1
401754591,CFB,2025-11-15 00:30:00+00:00,Louisville Cardinals,Clemson Tigers,0.545,0.455,0.545,0.455,0.9,0.9,2
401762858,CFB,2025-11-13 00:00:00+00:00,Central Michigan Chippewas,Buffalo Bulls,0.555,0.445,0.555,0.445,0.9,0.9,1
401762860,CFB,2025-11-13 00:00:00+00:00,Miami (OH) RedHawks,Toledo Rockets,0.345,0.655,0.345,0.655,0.9,0.9,2
401762856,CFB,2025-11-12 00:30:00+00:00,Akron Zips,Kent State Golden Flashes,0.705,0.295,0.705,0.295,0.9,0.9,2
401762855,CFB,2025-11-08 18:00:00+00:00,Eastern Michigan Eagles,Bowling Green Falcons,0.565,0.435,0.565,0.435,0.9,0.9,1
401762503,CFB,2025-11-08 17:00:00+00:00,Army Black Knights,Temple Owls,0.715,0.285,0.715,0.285,0.9,0.9,1
401762502,CFB,2025-11-08 19:00:00+00:00,Rice Owls,UAB Blazers,0.535,0.465,0.535,0.465,0.9,0.9,1
401762505,CFB,2025-11-08 20:00:00+00:00,Florida Atlantic Owls,Tulsa Golden Hurricane,0.635,0.365,0.635,0.365,0.9,0.9,1
401752893,CFB,2025-11-08 17:00:00+00:00,Penn State Nittany Lions,Indiana Hoosiers,0.155,0.845,0.155,0.845,0.9,0.9,2
401762504,CFB,2025-11-08 20:00:00+00:00,East Carolina Pirates,Charlotte 49ers,0.951,0.049,0.951,0.049,0.9,0.9,1
401761648,CFB,2025-11-08 22:00:00+00:00,Louisiana Ragin' Cajuns,Texas State Bobcats,0.375,0.625,0.375,0.625,0.9,0.9,1
401761647,CFB,2025-11-08 17:00:00+00:00,Arkansas State Red Wolves,Southern Miss Golden Eagles,0.32,0.68,0.32,0.68,0.9,0.9,2
401761646,CFB,2025-11-08 17:00:00+00:00,Marshall Thundering Herd,James Madison Dukes,0.155,0.845,0.155,0.845,0.9,0.9,2
401760407,CFB,2025-11-09 02:30:00+00:00,Colorado State Rams,UNLV Rebels,0.335,0.665,0.335,0.665,0.9,0.9,2
401761645,CFB,2025-11-08 21:00:00+00:00,Coastal Carolina Chanticleers,Georgia State Panthers,0.72,0.28,0.72,0.28,0.9,0.9,1
401760409,CFB,2025-11-09 00:30:00+00:00,Utah State Aggies,Nevada Wolf Pack,0.765,0.235,0.765,0.235,0.9,0.9,1
401757297,CFB,2025-11-08 20:00:00+00:00,UTEP Miners,Jacksonville State Gamecocks,0.495,0.505,0.495,0.505,0.9,0.9,2
401757295,CFB,2025-11-08 20:00:00+00:00,Delaware Blue Hens,Louisiana Tech Bulldogs,0.335,0.665,0.335,0.665,0.9,0.9,1
401757296,CFB,2025-11-08 20:00:00+00:00,Middle Tennessee Blue Raiders,Florida International Panthers,0.525,0.475,0.525,0.475,0.9,0.9,2
401762853,CFB,2025-11-06 00:00:00+00:00,Ball State Cardinals,Kent State Golden Flashes,0.595,0.405,0.595,0.405,0.9,0.9,1
401757299,CFB,2025-11-08 18:00:00+00:00,Liberty Flames,Missouri State Bears,0.725,0.275,0.725,0.275,0.9,0.9,2
401757166,CFB,2025-11-09 00:30:00+00:00,Notre Dame Fighting Irish,Navy Midshipmen,0.9765,0.0235,0.9765,0.0235,0.9,0.9,1
401756947,CFB,2025-11-08 17:00:00+00:00,West Virginia Mountaineers,Colorado Buffaloes,0.685,0.315,0.685,0.315,0.9,0.9,1
401757298,CFB,2025-11-08 21:00:00+00:00,New Mexico State Aggies,Kennesaw State Owls,0.235,0.765,0.235,0.765,0.9,0.9,2
401756944,CFB,2025-11-08 20:30:00+00:00,TCU Horned Frogs,Iowa State Cyclones,0.73,0.27,0.73,0.27,0.9,0.9,2
401756945,CFB,2025-11-08 17:00:00+00:00,Texas Tech Red Raiders,BYU Cougars,0.785,0.215,0.785,0.215,0.9,0.9,1
401756943,CFB,2025-11-08 20:30:00+00:00,Arizona Wildcats,Kansas Jayhawks,0.66,0.34,0.66,0.34,0.9,0.9,1
401752762,CFB,2025-11-08 17:00:00+00:00,Mississippi State Bulldogs,Georgia Bulldogs,0.235,0.765,0.235,0.765,0.9,0.9,2
401752760,CFB,2025-11-09 00:30:00+00:00,Kentucky Wildcats,Florida Gators,0.34,0.66,0.34,0.66,0.9,0.9,1
401754585,CFB,2025-11-09 00:00:00+00:00,Louisville Cardinals,California Golden Bears,0.89,0.11,0.89,0.11,0.9,0.9,2
401754590,CFB,2025-11-08 20:30:00+00:00,UConn Huskies,Duke Blue Devils,0.26,0.74,0.26,0.74,0.9,0.9,1
401752759,CFB,2025-11-09 00:30:00+00:00,Alabama Crimson Tide,LSU Tigers,0.78,0.22,0.78,0.22,0.9,0.9,1
401752895,CFB,2025-11-09 02:00:00+00:00,UCLA Bruins,Nebraska Cornhuskers,0.525,0.475,0.525,0.475,0.9,0.9,2
401752899,CFB,2025-11-08 21:30:00+00:00,Wisconsin Badgers,Washington Huskies,0.205,0.795,0.205,0.795,0.9,0.9,1
401754589,CFB,2025-11-09 00:00:00+00:00,Virginia Cavaliers,Wake Forest Demon Deacons,0.705,0.295,0.705,0.295,0.9,0.9,2
401752897,CFB,2025-11-08 18:00:00+00:00,Purdue Boilermakers,Ohio State Buckeyes,0.0175,0.9825,0.0175,0.9825,0.9,0.9,2
401752898,CFB,2025-11-08 20:30:00+00:00,Iowa Hawkeyes,Oregon Ducks,0.345,0.655,0.345,0.655,0.9,0.9,2
401752894,CFB,2025-11-08 19:30:00+00:00,Rutgers Scarlet Knights,Maryland Terrapins,0.545,0.455,0.545,0.455,0.9,0.9,1
401754587,CFB,2025-11-08 20:30:00+00:00,Miami Hurricanes,Syracuse Orange,0.9555,0.0445,0.9555,0.0445,0.9,0.9,1
401754586,CFB,2025-11-09 00:00:00+00:00,Clemson Tigers,Florida State Seminoles,0.515,0.485,0.515,0.485,0.9,0.9,1
401754588,CFB,2025-11-08 21:30:00+00:00,North Carolina Tar Heels,Stanford Cardinal,0.735,0.265,0.735,0.265,0.9,0.9,1
401752944,CFB,2025-11-09 03:00:00+00:00,Oregon State Beavers,Sam Houston Bearkats,0.925,0.075,0.925,0.075,0.9,0.9,2
401752761,CFB,2025-11-08 18:00:00+00:00,Ole Miss Rebels,The Citadel Bulldogs,0.9975,0.0025,0.9975,0.0025,0.9,0.9,1
401752764,CFB,2025-11-08 21:00:00+00:00,Vanderbilt Commodores,Auburn Tigers,0.685,0.315,0.685,0.315,0.9,0.9,1
401752763,CFB,2025-11-08 20:30:00+00:00,Missouri Tigers,Texas A&M Aggies,0.295,0.705,0.295,0.705,0.9,0.9,2
401762501,CFB,2025-11-08 02:10:00+00:00,Memphis Tigers,Tulane Green Wave,0.605,0.395,0.605,0.395,0.9,0.9,2
401752896,CFB,2025-11-08 02:00:00+00:00,USC Trojans,Northwestern Wildcats,0.855,0.145,0.855,0.145,0.9,0.9,1
401754584,CFB,2025-11-08 17:00:00+00:00,Boston College Eagles,SMU Mustangs,0.195,0.805,0.195,0.805,0.9,0.9,2
401762854,CFB,2025-11-06 00:00:00+00:00,Toledo Rockets,Northern Illinois Huskies,0.855,0.145,0.855,0.145,0.9,0.9,1
401756946,CFB,2025-11-08 01:15:00+00:00,UCF Knights,Houston Cougars,0.525,0.475,0.525,0.475,0.9,0.9,2
401762500,CFB,2025-11-07 00:30:00+00:00,South Florida Bulls,UTSA Roadrunners,0.835,0.165,0.835,0.165,0.9,0.9,1
401762852,CFB,2025-11-05 00:00:00+00:00,Ohio Bobcats,Miami (OH) RedHawks,0.585,0.415,0.585,0.415,0.9,0.9,1
401761639,CFB,2025-10-29 00:00:00+00:00,Texas State Bobcats,James Madison Dukes,0.275,0.725,0.275,0.725,0.9,0.9,2
401762849,CFB,2025-11-01 16:00:00+00:00,Bowling Green Falcons,Buffalo Bulls,0.545,0.455,0.545,0.455,0.9,0.9,2
401762499,CFB,2025-11-01 16:00:00+00:00,North Texas Mean Green,Navy Midshipmen,0.685,0.315,0.685,0.315,0.9,0.9,1
401762498,CFB,2025-11-01 18:00:00+00:00,Temple Owls,East Carolina Pirates,0.335,0.665,0.335,0.665,0.9,0.9,2
401761642,CFB,2025-11-01 19:30:00+00:00,South Alabama Jaguars,Louisiana Ragin' Cajuns,0.625,0.375,0.625,0.375,0.9,0.9,2
401761641,CFB,2025-11-01 19:30:00+00:00,UL Monroe Warhawks,Old Dominion Monarchs,0.135,0.865,0.135,0.865,0.9,0.9,2
401761643,CFB,2025-11-02 00:00:00+00:00,Troy Trojans,Arkansas State Red Wolves,0.74,0.26,0.74,0.26,0.9,0.9,2
401760405,CFB,2025-11-01 23:00:00+00:00,San Diego State Aztecs,Wyoming Cowboys,0.77,0.23,0.77,0.23,0.9,0.9,1
401757173,CFB,2025-11-01 16:00:00+00:00,UConn Huskies,UAB Blazers,0.805,0.195,0.805,0.195,0.9,0.9,1
401756939,CFB,2025-11-01 17:00:00+00:00,Iowa State Cyclones,Arizona State Sun Devils,0.705,0.295,0.705,0.295,0.9,0.9,2
401756937,CFB,2025-11-01 23:00:00+00:00,Colorado Buffaloes,Arizona Wildcats,0.38,0.62,0.38,0.62,0.9,0.9,2
401756942,CFB,2025-11-02 02:15:00+00:00,Utah Utes,Cincinnati Bearcats,0.785,0.215,0.785,0.215,0.9,0.9,1
401756936,CFB,2025-11-01 16:00:00+00:00,Baylor Bears,UCF Knights,0.585,0.415,0.585,0.415,0.9,0.9,1
401756941,CFB,2025-11-01 19:30:00+00:00,Kansas State Wildcats,Texas Tech Red Raiders,0.275,0.725,0.275,0.725,0.9,0.9,2
401756938,CFB,2025-11-01 16:00:00+00:00,Houston Cougars,West Virginia Mountaineers,0.845,0.155,0.845,0.155,0.9,0.9,2
401752753,CFB,2025-11-01 20:00:00+00:00,Arkansas Razorbacks,Mississippi State Bulldogs,0.65,0.35,0.65,0.35,0.9,0.9,2
401756940,CFB,2025-11-01 20:00:00+00:00,Kansas Jayhawks,Oklahoma State Cowboys,0.945,0.055,0.945,0.055,0.9,0.9,1
401752755,CFB,2025-11-01 19:30:00+00:00,Florida Gators,Georgia Bulldogs,0.275,0.725,0.275,0.725,0.9,0.9,2
401752757,CFB,2025-11-01 23:30:00+00:00,Tennessee Volunteers,Oklahoma Sooners,0.595,0.405,0.595,0.405,0.9,0.9,2
401754578,CFB,2025-11-01 23:30:00+00:00,Florida State Seminoles,Wake Forest Demon Deacons,0.795,0.205,0.795,0.205,0.9,0.9,1
401752891,CFB,2025-11-01 16:00:00+00:00,Illinois Fighting Illini,Rutgers Scarlet Knights,0.81,0.19,0.81,0.19,0.9,0.9,1
401754580,CFB,2025-11-01 19:00:00+00:00,Virginia Tech Hokies,Louisville Cardinals,0.215,0.785,0.215,0.785,0.9,0.9,2
401754581,CFB,2025-11-01 16:00:00+00:00,SMU Mustangs,Miami Hurricanes,0.25,0.75,0.25,0.75,0.9,0.9,1
401752758,CFB,2025-11-01 16:00:00+00:00,Texas Longhorns,Vanderbilt Commodores,0.615,0.385,0.615,0.385,0.9,0.9,1
401754576,CFB,2025-11-01 19:45:00+00:00,California Golden Bears,Virginia Cavaliers,0.315,0.685,0.315,0.685,0.9,0.9,2
401754582,CFB,2025-11-01 19:30:00+00:00,Stanford Cardinal,Pittsburgh Panthers,0.175,0.825,0.175,0.825,0.9,0.9,2
401752943,CFB,2025-11-01 23:30:00+00:00,Oregon State Beavers,Washington State Cougars,0.385,0.615,0.385,0.615,0.9,0.9,1
401752754,CFB,2025-11-01 23:30:00+00:00,Auburn Tigers,Kentucky Wildcats,0.795,0.205,0.795,0.205,0.9,0.9,2
401754577,CFB,2025-11-01 16:00:00+00:00,Clemson Tigers,Duke Blue Devils,0.615,0.385,0.615,0.385,0.9,0.9,2
401752889,CFB,2025-11-01 16:00:00+00:00,Ohio State Buckeyes,Penn State Nittany Lions,0.925,0.075,0.925,0.075,0.9,0.9,1
401754579,CFB,2025-11-01 23:30:00+00:00,NC State Wolfpack,Georgia Tech Yellow Jackets,0.345,0.655,0.345,0.655,0.9,0.9,1
401752892,CFB,2025-11-01 23:30:00+00:00,Nebraska Cornhuskers,USC Trojans,0.34,0.66,0.34,0.66,0.9,0.9,2
401752888,CFB,2025-11-01 19:30:00+00:00,Minnesota Golden Gophers,Michigan State Spartans,0.635,0.365,0.635,0.365,0.9,0.9,1
401752756,CFB,2025-11-01 23:00:00+00:00,Ole Miss Rebels,South Carolina Gamecocks,0.825,0.175,0.825,0.175,0.9,0.9,1
401752890,CFB,2025-11-01 23:00:00+00:00,Michigan Wolverines,Purdue Boilermakers,0.93,0.07,0.93,0.07,0.9,0.9,1
401762497,CFB,2025-10-31 23:00:00+00:00,Rice Owls,Memphis Tigers,0.145,0.855,0.145,0.855,0.9,0.9,2
401754583,CFB,2025-11-01 19:30:00+00:00,Boston College Eagles,Notre Dame Fighting Irish,0.02,0.98,0.02,0.98,0.9,0.9,2
401752887,CFB,2025-11-01 19:30:00+00:00,Maryland Terrapins,Indiana Hoosiers,0.055,0.945,0.055,0.945,0.9,0.9,2
401757290,CFB,2025-11-01 00:00:00+00:00,Louisiana Tech Bulldogs,Sam Houston Bearkats,0.885,0.115,0.885,0.115,0.9,0.9,1
401760401,CFB,2025-11-01 16:00:00+00:00,Air Force Falcons,Army Black Knights,0.46,0.54,0.46,0.54,0.9,0.9,2
401754575,CFB,2025-10-31 23:30:00+00:00,Syracuse Orange,North Carolina Tar Heels,0.525,0.475,0.525,0.475,0.9,0.8,2
401757294,CFB,2025-11-01 19:30:00+00:00,Western Kentucky Hilltoppers,New Mexico State Aggies,0.755,0.245,0.755,0.245,0.9,0.9,1
401760402,CFB,2025-11-01 19:30:00+00:00,Boise State Broncos,Fresno State Bulldogs,0.905,0.095,0.905,0.095,0.9,0.9,2
401757293,CFB,2025-11-01 19:30:00+00:00,Liberty Flames,Delaware Blue Hens,0.61,0.39,0.61,0.39,0.9,0.9,1
401760404,CFB,2025-11-01 19:00:00+00:00,UNLV Rebels,New Mexico Lobos,0.62,0.38,0.62,0.38,0.9,0.9,2
401762443,CFB,2025-10-30 23:30:00+00:00,UTSA Roadrunners,Tulane Green Wave,0.32,0.68,0.32,0.68,0.9,0.9,1
401757291,CFB,2025-10-30 00:00:00+00:00,Missouri State Bears,Florida International Panthers,0.595,0.405,0.595,0.405,0.9,0.9,1
401761640,CFB,2025-10-30 23:30:00+00:00,Coastal Carolina Chanticleers,Marshall Thundering Herd,0.31,0.69,0.31,0.69,0.9,0.9,1
401757292,CFB,2025-10-29 23:30:00+00:00,Middle Tennessee Blue Raiders,Jacksonville State Gamecocks,0.355,0.645,0.355,0.645,0.9,0.9,2
401757289,CFB,2025-10-29 00:00:00+00:00,Kennesaw State Owls,UTEP Miners,0.795,0.205,0.795,0.205,0.8,0.9,1
401762850,CFB,2025-11-01 20:00:00+00:00,Western Michigan Broncos,Central Michigan Chippewas,0.635,0.365,0.635,0.365,0.9,0.9,1
401762846,CFB,2025-10-25 16:00:00+00:00,Kent State Golden Flashes,Bowling Green Falcons,0.255,0.745,0.255,0.745,0.9,0.9,1
401762848,CFB,2025-10-25 16:00:00+00:00,Eastern Michigan Eagles,Ohio Bobcats,0.185,0.815,0.185,0.815,0.9,0.9,2
401762845,CFB,2025-10-25 19:30:00+00:00,Northern Illinois Huskies,Ball State Cardinals,0.685,0.315,0.685,0.315,0.9,0.9,1
401762874,CFB,2025-10-25 19:30:00+00:00,Miami (OH) RedHawks,Western Michigan Broncos,0.555,0.445,0.555,0.445,0.9,0.9,1
401762494,CFB,2025-10-25 16:00:00+00:00,Memphis Tigers,South Florida Bulls,0.405,0.595,0.405,0.595,0.9,0.9,1
401762493,CFB,2025-10-25 19:30:00+00:00,Navy Midshipmen,Florida Atlantic Owls,0.845,0.155,0.845,0.155,0.9,0.9,1
401762495,CFB,2025-10-25 19:30:00+00:00,Tulsa Golden Hurricane,Temple Owls,0.355,0.645,0.355,0.645,0.9,0.9,2
401761637,CFB,2025-10-25 19:30:00+00:00,Southern Miss Golden Eagles,UL Monroe Warhawks,0.815,0.185,0.815,0.185,0.9,0.9,1
401761638,CFB,2025-10-25 23:00:00+00:00,Troy Trojans,Louisiana Ragin' Cajuns,0.72,0.28,0.72,0.28,0.9,0.9,1
401761636,CFB,2025-10-25 23:00:00+00:00,Arkansas State Red Wolves,Georgia Southern Eagles,0.5,0.5,0.5,0.5,0.9,0.9,1
401760399,CFB,2025-10-25 19:30:00+00:00,Fresno State Bulldogs,San Diego State Aztecs,0.405,0.595,0.405,0.595,0.9,0.9,2
401760398,CFB,2025-10-25 23:30:00+00:00,Wyoming Cowboys,Colorado State Rams,0.67,0.33,0.67,0.33,0.9,0.9,1
401754570,CFB,2025-10-25 23:30:00+00:00,Louisville Cardinals,Boston College Eagles,0.955,0.045,0.955,0.045,0.9,0.9,1
401762844,CFB,2025-10-25 17:00:00+00:00,Buffalo Bulls,Akron Zips,0.8,0.2,0.8,0.2,0.9,0.9,2
401760400,CFB,2025-10-25 19:00:00+00:00,New Mexico Lobos,Utah State Aggies,0.59,0.41,0.59,0.41,0.9,0.9,1
401757172,CFB,2025-10-25 19:00:00+00:00,Rice Owls,UConn Huskies,0.225,0.775,0.225,0.775,0.9,0.9,1
401756929,CFB,2025-10-26 00:00:00+00:00,Arizona State Sun Devils,Houston Cougars,0.73,0.27,0.73,0.27,0.9,0.9,2
401756931,CFB,2025-10-25 19:30:00+00:00,Iowa State Cyclones,BYU Cougars,0.565,0.435,0.565,0.435,0.9,0.9,2
401756935,CFB,2025-10-25 22:00:00+00:00,West Virginia Mountaineers,TCU Horned Frogs,0.14,0.86,0.14,0.86,0.9,0.9,2
401756934,CFB,2025-10-26 02:25:00+00:00,Utah Utes,Colorado Buffaloes,0.82,0.18,0.82,0.18,0.9,0.9,1
401756933,CFB,2025-10-25 20:00:00+00:00,Texas Tech Red Raiders,Oklahoma State Cowboys,0.991,0.009,0.991,0.009,0.9,0.9,1
401756932,CFB,2025-10-25 16:00:00+00:00,Kansas Jayhawks,Kansas State Wildcats,0.605,0.395,0.605,0.395,0.9,0.9,2
401756930,CFB,2025-10-25 20:00:00+00:00,Cincinnati Bearcats,Baylor Bears,0.605,0.395,0.605,0.395,0.9,0.9,1
401752748,CFB,2025-10-25 23:30:00+00:00,LSU Tigers,Texas A&M Aggies,0.465,0.535,0.465,0.535,0.9,0.9,2
401752747,CFB,2025-10-25 23:45:00+00:00,Kentucky Wildcats,Tennessee Volunteers,0.255,0.745,0.255,0.745,0.9,0.9,2
401752885,CFB,2025-10-25 16:00:00+00:00,Indiana Hoosiers,UCLA Bruins,0.945,0.055,0.945,0.055,0.9,0.9,1
401752746,CFB,2025-10-25 16:45:00+00:00,Arkansas Razorbacks,Auburn Tigers,0.55,0.45,0.55,0.45,0.9,0.9,2
401754571,CFB,2025-10-25 16:00:00+00:00,Georgia Tech Yellow Jackets,Syracuse Orange,0.885,0.115,0.885,0.115,0.9,0.9,1
401752749,CFB,2025-10-25 20:15:00+00:00,Mississippi State Bulldogs,Texas Longhorns,0.255,0.745,0.255,0.745,0.9,0.9,2
401752952,CFB,2025-10-25 19:30:00+00:00,Washington State Cougars,Toledo Rockets,0.465,0.535,0.465,0.535,0.9,0.9,1
401752880,CFB,2025-10-25 19:30:00+00:00,Washington Huskies,Illinois Fighting Illini,0.605,0.395,0.605,0.395,0.9,0.9,1
401752751,CFB,2025-10-25 19:30:00+00:00,South Carolina Gamecocks,Alabama Crimson Tide,0.185,0.815,0.185,0.815,0.9,0.9,2
401752752,CFB,2025-10-25 19:30:00+00:00,Vanderbilt Commodores,Missouri Tigers,0.545,0.455,0.545,0.455,0.9,0.9,1
401752942,CFB,2025-10-25 16:00:00+00:00,Wake Forest Demon Deacons,SMU Mustangs,0.345,0.655,0.345,0.655,0.9,0.9,1
401760397,CFB,2025-10-25 02:00:00+00:00,Nevada Wolf Pack,Boise State Broncos,0.065,0.935,0.065,0.935,0.9,0.9,2
401757287,CFB,2025-10-22 23:30:00+00:00,Delaware Blue Hens,Middle Tennessee Blue Raiders,0.755,0.245,0.755,0.245,0.9,0.9,1
401752884,CFB,2025-10-25 16:00:00+00:00,Purdue Boilermakers,Rutgers Scarlet Knights,0.545,0.455,0.545,0.455,0.9,0.9,2
401754572,CFB,2025-10-25 23:00:00+00:00,Miami Hurricanes,Stanford Cardinal,0.9395,0.0605,0.9395,0.0605,0.9,0.9,1
401752886,CFB,2025-10-25 23:00:00+00:00,Oregon Ducks,Wisconsin Badgers,0.9755,0.0245,0.9755,0.0245,0.9,0.9,1
401752882,CFB,2025-10-25 19:30:00+00:00,Iowa Hawkeyes,Minnesota Golden Gophers,0.735,0.265,0.735,0.265,0.9,0.9,1
401754574,CFB,2025-10-25 19:30:00+00:00,Pittsburgh Panthers,NC State Wolfpack,0.655,0.345,0.655,0.345,0.9,0.9,1
401752750,CFB,2025-10-25 16:00:00+00:00,Oklahoma Sooners,Ole Miss Rebels,0.625,0.375,0.625,0.375,0.9,0.9,2
401752883,CFB,2025-10-25 16:00:00+00:00,Nebraska Cornhuskers,Northwestern Wildcats,0.735,0.265,0.735,0.265,0.9,0.9,1
401754573,CFB,2025-10-25 16:00:00+00:00,North Carolina Tar Heels,Virginia Cavaliers,0.2,0.8,0.2,0.8,0.9,0.9,2
401752881,CFB,2025-10-25 23:30:00+00:00,Michigan State Spartans,Michigan Wolverines,0.18,0.82,0.18,0.82,0.9,0.9,2
401762492,CFB,2025-10-24 23:00:00+00:00,Charlotte 49ers,North Texas Mean Green,0.0505,0.9495,0.0505,0.9495,0.9,0.9,2
401754372,CFB,2025-10-24 23:30:00+00:00,Virginia Tech Hokies,California Golden Bears,0.645,0.355,0.645,0.355,0.9,0.9,1
401761634,CFB,2025-10-23 23:30:00+00:00,Georgia State Panthers,South Alabama Jaguars,0.325,0.675,0.325,0.675,0.9,0.9,2
401757288,CFB,2025-10-23 01:00:00+00:00,New Mexico State Aggies,Missouri State Bears,0.455,0.545,0.455,0.545,0.9,0.9,2
401757285,CFB,2025-10-21 23:00:00+00:00,Florida International Panthers,Kennesaw State Owls,0.425,0.575,0.425,0.575,0.9,0.9,2
401757286,CFB,2025-10-21 23:30:00+00:00,Louisiana Tech Bulldogs,Western Kentucky Hilltoppers,0.675,0.325,0.675,0.325,0.9,0.9,2
401756923,CFB,2025-10-18 20:00:00+00:00,Arizona State Sun Devils,Texas Tech Red Raiders,0.265,0.735,0.265,0.735,0.9,0.9,1
401752742,CFB,2025-10-18 19:30:00+00:00,Georgia Bulldogs,Ole Miss Rebels,0.705,0.295,0.705,0.295,0.9,0.9,1
401757283,CFB,2025-10-15 23:00:00+00:00,Jacksonville State Gamecocks,Delaware Blue Hens,0.415,0.585,0.415,0.585,0.9,0.9,1
401757284,CFB,2025-10-15 23:00:00+00:00,Sam Houston Bearkats,UTEP Miners,0.405,0.595,0.405,0.595,0.9,0.9,2
401757281,CFB,2025-10-15 00:00:00+00:00,Western Kentucky Hilltoppers,Florida International Panthers,0.76,0.24,0.76,0.24,0.9,0.9,2
401757282,CFB,2025-10-14 23:00:00+00:00,Liberty Flames,New Mexico State Aggies,0.785,0.215,0.785,0.215,0.9,0.9,1
401752876,CFB,2025-10-18 22:30:00+00:00,Rutgers Scarlet Knights,Oregon Ducks,0.115,0.885,0.115,0.885,0.9,0.9,2
401754566,CFB,2025-10-18 16:00:00+00:00,Duke Blue Devils,Georgia Tech Yellow Jackets,0.595,0.405,0.595,0.405,0.9,0.9,2
401752873,CFB,2025-10-18 16:00:00+00:00,Michigan Wolverines,Washington Huskies,0.625,0.375,0.625,0.375,0.9,0.9,1
401754569,CFB,2025-10-18 16:00:00+00:00,Boston College Eagles,UConn Huskies,0.445,0.555,0.445,0.555,0.9,0.9,2
401754371,CFB,2025-10-18 02:30:00+00:00,California Golden Bears,North Carolina Tar Heels,0.735,0.265,0.735,0.265,0.9,0.9,1
401752872,CFB,2025-10-18 00:00:00+00:00,Minnesota Golden Gophers,Nebraska Cornhuskers,0.315,0.685,0.315,0.685,0.9,0.9,1
401754564,CFB,2025-10-17 23:00:00+00:00,Miami Hurricanes,Louisville Cardinals,0.805,0.195,0.805,0.195,0.9,0.9,2
401762486,CFB,2025-10-16 23:30:00+00:00,East Carolina Pirates,Tulsa Golden Hurricane,0.885,0.115,0.885,0.115,0.9,0.9,1
401761628,CFB,2025-10-14 23:30:00+00:00,South Alabama Jaguars,Arkansas State Red Wolves,0.735,0.265,0.735,0.265,0.9,0.9,2
401762842,CFB,2025-10-18 18:00:00+00:00,Toledo Rockets,Kent State Golden Flashes,0.945,0.055,0.945,0.055,0.9,0.9,1
401762838,CFB,2025-10-18 19:30:00+00:00,Ball State Cardinals,Akron Zips,0.48,0.52,0.48,0.52,0.9,0.9,1
401762843,CFB,2025-10-18 19:30:00+00:00,Ohio Bobcats,Northern Illinois Huskies,0.795,0.205,0.795,0.205,0.9,0.9,1
401762841,CFB,2025-10-18 16:00:00+00:00,Miami (OH) RedHawks,Eastern Michigan Eagles,0.79,0.21,0.79,0.21,0.9,0.9,1
401762839,CFB,2025-10-18 16:00:00+00:00,Bowling Green Falcons,Central Michigan Chippewas,0.585,0.415,0.585,0.415,0.9,0.9,2
401762490,CFB,2025-10-18 23:30:00+00:00,South Florida Bulls,Florida Atlantic Owls,0.91,0.09,0.91,0.09,0.9,0.9,1
401762487,CFB,2025-10-18 20:00:00+00:00,UAB Blazers,Memphis Tigers,0.085,0.915,0.085,0.915,0.9,0.9,1
401762488,CFB,2025-10-18 16:00:00+00:00,Tulane Green Wave,Army Black Knights,0.77,0.23,0.77,0.23,0.9,0.9,1
401762491,CFB,2025-10-18 20:05:00+00:00,North Texas Mean Green,UTSA Roadrunners,0.645,0.355,0.645,0.355,0.9,0.9,1
401762489,CFB,2025-10-18 19:30:00+00:00,Charlotte 49ers,Temple Owls,0.225,0.775,0.225,0.775,0.9,0.9,2
401752941,CFB,2025-10-19 02:00:00+00:00,Oregon State Beavers,Lafayette Leopards,0.895,0.105,0.895,0.105,0.9,0.9,1
401761668,CFB,2025-10-18 21:00:00+00:00,Louisiana Ragin' Cajuns,Southern Miss Golden Eagles,0.385,0.615,0.385,0.615,0.9,0.9,2
401761630,CFB,2025-10-18 23:00:00+00:00,Georgia Southern Eagles,Georgia State Panthers,0.675,0.325,0.675,0.325,0.9,0.9,1
401761632,CFB,2025-10-18 19:30:00+00:00,Marshall Thundering Herd,Texas State Bobcats,0.425,0.575,0.425,0.575,0.9,0.9,1
401761633,CFB,2025-10-18 19:00:00+00:00,UL Monroe Warhawks,Troy Trojans,0.355,0.645,0.355,0.645,0.9,0.9,2
401761631,CFB,2025-10-18 19:30:00+00:00,James Madison Dukes,Old Dominion Monarchs,0.595,0.405,0.595,0.405,0.9,0.9,1
401760393,CFB,2025-10-18 19:30:00+00:00,Boise State Broncos,UNLV Rebels,0.795,0.205,0.795,0.205,0.9,0.9,1
401760392,CFB,2025-10-18 19:30:00+00:00,Air Force Falcons,Wyoming Cowboys,0.625,0.375,0.625,0.375,0.9,0.9,1
401760395,CFB,2025-10-19 01:45:00+00:00,New Mexico Lobos,Nevada Wolf Pack,0.815,0.185,0.815,0.185,0.9,0.9,1
401756927,CFB,2025-10-18 16:00:00+00:00,TCU Horned Frogs,Baylor Bears,0.605,0.395,0.605,0.395,0.9,0.9,1
401756924,CFB,2025-10-19 00:00:00+00:00,BYU Cougars,Utah Utes,0.375,0.625,0.375,0.625,0.9,0.9,1
401756925,CFB,2025-10-18 16:00:00+00:00,Houston Cougars,Arizona Wildcats,0.475,0.525,0.475,0.525,0.9,0.9,1
401756928,CFB,2025-10-18 17:00:00+00:00,UCF Knights,West Virginia Mountaineers,0.685,0.315,0.685,0.315,0.9,0.9,1
401756926,CFB,2025-10-19 00:00:00+00:00,Oklahoma State Cowboys,Cincinnati Bearcats,0.055,0.945,0.055,0.945,0.9,0.9,2
401752743,CFB,2025-10-18 23:00:00+00:00,Kentucky Wildcats,Texas Longhorns,0.175,0.825,0.175,0.825,0.9,0.9,2
401752871,CFB,2025-10-18 23:30:00+00:00,Notre Dame Fighting Irish,USC Trojans,0.765,0.235,0.765,0.235,1.0,0.9,1
401752878,CFB,2025-10-18 19:30:00+00:00,Indiana Hoosiers,Michigan State Spartans,0.953,0.047,0.953,0.047,0.9,0.9,1
401752739,CFB,2025-10-18 21:30:00+00:00,Arkansas Razorbacks,Texas A&M Aggies,0.28,0.72,0.28,0.72,0.9,0.9,2
401752874,CFB,2025-10-18 19:00:00+00:00,Northwestern Wildcats,Purdue Boilermakers,0.605,0.395,0.605,0.395,0.9,0.9,1
401752741,CFB,2025-10-18 20:15:00+00:00,Florida Gators,Mississippi State Bulldogs,0.755,0.245,0.755,0.245,0.9,0.9,1
401752738,CFB,2025-10-18 23:30:00+00:00,Alabama Crimson Tide,Tennessee Volunteers,0.735,0.265,0.735,0.265,0.9,0.9,1
401752877,CFB,2025-10-18 19:30:00+00:00,Wisconsin Badgers,Ohio State Buckeyes,0.043,0.957,0.043,0.957,0.9,0.9,2
401752951,CFB,2025-10-18 22:30:00+00:00,Virginia Cavaliers,Washington State Cougars,0.87,0.13,0.87,0.13,0.9,0.9,1
401752879,CFB,2025-10-18 23:00:00+00:00,UCLA Bruins,Maryland Terrapins,0.605,0.395,0.605,0.395,0.9,0.9,1
401752744,CFB,2025-10-18 16:45:00+00:00,South Carolina Gamecocks,Oklahoma Sooners,0.355,0.645,0.355,0.645,0.9,0.9,2
401754567,CFB,2025-10-19 02:30:00+00:00,Stanford Cardinal,Florida State Seminoles,0.125,0.875,0.125,0.875,0.9,0.9,1
401752745,CFB,2025-10-18 16:00:00+00:00,Vanderbilt Commodores,LSU Tigers,0.525,0.475,0.525,0.475,0.9,0.9,1
401754565,CFB,2025-10-18 19:30:00+00:00,Clemson Tigers,SMU Mustangs,0.595,0.405,0.595,0.405,0.9,0.9,2
401752875,CFB,2025-10-18 23:00:00+00:00,Iowa Hawkeyes,Penn State Nittany Lions,0.585,0.415,0.585,0.415,0.9,0.9,1
401752740,CFB,2025-10-18 23:45:00+00:00,Auburn Tigers,Missouri Tigers,0.48,0.52,0.48,0.52,0.9,0.9,2
401754568,CFB,2025-10-18 23:30:00+00:00,Syracuse Orange,Pittsburgh Panthers,0.245,0.755,0.245,0.755,0.9,1.0,2
401762834,CFB,2025-10-11 19:30:00+00:00,Western Michigan Broncos,Ball State Cardinals,0.755,0.245,0.755,0.245,1.0,0.9,1
401761626,CFB,2025-10-11 19:30:00+00:00,Marshall Thundering Herd,Old Dominion Monarchs,0.155,0.845,0.155,0.845,0.9,0.9,1
401761625,CFB,2025-10-11 16:00:00+00:00,James Madison Dukes,Louisiana Ragin' Cajuns,0.895,0.105,0.895,0.105,0.9,0.9,1
401754561,CFB,2025-10-11 16:00:00+00:00,SMU Mustangs,Stanford Cardinal,0.895,0.105,0.895,0.105,0.9,0.9,1
401752736,CFB,2025-10-11 19:30:00+00:00,Texas Longhorns,Oklahoma Sooners,0.575,0.425,0.575,0.425,0.9,0.9,1
401752870,CFB,2025-10-11 19:30:00+00:00,Oregon Ducks,Indiana Hoosiers,0.705,0.295,0.705,0.295,0.9,0.9,2
401752731,CFB,2025-10-11 23:30:00+00:00,Auburn Tigers,Georgia Bulldogs,0.335,0.665,0.335,0.665,0.9,0.9,2
401761623,CFB,2025-10-11 23:00:00+00:00,Coastal Carolina Chanticleers,UL Monroe Warhawks,0.435,0.565,0.435,0.565,0.9,0.9,1
401756918,CFB,2025-10-11 19:30:00+00:00,Colorado Buffaloes,Iowa State Cyclones,0.405,0.595,0.405,0.595,0.9,0.9,1
401756921,CFB,2025-10-11 23:30:00+00:00,Texas Tech Red Raiders,Kansas Jayhawks,0.815,0.185,0.815,0.185,0.9,0.9,1
401756922,CFB,2025-10-12 02:25:00+00:00,Utah Utes,Arizona State Sun Devils,0.72,0.28,0.72,0.28,0.9,0.9,1
401752733,CFB,2025-10-11 16:45:00+00:00,Ole Miss Rebels,Washington State Cougars,0.97,0.03,0.97,0.03,0.9,0.9,1
401752734,CFB,2025-10-11 16:00:00+00:00,Missouri Tigers,Alabama Crimson Tide,0.395,0.605,0.395,0.605,0.9,0.9,2
401761622,CFB,2025-10-10 00:00:00+00:00,Georgia Southern Eagles,Southern Miss Golden Eagles,0.425,0.575,0.425,0.575,0.9,0.9,2
401757280,CFB,2025-10-09 23:00:00+00:00,Kennesaw State Owls,Louisiana Tech Bulldogs,0.35,0.65,0.35,0.65,0.9,0.9,1
401757279,CFB,2025-10-10 00:00:00+00:00,Sam Houston Bearkats,Jacksonville State Gamecocks,0.3,0.7,0.3,0.7,0.9,0.9,2
401762836,CFB,2025-10-11 17:00:00+00:00,Eastern Michigan Eagles,Northern Illinois Huskies,0.485,0.515,0.485,0.515,0.9,0.9,1
401762833,CFB,2025-10-11 16:00:00+00:00,Akron Zips,Miami (OH) RedHawks,0.215,0.785,0.215,0.785,0.9,0.9,2
401762835,CFB,2025-10-11 16:00:00+00:00,Bowling Green Falcons,Toledo Rockets,0.215,0.785,0.215,0.785,1.0,0.9,1
401762483,CFB,2025-10-11 16:00:00+00:00,Army Black Knights,Charlotte 49ers,0.87,0.13,0.87,0.13,0.9,0.9,1
401762485,CFB,2025-10-11 23:30:00+00:00,UTSA Roadrunners,Rice Owls,0.75,0.25,0.75,0.25,0.9,0.9,1
401762482,CFB,2025-10-11 22:00:00+00:00,Florida Atlantic Owls,UAB Blazers,0.645,0.355,0.645,0.355,0.9,0.9,1
401762484,CFB,2025-10-11 20:00:00+00:00,Temple Owls,Navy Midshipmen,0.25,0.75,0.25,0.75,0.9,0.9,2
401761627,CFB,2025-10-12 00:00:00+00:00,Texas State Bobcats,Troy Trojans,0.725,0.275,0.725,0.275,0.9,0.9,2
401760387,CFB,2025-10-12 01:45:00+00:00,Boise State Broncos,New Mexico Lobos,0.85,0.15,0.85,0.15,0.9,0.9,1
401760386,CFB,2025-10-11 19:30:00+00:00,UNLV Rebels,Air Force Falcons,0.69,0.31,0.69,0.31,0.9,0.9,1
401760390,CFB,2025-10-12 02:30:00+00:00,Nevada Wolf Pack,San Diego State Aztecs,0.315,0.685,0.315,0.685,0.9,0.9,2
401756919,CFB,2025-10-11 19:30:00+00:00,Kansas State Wildcats,TCU Horned Frogs,0.425,0.575,0.425,0.575,0.9,0.9,1
401756917,CFB,2025-10-11 16:00:00+00:00,Cincinnati Bearcats,UCF Knights,0.77,0.23,0.77,0.23,0.9,0.9,1
401756916,CFB,2025-10-12 00:00:00+00:00,Arizona Wildcats,BYU Cougars,0.435,0.565,0.435,0.565,0.9,0.9,2
401756920,CFB,2025-10-11 16:00:00+00:00,Oklahoma State Cowboys,Houston Cougars,0.165,0.835,0.165,0.835,0.9,0.9,2
401752732,CFB,2025-10-11 23:45:00+00:00,LSU Tigers,South Carolina Gamecocks,0.745,0.255,0.745,0.255,0.9,0.9,1
401754562,CFB,2025-10-11 19:30:00+00:00,Notre Dame Fighting Irish,NC State Wolfpack,0.94,0.06,0.94,0.06,0.9,0.9,1
401754560,CFB,2025-10-11 19:30:00+00:00,Georgia Tech Yellow Jackets,Virginia Tech Hokies,0.835,0.165,0.835,0.165,1.0,0.9,1
401754559,CFB,2025-10-11 16:00:00+00:00,Florida State Seminoles,Pittsburgh Panthers,0.775,0.225,0.775,0.225,0.9,0.9,2
401752865,CFB,2025-10-11 16:00:00+00:00,Illinois Fighting Illini,Ohio State Buckeyes,0.155,0.845,0.155,0.845,0.9,1.0,2
401752868,CFB,2025-10-11 23:30:00+00:00,USC Trojans,Michigan Wolverines,0.585,0.415,0.585,0.415,0.9,0.9,1
401752869,CFB,2025-10-11 23:00:00+00:00,Wisconsin Badgers,Iowa Hawkeyes,0.325,0.675,0.325,0.675,0.9,0.9,2
401752735,CFB,2025-10-11 20:15:00+00:00,Tennessee Volunteers,Arkansas Razorbacks,0.775,0.225,0.775,0.225,0.9,0.9,1
401752737,CFB,2025-10-11 23:00:00+00:00,Texas A&M Aggies,Florida Gators,0.705,0.295,0.705,0.295,0.9,0.9,1
401752866,CFB,2025-10-11 19:30:00+00:00,Penn State Nittany Lions,Northwestern Wildcats,0.915,0.085,0.915,0.085,0.9,0.9,2
401754563,CFB,2025-10-11 19:30:00+00:00,Oregon State Beavers,Wake Forest Demon Deacons,0.455,0.545,0.455,0.545,0.9,0.9,2
401752864,CFB,2025-10-11 23:30:00+00:00,Minnesota Golden Gophers,Purdue Boilermakers,0.725,0.275,0.725,0.275,0.9,0.9,1
401752863,CFB,2025-10-11 16:00:00+00:00,Michigan State Spartans,UCLA Bruins,0.715,0.285,0.715,0.285,0.9,1.0,2
401752867,CFB,2025-10-11 19:30:00+00:00,Maryland Terrapins,Nebraska Cornhuskers,0.305,0.695,0.305,0.695,0.9,1.0,2
401754558,CFB,2025-10-11 23:30:00+00:00,Boston College Eagles,Clemson Tigers,0.175,0.825,0.175,0.825,0.9,0.9,2
401762481,CFB,2025-10-10 23:30:00+00:00,North Texas Mean Green,South Florida Bulls,0.555,0.445,0.555,0.445,0.9,0.9,2
401760388,CFB,2025-10-11 01:00:00+00:00,Colorado State Rams,Fresno State Bulldogs,0.345,0.655,0.345,0.655,0.9,0.9,1
401752862,CFB,2025-10-11 01:00:00+00:00,Washington Huskies,Rutgers Scarlet Knights,0.765,0.235,0.765,0.235,0.9,0.9,1
401762480,CFB,2025-10-09 23:30:00+00:00,Tulane Green Wave,East Carolina Pirates,0.7,0.3,0.7,0.3,0.9,0.9,1
401757277,CFB,2025-10-09 00:00:00+00:00,UTEP Miners,Liberty Flames,0.465,0.535,0.465,0.535,0.9,0.9,2
401757278,CFB,2025-10-08 23:30:00+00:00,Middle Tennessee Blue Raiders,Missouri State Bears,0.425,0.575,0.425,0.575,1.0,0.9,2
401762478,CFB,2025-10-05 00:00:00+00:00,Memphis Tigers,Tulsa Golden Hurricane,0.92,0.08,0.92,0.08,0.9,1.0,1
401760382,CFB,2025-10-04 02:30:00+00:00,San Diego State Aztecs,Colorado State Rams,0.65,0.35,0.65,0.35,0.9,0.9,1
401756909,CFB,2025-10-04 02:30:00+00:00,BYU Cougars,West Virginia Mountaineers,0.9,0.1,0.9,0.1,0.9,0.9,1
401754551,CFB,2025-10-05 02:30:00+00:00,California Golden Bears,Duke Blue Devils,0.395,0.605,0.395,0.605,1.0,0.9,2
401754557,CFB,2025-10-04 18:00:00+00:00,NC State Wolfpack,Campbell Fighting Camels,0.969,0.031,0.969,0.031,1.0,1.0,1
401760383,CFB,2025-10-05 02:30:00+00:00,Fresno State Bulldogs,Nevada Wolf Pack,0.81,0.19,0.81,0.19,1.0,0.9,1
401762873,CFB,2025-10-04 19:30:00+00:00,Northern Illinois Huskies,Miami (OH) RedHawks,0.35,0.65,0.35,0.65,0.9,0.9,2
401762830,CFB,2025-10-04 16:00:00+00:00,Ball State Cardinals,Ohio Bobcats,0.16,0.84,0.16,0.84,1.0,1.0,1
401762476,CFB,2025-10-04 16:00:00+00:00,UAB Blazers,Army Black Knights,0.325,0.675,0.325,0.675,1.0,0.9,2
401762479,CFB,2025-10-04 17:00:00+00:00,Temple Owls,UTSA Roadrunners,0.315,0.685,0.315,0.685,0.9,0.9,1
401762477,CFB,2025-10-04 23:00:00+00:00,Rice Owls,Florida Atlantic Owls,0.645,0.355,0.645,0.355,1.0,0.9,2
401761621,CFB,2025-10-04 23:00:00+00:00,Troy Trojans,South Alabama Jaguars,0.465,0.535,0.465,0.535,1.0,0.9,1
401756913,CFB,2025-10-04 23:00:00+00:00,Houston Cougars,Texas Tech Red Raiders,0.175,0.825,0.175,0.825,0.9,0.9,2
401752855,CFB,2025-10-04 19:30:00+00:00,UCLA Bruins,Penn State Nittany Lions,0.05,0.95,0.05,0.95,0.9,0.9,1
401754556,CFB,2025-10-04 17:00:00+00:00,Virginia Tech Hokies,Wake Forest Demon Deacons,0.645,0.355,0.645,0.355,1.0,1.0,2
401752730,CFB,2025-10-04 23:30:00+00:00,Texas A&M Aggies,Mississippi State Bulldogs,0.87,0.13,0.87,0.13,0.9,0.9,1
401752729,CFB,2025-10-04 20:00:00+00:00,Oklahoma Sooners,Kent State Golden Flashes,0.9605,0.0395,0.9605,0.0395,0.9,0.9,1
401760385,CFB,2025-10-04 23:00:00+00:00,Wyoming Cowboys,UNLV Rebels,0.365,0.635,0.365,0.635,0.9,0.9,2
401754553,CFB,2025-10-04 23:30:00+00:00,Florida State Seminoles,Miami Hurricanes,0.39,0.61,0.39,0.61,0.9,1.0,2
401752859,CFB,2025-10-04 23:30:00+00:00,Ohio State Buckeyes,Minnesota Golden Gophers,0.94,0.06,0.94,0.06,0.9,0.9,1
401752860,CFB,2025-10-04 20:00:00+00:00,Nebraska Cornhuskers,Michigan State Spartans,0.8,0.2,0.8,0.2,0.9,0.9,1
401752856,CFB,2025-10-04 16:00:00+00:00,Michigan Wolverines,Wisconsin Badgers,0.875,0.125,0.875,0.125,0.9,1.0,1
401752857,CFB,2025-10-04 19:30:00+00:00,Maryland Terrapins,Washington Huskies,0.335,0.665,0.335,0.665,1.0,0.9,2
401762831,CFB,2025-10-04 19:30:00+00:00,Buffalo Bulls,Eastern Michigan Eagles,0.755,0.245,0.755,0.245,1.0,0.9,1
401762829,CFB,2025-10-04 19:30:00+00:00,Akron Zips,Central Michigan Chippewas,0.28,0.72,0.28,0.72,0.9,1.0,1
401761619,CFB,2025-10-04 22:00:00+00:00,Old Dominion Monarchs,Coastal Carolina Chanticleers,0.895,0.105,0.895,0.105,0.9,0.9,1
401761618,CFB,2025-10-04 19:30:00+00:00,Georgia State Panthers,James Madison Dukes,0.09,0.91,0.09,0.91,0.9,0.9,2
401761620,CFB,2025-10-04 20:00:00+00:00,Arkansas State Red Wolves,Texas State Bobcats,0.17,0.83,0.17,0.83,0.9,0.9,1
401760381,CFB,2025-10-04 16:00:00+00:00,Navy Midshipmen,Air Force Falcons,0.81,0.19,0.81,0.19,1.0,1.0,1
401757165,CFB,2025-10-04 19:30:00+00:00,Notre Dame Fighting Irish,Boise State Broncos,0.915,0.085,0.915,0.085,1.0,0.9,1
401757171,CFB,2025-10-04 19:30:00+00:00,UConn Huskies,Florida International Panthers,0.71,0.29,0.71,0.29,1.0,0.9,1
401756914,CFB,2025-10-04 23:30:00+00:00,TCU Horned Frogs,Colorado Buffaloes,0.825,0.175,0.825,0.175,0.9,0.9,1
401756911,CFB,2025-10-04 16:00:00+00:00,Baylor Bears,Kansas State Wildcats,0.645,0.355,0.645,0.355,0.9,0.9,1
401756912,CFB,2025-10-04 16:00:00+00:00,Cincinnati Bearcats,Iowa State Cyclones,0.525,0.475,0.525,0.475,0.9,0.9,1
401756915,CFB,2025-10-04 23:30:00+00:00,UCF Knights,Kansas Jayhawks,0.365,0.635,0.365,0.635,0.9,0.9,2
401756910,CFB,2025-10-04 19:00:00+00:00,Arizona Wildcats,Oklahoma State Cowboys,0.925,0.075,0.925,0.075,1.0,1.0,1
401754554,CFB,2025-10-04 19:30:00+00:00,Louisville Cardinals,Virginia Cavaliers,0.68,0.32,0.68,0.32,0.9,0.9,2
401752728,CFB,2025-10-04 16:00:00+00:00,Georgia Bulldogs,Kentucky Wildcats,0.915,0.085,0.915,0.085,1.0,0.9,1
401752858,CFB,2025-10-04 19:30:00+00:00,Northwestern Wildcats,UL Monroe Warhawks,0.81,0.19,0.81,0.19,1.0,1.0,1
401752727,CFB,2025-10-04 19:30:00+00:00,Florida Gators,Texas Longhorns,0.345,0.655,0.345,0.655,1.0,0.9,1
401752726,CFB,2025-10-04 19:30:00+00:00,Alabama Crimson Tide,Vanderbilt Commodores,0.805,0.195,0.805,0.195,0.9,0.9,1
401754555,CFB,2025-10-04 19:30:00+00:00,SMU Mustangs,Syracuse Orange,0.875,0.125,0.875,0.125,1.0,0.9,1
401752861,CFB,2025-10-04 16:00:00+00:00,Purdue Boilermakers,Illinois Fighting Illini,0.27,0.73,0.27,0.73,1.0,0.9,2
401754550,CFB,2025-10-04 16:00:00+00:00,Pittsburgh Panthers,Boston College Eagles,0.685,0.315,0.685,0.315,0.9,0.9,1
401754552,CFB,2025-10-04 16:00:00+00:00,North Carolina Tar Heels,Clemson Tigers,0.155,0.845,0.155,0.845,1.0,1.0,2
401762475,CFB,2025-10-03 23:00:00+00:00,South Florida Bulls,Charlotte 49ers,0.971,0.029,0.971,0.029,0.9,1.0,1
401757276,CFB,2025-10-03 23:00:00+00:00,Delaware Blue Hens,Western Kentucky Hilltoppers,0.575,0.425,0.575,0.425,0.9,1.0,2
401757272,CFB,2025-09-28 01:00:00+00:00,UTEP Miners,Louisiana Tech Bulldogs,0.37,0.63,0.37,0.63,1.0,0.9,2
401762828,CFB,2025-09-27 22:30:00+00:00,Western Michigan Broncos,Rhode Island Rams,0.715,0.285,0.715,0.285,0.9,0.9,1
401756903,CFB,2025-09-28 02:15:00+00:00,Colorado Buffaloes,BYU Cougars,0.305,0.695,0.305,0.695,0.9,0.9,2
401761615,CFB,2025-09-28 00:00:00+00:00,Louisiana Ragin' Cajuns,Marshall Thundering Herd,0.465,0.535,0.465,0.535,1.0,1.0,1
401752939,CFB,2025-09-27 02:35:00+00:00,Oregon State Beavers,Houston Cougars,0.19,0.81,0.19,0.81,0.9,0.9,2
401756902,CFB,2025-09-27 01:00:00+00:00,Arizona State Sun Devils,TCU Horned Frogs,0.565,0.435,0.565,0.435,1.0,0.9,1
401752854,CFB,2025-09-27 23:30:00+00:00,Penn State Nittany Lions,Oregon Ducks,0.635,0.365,0.635,0.365,0.9,1.0,2
401754545,CFB,2025-09-27 16:00:00+00:00,Syracuse Orange,Duke Blue Devils,0.365,0.635,0.365,0.635,0.9,0.9,2
401754548,CFB,2025-09-27 23:00:00+00:00,NC State Wolfpack,Virginia Tech Hokies,0.755,0.245,0.755,0.245,0.9,0.9,2
401754546,CFB,2025-09-27 16:00:00+00:00,Wake Forest Demon Deacons,Georgia Tech Yellow Jackets,0.185,0.815,0.185,0.815,0.9,0.9,2
401762826,CFB,2025-09-27 17:00:00+00:00,Central Michigan Chippewas,Eastern Michigan Eagles,0.59,0.41,0.59,0.41,0.9,1.0,1
401762824,CFB,2025-09-27 19:30:00+00:00,Toledo Rockets,Akron Zips,0.915,0.085,0.915,0.085,0.9,0.9,1
401762825,CFB,2025-09-27 16:00:00+00:00,Ohio Bobcats,Bowling Green Falcons,0.735,0.265,0.735,0.265,0.9,0.9,1
401762473,CFB,2025-09-27 19:30:00+00:00,Navy Midshipmen,Rice Owls,0.825,0.175,0.825,0.175,0.9,0.9,1
401752719,CFB,2025-09-27 19:30:00+00:00,Ole Miss Rebels,LSU Tigers,0.565,0.435,0.565,0.435,0.9,0.9,1
401762474,CFB,2025-09-27 20:00:00+00:00,Tulsa Golden Hurricane,Tulane Green Wave,0.16,0.84,0.16,0.84,0.9,0.9,2
401762472,CFB,2025-09-27 23:00:00+00:00,Florida Atlantic Owls,Memphis Tigers,0.185,0.815,0.185,0.815,0.9,1.0,2
401761617,CFB,2025-09-27 16:00:00+00:00,North Texas Mean Green,South Alabama Jaguars,0.805,0.195,0.805,0.195,1.0,0.9,1
401761616,CFB,2025-09-27 19:00:00+00:00,UL Monroe Warhawks,Arkansas State Red Wolves,0.525,0.475,0.525,0.475,0.9,1.0,1
401757270,CFB,2025-09-27 22:00:00+00:00,Kennesaw State Owls,Middle Tennessee Blue Raiders,0.695,0.305,0.695,0.305,1.0,0.9,1
401757271,CFB,2025-09-27 22:00:00+00:00,Old Dominion Monarchs,Liberty Flames,0.845,0.155,0.845,0.155,0.9,0.9,1
401761614,CFB,2025-09-27 17:30:00+00:00,James Madison Dukes,Georgia Southern Eagles,0.85,0.15,0.85,0.15,0.9,0.9,1
401760380,CFB,2025-09-27 19:30:00+00:00,Northern Illinois Huskies,San Diego State Aztecs,0.455,0.545,0.455,0.545,0.9,0.9,2
401757274,CFB,2025-09-27 20:00:00+00:00,New Mexico Lobos,New Mexico State Aggies,0.845,0.155,0.845,0.155,0.9,0.9,1
401756904,CFB,2025-09-27 23:00:00+00:00,Iowa State Cyclones,Arizona Wildcats,0.62,0.38,0.62,0.38,1.0,0.9,1
401756905,CFB,2025-09-27 16:00:00+00:00,Kansas Jayhawks,Cincinnati Bearcats,0.66,0.34,0.66,0.34,1.0,1.0,2
401757269,CFB,2025-09-27 23:00:00+00:00,Southern Miss Golden Eagles,Jacksonville State Gamecocks,0.64,0.36,0.64,0.36,0.9,1.0,1
401757170,CFB,2025-09-27 19:30:00+00:00,Buffalo Bulls,UConn Huskies,0.41,0.59,0.41,0.59,1.0,0.9,2
401756907,CFB,2025-09-27 19:30:00+00:00,Oklahoma State Cowboys,Baylor Bears,0.09,0.91,0.09,0.91,0.9,0.9,2
401756908,CFB,2025-09-27 19:30:00+00:00,West Virginia Mountaineers,Utah Utes,0.185,0.815,0.185,0.815,0.9,1.0,2
401752717,CFB,2025-09-27 16:00:00+00:00,Arkansas Razorbacks,Notre Dame Fighting Irish,0.33,0.67,0.33,0.67,0.9,0.9,2
401752851,CFB,2025-09-27 19:30:00+00:00,Northwestern Wildcats,UCLA Bruins,0.655,0.345,0.655,0.345,1.0,1.0,1
401752850,CFB,2025-09-27 16:00:00+00:00,Illinois Fighting Illini,USC Trojans,0.32,0.68,0.32,0.68,1.0,1.0,1
401752720,CFB,2025-09-27 20:15:00+00:00,Mississippi State Bulldogs,Tennessee Volunteers,0.275,0.725,0.275,0.725,0.9,0.9,2
401752950,CFB,2025-09-27 23:30:00+00:00,Colorado State Rams,Washington State Cougars,0.65,0.35,0.65,0.35,0.9,0.9,2
401752852,CFB,2025-09-27 19:30:00+00:00,Washington Huskies,Ohio State Buckeyes,0.24,0.76,0.24,0.76,0.9,0.9,2
401752722,CFB,2025-09-27 23:45:00+00:00,South Carolina Gamecocks,Kentucky Wildcats,0.655,0.345,0.655,0.345,1.0,0.9,1
401752724,CFB,2025-09-27 19:30:00+00:00,Texas A&M Aggies,Auburn Tigers,0.68,0.32,0.68,0.32,1.0,0.9,1
401752725,CFB,2025-09-27 16:45:00+00:00,Vanderbilt Commodores,Utah State Aggies,0.93,0.07,0.93,0.07,0.9,0.9,1
401756906,CFB,2025-09-27 16:00:00+00:00,Kansas State Wildcats,UCF Knights,0.66,0.34,0.66,0.34,1.0,0.9,1
401757273,CFB,2025-09-27 23:00:00+00:00,Missouri State Bears,Western Kentucky Hilltoppers,0.38,0.62,0.38,0.62,1.0,0.9,2
401752718,CFB,2025-09-27 23:30:00+00:00,Georgia Bulldogs,Alabama Crimson Tide,0.555,0.445,0.555,0.445,0.9,1.0,2
401752853,CFB,2025-09-27 19:30:00+00:00,Iowa Hawkeyes,Indiana Hoosiers,0.25,0.75,0.25,0.75,0.9,0.9,2
401754547,CFB,2025-09-27 16:00:00+00:00,Pittsburgh Panthers,Louisville Cardinals,0.415,0.585,0.415,0.585,0.9,0.9,2
401752849,CFB,2025-09-27 16:00:00+00:00,Minnesota Golden Gophers,Rutgers Scarlet Knights,0.615,0.385,0.615,0.385,1.0,0.9,1
401762471,CFB,2025-09-25 23:30:00+00:00,East Carolina Pirates,Army Black Knights,0.615,0.385,0.615,0.385,0.9,0.9,1
401754544,CFB,2025-09-27 19:30:00+00:00,Boston College Eagles,California Golden Bears,0.665,0.335,0.665,0.335,0.9,0.9,2
401754543,CFB,2025-09-26 23:00:00+00:00,Virginia Cavaliers,Florida State Seminoles,0.275,0.725,0.275,0.725,0.9,0.9,1
401761611,CFB,2025-09-20 23:00:00+00:00,South Alabama Jaguars,Coastal Carolina Chanticleers,0.845,0.155,0.845,0.155,1.0,0.9,2
401761610,CFB,2025-09-20 19:30:00+00:00,Eastern Michigan Eagles,Louisiana Ragin' Cajuns,0.445,0.555,0.445,0.555,1.0,0.9,1
401761613,CFB,2025-09-20 19:30:00+00:00,Buffalo Bulls,Troy Trojans,0.655,0.345,0.655,0.345,0.9,1.0,2
401757264,CFB,2025-09-20 23:00:00+00:00,Middle Tennessee Blue Raiders,Marshall Thundering Herd,0.455,0.545,0.455,0.545,0.9,0.9,2
401757262,CFB,2025-09-20 19:30:00+00:00,Liberty Flames,James Madison Dukes,0.255,0.745,0.255,0.745,0.9,0.9,2
401757169,CFB,2025-09-20 19:30:00+00:00,UConn Huskies,Ball State Cardinals,0.92,0.08,0.92,0.08,0.9,1.0,1
401756897,CFB,2025-09-21 02:25:00+00:00,Colorado Buffaloes,Wyoming Cowboys,0.8,0.2,0.8,0.2,0.9,1.0,1
401756901,CFB,2025-09-20 16:00:00+00:00,Utah Utes,Texas Tech Red Raiders,0.61,0.39,0.61,0.39,0.9,0.9,2
401756896,CFB,2025-09-20 23:30:00+00:00,Baylor Bears,Arizona State Sun Devils,0.535,0.465,0.535,0.465,0.9,0.9,2
401756899,CFB,2025-09-20 22:00:00+00:00,Kansas Jayhawks,West Virginia Mountaineers,0.805,0.195,0.805,0.195,0.9,0.9,1
401756898,CFB,2025-09-20 23:30:00+00:00,East Carolina Pirates,BYU Cougars,0.315,0.685,0.315,0.685,0.9,0.9,2
401752723,CFB,2025-09-21 00:00:00+00:00,Texas Longhorns,Sam Houston Bearkats,0.988,0.012,0.988,0.012,0.9,0.9,1
401754642,CFB,2025-09-20 16:00:00+00:00,Louisville Cardinals,Bowling Green Falcons,0.9585,0.0415,0.9585,0.0415,0.9,0.9,1
401752848,CFB,2025-09-20 19:30:00+00:00,Notre Dame Fighting Irish,Purdue Boilermakers,0.935,0.065,0.935,0.065,1.0,0.9,1
401752843,CFB,2025-09-20 23:30:00+00:00,Indiana Hoosiers,Illinois Fighting Illini,0.69,0.31,0.69,0.31,0.9,0.9,1
401754541,CFB,2025-09-20 19:30:00+00:00,Florida State Seminoles,Kent State Golden Flashes,0.993,0.007,0.993,0.007,0.9,0.9,1
401752712,CFB,2025-09-20 20:15:00+00:00,Mississippi State Bulldogs,Northern Illinois Huskies,0.935,0.065,0.935,0.065,0.9,0.9,1
401752847,CFB,2025-09-21 03:00:00+00:00,USC Trojans,Michigan State Spartans,0.875,0.125,0.875,0.125,1.0,0.9,1
401752845,CFB,2025-09-20 16:00:00+00:00,Wisconsin Badgers,Maryland Terrapins,0.775,0.225,0.775,0.225,1.0,1.0,2
401752842,CFB,2025-09-20 23:30:00+00:00,Washington State Cougars,Washington Huskies,0.09,0.91,0.09,0.91,0.9,1.0,2
401752715,CFB,2025-09-20 16:45:00+00:00,Tennessee Volunteers,UAB Blazers,0.9845,0.0155,0.9845,0.0155,0.9,0.9,1
401754636,CFB,2025-09-20 16:00:00+00:00,TCU Horned Frogs,SMU Mustangs,0.675,0.325,0.675,0.325,0.9,0.9,1
401754539,CFB,2025-09-20 23:30:00+00:00,Virginia Cavaliers,Stanford Cardinal,0.86,0.14,0.86,0.14,0.9,0.9,1
401752841,CFB,2025-09-20 19:00:00+00:00,Oregon Ducks,Oregon State Beavers,0.9795,0.0205,0.9795,0.0205,1.0,0.9,1
401752709,CFB,2025-09-20 23:30:00+00:00,Miami Hurricanes,Florida Gators,0.76,0.24,0.76,0.24,0.9,1.0,1
401752716,CFB,2025-09-20 23:30:00+00:00,Vanderbilt Commodores,Georgia State Panthers,0.9625,0.0375,0.9625,0.0375,1.0,0.9,1
401752708,CFB,2025-09-20 16:00:00+00:00,Memphis Tigers,Arkansas Razorbacks,0.285,0.715,0.285,0.715,1.0,0.9,1
401754537,CFB,2025-09-20 16:00:00+00:00,Clemson Tigers,Syracuse Orange,0.865,0.135,0.865,0.135,0.9,0.9,2
401754640,CFB,2025-09-20 19:30:00+00:00,UCF Knights,North Carolina Tar Heels,0.685,0.315,0.685,0.315,0.9,0.9,1
401754540,CFB,2025-09-21 02:30:00+00:00,San Diego State Aztecs,California Golden Bears,0.175,0.825,0.175,0.825,0.9,0.9,1
401752714,CFB,2025-09-20 19:30:00+00:00,Oklahoma Sooners,Auburn Tigers,0.695,0.305,0.695,0.305,0.9,0.9,1
401752846,CFB,2025-09-20 19:30:00+00:00,Nebraska Cornhuskers,Michigan Wolverines,0.495,0.505,0.495,0.505,0.9,0.9,2
401752713,CFB,2025-09-20 23:00:00+00:00,Missouri Tigers,South Carolina Gamecocks,0.755,0.245,0.755,0.245,0.9,0.9,1
401752711,CFB,2025-09-20 19:30:00+00:00,Ole Miss Rebels,Tulane Green Wave,0.795,0.205,0.795,0.205,1.0,0.9,1
401762469,CFB,2025-09-20 16:00:00+00:00,Army Black Knights,North Texas Mean Green,0.425,0.575,0.425,0.575,0.9,0.9,2
401756900,CFB,2025-09-19 23:30:00+00:00,Oklahoma State Cowboys,Tulsa Golden Hurricane,0.785,0.215,0.785,0.215,0.9,0.9,2
401762468,CFB,2025-09-18 23:30:00+00:00,Charlotte 49ers,Rice Owls,0.465,0.535,0.465,0.535,0.9,0.9,2
401752844,CFB,2025-09-20 00:00:00+00:00,Rutgers Scarlet Knights,Iowa Hawkeyes,0.455,0.545,0.455,0.545,0.9,1.0,2
401762820,CFB,2025-09-20 19:30:00+00:00,Western Michigan Broncos,Toledo Rockets,0.185,0.815,0.185,0.815,1.0,1.0,1
401760374,CFB,2025-09-21 03:59:00+00:00,Hawai'i Rainbow Warriors,Fresno State Bulldogs,0.455,0.545,0.455,0.545,0.9,0.9,2
401760372,CFB,2025-09-20 23:00:00+00:00,Air Force Falcons,Boise State Broncos,0.225,0.775,0.225,0.775,1.0,1.0,2
401760373,CFB,2025-09-21 01:30:00+00:00,Colorado State Rams,UTSA Roadrunners,0.34,0.66,0.34,0.66,0.9,0.9,2
401760376,CFB,2025-09-20 16:00:00+00:00,Miami (OH) RedHawks,UNLV Rebels,0.47,0.53,0.47,0.53,0.9,0.9,2
401757268,CFB,2025-09-20 23:00:00+00:00,Western Kentucky Hilltoppers,Nevada Wolf Pack,0.735,0.265,0.735,0.265,1.0,1.0,1
401757267,CFB,2025-09-21 01:00:00+00:00,UTEP Miners,UL Monroe Warhawks,0.66,0.34,0.66,0.34,1.0,0.9,2
401757261,CFB,2025-09-20 22:00:00+00:00,Kennesaw State Owls,Arkansas State Red Wolves,0.355,0.645,0.355,0.645,0.9,0.9,1
401754542,CFB,2025-09-20 21:05:00+00:00,Georgia Tech Yellow Jackets,Temple Owls,0.94,0.06,0.94,0.06,1.0,1.0,1
401762465,CFB,2025-09-14 00:00:00+00:00,Tulsa Golden Hurricane,Navy Midshipmen,0.175,0.825,0.175,0.825,0.9,0.9,2
401761604,CFB,2025-09-13 23:30:00+00:00,Coastal Carolina Chanticleers,East Carolina Pirates,0.29,0.71,0.29,0.71,0.9,0.9,2
401761608,CFB,2025-09-13 16:00:00+00:00,Troy Trojans,Memphis Tigers,0.365,0.635,0.365,0.635,1.0,0.9,2
401760368,CFB,2025-09-14 01:45:00+00:00,Utah State Aggies,Air Force Falcons,0.365,0.635,0.365,0.635,0.9,0.9,1
401757234,CFB,2025-09-13 23:00:00+00:00,Georgia Southern Eagles,Jacksonville State Gamecocks,0.595,0.405,0.595,0.405,0.9,0.9,1
401757258,CFB,2025-09-13 21:00:00+00:00,Nevada Wolf Pack,Middle Tennessee Blue Raiders,0.745,0.255,0.745,0.255,0.9,0.9,2
401757257,CFB,2025-09-13 23:30:00+00:00,Louisiana Tech Bulldogs,New Mexico State Aggies,0.765,0.235,0.765,0.235,0.9,0.9,1
401757233,CFB,2025-09-14 00:30:00+00:00,Florida International Panthers,Florida Atlantic Owls,0.31,0.69,0.31,0.69,0.9,0.9,1
401757256,CFB,2025-09-13 21:00:00+00:00,Bowling Green Falcons,Liberty Flames,0.325,0.675,0.325,0.675,0.9,0.9,1
401756889,CFB,2025-09-14 02:30:00+00:00,Arizona State Sun Devils,Texas State Bobcats,0.88,0.12,0.88,0.12,0.9,0.9,1
401756895,CFB,2025-09-14 00:00:00+00:00,Wyoming Cowboys,Utah Utes,0.055,0.945,0.055,0.945,1.0,0.9,2
401756890,CFB,2025-09-13 20:00:00+00:00,Arkansas State Red Wolves,Iowa State Cyclones,0.075,0.925,0.075,0.925,0.9,0.9,2
401752699,CFB,2025-09-13 23:30:00+00:00,LSU Tigers,Florida Gators,0.675,0.325,0.675,0.325,0.9,0.9,1
401752698,CFB,2025-09-13 23:30:00+00:00,Kentucky Wildcats,Eastern Michigan Eagles,0.945,0.055,0.945,0.055,0.9,0.9,1
401752831,CFB,2025-09-13 16:00:00+00:00,Northwestern Wildcats,Oregon Ducks,0.0355,0.9645,0.0355,0.9645,0.9,0.9,2
401754623,CFB,2025-09-13 16:00:00+00:00,Georgia Tech Yellow Jackets,Clemson Tigers,0.425,0.575,0.425,0.575,0.9,0.9,1
401752707,CFB,2025-09-13 23:30:00+00:00,Notre Dame Fighting Irish,Texas A&M Aggies,0.69,0.31,0.69,0.31,0.9,0.9,2
401752829,CFB,2025-09-13 23:00:00+00:00,Illinois Fighting Illini,Western Michigan Broncos,0.9615,0.0385,0.9615,0.0385,0.9,0.9,1
401762817,CFB,2025-09-13 16:00:00+00:00,Kent State Golden Flashes,Buffalo Bulls,0.065,0.935,0.065,0.935,0.9,1.0,2
401752696,CFB,2025-09-13 16:00:00+00:00,Alabama Crimson Tide,Wisconsin Badgers,0.905,0.095,0.905,0.095,1.0,1.0,1
401754638,CFB,2025-09-13 19:30:00+00:00,West Virginia Mountaineers,Pittsburgh Panthers,0.285,0.715,0.285,0.715,0.9,0.9,1
401762463,CFB,2025-09-14 00:30:00+00:00,UAB Blazers,Akron Zips,0.795,0.205,0.795,0.205,0.9,0.9,1
401754534,CFB,2025-09-14 00:00:00+00:00,Tulane Green Wave,Duke Blue Devils,0.515,0.485,0.515,0.485,0.9,0.9,1
401752938,CFB,2025-09-13 19:30:00+00:00,Texas Tech Red Raiders,Oregon State Beavers,0.955,0.045,0.955,0.045,0.9,0.9,1
401752705,CFB,2025-09-13 19:30:00+00:00,Tennessee Volunteers,Georgia Bulldogs,0.39,0.61,0.39,0.61,0.9,0.9,2
401754536,CFB,2025-09-13 23:00:00+00:00,Virginia Tech Hokies,Old Dominion Monarchs,0.67,0.33,0.67,0.33,0.9,0.9,2
401752704,CFB,2025-09-13 23:45:00+00:00,South Carolina Gamecocks,Vanderbilt Commodores,0.59,0.41,0.59,0.41,1.0,0.9,2
401752706,CFB,2025-09-13 20:15:00+00:00,Texas Longhorns,UTEP Miners,0.986,0.014,0.986,0.014,0.9,0.9,1
401752832,CFB,2025-09-13 22:45:00+00:00,Purdue Boilermakers,USC Trojans,0.09,0.91,0.09,0.91,0.9,0.9,2
401752840,CFB,2025-09-14 02:30:00+00:00,California Golden Bears,Minnesota Golden Gophers,0.415,0.585,0.415,0.585,0.9,0.9,1
401752949,CFB,2025-09-13 19:30:00+00:00,North Texas Mean Green,Washington State Cougars,0.7,0.3,0.7,0.3,0.9,0.9,1
401754533,CFB,2025-09-14 02:30:00+00:00,Stanford Cardinal,Boston College Eagles,0.17,0.83,0.17,0.83,0.9,0.9,1
401754535,CFB,2025-09-13 20:30:00+00:00,Miami Hurricanes,South Florida Bulls,0.865,0.135,0.865,0.135,1.0,0.9,1
401752697,CFB,2025-09-13 16:45:00+00:00,Auburn Tigers,South Alabama Jaguars,0.945,0.055,0.945,0.055,0.9,0.9,1
401752827,CFB,2025-09-13 23:00:00+00:00,Ohio State Buckeyes,Ohio Bobcats,0.9795,0.0205,0.9795,0.0205,0.9,1.0,1
401752703,CFB,2025-09-13 16:00:00+00:00,Temple Owls,Oklahoma Sooners,0.06,0.94,0.06,0.94,0.9,0.9,2
401752700,CFB,2025-09-13 23:00:00+00:00,Ole Miss Rebels,Arkansas Razorbacks,0.615,0.385,0.615,0.385,1.0,0.9,1
401752702,CFB,2025-09-13 17:00:00+00:00,Missouri Tigers,Louisiana Ragin' Cajuns,0.955,0.045,0.955,0.045,0.9,0.9,1
401752839,CFB,2025-09-13 16:00:00+00:00,Michigan Wolverines,Central Michigan Chippewas,0.962,0.038,0.962,0.038,0.9,0.9,1
401756893,CFB,2025-09-12 23:30:00+00:00,Houston Cougars,Colorado Buffaloes,0.64,0.36,0.64,0.36,0.9,0.9,1
401756888,CFB,2025-09-13 01:00:00+00:00,Arizona Wildcats,Kansas State Wildcats,0.485,0.515,0.485,0.515,0.9,0.9,1
401752837,CFB,2025-09-13 02:00:00+00:00,UCLA Bruins,New Mexico Lobos,0.84,0.16,0.84,0.16,1.0,0.9,2
401761601,CFB,2025-09-06 23:00:00+00:00,South Alabama Jaguars,Tulane Green Wave,0.19,0.81,0.19,0.81,1.0,1.0,2
401761603,CFB,2025-09-06 19:30:00+00:00,UTSA Roadrunners,Texas State Bobcats,0.645,0.355,0.645,0.355,0.9,0.9,2
401761598,CFB,2025-09-06 23:00:00+00:00,Georgia State Panthers,Memphis Tigers,0.155,0.845,0.155,0.845,1.0,1.0,2
401757230,CFB,2025-09-07 03:59:00+00:00,Hawai'i Rainbow Warriors,Sam Houston Bearkats,0.725,0.275,0.725,0.275,0.9,0.9,1
401757227,CFB,2025-09-06 16:00:00+00:00,Jacksonville State Gamecocks,Liberty Flames,0.325,0.675,0.325,0.675,0.9,0.9,1
401757229,CFB,2025-09-07 01:00:00+00:00,New Mexico State Aggies,Tulsa Golden Hurricane,0.41,0.59,0.41,0.59,0.9,0.9,1
401756884,CFB,2025-09-06 23:00:00+00:00,Rice Owls,Houston Cougars,0.175,0.825,0.175,0.825,1.0,0.9,2
401756880,CFB,2025-09-06 19:30:00+00:00,Cincinnati Bearcats,Bowling Green Falcons,0.92,0.08,0.92,0.08,1.0,0.9,1
401756883,CFB,2025-09-06 20:00:00+00:00,Ohio Bobcats,West Virginia Mountaineers,0.375,0.625,0.375,0.625,0.9,1.0,1
401752686,CFB,2025-09-06 19:30:00+00:00,Kentucky Wildcats,Ole Miss Rebels,0.26,0.74,0.26,0.74,0.9,1.0,2
401752812,CFB,2025-09-06 16:00:00+00:00,Indiana Hoosiers,Kennesaw State Owls,0.9855,0.0145,0.9855,0.0145,0.9,0.9,1
401752682,CFB,2025-09-06 21:00:00+00:00,Arkansas Razorbacks,Arkansas State Red Wolves,0.935,0.065,0.935,0.065,0.9,1.0,1
401752681,CFB,2025-09-06 23:45:00+00:00,Alabama Crimson Tide,UL Monroe Warhawks,0.9735,0.0265,0.9735,0.0265,0.9,1.0,1
401752814,CFB,2025-09-06 23:30:00+00:00,USC Trojans,Georgia Southern Eagles,0.978,0.022,0.978,0.022,0.9,0.9,1
401752695,CFB,2025-09-06 23:30:00+00:00,Virginia Tech Hokies,Vanderbilt Commodores,0.535,0.465,0.535,0.465,0.9,0.9,2
401754526,CFB,2025-09-07 02:15:00+00:00,BYU Cougars,Stanford Cardinal,0.915,0.085,0.915,0.085,0.9,0.9,1
401754525,CFB,2025-09-06 16:00:00+00:00,SMU Mustangs,Baylor Bears,0.595,0.405,0.595,0.405,0.9,0.9,2
401752693,CFB,2025-09-06 16:00:00+00:00,Texas Longhorns,San José State Spartans,0.992,0.008,0.992,0.008,1.0,0.9,1
401752824,CFB,2025-09-06 19:30:00+00:00,Oregon Ducks,Oklahoma State Cowboys,0.975,0.025,0.975,0.025,1.0,0.9,1
401762461,CFB,2025-09-06 19:30:00+00:00,Western Michigan Broncos,North Texas Mean Green,0.215,0.785,0.215,0.785,0.9,1.0,2
401762458,CFB,2025-09-06 19:30:00+00:00,Navy Midshipmen,UAB Blazers,0.915,0.085,0.915,0.085,1.0,0.9,1
401757232,CFB,2025-09-06 23:00:00+00:00,Toledo Rockets,Western Kentucky Hilltoppers,0.735,0.265,0.735,0.265,1.0,0.9,1
401756885,CFB,2025-09-06 16:00:00+00:00,Texas Tech Red Raiders,Kent State Golden Flashes,0.994,0.006,0.994,0.006,1.0,0.9,1
401756882,CFB,2025-09-06 23:00:00+00:00,Kansas State Wildcats,Army Black Knights,0.86,0.14,0.86,0.14,1.0,1.0,2
401752687,CFB,2025-09-06 23:30:00+00:00,LSU Tigers,Louisiana Tech Bulldogs,0.9855,0.0145,0.9855,0.0145,0.9,0.9,1
401752822,CFB,2025-09-06 16:00:00+00:00,Iowa State Cyclones,Iowa Hawkeyes,0.6,0.4,0.6,0.4,0.9,0.9,1
401752688,CFB,2025-09-06 23:30:00+00:00,Mississippi State Bulldogs,Arizona State Sun Devils,0.325,0.675,0.325,0.675,1.0,0.9,1
401752820,CFB,2025-09-06 20:00:00+00:00,Wisconsin Badgers,Middle Tennessee Blue Raiders,0.964,0.036,0.964,0.036,0.9,0.9,1
401752948,CFB,2025-09-07 02:15:00+00:00,Washington State Cougars,San Diego State Aztecs,0.535,0.465,0.535,0.465,0.9,0.9,1
401752684,CFB,2025-09-06 20:15:00+00:00,Florida Gators,South Florida Bulls,0.885,0.115,0.885,0.115,1.0,0.9,2
401752823,CFB,2025-09-07 00:00:00+00:00,UNLV Rebels,UCLA Bruins,0.455,0.545,0.455,0.545,0.9,0.9,1
401754637,CFB,2025-09-06 19:30:00+00:00,Clemson Tigers,Troy Trojans,0.9825,0.0175,0.9825,0.0175,0.9,0.9,1
401754529,CFB,2025-09-06 16:00:00+00:00,Pittsburgh Panthers,Central Michigan Chippewas,0.935,0.065,0.935,0.065,0.9,0.9,1
401752811,CFB,2025-09-06 16:00:00+00:00,Penn State Nittany Lions,Florida International Panthers,0.9915,0.0085,0.9915,0.0085,0.9,0.9,1
401752937,CFB,2025-09-06 19:30:00+00:00,Oregon State Beavers,Fresno State Bulldogs,0.51,0.49,0.51,0.49,0.9,0.9,2
401752690,CFB,2025-09-06 23:30:00+00:00,Oklahoma Sooners,Michigan Wolverines,0.635,0.365,0.635,0.365,0.9,1.0,1
401752683,CFB,2025-09-06 23:30:00+00:00,Auburn Tigers,Ball State Cardinals,0.9845,0.0155,0.9845,0.0155,0.9,0.9,1
401754618,CFB,2025-09-06 16:00:00+00:00,Syracuse Orange,UConn Huskies,0.725,0.275,0.725,0.275,0.9,1.0,1
401752818,CFB,2025-09-06 20:30:00+00:00,Rutgers Scarlet Knights,Miami (OH) RedHawks,0.875,0.125,0.875,0.125,1.0,1.0,1
401752810,CFB,2025-09-06 23:30:00+00:00,Nebraska Cornhuskers,Akron Zips,0.9725,0.0275,0.9725,0.0275,0.9,0.9,1
401752825,CFB,2025-09-06 16:00:00+00:00,Duke Blue Devils,Illinois Fighting Illini,0.45,0.55,0.45,0.55,0.9,0.9,2
401752689,CFB,2025-09-06 19:30:00+00:00,Missouri Tigers,Kansas Jayhawks,0.645,0.355,0.645,0.355,0.9,0.9,1
401752816,CFB,2025-09-06 23:30:00+00:00,Michigan State Spartans,Boston College Eagles,0.605,0.395,0.605,0.395,0.9,0.9,1
401752694,CFB,2025-09-06 16:45:00+00:00,Texas A&M Aggies,Utah State Aggies,0.9805,0.0195,0.9805,0.0195,0.9,0.9,1
401754527,CFB,2025-09-06 23:00:00+00:00,Charlotte 49ers,North Carolina Tar Heels,0.15,0.85,0.15,0.85,0.9,0.9,2
401754528,CFB,2025-09-05 23:00:00+00:00,Louisville Cardinals,James Madison Dukes,0.855,0.145,0.855,0.145,0.9,0.9,1
401752826,CFB,2025-09-05 23:30:00+00:00,Maryland Terrapins,Northern Illinois Huskies,0.875,0.125,0.875,0.125,0.9,0.9,1
401761590,CFB,2025-08-30 22:00:00+00:00,James Madison Dukes,Weber State Wildcats,0.51,0.49,0.51,0.49,0.9,1.0,1
401761591,CFB,2025-08-30 23:00:00+00:00,Arkansas State Red Wolves,Southeast Missouri State Redhawks,0.845,0.155,0.845,0.155,1.0,0.9,1
401757226,CFB,2025-08-30 23:00:00+00:00,Western Kentucky Hilltoppers,North Alabama Lions,0.775,0.225,0.775,0.225,0.9,1.0,1
401761593,CFB,2025-08-30 23:00:00+00:00,South Alabama Jaguars,Morgan State Bears,0.575,0.425,0.575,0.425,0.9,0.9,1
401752679,CFB,2025-08-30 23:00:00+00:00,Vanderbilt Commodores,Charleston Southern Buccaneers,0.506,0.494,0.506,0.494,0.9,0.9,1
401752798,CFB,2025-08-30 23:30:00+00:00,USC Trojans,Missouri State Bears,0.6555,0.3445,0.6555,0.3445,0.9,0.9,1
401752675,CFB,2025-08-30 22:00:00+00:00,Oklahoma Sooners,Illinois State Redbirds,0.968,0.032,0.968,0.032,1.0,1.0,1
401754522,CFB,2025-08-31 23:30:00+00:00,Miami Hurricanes,Notre Dame Fighting Irish,0.425,0.575,0.425,0.575,0.9,0.9,1
401752677,CFB,2025-08-30 16:00:00+00:00,Ohio State Buckeyes,Texas Longhorns,0.535,0.465,0.535,0.465,0.9,0.9,1
401754523,CFB,2025-09-02 00:00:00+00:00,North Carolina Tar Heels,TCU Horned Frogs,0.385,0.615,0.385,0.615,0.9,0.9,2
401752680,CFB,2025-08-31 19:00:00+00:00,South Carolina Gamecocks,Virginia Tech Hokies,0.71,0.29,0.71,0.29,1.0,1.0,1
401760361,CFB,2025-08-31 01:30:00+00:00,Fresno State Bulldogs,Georgia Southern Eagles,0.52,0.48,0.52,0.48,0.9,0.9,1
401752807,CFB,2025-08-30 19:30:00+00:00,Penn State Nittany Lions,Nevada Wolf Pack,0.9925,0.0075,0.9925,0.0075,0.9,1.0,1
401752670,CFB,2025-08-30 16:45:00+00:00,Kentucky Wildcats,Toledo Rockets,0.755,0.245,0.755,0.245,0.9,0.9,1
401752671,CFB,2025-08-30 23:30:00+00:00,Clemson Tigers,LSU Tigers,0.665,0.335,0.665,0.335,0.9,0.9,2
401752800,CFB,2025-08-31 03:00:00+00:00,UCLA Bruins,Utah Utes,0.31,0.69,0.31,0.69,0.9,0.9,2
401752805,CFB,2025-08-31 03:00:00+00:00,Washington Huskies,Colorado State Rams,0.935,0.065,0.935,0.065,1.0,1.0,1
401752936,CFB,2025-08-31 02:30:00+00:00,Oregon State Beavers,California Golden Bears,0.445,0.555,0.445,0.555,1.0,0.9,2
401756849,CFB,2025-08-31 02:30:00+00:00,Arizona Wildcats,Hawai'i Rainbow Warriors,0.85,0.15,0.85,0.15,1.0,0.9,1
401761594,CFB,2025-08-31 00:00:00+00:00,Texas State Bobcats,Eastern Michigan Eagles,0.83,0.17,0.83,0.17,1.0,1.0,1
401752672,CFB,2025-08-30 23:45:00+00:00,Ole Miss Rebels,Georgia State Panthers,0.9555,0.0445,0.9555,0.0445,0.9,1.0,1
401752808,CFB,2025-08-30 23:30:00+00:00,Michigan Wolverines,New Mexico Lobos,0.97,0.03,0.97,0.03,0.9,0.9,1
401757225,CFB,2025-08-30 23:30:00+00:00,Utah State Aggies,UTEP Miners,0.655,0.345,0.655,0.345,0.9,1.0,1
401752678,CFB,2025-08-30 23:00:00+00:00,Texas A&M Aggies,UTSA Roadrunners,0.94,0.06,0.94,0.06,0.9,0.9,1
401754616,CFB,2025-08-30 22:00:00+00:00,Virginia Cavaliers,Coastal Carolina Chanticleers,0.81,0.19,0.81,0.19,1.0,0.9,1
401752665,CFB,2025-08-30 19:30:00+00:00,Florida State Seminoles,Alabama Crimson Tide,0.16,0.84,0.16,0.84,1.0,1.0,1
401752669,CFB,2025-08-30 19:30:00+00:00,Georgia Bulldogs,Marshall Thundering Herd,0.9815,0.0185,0.9815,0.0185,1.0,1.0,1
401752806,CFB,2025-08-30 18:30:00+00:00,Indiana Hoosiers,Old Dominion Monarchs,0.95,0.05,0.95,0.05,0.9,1.0,1
401752794,CFB,2025-08-28 22:00:00+00:00,Rutgers Scarlet Knights,Ohio Bobcats,0.855,0.145,0.855,0.145,0.9,1.0,1
401752676,CFB,2025-08-30 16:00:00+00:00,Tennessee Volunteers,Syracuse Orange,0.825,0.175,0.825,0.175,0.9,0.9,1
401752801,CFB,2025-08-30 16:00:00+00:00,Purdue Boilermakers,Ball State Cardinals,0.87,0.13,0.87,0.13,1.0,0.9,1
401752803,CFB,2025-08-30 16:00:00+00:00,Tulane Green Wave,Northwestern Wildcats,0.68,0.32,0.68,0.32,0.9,0.9,1
401752797,CFB,2025-08-30 16:00:00+00:00,Maryland Terrapins,Florida Atlantic Owls,0.805,0.195,0.805,0.195,0.9,0.9,1
401760358,CFB,2025-08-30 02:30:00+00:00,San José State Spartans,Central Michigan Chippewas,0.835,0.165,0.835,0.165,0.9,0.9,2
401757224,CFB,2025-08-30 01:30:00+00:00,Sam Houston Bearkats,UNLV Rebels,0.255,0.745,0.255,0.745,0.9,0.9,2
401754375,CFB,2025-08-30 00:00:00+00:00,Colorado Buffaloes,Georgia Tech Yellow Jackets,0.385,0.615,0.385,0.615,0.9,0.9,2
401752667,CFB,2025-08-30 00:00:00+00:00,Baylor Bears,Auburn Tigers,0.485,0.515,0.485,0.515,0.9,0.9,2
401752802,CFB,2025-08-29 23:00:00+00:00,Michigan State Spartans,Western Michigan Broncos,0.935,0.065,0.935,0.065,0.9,0.9,1
401754374,CFB,2025-08-29 23:00:00+00:00,Wake Forest Demon Deacons,Kennesaw State Owls,0.9,0.1,0.9,0.1,0.9,0.9,1
401752796,CFB,2025-08-29 01:00:00+00:00,Cincinnati Bearcats,Nebraska Cornhuskers,0.31,0.69,0.31,0.69,1.0,0.9,2
401762791,CFB,2025-08-29 01:00:00+00:00,Wisconsin Badgers,Miami (OH) RedHawks,0.9,0.1,0.9,0.1,0.9,0.9,1
401752793,CFB,2025-08-29 00:00:00+00:00,Minnesota Golden Gophers,Buffalo Bulls,0.87,0.13,0.87,0.13,0.9,1.0,1
401756848,CFB,2025-08-28 23:00:00+00:00,UCF Knights,Jacksonville State Gamecocks,0.905,0.095,0.905,0.095,0.9,1.0,1
401762789,CFB,2025-08-28 23:00:00+00:00,Akron Zips,Wyoming Cowboys,0.345,0.655,0.345,0.655,0.9,0.9,2
401754373,CFB,2025-08-28 23:00:00+00:00,NC State Wolfpack,East Carolina Pirates,0.82,0.18,0.82,0.18,0.9,0.9,1
401762522,CFB,2025-08-28 21:30:00+00:00,South Florida Bulls,Boise State Broncos,0.365,0.635,0.365,0.635,0.9,1.0,1
401754516,CFB,2025-08-23 23:30:00+00:00,Hawai'i Rainbow Warriors,Stanford Cardinal,0.545,0.455,0.545,0.455,0.9,0.9,1
401757218,CFB,2025-08-23 23:00:00+00:00,Western Kentucky Hilltoppers,Sam Houston Bearkats,0.775,0.225,0.775,0.225,0.9,0.9,1
401756847,CFB,2025-08-23 22:30:00+00:00,Kansas Jayhawks,Fresno State Bulldogs,0.835,0.165,0.835,0.165,0.9,1.0,1
401756846,CFB,2025-08-23 16:00:00+00:00,Kansas State Wildcats,Iowa State Cyclones,0.575,0.425,0.575,0.425,0.9,1.0,2
401816475,MLB,2026-08-11 02:10:00+00:00,Los Angeles Dodgers,Kansas City Royals,0.715,0.285,0.715,0.285,0.8,0.8,1
401816474,MLB,2026-08-11 01:45:00+00:00,San Francisco Giants,Houston Astros,0.425,0.575,0.425,0.575,0.8,0.8,2
401816476,MLB,2026-08-11 01:40:00+00:00,San Diego Padres,Milwaukee Brewers,0.475,0.525,0.475,0.525,0.8,0.8,1
401816477,MLB,2026-08-11 01:40:00+00:00,Athletics,Tampa Bay Rays,0.405,0.595,0.405,0.595,0.8,0.8,2
401816473,MLB,2026-08-11 01:40:00+00:00,Arizona Diamondbacks,Colorado Rockies,0.655,0.345,0.655,0.345,0.8,0.8,1
401816472,MLB,2026-08-10 23:45:00+00:00,St. Louis Cardinals,Philadelphia Phillies,0.475,0.525,0.475,0.525,0.8,0.8,2
401816478,MLB,2026-08-11 01:38:00+00:00,Los Angeles Angels,Texas Rangers,0.495,0.505,0.495,0.505,0.8,0.8,2
401816471,MLB,2026-08-10 23:40:00+00:00,Minnesota Twins,Baltimore Orioles,0.505,0.495,0.505,0.495,0.8,0.8,1
401816470,MLB,2026-08-10 23:15:00+00:00,Atlanta Braves,New York Mets,0.565,0.435,0.565,0.435,0.8,0.8,2
401816469,MLB,2026-08-10 23:07:00+00:00,Toronto Blue Jays,Boston Red Sox,0.405,0.595,0.405,0.595,0.6,0.6,1
401816466,MLB,2026-08-10 00:20:00+00:00,San Diego Padres,Houston Astros,0.525,0.475,0.525,0.475,0.9,0.9,1
401816467,MLB,2026-08-09 20:10:00+00:00,Arizona Diamondbacks,Los Angeles Dodgers,0.445,0.555,0.445,0.555,0.8,0.8,1
401816468,MLB,2026-08-09 20:10:00+00:00,Seattle Mariners,Tampa Bay Rays,0.505,0.495,0.505,0.495,0.8,0.8,2
401816465,MLB,2026-08-09 20:05:00+00:00,San Francisco Giants,Detroit Tigers,0.465,0.535,0.465,0.535,0.8,0.8,2
401816460,MLB,2026-08-09 18:35:00+00:00,Texas Rangers,Baltimore Orioles,0.545,0.455,0.545,0.455,0.8,0.8,2
401816463,MLB,2026-08-09 18:15:00+00:00,St. Louis Cardinals,Colorado Rockies,0.605,0.395,0.605,0.395,0.8,0.8,1
401816464,MLB,2026-08-09 18:10:00+00:00,Milwaukee Brewers,Minnesota Twins,0.715,0.285,0.715,0.285,0.8,0.8,1
401816461,MLB,2026-08-09 18:10:00+00:00,Kansas City Royals,Chicago Cubs,0.395,0.605,0.395,0.605,0.8,0.8,2
401816462,MLB,2026-08-09 18:10:00+00:00,Chicago White Sox,Cleveland Guardians,0.455,0.545,0.455,0.545,0.8,0.8,1
401816454,MLB,2026-08-09 17:40:00+00:00,Miami Marlins,Los Angeles Angels,0.575,0.425,0.575,0.425,0.8,0.8,1
401816458,MLB,2026-08-09 17:35:00+00:00,Pittsburgh Pirates,New York Mets,0.575,0.425,0.575,0.425,0.8,0.8,2
401816459,MLB,2026-08-09 17:35:00+00:00,Philadelphia Phillies,Toronto Blue Jays,0.675,0.325,0.675,0.325,0.8,0.8,1
401816455,MLB,2026-08-09 17:35:00+00:00,Boston Red Sox,Athletics,0.675,0.325,0.675,0.325,0.8,0.8,2
401816456,MLB,2026-08-09 17:35:00+00:00,New York Yankees,Atlanta Braves,0.575,0.425,0.575,0.425,0.8,0.8,2
401816457,MLB,2026-08-09 16:15:00+00:00,Washington Nationals,Cincinnati Reds,0.525,0.475,0.525,0.475,0.8,0.8,1
401816453,MLB,2026-08-09 01:50:00+00:00,Seattle Mariners,Tampa Bay Rays,0.555,0.445,0.555,0.445,0.8,0.8,2
401816452,MLB,2026-08-09 00:10:00+00:00,Arizona Diamondbacks,Los Angeles Dodgers,0.355,0.645,0.355,0.645,0.8,0.8,2
401816448,MLB,2026-08-08 23:15:00+00:00,St. Louis Cardinals,Colorado Rockies,0.595,0.405,0.595,0.405,0.8,0.8,2
401816450,MLB,2026-08-08 23:15:00+00:00,San Francisco Giants,Detroit Tigers,0.475,0.525,0.475,0.525,0.8,0.8,2
401816445,MLB,2026-08-08 23:15:00+00:00,Texas Rangers,Baltimore Orioles,0.575,0.425,0.575,0.425,0.8,0.8,1
401816451,MLB,2026-08-08 23:15:00+00:00,San Diego Padres,Houston Astros,0.535,0.465,0.535,0.465,0.8,0.8,1
401816443,MLB,2026-08-08 22:40:00+00:00,Pittsburgh Pirates,New York Mets,0.525,0.475,0.525,0.475,0.8,0.8,1
401816449,MLB,2026-08-08 23:10:00+00:00,Milwaukee Brewers,Minnesota Twins,0.565,0.435,0.565,0.435,0.8,0.8,1
401816446,MLB,2026-08-08 23:10:00+00:00,Kansas City Royals,Chicago Cubs,0.415,0.585,0.415,0.585,0.8,0.8,1
401816447,MLB,2026-08-08 23:15:00+00:00,Chicago White Sox,Cleveland Guardians,0.455,0.545,0.455,0.545,0.8,0.8,1
401816442,MLB,2026-08-08 22:45:00+00:00,Washington Nationals,Cincinnati Reds,0.445,0.555,0.445,0.555,0.8,0.8,1
401816444,MLB,2026-08-08 22:05:00+00:00,Philadelphia Phillies,Toronto Blue Jays,0.615,0.385,0.615,0.385,0.6,0.6,2
401816439,MLB,2026-08-08 20:10:00+00:00,Miami Marlins,Los Angeles Angels,0.585,0.415,0.585,0.415,0.8,0.8,1
401816440,MLB,2026-08-08 20:10:00+00:00,Boston Red Sox,Athletics,0.715,0.285,0.715,0.285,0.8,0.8,2
401816441,MLB,2026-08-08 19:05:00+00:00,New York Yankees,Atlanta Braves,0.415,0.585,0.415,0.585,0.9,0.9,1
401816438,MLB,2026-08-08 01:45:00+00:00,Seattle Mariners,Tampa Bay Rays,0.525,0.475,0.525,0.475,0.8,0.8,2
401816435,MLB,2026-08-08 02:15:00+00:00,San Francisco Giants,Detroit Tigers,0.435,0.565,0.435,0.565,0.8,0.8,1
401816436,MLB,2026-08-08 01:40:00+00:00,San Diego Padres,Houston Astros,0.515,0.485,0.515,0.485,0.8,0.8,2
401816437,MLB,2026-08-08 01:40:00+00:00,Arizona Diamondbacks,Los Angeles Dodgers,0.385,0.615,0.385,0.615,0.8,0.8,1
401816431,MLB,2026-08-08 00:10:00+00:00,Kansas City Royals,Chicago Cubs,0.385,0.615,0.385,0.615,0.8,0.8,2
401816433,MLB,2026-08-08 00:15:00+00:00,St. Louis Cardinals,Colorado Rockies,0.605,0.395,0.605,0.395,0.8,0.8,1
401816430,MLB,2026-08-08 00:15:00+00:00,Texas Rangers,Baltimore Orioles,0.575,0.425,0.575,0.425,0.8,0.8,1
401816434,MLB,2026-08-07 23:40:00+00:00,Milwaukee Brewers,Minnesota Twins,0.625,0.375,0.625,0.375,0.8,0.8,2
401816432,MLB,2026-08-07 23:40:00+00:00,Chicago White Sox,Cleveland Guardians,0.425,0.575,0.425,0.575,0.8,0.8,2
401816424,MLB,2026-08-07 23:10:00+00:00,Miami Marlins,Los Angeles Angels,0.585,0.415,0.585,0.415,0.8,0.8,2
401816426,MLB,2026-08-07 23:05:00+00:00,New York Yankees,Atlanta Braves,0.545,0.455,0.545,0.455,0.8,0.8,1
401816425,MLB,2026-08-07 23:10:00+00:00,Boston Red Sox,Athletics,0.715,0.285,0.715,0.285,0.8,0.8,1
401816427,MLB,2026-08-07 22:45:00+00:00,Washington Nationals,Cincinnati Reds,0.535,0.465,0.535,0.465,0.8,0.8,1
401816428,MLB,2026-08-07 22:40:00+00:00,Pittsburgh Pirates,New York Mets,0.555,0.445,0.555,0.445,0.8,0.8,2
401816429,MLB,2026-08-07 22:40:00+00:00,Philadelphia Phillies,Toronto Blue Jays,0.655,0.345,0.655,0.345,0.8,0.8,2
401816421,MLB,2026-08-06 18:10:00+00:00,Milwaukee Brewers,Pittsburgh Pirates,0.535,0.465,0.535,0.465,0.8,0.8,1
401816422,MLB,2026-08-06 20:10:00+00:00,Seattle Mariners,Detroit Tigers,0.525,0.475,0.525,0.475,0.8,0.8,2
401816416,MLB,2026-08-06 23:10:00+00:00,Boston Red Sox,Chicago White Sox,0.645,0.355,0.645,0.355,0.8,0.8,1
401816417,MLB,2026-08-06 23:15:00+00:00,Atlanta Braves,Miami Marlins,0.605,0.395,0.605,0.395,0.8,0.8,1
401816420,MLB,2026-08-06 23:30:00+00:00,Kansas City Royals,Minnesota Twins,0.555,0.445,0.555,0.445,0.8,0.8,2
401816423,MLB,2026-08-07 01:40:00+00:00,Arizona Diamondbacks,San Diego Padres,0.495,0.505,0.495,0.505,0.8,0.8,2
401816419,MLB,2026-08-06 22:05:00+00:00,Philadelphia Phillies,Washington Nationals,0.745,0.255,0.745,0.255,0.8,0.8,1
401816418,MLB,2026-08-06 17:10:00+00:00,Cleveland Guardians,New York Mets,0.535,0.465,0.535,0.465,0.8,0.8,2
401816415,MLB,2026-08-06 16:40:00+00:00,Cincinnati Reds,Athletics,0.615,0.385,0.615,0.385,0.8,0.8,1
401816414,MLB,2026-08-06 16:35:00+00:00,Baltimore Orioles,Los Angeles Angels,0.635,0.365,0.635,0.365,0.5,0.5,2
401816412,MLB,2026-08-06 01:40:00+00:00,Seattle Mariners,Detroit Tigers,0.585,0.415,0.585,0.415,0.8,0.8,1
401816408,MLB,2026-08-05 23:30:00+00:00,Milwaukee Brewers,Pittsburgh Pirates,0.545,0.455,0.545,0.455,0.8,0.8,1
401816413,MLB,2026-08-06 01:40:00+00:00,Arizona Diamondbacks,San Diego Padres,0.435,0.565,0.435,0.565,0.8,0.8,1
401816407,MLB,2026-08-05 23:40:00+00:00,Kansas City Royals,Minnesota Twins,0.535,0.465,0.535,0.465,0.8,0.8,1
401816402,MLB,2026-08-05 23:15:00+00:00,Atlanta Braves,Miami Marlins,0.545,0.455,0.545,0.455,0.8,0.8,1
401816401,MLB,2026-08-05 23:10:00+00:00,Boston Red Sox,Chicago White Sox,0.575,0.425,0.575,0.425,0.8,0.8,1
401816404,MLB,2026-08-05 23:05:00+00:00,New York Yankees,St. Louis Cardinals,0.585,0.415,0.585,0.415,0.8,0.8,2
401816405,MLB,2026-08-05 23:05:00+00:00,Philadelphia Phillies,Washington Nationals,0.645,0.355,0.645,0.355,0.8,0.8,2
401816403,MLB,2026-08-05 22:40:00+00:00,Cleveland Guardians,New York Mets,0.505,0.495,0.505,0.495,0.8,0.8,2
401816400,MLB,2026-08-05 22:40:00+00:00,Cincinnati Reds,Athletics,0.605,0.395,0.605,0.395,0.8,0.8,1
401816399,MLB,2026-08-05 22:35:00+00:00,Baltimore Orioles,Los Angeles Angels,0.565,0.435,0.565,0.435,0.8,0.8,1
401816409,MLB,2026-08-05 18:35:00+00:00,Texas Rangers,San Francisco Giants,0.595,0.405,0.595,0.405,0.8,0.8,1
401816411,MLB,2026-08-05 19:10:00+00:00,Colorado Rockies,Tampa Bay Rays,0.415,0.585,0.415,0.585,0.8,0.8,2
401816406,MLB,2026-08-05 18:20:00+00:00,Chicago Cubs,Los Angeles Dodgers,0.525,0.475,0.525,0.475,0.8,0.8,1
401816410,MLB,2026-08-05 18:10:00+00:00,Houston Astros,Toronto Blue Jays,0.675,0.325,0.675,0.325,0.8,0.8,2
401816397,MLB,2026-08-05 01:40:00+00:00,Seattle Mariners,Detroit Tigers,0.525,0.475,0.525,0.475,0.9,0.9,2
401816396,MLB,2026-08-05 00:40:00+00:00,Colorado Rockies,Tampa Bay Rays,0.395,0.605,0.395,0.605,0.6,0.6,2
401816398,MLB,2026-08-05 01:40:00+00:00,Arizona Diamondbacks,San Diego Padres,0.525,0.475,0.525,0.475,0.9,0.8,2
401816395,MLB,2026-08-05 00:10:00+00:00,Houston Astros,Toronto Blue Jays,0.565,0.435,0.565,0.435,0.6,0.6,1
401816394,MLB,2026-08-05 00:05:00+00:00,Texas Rangers,San Francisco Giants,0.645,0.355,0.645,0.355,0.8,0.8,1
401816391,MLB,2026-08-05 00:05:00+00:00,Chicago Cubs,Los Angeles Dodgers,0.355,0.645,0.355,0.645,0.8,0.8,1
401816392,MLB,2026-08-04 23:40:00+00:00,Kansas City Royals,Minnesota Twins,0.425,0.575,0.425,0.575,0.8,0.8,1
401816393,MLB,2026-08-04 23:40:00+00:00,Milwaukee Brewers,Pittsburgh Pirates,0.565,0.435,0.565,0.435,0.8,0.8,1
401816387,MLB,2026-08-04 23:15:00+00:00,Atlanta Braves,Miami Marlins,0.575,0.425,0.575,0.425,0.8,0.8,1
401816386,MLB,2026-08-04 23:10:00+00:00,Boston Red Sox,Chicago White Sox,0.575,0.425,0.575,0.425,0.8,0.8,1
401816389,MLB,2026-08-04 23:05:00+00:00,New York Yankees,St. Louis Cardinals,0.645,0.355,0.645,0.355,0.8,0.8,1
401816390,MLB,2026-08-04 22:40:00+00:00,Philadelphia Phillies,Washington Nationals,0.735,0.265,0.735,0.265,0.8,0.8,1
401816388,MLB,2026-08-04 22:40:00+00:00,Cleveland Guardians,New York Mets,0.565,0.435,0.565,0.435,0.8,0.8,2
401816385,MLB,2026-08-04 22:40:00+00:00,Cincinnati Reds,Athletics,0.545,0.455,0.545,0.455,0.8,0.8,1
401816384,MLB,2026-08-04 22:35:00+00:00,Baltimore Orioles,Los Angeles Angels,0.575,0.425,0.575,0.425,0.8,0.8,1
401815079,MLB,2026-08-04 01:40:00+00:00,Arizona Diamondbacks,San Diego Padres,0.505,0.495,0.505,0.495,0.8,0.8,1
401816383,MLB,2026-08-04 00:40:00+00:00,Colorado Rockies,Tampa Bay Rays,0.375,0.625,0.375,0.625,0.8,0.8,2
401816381,MLB,2026-08-04 00:00:00+00:00,Texas Rangers,San Francisco Giants,0.545,0.455,0.545,0.455,0.8,0.8,2
401816382,MLB,2026-08-04 00:10:00+00:00,Houston Astros,Toronto Blue Jays,0.575,0.425,0.575,0.425,0.8,0.8,2
401816380,MLB,2026-08-03 23:40:00+00:00,Milwaukee Brewers,Pittsburgh Pirates,0.575,0.425,0.575,0.425,0.8,0.8,2
401816379,MLB,2026-08-04 00:05:00+00:00,Chicago Cubs,Los Angeles Dodgers,0.465,0.535,0.465,0.535,0.8,0.8,1
401816377,MLB,2026-08-03 23:05:00+00:00,New York Yankees,St. Louis Cardinals,0.685,0.315,0.685,0.315,0.8,0.8,2
401816378,MLB,2026-08-03 22:40:00+00:00,Philadelphia Phillies,Washington Nationals,0.585,0.415,0.585,0.415,0.8,0.8,1
401816372,MLB,2026-08-02 23:20:00+00:00,Los Angeles Dodgers,Boston Red Sox,0.615,0.385,0.615,0.385,0.9,0.9,2
401816375,MLB,2026-08-02 20:10:00+00:00,Seattle Mariners,Minnesota Twins,0.565,0.435,0.565,0.435,0.8,0.8,1
401816376,MLB,2026-08-02 20:10:00+00:00,San Diego Padres,San Francisco Giants,0.545,0.455,0.545,0.455,0.8,0.9,1
401816374,MLB,2026-08-02 19:15:00+00:00,Los Angeles Angels,Milwaukee Brewers,0.325,0.675,0.325,0.675,0.8,0.8,1
401816373,MLB,2026-08-02 20:05:00+00:00,Athletics,Detroit Tigers,0.455,0.545,0.455,0.545,0.8,0.8,2
401816371,MLB,2026-08-02 19:10:00+00:00,Colorado Rockies,Kansas City Royals,0.545,0.455,0.545,0.455,0.8,0.8,1
401816369,MLB,2026-08-02 18:20:00+00:00,Chicago Cubs,New York Yankees,0.475,0.525,0.475,0.525,0.8,0.8,2
401816370,MLB,2026-08-02 18:10:00+00:00,Houston Astros,Texas Rangers,0.555,0.445,0.555,0.445,0.9,0.9,1
401816362,MLB,2026-08-02 17:40:00+00:00,Cleveland Guardians,Arizona Diamondbacks,0.635,0.365,0.635,0.365,0.8,0.8,1
401816363,MLB,2026-08-02 17:40:00+00:00,Tampa Bay Rays,Chicago White Sox,0.565,0.435,0.565,0.435,0.8,0.8,2
401816364,MLB,2026-08-02 17:40:00+00:00,New York Mets,Miami Marlins,0.475,0.525,0.475,0.525,0.8,0.8,2
401816366,MLB,2026-08-02 17:40:00+00:00,Cincinnati Reds,Pittsburgh Pirates,0.555,0.445,0.555,0.445,0.8,0.8,1
401816367,MLB,2026-08-02 17:37:00+00:00,Toronto Blue Jays,St. Louis Cardinals,0.555,0.445,0.555,0.445,0.9,0.9,2
401816365,MLB,2026-08-02 17:35:00+00:00,Baltimore Orioles,Philadelphia Phillies,0.425,0.575,0.425,0.575,0.9,0.9,2
401816368,MLB,2026-08-02 17:35:00+00:00,Atlanta Braves,Washington Nationals,0.545,0.455,0.545,0.455,0.9,0.9,1
401816358,MLB,2026-08-02 01:40:00+00:00,Athletics,Detroit Tigers,0.385,0.615,0.385,0.615,0.8,0.8,2
401816357,MLB,2026-08-02 01:10:00+00:00,Los Angeles Dodgers,Boston Red Sox,0.625,0.375,0.625,0.375,0.8,0.8,2
401816359,MLB,2026-08-02 01:38:00+00:00,Los Angeles Angels,Milwaukee Brewers,0.425,0.575,0.425,0.575,0.9,0.9,2
401816361,MLB,2026-08-02 00:40:00+00:00,San Diego Padres,San Francisco Giants,0.585,0.415,0.585,0.415,0.8,0.8,1
401816347,MLB,2026-08-01 23:15:00+00:00,Cleveland Guardians,Arizona Diamondbacks,0.615,0.385,0.615,0.385,0.8,0.8,2
401816356,MLB,2026-08-02 00:10:00+00:00,Colorado Rockies,Kansas City Royals,0.545,0.455,0.545,0.455,0.8,0.8,1
401816354,MLB,2026-08-01 23:15:00+00:00,Chicago Cubs,New York Yankees,0.525,0.475,0.525,0.475,0.8,0.8,1
401816353,MLB,2026-08-01 23:15:00+00:00,Atlanta Braves,Washington Nationals,0.605,0.395,0.605,0.395,0.8,0.8,1
401816355,MLB,2026-08-01 23:10:00+00:00,Houston Astros,Texas Rangers,0.475,0.525,0.475,0.525,0.8,0.8,1
401816350,MLB,2026-08-01 23:05:00+00:00,Baltimore Orioles,Philadelphia Phillies,0.425,0.575,0.425,0.575,0.8,0.8,2
401816351,MLB,2026-08-01 22:40:00+00:00,Cincinnati Reds,Pittsburgh Pirates,0.465,0.535,0.465,0.535,0.7,0.6,2
401816348,MLB,2026-08-01 20:10:00+00:00,Tampa Bay Rays,Chicago White Sox,0.605,0.395,0.605,0.395,0.8,0.8,1
401816360,MLB,2026-08-01 20:10:00+00:00,Seattle Mariners,Minnesota Twins,0.605,0.395,0.605,0.395,0.8,0.8,1
401816349,MLB,2026-08-01 20:10:00+00:00,New York Mets,Miami Marlins,0.555,0.445,0.555,0.445,0.8,0.8,2
401816352,MLB,2026-08-01 19:07:00+00:00,Toronto Blue Jays,St. Louis Cardinals,0.605,0.395,0.605,0.395,0.9,0.9,1
401816345,MLB,2026-08-01 02:10:00+00:00,Seattle Mariners,Minnesota Twins,0.605,0.395,0.605,0.395,0.8,0.8,2
401816342,MLB,2026-08-01 02:10:00+00:00,Los Angeles Dodgers,Boston Red Sox,0.555,0.445,0.555,0.445,0.9,0.8,2
401816346,MLB,2026-08-01 01:45:00+00:00,San Diego Padres,San Francisco Giants,0.575,0.425,0.575,0.425,0.9,0.9,1
401816344,MLB,2026-08-01 01:38:00+00:00,Los Angeles Angels,Milwaukee Brewers,0.395,0.605,0.395,0.605,0.9,0.9,2
401816343,MLB,2026-08-01 01:40:00+00:00,Athletics,Detroit Tigers,0.435,0.565,0.435,0.565,0.9,0.9,2
401816341,MLB,2026-08-01 00:40:00+00:00,Colorado Rockies,Kansas City Royals,0.485,0.515,0.485,0.515,0.8,0.8,1
401816338,MLB,2026-07-31 23:15:00+00:00,Atlanta Braves,Washington Nationals,0.525,0.475,0.525,0.475,0.8,0.8,1
401816340,MLB,2026-08-01 00:15:00+00:00,Houston Astros,Texas Rangers,0.535,0.465,0.535,0.465,0.8,0.9,1
401816333,MLB,2026-07-31 23:10:00+00:00,Tampa Bay Rays,Chicago White Sox,0.565,0.435,0.565,0.435,0.8,0.8,2
401816334,MLB,2026-07-31 23:10:00+00:00,New York Mets,Miami Marlins,0.525,0.475,0.525,0.475,0.8,0.8,2
401816332,MLB,2026-07-31 23:10:00+00:00,Cleveland Guardians,Arizona Diamondbacks,0.565,0.435,0.565,0.435,0.8,0.8,2
401816337,MLB,2026-07-31 23:07:00+00:00,Toronto Blue Jays,St. Louis Cardinals,0.635,0.365,0.635,0.365,0.8,0.8,1
401816335,MLB,2026-07-31 23:05:00+00:00,Baltimore Orioles,Philadelphia Phillies,0.525,0.475,0.525,0.475,0.8,0.8,1
401816336,MLB,2026-07-31 22:10:00+00:00,Cincinnati Reds,Pittsburgh Pirates,0.465,0.535,0.465,0.535,0.8,0.8,1
401816339,MLB,2026-07-31 18:20:00+00:00,Chicago Cubs,New York Yankees,0.605,0.395,0.605,0.395,0.8,0.8,2
401816330,MLB,2026-07-31 02:10:00+00:00,Los Angeles Dodgers,Seattle Mariners,0.575,0.425,0.575,0.425,0.9,0.8,1
401816331,MLB,2026-07-31 01:40:00+00:00,San Diego Padres,San Francisco Giants,0.605,0.395,0.605,0.395,0.8,0.9,2
401816325,MLB,2026-07-30 23:00:00+00:00,Atlanta Braves,Washington Nationals,0.585,0.415,0.585,0.415,0.9,0.9,1
401816329,MLB,2026-07-31 01:40:00+00:00,Athletics,Boston Red Sox,0.365,0.635,0.365,0.635,0.8,0.9,2
401816322,MLB,2026-07-30 23:10:00+00:00,New York Mets,Miami Marlins,0.535,0.465,0.535,0.465,0.8,0.8,1
401816323,MLB,2026-07-30 23:10:00+00:00,Cincinnati Reds,Pittsburgh Pirates,0.475,0.525,0.475,0.525,0.8,0.8,1
401816326,MLB,2026-07-30 18:15:00+00:00,St. Louis Cardinals,Chicago Cubs,0.515,0.485,0.515,0.485,0.8,0.8,2
401816328,MLB,2026-07-30 18:10:00+00:00,Chicago White Sox,New York Yankees,0.525,0.475,0.525,0.475,0.8,0.8,1
401816327,MLB,2026-07-30 17:40:00+00:00,Minnesota Twins,Kansas City Royals,0.555,0.445,0.555,0.445,0.8,0.8,1
401816324,MLB,2026-07-30 16:10:00+00:00,Tampa Bay Rays,Texas Rangers,0.615,0.385,0.615,0.385,0.8,0.8,1
401816321,MLB,2026-07-30 02:10:00+00:00,Los Angeles Dodgers,Seattle Mariners,0.625,0.375,0.625,0.375,0.6,0.6,1
401816317,MLB,2026-07-30 01:40:00+00:00,Athletics,Boston Red Sox,0.405,0.595,0.405,0.595,0.8,0.8,2
401816319,MLB,2026-07-30 01:38:00+00:00,Los Angeles Angels,Houston Astros,0.445,0.555,0.445,0.555,0.9,0.9,2
401816314,MLB,2026-07-29 23:45:00+00:00,St. Louis Cardinals,Chicago Cubs,0.505,0.495,0.505,0.495,0.8,0.8,1
401816315,MLB,2026-07-29 23:40:00+00:00,Minnesota Twins,Kansas City Royals,0.645,0.355,0.645,0.355,0.8,0.8,2
401816316,MLB,2026-07-29 23:40:00+00:00,Chicago White Sox,New York Yankees,0.425,0.575,0.425,0.575,0.9,0.8,1
401816310,MLB,2026-07-29 23:10:00+00:00,Cincinnati Reds,Cleveland Guardians,0.435,0.565,0.435,0.565,0.9,0.8,2
401816312,MLB,2026-07-29 22:40:00+00:00,Tampa Bay Rays,Texas Rangers,0.575,0.425,0.575,0.425,0.9,0.9,1
401816318,MLB,2026-07-29 20:10:00+00:00,San Diego Padres,Colorado Rockies,0.625,0.375,0.625,0.375,0.9,0.8,1
401816320,MLB,2026-07-29 19:45:00+00:00,San Francisco Giants,Milwaukee Brewers,0.505,0.495,0.505,0.495,0.9,0.9,1
401816308,MLB,2026-07-29 17:10:00+00:00,New York Mets,Atlanta Braves,0.495,0.505,0.495,0.505,0.8,0.8,1
401816309,MLB,2026-07-29 17:10:00+00:00,Detroit Tigers,Baltimore Orioles,0.645,0.355,0.645,0.355,0.8,0.8,2
401816307,MLB,2026-07-29 16:35:00+00:00,Pittsburgh Pirates,Arizona Diamondbacks,0.565,0.435,0.565,0.435,0.8,0.8,2
401816313,MLB,2026-07-29 17:05:00+00:00,Washington Nationals,Toronto Blue Jays,0.475,0.525,0.475,0.525,0.5,0.7,2
401816311,MLB,2026-07-29 16:10:00+00:00,Miami Marlins,Philadelphia Phillies,0.395,0.605,0.395,0.605,0.7,0.8,1
401816305,MLB,2026-07-29 01:45:00+00:00,San Francisco Giants,Milwaukee Brewers,0.415,0.585,0.415,0.585,0.8,0.8,2
401816306,MLB,2026-07-29 02:10:00+00:00,Los Angeles Dodgers,Seattle Mariners,0.675,0.325,0.675,0.325,0.8,0.8,2
401816303,MLB,2026-07-29 01:40:00+00:00,San Diego Padres,Colorado Rockies,0.675,0.325,0.675,0.325,0.6,0.6,1
401816304,MLB,2026-07-29 01:38:00+00:00,Los Angeles Angels,Houston Astros,0.495,0.505,0.495,0.505,0.9,0.8,2
401816302,MLB,2026-07-29 01:40:00+00:00,Athletics,Boston Red Sox,0.425,0.575,0.425,0.575,0.6,0.6,1
401816300,MLB,2026-07-28 23:40:00+00:00,Minnesota Twins,Kansas City Royals,0.625,0.375,0.625,0.375,0.8,0.6,1
401816299,MLB,2026-07-28 23:45:00+00:00,St. Louis Cardinals,Chicago Cubs,0.505,0.495,0.505,0.495,0.3,0.1,2
401902545,MLB,2026-07-29 23:10:00+00:00,New York Mets,Atlanta Braves,0.385,0.615,0.385,0.615,0.8,0.8,2
401816301,MLB,2026-07-28 23:40:00+00:00,Chicago White Sox,New York Yankees,0.475,0.525,0.475,0.525,0.8,0.5,2
401816295,MLB,2026-07-28 23:10:00+00:00,Cincinnati Reds,Cleveland Guardians,0.425,0.575,0.425,0.575,0.8,0.8,1
401816297,MLB,2026-07-28 22:40:00+00:00,Tampa Bay Rays,Texas Rangers,0.615,0.385,0.615,0.385,0.8,0.7,2
401816298,MLB,2026-07-28 22:45:00+00:00,Washington Nationals,Toronto Blue Jays,0.565,0.435,0.565,0.435,0.6,0.6,1
401816296,MLB,2026-07-28 22:40:00+00:00,Miami Marlins,Philadelphia Phillies,0.555,0.445,0.555,0.445,0.8,0.7,1
401816292,MLB,2026-07-28 22:40:00+00:00,Pittsburgh Pirates,Arizona Diamondbacks,0.505,0.495,0.505,0.495,0.6,0.8,2
401816294,MLB,2026-07-28 22:40:00+00:00,Detroit Tigers,Baltimore Orioles,0.575,0.425,0.575,0.425,0.4,0.8,1
401901849,MLB,2026-07-28 17:40:00+00:00,Cincinnati Reds,Cleveland Guardians,0.59,0.41,0.59,0.41,0.9,0.9,2
401816285,MLB,2026-07-27 22:45:00+00:00,Washington Nationals,Toronto Blue Jays,0.535,0.465,0.535,0.465,0.9,0.9,2
401816280,MLB,2026-07-27 22:40:00+00:00,Pittsburgh Pirates,Arizona Diamondbacks,0.515,0.485,0.515,0.485,0.7,0.7,1
401816289,MLB,2026-07-28 01:40:00+00:00,Athletics,Boston Red Sox,0.355,0.645,0.355,0.645,0.9,0.9,2
401816291,MLB,2026-07-28 01:45:00+00:00,San Francisco Giants,Milwaukee Brewers,0.435,0.565,0.435,0.565,0.9,0.9,1
401816290,MLB,2026-07-28 01:38:00+00:00,Los Angeles Angels,Houston Astros,0.505,0.495,0.505,0.495,0.9,0.9,2
401816287,MLB,2026-07-27 23:40:00+00:00,Chicago White Sox,New York Yankees,0.435,0.565,0.435,0.565,0.9,0.9,2
401816286,MLB,2026-07-27 23:45:00+00:00,St. Louis Cardinals,Chicago Cubs,0.465,0.535,0.465,0.535,0.9,0.9,2
401816281,MLB,2026-07-27 23:10:00+00:00,New York Mets,Atlanta Braves,0.505,0.495,0.505,0.495,0.9,0.9,1
401816282,MLB,2026-07-27 22:40:00+00:00,Detroit Tigers,Baltimore Orioles,0.545,0.455,0.545,0.455,0.7,0.7,2
401816284,MLB,2026-07-27 22:40:00+00:00,Miami Marlins,Philadelphia Phillies,0.355,0.645,0.355,0.645,0.7,0.7,1
401816288,MLB,2026-07-27 18:35:00+00:00,Texas Rangers,Seattle Mariners,0.465,0.535,0.465,0.535,0.9,0.9,1
401816271,MLB,2026-07-26 23:20:00+00:00,Philadelphia Phillies,New York Yankees,0.655,0.345,0.655,0.345,0.9,0.9,1
401816279,MLB,2026-07-26 20:05:00+00:00,San Francisco Giants,Los Angeles Angels,0.465,0.535,0.465,0.535,0.9,0.9,2
401816278,MLB,2026-07-26 18:35:00+00:00,Texas Rangers,Seattle Mariners,0.515,0.485,0.515,0.485,0.9,0.9,2
401816274,MLB,2026-07-26 18:10:00+00:00,Minnesota Twins,Athletics,0.595,0.405,0.595,0.405,0.7,0.7,1
401816275,MLB,2026-07-26 18:15:00+00:00,St. Louis Cardinals,Cincinnati Reds,0.545,0.455,0.545,0.455,0.9,0.9,2
401816276,MLB,2026-07-26 18:10:00+00:00,Milwaukee Brewers,Colorado Rockies,0.765,0.235,0.765,0.235,0.7,0.7,1
401816277,MLB,2026-07-26 18:10:00+00:00,Chicago White Sox,Houston Astros,0.525,0.475,0.525,0.475,0.7,0.7,1
401816272,MLB,2026-07-26 17:40:00+00:00,Miami Marlins,San Diego Padres,0.515,0.485,0.515,0.485,0.9,0.9,2
401816270,MLB,2026-07-26 17:40:00+00:00,New York Mets,Los Angeles Dodgers,0.415,0.585,0.415,0.585,0.9,0.9,1
401816269,MLB,2026-07-26 17:40:00+00:00,Detroit Tigers,Kansas City Royals,0.635,0.365,0.635,0.365,0.9,0.9,2
401816265,MLB,2026-07-26 17:35:00+00:00,Washington Nationals,Arizona Diamondbacks,0.475,0.525,0.475,0.525,0.9,0.8,1
401816267,MLB,2026-07-26 17:35:00+00:00,Pittsburgh Pirates,Chicago Cubs,0.565,0.435,0.565,0.435,0.9,0.8,1
401816273,MLB,2026-07-26 17:35:00+00:00,Boston Red Sox,Toronto Blue Jays,0.565,0.435,0.565,0.435,0.9,0.9,1
401816266,MLB,2026-07-26 17:35:00+00:00,Baltimore Orioles,Atlanta Braves,0.495,0.505,0.495,0.505,0.9,0.9,2
401816268,MLB,2026-07-26 16:15:00+00:00,Tampa Bay Rays,Cleveland Guardians,0.535,0.465,0.535,0.465,0.9,0.9,1
401816263,MLB,2026-07-25 23:15:00+00:00,Texas Rangers,Seattle Mariners,0.505,0.495,0.505,0.495,0.9,0.9,1
401816251,MLB,2026-07-25 23:05:00+00:00,Baltimore Orioles,Atlanta Braves,0.505,0.495,0.505,0.495,0.9,0.9,1
401816262,MLB,2026-07-25 23:10:00+00:00,Chicago White Sox,Houston Astros,0.535,0.465,0.535,0.465,0.9,0.9,2
401816260,MLB,2026-07-25 23:15:00+00:00,St. Louis Cardinals,Cincinnati Reds,0.485,0.515,0.485,0.515,0.9,0.9,1
401816261,MLB,2026-07-25 23:10:00+00:00,Milwaukee Brewers,Colorado Rockies,0.665,0.335,0.665,0.335,0.9,0.9,1
401816253,MLB,2026-07-25 22:10:00+00:00,Tampa Bay Rays,Cleveland Guardians,0.515,0.485,0.515,0.485,0.9,0.9,1
401816258,MLB,2026-07-25 20:10:00+00:00,Boston Red Sox,Toronto Blue Jays,0.495,0.505,0.495,0.505,0.9,0.9,2
401816250,MLB,2026-07-25 20:05:00+00:00,Washington Nationals,Arizona Diamondbacks,0.545,0.455,0.545,0.455,0.9,0.9,1
401816256,MLB,2026-07-25 22:05:00+00:00,Philadelphia Phillies,New York Yankees,0.465,0.535,0.465,0.535,0.9,0.9,2
401816255,MLB,2026-07-25 23:15:00+00:00,New York Mets,Los Angeles Dodgers,0.405,0.595,0.405,0.595,0.9,0.9,2
401816259,MLB,2026-07-25 23:10:00+00:00,Minnesota Twins,Athletics,0.565,0.435,0.565,0.435,0.8,0.9,1
401816252,MLB,2026-07-25 22:40:00+00:00,Pittsburgh Pirates,Chicago Cubs,0.525,0.475,0.525,0.475,0.8,0.8,2
401816264,MLB,2026-07-25 20:05:00+00:00,San Francisco Giants,Los Angeles Angels,0.545,0.455,0.545,0.455,0.9,0.9,1
401816257,MLB,2026-07-25 20:10:00+00:00,Miami Marlins,San Diego Padres,0.565,0.435,0.565,0.435,0.9,0.8,2
401816254,MLB,2026-07-25 17:10:00+00:00,Detroit Tigers,Kansas City Royals,0.605,0.395,0.605,0.395,0.9,0.9,2
401816238,MLB,2026-07-24 23:10:00+00:00,Tampa Bay Rays,Cleveland Guardians,0.555,0.445,0.555,0.445,0.9,0.9,1
401816249,MLB,2026-07-25 02:15:00+00:00,San Francisco Giants,Los Angeles Angels,0.585,0.415,0.585,0.415,0.9,0.9,1
401816245,MLB,2026-07-25 00:15:00+00:00,St. Louis Cardinals,Cincinnati Reds,0.575,0.425,0.575,0.425,0.9,0.9,2
401816244,MLB,2026-07-25 00:10:00+00:00,Minnesota Twins,Athletics,0.565,0.435,0.565,0.435,0.9,0.9,2
401816248,MLB,2026-07-25 00:05:00+00:00,Texas Rangers,Seattle Mariners,0.485,0.515,0.485,0.515,0.9,0.9,1
401816236,MLB,2026-07-24 23:05:00+00:00,Baltimore Orioles,Atlanta Braves,0.555,0.445,0.555,0.445,0.9,0.9,2
401816242,MLB,2026-07-24 23:10:00+00:00,Miami Marlins,San Diego Padres,0.525,0.475,0.525,0.475,0.9,0.9,2
401816240,MLB,2026-07-24 23:10:00+00:00,New York Mets,Los Angeles Dodgers,0.465,0.535,0.465,0.535,0.8,0.9,2
401816243,MLB,2026-07-24 23:15:00+00:00,Boston Red Sox,Toronto Blue Jays,0.535,0.465,0.535,0.465,0.9,0.9,1
401816241,MLB,2026-07-24 22:45:00+00:00,Philadelphia Phillies,New York Yankees,0.565,0.435,0.565,0.435,0.9,0.9,2
401816247,MLB,2026-07-24 23:40:00+00:00,Chicago White Sox,Houston Astros,0.545,0.455,0.545,0.455,0.9,0.9,2
401816237,MLB,2026-07-24 22:40:00+00:00,Pittsburgh Pirates,Chicago Cubs,0.505,0.495,0.505,0.495,0.7,0.7,2
401816235,MLB,2026-07-24 22:45:00+00:00,Washington Nationals,Arizona Diamondbacks,0.465,0.535,0.465,0.535,0.9,0.9,2
401816246,MLB,2026-07-24 20:10:00+00:00,Milwaukee Brewers,Colorado Rockies,0.705,0.295,0.705,0.295,0.8,0.9,2
401816239,MLB,2026-07-24 22:40:00+00:00,Detroit Tigers,Kansas City Royals,0.705,0.295,0.705,0.295,0.7,0.7,1
401816233,MLB,2026-07-23 16:15:00+00:00,Atlanta Braves,San Diego Padres,0.705,0.295,0.705,0.295,0.9,0.9,1
401816232,MLB,2026-07-23 17:10:00+00:00,Cleveland Guardians,Minnesota Twins,0.575,0.425,0.575,0.425,0.9,0.9,2
401816234,MLB,2026-07-23 19:07:00+00:00,Toronto Blue Jays,Tampa Bay Rays,0.485,0.515,0.485,0.515,0.9,0.9,1
401816231,MLB,2026-07-23 22:40:00+00:00,Detroit Tigers,Kansas City Royals,0.675,0.325,0.675,0.325,0.9,0.8,1
401816224,MLB,2026-07-23 00:10:00+00:00,Houston Astros,Miami Marlins,0.515,0.485,0.515,0.485,0.9,0.9,1
401816223,MLB,2026-07-23 00:00:00+00:00,Chicago Cubs,Detroit Tigers,0.525,0.475,0.525,0.475,0.9,0.9,2
401816216,MLB,2026-07-22 23:10:00+00:00,Boston Red Sox,Baltimore Orioles,0.545,0.455,0.545,0.455,0.9,0.9,2
401816221,MLB,2026-07-22 23:07:00+00:00,Toronto Blue Jays,Tampa Bay Rays,0.515,0.485,0.515,0.485,0.9,0.9,2
401816229,MLB,2026-07-22 19:40:00+00:00,Seattle Mariners,Cincinnati Reds,0.605,0.395,0.605,0.395,0.9,0.9,2
401816222,MLB,2026-07-23 00:05:00+00:00,Texas Rangers,Chicago White Sox,0.465,0.535,0.465,0.535,0.9,0.9,2
401816217,MLB,2026-07-22 22:40:00+00:00,Philadelphia Phillies,Los Angeles Dodgers,0.465,0.535,0.465,0.535,0.9,0.9,2
401816218,MLB,2026-07-22 22:40:00+00:00,Cleveland Guardians,Minnesota Twins,0.575,0.425,0.575,0.425,0.9,0.9,2
401816220,MLB,2026-07-22 23:15:00+00:00,Atlanta Braves,San Diego Padres,0.505,0.495,0.505,0.495,0.9,0.9,1
401816228,MLB,2026-07-22 19:40:00+00:00,Arizona Diamondbacks,Athletics,0.575,0.425,0.575,0.425,0.9,0.9,1
401816226,MLB,2026-07-22 18:10:00+00:00,Kansas City Royals,San Francisco Giants,0.445,0.555,0.445,0.555,0.9,0.9,1
401816225,MLB,2026-07-22 18:10:00+00:00,Milwaukee Brewers,New York Mets,0.585,0.415,0.585,0.415,0.9,0.9,1
401816230,MLB,2026-07-22 20:07:00+00:00,Los Angeles Angels,St. Louis Cardinals,0.565,0.435,0.565,0.435,0.7,0.7,2
401816219,MLB,2026-07-22 17:05:00+00:00,New York Yankees,Pittsburgh Pirates,0.655,0.345,0.655,0.345,0.9,0.9,2
401816227,MLB,2026-07-22 19:10:00+00:00,Colorado Rockies,Washington Nationals,0.425,0.575,0.425,0.575,0.9,0.9,2
401816209,MLB,2026-07-22 00:10:00+00:00,Houston Astros,Miami Marlins,0.535,0.465,0.535,0.465,0.9,0.9,1
401898714,MLB,2026-07-22 23:05:00+00:00,New York Yankees,Pittsburgh Pirates,0.625,0.375,0.625,0.375,0.9,0.9,1
401816213,MLB,2026-07-22 01:40:00+00:00,Arizona Diamondbacks,Athletics,0.555,0.445,0.555,0.445,0.9,0.9,1
401816206,MLB,2026-07-21 23:07:00+00:00,Toronto Blue Jays,Tampa Bay Rays,0.505,0.495,0.505,0.495,0.9,0.9,2
401816212,MLB,2026-07-22 00:40:00+00:00,Colorado Rockies,Washington Nationals,0.485,0.515,0.485,0.515,0.9,0.9,1
401816214,MLB,2026-07-22 01:40:00+00:00,Seattle Mariners,Cincinnati Reds,0.525,0.475,0.525,0.475,0.9,0.8,2
401816215,MLB,2026-07-22 01:38:00+00:00,Los Angeles Angels,St. Louis Cardinals,0.525,0.475,0.525,0.475,0.9,0.9,1
401816211,MLB,2026-07-21 23:40:00+00:00,Kansas City Royals,San Francisco Giants,0.485,0.515,0.485,0.515,0.6,0.6,1
401816205,MLB,2026-07-21 23:15:00+00:00,Atlanta Braves,San Diego Padres,0.575,0.425,0.575,0.425,0.9,0.9,2
401816202,MLB,2026-07-21 22:40:00+00:00,Philadelphia Phillies,Los Angeles Dodgers,0.515,0.485,0.515,0.485,0.9,0.9,2
401816208,MLB,2026-07-22 00:05:00+00:00,Chicago Cubs,Detroit Tigers,0.525,0.475,0.525,0.475,0.7,0.7,1
401816210,MLB,2026-07-21 23:40:00+00:00,Milwaukee Brewers,New York Mets,0.555,0.445,0.555,0.445,0.6,0.6,2
401816207,MLB,2026-07-22 00:05:00+00:00,Texas Rangers,Chicago White Sox,0.515,0.485,0.515,0.485,0.7,0.7,1
401816203,MLB,2026-07-21 22:40:00+00:00,Cleveland Guardians,Minnesota Twins,0.585,0.415,0.585,0.415,0.9,0.9,1
401898715,MLB,2026-07-22 17:35:00+00:00,Boston Red Sox,Baltimore Orioles,0.605,0.395,0.605,0.395,0.9,0.9,1
401816199,MLB,2026-07-21 01:40:00+00:00,Seattle Mariners,Cincinnati Reds,0.575,0.425,0.575,0.425,0.9,0.9,1
401816196,MLB,2026-07-20 23:40:00+00:00,Kansas City Royals,San Francisco Giants,0.535,0.465,0.535,0.465,0.9,0.9,1
401816194,MLB,2026-07-21 00:10:00+00:00,Houston Astros,Miami Marlins,0.525,0.475,0.525,0.475,0.9,0.9,1
401816192,MLB,2026-07-21 00:05:00+00:00,Texas Rangers,Chicago White Sox,0.615,0.385,0.615,0.385,0.9,0.9,2
401816189,MLB,2026-07-20 23:05:00+00:00,New York Yankees,Pittsburgh Pirates,0.515,0.485,0.515,0.485,0.9,0.9,1
401816198,MLB,2026-07-21 01:40:00+00:00,Arizona Diamondbacks,Athletics,0.575,0.425,0.575,0.425,0.9,0.9,2
401816197,MLB,2026-07-21 00:40:00+00:00,Colorado Rockies,Washington Nationals,0.455,0.545,0.455,0.545,0.9,0.9,2
401816195,MLB,2026-07-20 23:40:00+00:00,Milwaukee Brewers,New York Mets,0.665,0.335,0.665,0.335,0.9,0.9,1
401816200,MLB,2026-07-21 02:00:00+00:00,Los Angeles Angels,St. Louis Cardinals,0.485,0.515,0.485,0.515,0.9,0.9,1
401816193,MLB,2026-07-21 00:05:00+00:00,Chicago Cubs,Detroit Tigers,0.515,0.485,0.515,0.485,0.9,0.9,2
401816187,MLB,2026-07-20 23:00:00+00:00,Philadelphia Phillies,Los Angeles Dodgers,0.575,0.425,0.575,0.425,0.9,0.9,1
401816186,MLB,2026-07-20 23:10:00+00:00,Boston Red Sox,Baltimore Orioles,0.595,0.405,0.595,0.405,0.9,0.9,1
401816190,MLB,2026-07-20 23:15:00+00:00,Atlanta Braves,San Diego Padres,0.535,0.465,0.535,0.465,0.9,0.9,1
401816188,MLB,2026-07-20 22:40:00+00:00,Cleveland Guardians,Minnesota Twins,0.465,0.535,0.465,0.535,0.9,0.9,1
401816191,MLB,2026-07-20 23:07:00+00:00,Toronto Blue Jays,Tampa Bay Rays,0.615,0.385,0.615,0.385,0.9,0.9,2
401816177,MLB,2026-07-19 18:10:00+00:00,Houston Astros,Baltimore Orioles,0.525,0.475,0.525,0.475,0.9,0.9,2
401816183,MLB,2026-07-19 20:10:00+00:00,Seattle Mariners,San Francisco Giants,0.645,0.355,0.645,0.355,0.9,0.9,1
401816181,MLB,2026-07-19 19:10:00+00:00,Colorado Rockies,Cincinnati Reds,0.395,0.605,0.395,0.605,0.9,0.9,2
401816171,MLB,2026-07-19 16:15:00+00:00,Toronto Blue Jays,Chicago White Sox,0.485,0.515,0.485,0.515,0.9,0.9,2
401816180,MLB,2026-07-19 18:10:00+00:00,Kansas City Royals,San Diego Padres,0.515,0.485,0.515,0.485,0.9,0.9,2
401816179,MLB,2026-07-19 18:20:00+00:00,Chicago Cubs,Minnesota Twins,0.615,0.385,0.615,0.385,0.9,0.9,1
401816178,MLB,2026-07-19 18:10:00+00:00,Milwaukee Brewers,Miami Marlins,0.535,0.465,0.535,0.465,0.9,0.9,1
401816176,MLB,2026-07-19 17:35:00+00:00,Atlanta Braves,Texas Rangers,0.475,0.525,0.475,0.525,0.9,0.9,1
401816185,MLB,2026-07-19 20:05:00+00:00,Athletics,Washington Nationals,0.421,0.579,0.421,0.579,0.9,0.9,2
401816173,MLB,2026-07-19 17:35:00+00:00,Philadelphia Phillies,New York Mets,0.465,0.535,0.465,0.535,0.9,0.9,2
401816172,MLB,2026-07-19 23:20:00+00:00,New York Yankees,Los Angeles Dodgers,0.445,0.555,0.445,0.555,0.9,0.9,1
401816182,MLB,2026-07-19 20:07:00+00:00,Los Angeles Angels,Detroit Tigers,0.435,0.565,0.435,0.565,0.9,0.9,1
401816175,MLB,2026-07-19 17:35:00+00:00,Boston Red Sox,Tampa Bay Rays,0.535,0.465,0.535,0.465,0.9,0.9,1
401816184,MLB,2026-07-19 20:10:00+00:00,Arizona Diamondbacks,St. Louis Cardinals,0.525,0.475,0.525,0.475,0.9,0.9,1
401816174,MLB,2026-07-19 17:40:00+00:00,Cleveland Guardians,Pittsburgh Pirates,0.515,0.485,0.515,0.485,0.9,0.9,2
401816163,MLB,2026-07-18 20:10:00+00:00,Milwaukee Brewers,Miami Marlins,0.545,0.455,0.545,0.455,0.9,0.9,1
401816160,MLB,2026-07-18 20:10:00+00:00,Boston Red Sox,Tampa Bay Rays,0.515,0.485,0.515,0.485,0.9,0.9,1
401816170,MLB,2026-07-19 02:05:00+00:00,Athletics,Washington Nationals,0.485,0.515,0.485,0.515,0.7,0.7,1
401816167,MLB,2026-07-19 02:07:00+00:00,Los Angeles Angels,Detroit Tigers,0.355,0.645,0.355,0.645,0.9,0.9,2
401816165,MLB,2026-07-18 20:10:00+00:00,Kansas City Royals,San Diego Padres,0.485,0.515,0.485,0.515,0.9,0.9,1
401816168,MLB,2026-07-19 00:08:00+00:00,Seattle Mariners,San Francisco Giants,0.605,0.395,0.605,0.395,0.9,0.9,1
401816162,MLB,2026-07-18 20:10:00+00:00,Houston Astros,Baltimore Orioles,0.505,0.495,0.505,0.495,0.9,0.9,2
401816157,MLB,2026-07-19 00:08:00+00:00,New York Yankees,Los Angeles Dodgers,0.505,0.495,0.505,0.495,0.9,0.9,2
401816159,MLB,2026-07-18 23:10:00+00:00,Cleveland Guardians,Pittsburgh Pirates,0.515,0.485,0.515,0.485,0.9,0.9,1
401816158,MLB,2026-07-18 19:05:00+00:00,Philadelphia Phillies,New York Mets,0.605,0.395,0.605,0.395,0.9,0.9,1
401816169,MLB,2026-07-18 20:10:00+00:00,Arizona Diamondbacks,St. Louis Cardinals,0.525,0.475,0.525,0.475,0.9,0.9,1
401816161,MLB,2026-07-18 20:10:00+00:00,Atlanta Braves,Texas Rangers,0.505,0.495,0.505,0.495,0.9,0.9,2
401816166,MLB,2026-07-18 19:10:00+00:00,Colorado Rockies,Cincinnati Reds,0.485,0.515,0.485,0.515,0.9,0.9,1
401816164,MLB,2026-07-18 18:20:00+00:00,Chicago Cubs,Minnesota Twins,0.575,0.425,0.575,0.425,0.9,0.9,1
401816156,MLB,2026-07-18 19:07:00+00:00,Toronto Blue Jays,Chicago White Sox,0.515,0.485,0.515,0.485,0.9,0.9,1
401816153,MLB,2026-07-18 02:10:00+00:00,Seattle Mariners,San Francisco Giants,0.635,0.365,0.635,0.365,0.7,0.7,2
401816154,MLB,2026-07-18 01:40:00+00:00,Arizona Diamondbacks,St. Louis Cardinals,0.525,0.475,0.525,0.475,0.9,0.9,2
401816147,MLB,2026-07-18 00:10:00+00:00,Houston Astros,Baltimore Orioles,0.525,0.475,0.525,0.475,0.9,0.9,2
401816141,MLB,2026-07-17 23:15:00+00:00,Toronto Blue Jays,Chicago White Sox,0.555,0.445,0.555,0.445,0.9,0.9,2
401816149,MLB,2026-07-18 00:05:00+00:00,Chicago Cubs,Minnesota Twins,0.575,0.425,0.575,0.425,0.9,0.9,2
401816150,MLB,2026-07-18 00:10:00+00:00,Kansas City Royals,San Diego Padres,0.465,0.535,0.465,0.535,0.9,0.9,1
401816151,MLB,2026-07-18 00:40:00+00:00,Colorado Rockies,Cincinnati Reds,0.515,0.485,0.515,0.485,0.9,0.9,2
401816148,MLB,2026-07-17 23:40:00+00:00,Milwaukee Brewers,Miami Marlins,0.575,0.425,0.575,0.425,0.9,0.9,1
401816146,MLB,2026-07-17 23:15:00+00:00,Atlanta Braves,Texas Rangers,0.665,0.335,0.665,0.335,0.9,0.9,1
401816145,MLB,2026-07-17 23:10:00+00:00,Boston Red Sox,Tampa Bay Rays,0.545,0.455,0.545,0.455,0.9,0.9,1
401816152,MLB,2026-07-18 01:38:00+00:00,Los Angeles Angels,Detroit Tigers,0.495,0.505,0.495,0.505,0.9,0.9,2
401816142,MLB,2026-07-17 23:05:00+00:00,New York Yankees,Los Angeles Dodgers,0.495,0.505,0.495,0.505,0.5,0.5,2
401816155,MLB,2026-07-18 01:40:00+00:00,Athletics,Washington Nationals,0.455,0.545,0.455,0.545,0.9,0.9,2
401816144,MLB,2026-07-17 23:10:00+00:00,Cleveland Guardians,Pittsburgh Pirates,0.535,0.465,0.535,0.465,0.9,0.9,2
401816143,MLB,2026-07-16 22:00:00+00:00,Philadelphia Phillies,New York Mets,0.5335,0.4665,0.5335,0.4665,0.9,0.9,2
401816123,MLB,2026-07-12 01:10:00+00:00,Los Angeles Dodgers,Arizona Diamondbacks,0.735,0.265,0.735,0.265,0.9,0.9,2
401816134,MLB,2026-07-12 18:10:00+00:00,Minnesota Twins,Los Angeles Angels,0.555,0.445,0.555,0.445,0.9,0.9,1
401816132,MLB,2026-07-12 17:40:00+00:00,Detroit Tigers,Philadelphia Phillies,0.545,0.455,0.545,0.455,0.9,0.9,2
401816128,MLB,2026-07-12 17:40:00+00:00,Miami Marlins,Cleveland Guardians,0.485,0.515,0.485,0.515,0.9,0.9,2
401816135,MLB,2026-07-12 18:10:00+00:00,Chicago White Sox,Athletics,0.575,0.425,0.575,0.425,0.9,0.9,1
401816133,MLB,2026-07-12 17:40:00+00:00,Tampa Bay Rays,Seattle Mariners,0.585,0.415,0.585,0.415,0.9,0.9,2
401816126,MLB,2026-07-12 17:40:00+00:00,New York Mets,Boston Red Sox,0.485,0.515,0.485,0.515,0.9,0.9,2
401816136,MLB,2026-07-12 18:15:00+00:00,St. Louis Cardinals,Atlanta Braves,0.555,0.445,0.555,0.445,0.9,0.9,2
401816131,MLB,2026-07-12 17:35:00+00:00,Washington Nationals,New York Yankees,0.525,0.475,0.525,0.475,0.9,0.9,2
401816125,MLB,2026-07-12 00:40:00+00:00,San Diego Padres,Toronto Blue Jays,0.495,0.505,0.495,0.505,0.9,0.9,1
401816137,MLB,2026-07-12 18:35:00+00:00,Texas Rangers,Houston Astros,0.565,0.435,0.565,0.435,0.9,0.9,1
401816115,MLB,2026-07-11 20:15:00+00:00,Pittsburgh Pirates,Milwaukee Brewers,0.425,0.575,0.425,0.575,0.9,0.9,1
401816140,MLB,2026-07-12 20:10:00+00:00,San Diego Padres,Toronto Blue Jays,0.455,0.545,0.455,0.545,0.9,0.9,1
401816139,MLB,2026-07-12 20:05:00+00:00,San Francisco Giants,Colorado Rockies,0.575,0.425,0.575,0.425,0.9,0.9,1
401816138,MLB,2026-07-12 20:10:00+00:00,Los Angeles Dodgers,Arizona Diamondbacks,0.675,0.325,0.675,0.325,0.9,0.9,2
401816117,MLB,2026-07-11 22:10:00+00:00,Detroit Tigers,Philadelphia Phillies,0.435,0.565,0.435,0.565,0.9,0.9,2
401816129,MLB,2026-07-12 17:35:00+00:00,Baltimore Orioles,Kansas City Royals,0.575,0.425,0.575,0.425,0.9,0.9,1
401816127,MLB,2026-07-12 17:40:00+00:00,Cincinnati Reds,Chicago Cubs,0.455,0.545,0.455,0.545,0.9,0.9,2
401816112,MLB,2026-07-11 23:10:00+00:00,Cincinnati Reds,Chicago Cubs,0.515,0.485,0.515,0.485,0.9,0.9,2
401816130,MLB,2026-07-12 16:15:00+00:00,Pittsburgh Pirates,Milwaukee Brewers,0.545,0.455,0.545,0.455,0.9,0.9,1
401816118,MLB,2026-07-11 20:10:00+00:00,Tampa Bay Rays,Seattle Mariners,0.505,0.495,0.505,0.495,0.9,0.9,1
401816124,MLB,2026-07-11 20:05:00+00:00,San Francisco Giants,Colorado Rockies,0.575,0.425,0.575,0.425,0.9,0.9,1
401816122,MLB,2026-07-11 23:05:00+00:00,Texas Rangers,Houston Astros,0.525,0.475,0.525,0.475,0.9,0.9,2
401816119,MLB,2026-07-11 18:10:00+00:00,Minnesota Twins,Los Angeles Angels,0.615,0.385,0.615,0.385,0.9,0.9,1
401816111,MLB,2026-07-11 20:10:00+00:00,New York Mets,Boston Red Sox,0.575,0.425,0.575,0.425,0.9,0.9,2
401816121,MLB,2026-07-11 23:15:00+00:00,St. Louis Cardinals,Atlanta Braves,0.505,0.495,0.505,0.495,0.9,0.9,1
401816116,MLB,2026-07-11 20:05:00+00:00,Washington Nationals,New York Yankees,0.355,0.645,0.355,0.645,0.9,0.9,2
401816114,MLB,2026-07-11 23:05:00+00:00,Baltimore Orioles,Kansas City Royals,0.595,0.405,0.595,0.405,0.9,0.9,1
401816113,MLB,2026-07-11 20:10:00+00:00,Miami Marlins,Cleveland Guardians,0.605,0.395,0.605,0.395,0.9,0.9,2
401816120,MLB,2026-07-11 18:10:00+00:00,Chicago White Sox,Athletics,0.545,0.455,0.545,0.455,0.9,0.9,1
401816107,MLB,2026-07-11 00:05:00+00:00,Texas Rangers,Houston Astros,0.445,0.555,0.445,0.555,0.9,0.9,1
401816108,MLB,2026-07-11 02:10:00+00:00,Los Angeles Dodgers,Arizona Diamondbacks,0.655,0.345,0.655,0.345,0.9,0.9,2
401816109,MLB,2026-07-11 02:15:00+00:00,San Francisco Giants,Colorado Rockies,0.575,0.425,0.575,0.425,0.9,0.9,2
401816106,MLB,2026-07-11 00:15:00+00:00,St. Louis Cardinals,Atlanta Braves,0.405,0.595,0.405,0.595,0.9,0.9,1
401816104,MLB,2026-07-11 00:10:00+00:00,Minnesota Twins,Los Angeles Angels,0.585,0.415,0.585,0.415,0.9,0.9,2
401816110,MLB,2026-07-11 01:40:00+00:00,San Diego Padres,Toronto Blue Jays,0.535,0.465,0.535,0.465,0.9,0.9,2
401816098,MLB,2026-07-10 23:10:00+00:00,Miami Marlins,Cleveland Guardians,0.535,0.465,0.535,0.465,0.9,0.9,2
401889917,MLB,2026-07-11 16:05:00+00:00,Pittsburgh Pirates,Milwaukee Brewers,0.525,0.475,0.525,0.475,0.9,0.9,1
401816105,MLB,2026-07-10 23:40:00+00:00,Chicago White Sox,Athletics,0.625,0.375,0.625,0.375,0.9,0.9,1
401816103,MLB,2026-07-10 23:10:00+00:00,Tampa Bay Rays,Seattle Mariners,0.545,0.455,0.545,0.455,0.9,0.9,1
401816096,MLB,2026-07-10 23:50:00+00:00,New York Mets,Boston Red Sox,0.575,0.425,0.575,0.425,0.7,0.7,2
401816102,MLB,2026-07-10 22:40:00+00:00,Detroit Tigers,Philadelphia Phillies,0.515,0.485,0.515,0.485,43.9,43.9,1
401816097,MLB,2026-07-10 23:10:00+00:00,Cincinnati Reds,Chicago Cubs,0.475,0.525,0.475,0.525,0.9,0.9,1
401816101,MLB,2026-07-10 22:45:00+00:00,Washington Nationals,New York Yankees,0.415,0.585,0.415,0.585,48.9,48.9,2
401816099,MLB,2026-07-10 23:05:00+00:00,Baltimore Orioles,Kansas City Royals,0.595,0.405,0.595,0.405,0.9,0.9,1
401816085,MLB,2026-07-09 17:30:00+00:00,Baltimore Orioles,Chicago Cubs,0.535,0.465,0.535,0.465,0.9,0.9,1
401816091,MLB,2026-07-09 18:10:00+00:00,Chicago White Sox,Boston Red Sox,0.515,0.485,0.515,0.485,0.9,0.9,2
401816086,MLB,2026-07-09 17:10:00+00:00,New York Mets,Kansas City Royals,0.555,0.445,0.555,0.445,0.9,0.9,1
401816089,MLB,2026-07-09 22:40:00+00:00,Miami Marlins,Seattle Mariners,0.465,0.535,0.465,0.535,0.9,0.9,1
401816087,MLB,2026-07-09 17:10:00+00:00,Tampa Bay Rays,New York Yankees,0.575,0.425,0.575,0.425,0.9,0.9,2
401816095,MLB,2026-07-10 01:45:00+00:00,San Francisco Giants,Colorado Rockies,0.535,0.465,0.535,0.465,0.9,0.9,1
401816090,MLB,2026-07-10 00:05:00+00:00,Texas Rangers,Los Angeles Angels,0.565,0.435,0.565,0.435,0.9,0.9,1
401816083,MLB,2026-07-09 22:40:00+00:00,Detroit Tigers,Athletics,0.535,0.465,0.535,0.465,0.9,0.9,1
401816094,MLB,2026-07-10 01:40:00+00:00,San Diego Padres,Arizona Diamondbacks,0.535,0.465,0.535,0.465,0.9,0.9,2
401816093,MLB,2026-07-09 23:45:00+00:00,St. Louis Cardinals,Milwaukee Brewers,0.475,0.525,0.475,0.525,0.9,0.9,2
401816084,MLB,2026-07-09 16:35:00+00:00,Pittsburgh Pirates,Atlanta Braves,0.495,0.505,0.495,0.505,0.9,0.9,2
401816088,MLB,2026-07-09 23:10:00+00:00,Cincinnati Reds,Philadelphia Phillies,0.385,0.615,0.385,0.615,0.7,0.7,2
401816092,MLB,2026-07-09 17:40:00+00:00,Minnesota Twins,Cleveland Guardians,0.465,0.535,0.465,0.535,0.9,0.9,2
401816071,MLB,2026-07-08 22:45:00+00:00,Washington Nationals,Houston Astros,0.555,0.445,0.555,0.445,0.9,0.9,1
401816069,MLB,2026-07-08 22:40:00+00:00,Pittsburgh Pirates,Atlanta Braves,0.525,0.475,0.525,0.475,0.9,0.9,2
401816081,MLB,2026-07-09 02:10:00+00:00,Los Angeles Dodgers,Colorado Rockies,0.715,0.285,0.715,0.285,0.9,0.9,1
401816072,MLB,2026-07-08 23:10:00+00:00,New York Mets,Kansas City Royals,0.635,0.365,0.635,0.365,0.9,0.9,1
401816074,MLB,2026-07-08 23:00:00+00:00,Cincinnati Reds,Philadelphia Phillies,0.555,0.445,0.555,0.445,0.9,0.9,1
401816079,MLB,2026-07-08 23:45:00+00:00,St. Louis Cardinals,Milwaukee Brewers,0.415,0.585,0.415,0.585,0.9,0.9,1
401816078,MLB,2026-07-08 23:40:00+00:00,Minnesota Twins,Cleveland Guardians,0.535,0.465,0.535,0.465,0.9,0.9,1
401816076,MLB,2026-07-09 00:05:00+00:00,Texas Rangers,Los Angeles Angels,0.555,0.445,0.555,0.445,0.9,0.9,2
401816077,MLB,2026-07-08 23:40:00+00:00,Chicago White Sox,Boston Red Sox,0.495,0.505,0.495,0.505,0.9,0.9,2
401816080,MLB,2026-07-09 02:00:00+00:00,San Diego Padres,Arizona Diamondbacks,0.585,0.415,0.585,0.415,0.9,0.9,1
401816073,MLB,2026-07-08 22:40:00+00:00,Tampa Bay Rays,New York Yankees,0.525,0.475,0.525,0.475,0.9,0.9,1
401816070,MLB,2026-07-08 22:35:00+00:00,Baltimore Orioles,Chicago Cubs,0.545,0.455,0.545,0.455,0.9,0.9,2
401816082,MLB,2026-07-08 19:45:00+00:00,San Francisco Giants,Toronto Blue Jays,0.455,0.545,0.455,0.545,0.9,0.9,2
401816075,MLB,2026-07-08 22:40:00+00:00,Miami Marlins,Seattle Mariners,0.465,0.535,0.465,0.535,0.9,0.9,1
401816068,MLB,2026-07-08 22:40:00+00:00,Detroit Tigers,Athletics,0.565,0.435,0.565,0.435,0.9,0.9,1
401816065,MLB,2026-07-08 01:40:00+00:00,San Diego Padres,Arizona Diamondbacks,0.5255,0.4745,0.5255,0.4745,0.9,0.9,1
401816060,MLB,2026-07-07 22:40:00+00:00,Miami Marlins,Seattle Mariners,0.535,0.465,0.535,0.465,0.9,0.9,1
401816057,MLB,2026-07-07 23:10:00+00:00,New York Mets,Kansas City Royals,0.565,0.435,0.565,0.435,0.9,0.9,2
401816066,MLB,2026-07-08 02:10:00+00:00,Los Angeles Dodgers,Colorado Rockies,0.745,0.255,0.745,0.255,0.9,0.9,2
401816063,MLB,2026-07-07 23:40:00+00:00,Minnesota Twins,Cleveland Guardians,0.4895,0.5105,0.4895,0.5105,0.9,0.9,1
401816056,MLB,2026-07-07 22:45:00+00:00,Washington Nationals,Houston Astros,0.5235,0.4765,0.5235,0.4765,0.9,0.9,2
401816058,MLB,2026-07-07 22:40:00+00:00,Tampa Bay Rays,New York Yankees,0.555,0.445,0.555,0.445,0.9,0.9,1
401816067,MLB,2026-07-08 01:45:00+00:00,San Francisco Giants,Toronto Blue Jays,0.4795,0.5205,0.4795,0.5205,0.9,0.9,2
401816059,MLB,2026-07-07 23:10:00+00:00,Cincinnati Reds,Philadelphia Phillies,0.395,0.605,0.395,0.605,0.9,0.9,2
401816062,MLB,2026-07-07 23:40:00+00:00,Chicago White Sox,Boston Red Sox,0.4665,0.5335,0.4665,0.5335,0.9,0.9,2
401816061,MLB,2026-07-08 00:05:00+00:00,Texas Rangers,Los Angeles Angels,0.595,0.405,0.595,0.405,0.9,0.9,1
401816055,MLB,2026-07-07 22:35:00+00:00,Baltimore Orioles,Chicago Cubs,0.5015,0.4985,0.5015,0.4985,0.9,0.9,2
401816054,MLB,2026-07-07 22:40:00+00:00,Pittsburgh Pirates,Atlanta Braves,0.575,0.425,0.575,0.425,0.9,0.9,1
401816053,MLB,2026-07-07 22:40:00+00:00,Detroit Tigers,Athletics,0.675,0.325,0.675,0.325,0.9,0.9,1
401816046,MLB,2026-07-06 22:40:00+00:00,Tampa Bay Rays,New York Yankees,0.4635,0.5365,0.4635,0.5365,0.9,0.9,2
401816045,MLB,2026-07-06 22:45:00+00:00,Washington Nationals,Houston Astros,0.5165,0.4835,0.5165,0.4835,0.9,0.9,1
401816047,MLB,2026-07-06 23:15:00+00:00,Atlanta Braves,New York Mets,0.535,0.465,0.535,0.465,0.9,0.9,2
401816050,MLB,2026-07-07 01:40:00+00:00,San Diego Padres,Arizona Diamondbacks,0.5415,0.4585,0.5415,0.4585,0.9,0.9,2
401816048,MLB,2026-07-06 23:45:00+00:00,St. Louis Cardinals,Milwaukee Brewers,0.475,0.525,0.475,0.525,0.9,0.9,2
401816052,MLB,2026-07-07 01:45:00+00:00,San Francisco Giants,Toronto Blue Jays,0.495,0.505,0.495,0.505,0.7,0.7,1
401816049,MLB,2026-07-06 18:10:00+00:00,Kansas City Royals,Philadelphia Phillies,0.345,0.655,0.345,0.655,0.9,0.9,1
401816051,MLB,2026-07-07 02:10:00+00:00,Los Angeles Dodgers,Colorado Rockies,0.695,0.305,0.695,0.305,0.9,0.9,1
401816037,MLB,2026-07-05 18:30:00+00:00,Chicago Cubs,St. Louis Cardinals,0.565,0.435,0.565,0.435,0.9,0.9,1
401816036,MLB,2026-07-05 19:00:00+00:00,Kansas City Royals,Philadelphia Phillies,0.445,0.555,0.445,0.555,0.9,0.9,1
401816035,MLB,2026-07-05 19:30:00+00:00,Texas Rangers,Detroit Tigers,0.465,0.535,0.465,0.535,0.9,0.9,2
401816038,MLB,2026-07-05 19:30:00+00:00,Houston Astros,Tampa Bay Rays,0.5175,0.4825,0.5175,0.4825,0.9,0.9,1
401816041,MLB,2026-07-05 20:30:00+00:00,Athletics,Miami Marlins,0.525,0.475,0.525,0.475,0.9,0.9,2
401816040,MLB,2026-07-06 01:30:00+00:00,Los Angeles Angels,Boston Red Sox,0.405,0.595,0.405,0.595,0.9,0.9,2
401816042,MLB,2026-07-05 20:00:00+00:00,Arizona Diamondbacks,Milwaukee Brewers,0.475,0.525,0.475,0.525,0.9,0.9,2
401816043,MLB,2026-07-05 23:20:00+00:00,Los Angeles Dodgers,San Diego Padres,0.665,0.335,0.665,0.335,0.9,0.9,2
401816044,MLB,2026-07-05 21:00:00+00:00,Seattle Mariners,Toronto Blue Jays,0.515,0.485,0.515,0.485,0.9,0.9,1
401816039,MLB,2026-07-05 20:00:00+00:00,Colorado Rockies,San Francisco Giants,0.475,0.525,0.475,0.525,0.9,0.9,1
401816030,MLB,2026-07-05 17:05:00+00:00,Cincinnati Reds,Baltimore Orioles,0.475,0.525,0.475,0.525,0.9,0.9,1
401816033,MLB,2026-07-05 16:30:00+00:00,Atlanta Braves,New York Mets,0.475,0.525,0.475,0.525,0.9,0.9,2
401816031,MLB,2026-07-05 18:00:00+00:00,Cleveland Guardians,Chicago White Sox,0.555,0.445,0.555,0.445,0.9,0.9,2
401816034,MLB,2026-07-05 17:00:00+00:00,Washington Nationals,Pittsburgh Pirates,0.565,0.435,0.565,0.435,0.9,0.9,2
401816032,MLB,2026-07-05 17:35:00+00:00,New York Yankees,Minnesota Twins,0.555,0.445,0.555,0.445,0.9,0.9,2
401816022,MLB,2026-07-05 00:08:00+00:00,Chicago Cubs,St. Louis Cardinals,0.605,0.395,0.605,0.395,0.9,0.9,2
401816016,MLB,2026-07-04 23:10:00+00:00,Cleveland Guardians,Chicago White Sox,0.565,0.435,0.565,0.435,0.9,0.9,2
401816025,MLB,2026-07-05 01:38:00+00:00,Los Angeles Angels,Boston Red Sox,0.375,0.625,0.375,0.625,0.9,0.9,2
401816027,MLB,2026-07-05 01:40:00+00:00,Arizona Diamondbacks,Milwaukee Brewers,0.405,0.595,0.405,0.595,0.9,0.9,1
401816018,MLB,2026-07-05 00:08:00+00:00,Atlanta Braves,New York Mets,0.625,0.375,0.625,0.375,0.9,0.9,1
401816015,MLB,2026-07-04 23:10:00+00:00,Cincinnati Reds,Baltimore Orioles,0.545,0.455,0.545,0.455,0.9,0.9,2
401816020,MLB,2026-07-04 20:05:00+00:00,Texas Rangers,Detroit Tigers,0.465,0.535,0.465,0.535,0.7,0.7,2
401816024,MLB,2026-07-05 00:10:00+00:00,Colorado Rockies,San Francisco Giants,0.465,0.535,0.465,0.535,0.9,0.9,2
401816029,MLB,2026-07-04 20:10:00+00:00,Seattle Mariners,Toronto Blue Jays,0.595,0.405,0.595,0.405,0.9,0.9,1
401816021,MLB,2026-07-05 00:10:00+00:00,Kansas City Royals,Philadelphia Phillies,0.405,0.595,0.405,0.595,0.9,0.9,2
401816023,MLB,2026-07-04 23:10:00+00:00,Houston Astros,Tampa Bay Rays,0.515,0.485,0.515,0.485,0.9,0.9,1
401816028,MLB,2026-07-05 02:10:00+00:00,Los Angeles Dodgers,San Diego Padres,0.695,0.305,0.695,0.305,0.9,0.9,1
401816026,MLB,2026-07-05 01:40:00+00:00,Athletics,Miami Marlins,0.445,0.555,0.445,0.555,0.9,0.9,2
401816019,MLB,2026-07-04 15:05:00+00:00,Washington Nationals,Pittsburgh Pirates,0.405,0.595,0.405,0.595,0.9,0.9,2
401816017,MLB,2026-07-04 17:35:00+00:00,New York Yankees,Minnesota Twins,0.585,0.415,0.585,0.415,0.9,0.9,2
401816010,MLB,2026-07-04 01:38:00+00:00,Los Angeles Angels,Boston Red Sox,0.525,0.475,0.525,0.475,0.9,0.9,2
401816014,MLB,2026-07-04 02:10:00+00:00,Seattle Mariners,Toronto Blue Jays,0.455,0.545,0.455,0.545,0.9,0.9,2
401816003,MLB,2026-07-03 23:10:00+00:00,Cleveland Guardians,Chicago White Sox,0.545,0.455,0.545,0.455,0.9,0.9,1
401816013,MLB,2026-07-04 02:10:00+00:00,Los Angeles Dodgers,San Diego Padres,0.705,0.295,0.705,0.295,0.9,0.9,1
401816007,MLB,2026-07-03 20:05:00+00:00,Chicago Cubs,St. Louis Cardinals,0.545,0.455,0.545,0.455,0.9,0.9,2
401816008,MLB,2026-07-04 00:15:00+00:00,Houston Astros,Tampa Bay Rays,0.505,0.495,0.505,0.495,0.9,0.9,2
401816011,MLB,2026-07-04 01:40:00+00:00,Athletics,Miami Marlins,0.565,0.435,0.565,0.435,0.9,0.9,2
401816004,MLB,2026-07-03 23:05:00+00:00,New York Yankees,Minnesota Twins,0.665,0.335,0.665,0.335,0.9,0.9,1
401816002,MLB,2026-07-03 23:10:00+00:00,Cincinnati Reds,Baltimore Orioles,0.465,0.535,0.465,0.535,0.9,0.9,2
401816012,MLB,2026-07-04 01:45:00+00:00,Arizona Diamondbacks,Milwaukee Brewers,0.445,0.555,0.445,0.555,0.9,0.9,2
401816009,MLB,2026-07-04 00:10:00+00:00,Colorado Rockies,San Francisco Giants,0.425,0.575,0.425,0.575,0.7,0.7,1
401816006,MLB,2026-07-03 22:45:00+00:00,Washington Nationals,Pittsburgh Pirates,0.565,0.435,0.565,0.435,0.9,0.9,1
401816005,MLB,2026-07-03 23:15:00+00:00,Atlanta Braves,New York Mets,0.495,0.505,0.495,0.505,0.9,0.9,1
401815994,MLB,2026-07-02 16:35:00+00:00,Philadelphia Phillies,Pittsburgh Pirates,0.555,0.445,0.555,0.445,0.9,0.9,2
401815996,MLB,2026-07-02 18:10:00+00:00,Milwaukee Brewers,Cincinnati Reds,0.645,0.355,0.645,0.355,0.9,0.9,2
401816001,MLB,2026-07-03 02:10:00+00:00,Los Angeles Dodgers,San Diego Padres,0.645,0.355,0.645,0.355,0.9,0.9,1
401816000,MLB,2026-07-03 01:40:00+00:00,Seattle Mariners,Los Angeles Angels,0.675,0.325,0.675,0.325,0.9,0.9,1
401815998,MLB,2026-07-02 23:40:00+00:00,Kansas City Royals,Tampa Bay Rays,0.465,0.535,0.465,0.535,0.9,0.9,2
401815997,MLB,2026-07-03 00:05:00+00:00,Texas Rangers,Detroit Tigers,0.495,0.505,0.495,0.505,0.9,0.9,1
401815995,MLB,2026-07-02 23:15:00+00:00,Atlanta Braves,St. Louis Cardinals,0.515,0.485,0.515,0.485,0.9,0.9,2
401815999,MLB,2026-07-02 19:10:00+00:00,Colorado Rockies,Miami Marlins,0.445,0.555,0.445,0.555,0.9,0.9,1
401815993,MLB,2026-07-02 22:40:00+00:00,Cleveland Guardians,Chicago White Sox,0.525,0.475,0.525,0.475,0.9,0.9,1
401881162,MLB,2026-07-23 21:15:00+00:00,St. Louis Cardinals,Arizona Diamondbacks,0.525,0.475,0.525,0.475,0.9,0.9,2
401857133,WNBA,2026-08-11 02:00:00+00:00,Seattle Storm,Chicago Sky,0.445,0.555,0.445,0.555,0.8,0.8,1
401857132,WNBA,2026-08-11 00:00:00+00:00,Atlanta Dream,Toronto Tempo,0.885,0.115,0.885,0.115,0.8,0.8,1
401857130,WNBA,2026-08-09 19:30:00+00:00,Minnesota Lynx,Dallas Wings,0.715,0.285,0.715,0.285,0.8,0.8,1
401857131,WNBA,2026-08-09 23:00:00+00:00,Los Angeles Sparks,Golden State Valkyries,0.275,0.725,0.275,0.725,0.8,0.7,2
401857129,WNBA,2026-08-09 19:00:00+00:00,Washington Mystics,Phoenix Mercury,0.525,0.475,0.525,0.475,0.8,0.8,1
401857128,WNBA,2026-08-09 16:30:00+00:00,New York Liberty,Las Vegas Aces,0.845,0.155,0.845,0.155,0.8,0.8,1
401857126,WNBA,2026-08-08 19:30:00+00:00,Chicago Sky,Indiana Fever,0.305,0.695,0.305,0.695,0.8,0.8,2
401857125,WNBA,2026-08-08 17:00:00+00:00,Minnesota Lynx,Las Vegas Aces,0.645,0.355,0.645,0.355,0.8,0.8,1
401857123,WNBA,2026-08-07 23:30:00+00:00,Washington Mystics,Atlanta Dream,0.345,0.655,0.345,0.655,0.8,0.8,1
401857122,WNBA,2026-08-07 23:30:00+00:00,Connecticut Sun,Phoenix Mercury,0.335,0.665,0.335,0.665,0.8,0.8,1
401857124,WNBA,2026-08-08 01:30:00+00:00,Dallas Wings,Golden State Valkyries,0.475,0.525,0.475,0.525,0.8,0.8,2
401857120,WNBA,2026-08-07 01:00:00+00:00,Minnesota Lynx,Los Angeles Sparks,0.915,0.085,0.915,0.085,0.8,0.8,2
401857119,WNBA,2026-08-06 23:00:00+00:00,Indiana Fever,Las Vegas Aces,0.515,0.485,0.515,0.485,0.8,0.8,2
401857320,WNBA,2026-07-26 00:30:00+00:00,TEAM COOP,TEAM SPOON,0.395,0.605,0.395,0.605,0.9,0.9,2
401857118,WNBA,2026-08-06 01:00:00+00:00,Chicago Sky,Los Angeles Sparks,0.565,0.435,0.565,0.435,0.6,0.6,1
401857117,WNBA,2026-08-05 23:30:00+00:00,Washington Mystics,Dallas Wings,0.445,0.555,0.445,0.555,0.8,0.8,1
401857116,WNBA,2026-08-05 23:00:00+00:00,New York Liberty,Seattle Storm,0.765,0.235,0.765,0.235,0.8,0.8,1
401857115,WNBA,2026-08-05 23:00:00+00:00,Atlanta Dream,Phoenix Mercury,0.685,0.315,0.685,0.315,0.8,0.8,1
401857114,WNBA,2026-08-05 02:00:00+00:00,Golden State Valkyries,Toronto Tempo,0.84,0.16,0.84,0.16,0.8,0.8,1
401857113,WNBA,2026-08-04 01:00:00+00:00,Chicago Sky,Phoenix Mercury,0.465,0.535,0.465,0.535,0.8,0.8,2
401857112,WNBA,2026-08-03 23:00:00+00:00,New York Liberty,Seattle Storm,0.755,0.245,0.755,0.245,0.8,0.8,1
401857111,WNBA,2026-08-03 23:00:00+00:00,Atlanta Dream,Las Vegas Aces,0.565,0.435,0.565,0.435,0.8,0.8,2
401857110,WNBA,2026-08-03 00:30:00+00:00,Golden State Valkyries,Toronto Tempo,0.875,0.125,0.875,0.125,0.8,0.8,1
401857109,WNBA,2026-08-02 23:00:00+00:00,Dallas Wings,Connecticut Sun,0.825,0.175,0.825,0.175,0.9,0.9,1
401857107,WNBA,2026-08-02 17:00:00+00:00,Minnesota Lynx,Indiana Fever,0.655,0.345,0.655,0.345,0.8,0.8,1
401857106,WNBA,2026-08-01 19:00:00+00:00,Phoenix Mercury,New York Liberty,0.415,0.585,0.415,0.585,0.8,0.9,2
401857105,WNBA,2026-08-01 17:00:00+00:00,Chicago Sky,Las Vegas Aces,0.295,0.705,0.295,0.705,0.8,0.8,1
401857103,WNBA,2026-07-31 23:30:00+00:00,Washington Mystics,Dallas Wings,0.405,0.595,0.405,0.595,0.8,0.9,1
401857102,WNBA,2026-07-31 23:30:00+00:00,Atlanta Dream,Seattle Storm,0.845,0.155,0.845,0.155,0.8,0.8,1
401857100,WNBA,2026-07-31 00:00:00+00:00,Chicago Sky,Connecticut Sun,0.665,0.335,0.665,0.335,0.6,0.6,1
401857101,WNBA,2026-07-31 02:00:00+00:00,Las Vegas Aces,New York Liberty,0.635,0.365,0.635,0.365,0.9,0.9,1
401857099,WNBA,2026-07-31 00:00:00+00:00,Toronto Tempo,Minnesota Lynx,0.145,0.855,0.145,0.855,0.6,0.6,2
401892393,WNBA,2026-07-21 00:00:00+00:00,Dallas Wings,New York Liberty,0.355,0.645,0.355,0.645,0.9,0.9,2
401857098,WNBA,2026-07-30 02:00:00+00:00,Phoenix Mercury,Golden State Valkyries,0.405,0.595,0.405,0.595,0.9,0.9,1
401857097,WNBA,2026-07-30 00:00:00+00:00,Dallas Wings,Atlanta Dream,0.465,0.535,0.465,0.535,0.8,0.8,2
401857094,WNBA,2026-07-29 01:30:00+00:00,Seattle Storm,Indiana Fever,0.205,0.795,0.205,0.795,0.9,0.9,2
401857096,WNBA,2026-07-29 02:00:00+00:00,Los Angeles Sparks,New York Liberty,0.365,0.635,0.365,0.635,0.9,0.9,2
401857093,WNBA,2026-07-29 00:00:00+00:00,Minnesota Lynx,Toronto Tempo,0.905,0.095,0.905,0.095,0.5,0.4,1
401857092,WNBA,2026-07-28 23:30:00+00:00,Washington Mystics,Connecticut Sun,0.705,0.295,0.705,0.295,0.7,1.0,1
401857089,WNBA,2026-07-22 23:30:00+00:00,Washington Mystics,Las Vegas Aces,0.305,0.695,0.305,0.695,0.9,0.9,1
401857090,WNBA,2026-07-23 00:00:00+00:00,Indiana Fever,Connecticut Sun,0.825,0.175,0.825,0.175,0.9,0.9,1
401857087,WNBA,2026-07-22 19:00:00+00:00,Seattle Storm,Minnesota Lynx,0.195,0.805,0.195,0.805,0.9,0.9,2
401857088,WNBA,2026-07-22 23:00:00+00:00,New York Liberty,Chicago Sky,0.745,0.255,0.745,0.255,0.9,0.9,1
401857086,WNBA,2026-07-22 19:00:00+00:00,Los Angeles Sparks,Phoenix Mercury,0.505,0.495,0.505,0.495,0.9,0.9,2
401857084,WNBA,2026-07-21 02:00:00+00:00,Golden State Valkyries,Washington Mystics,0.765,0.235,0.765,0.235,0.9,0.9,2
401857085,WNBA,2026-07-21 02:00:00+00:00,Seattle Storm,Minnesota Lynx,0.205,0.795,0.205,0.795,0.9,0.9,2
401857083,WNBA,2026-07-21 00:00:00+00:00,Toronto Tempo,Las Vegas Aces,0.165,0.835,0.165,0.835,0.9,0.9,2
401857082,WNBA,2026-07-19 23:00:00+00:00,Phoenix Mercury,Connecticut Sun,0.615,0.385,0.615,0.385,0.9,0.9,1
401857081,WNBA,2026-07-19 20:00:00+00:00,Atlanta Dream,Chicago Sky,0.835,0.165,0.835,0.165,0.9,0.9,1
401857080,WNBA,2026-07-19 17:00:00+00:00,Dallas Wings,Los Angeles Sparks,0.775,0.225,0.775,0.225,0.9,0.9,1
401857079,WNBA,2026-07-19 00:30:00+00:00,Golden State Valkyries,Washington Mystics,0.765,0.235,0.765,0.235,0.9,0.9,1
401857077,WNBA,2026-07-19 00:00:00+00:00,Indiana Fever,New York Liberty,0.475,0.525,0.475,0.525,0.9,0.9,1
401857076,WNBA,2026-07-18 02:00:00+00:00,Phoenix Mercury,Connecticut Sun,0.625,0.375,0.625,0.375,0.9,0.9,2
401857075,WNBA,2026-07-17 23:30:00+00:00,Chicago Sky,Los Angeles Sparks,0.545,0.455,0.545,0.455,0.9,0.9,1
401857074,WNBA,2026-07-17 23:30:00+00:00,Toronto Tempo,Atlanta Dream,0.215,0.785,0.215,0.785,0.9,0.9,2
401857073,WNBA,2026-07-17 23:30:00+00:00,Indiana Fever,Seattle Storm,0.775,0.225,0.775,0.225,0.9,0.9,1
401857072,WNBA,2026-07-17 01:00:00+00:00,Dallas Wings,New York Liberty,0.555,0.445,0.555,0.445,0.9,0.9,2
401857069,WNBA,2026-07-15 17:00:00+00:00,Minnesota Lynx,Los Angeles Sparks,0.835,0.165,0.835,0.165,0.9,0.9,1
401857068,WNBA,2026-07-15 16:00:00+00:00,Chicago Sky,Seattle Storm,0.585,0.415,0.585,0.415,0.9,0.9,1
401857070,WNBA,2026-07-16 00:00:00+00:00,Indiana Fever,Golden State Valkyries,0.575,0.425,0.575,0.425,0.9,0.9,2
401857067,WNBA,2026-07-14 23:00:00+00:00,Toronto Tempo,Washington Mystics,0.465,0.535,0.465,0.535,0.9,0.9,2
401857064,WNBA,2026-07-13 23:00:00+00:00,Atlanta Dream,Los Angeles Sparks,0.765,0.235,0.765,0.235,0.9,0.9,1
401857065,WNBA,2026-07-14 01:00:00+00:00,Minnesota Lynx,Phoenix Mercury,0.845,0.155,0.845,0.155,0.9,0.9,1
401857060,WNBA,2026-07-12 19:00:00+00:00,Toronto Tempo,New York Liberty,0.275,0.725,0.275,0.725,0.9,0.9,1
401857062,WNBA,2026-07-12 23:00:00+00:00,Dallas Wings,Chicago Sky,0.805,0.195,0.805,0.195,0.9,0.9,1
401857063,WNBA,2026-07-13 01:00:00+00:00,Las Vegas Aces,Indiana Fever,0.625,0.375,0.625,0.375,0.9,0.9,2
401857061,WNBA,2026-07-12 19:00:00+00:00,Washington Mystics,Seattle Storm,0.675,0.325,0.675,0.325,0.9,0.9,1
401857057,WNBA,2026-07-11 17:00:00+00:00,Minnesota Lynx,New York Liberty,0.635,0.365,0.635,0.365,0.9,0.9,1
401857058,WNBA,2026-07-11 22:00:00+00:00,Las Vegas Aces,Phoenix Mercury,0.76,0.24,0.76,0.24,0.9,0.9,1
401857054,WNBA,2026-07-10 23:30:00+00:00,Connecticut Sun,Golden State Valkyries,0.295,0.705,0.295,0.705,0.9,0.9,2
401857056,WNBA,2026-07-11 02:00:00+00:00,Los Angeles Sparks,Chicago Sky,0.525,0.475,0.525,0.475,0.9,0.9,1
401857055,WNBA,2026-07-10 23:30:00+00:00,Toronto Tempo,Dallas Wings,0.245,0.755,0.245,0.755,0.9,0.9,2
401857051,WNBA,2026-07-10 00:00:00+00:00,Atlanta Dream,Seattle Storm,0.835,0.165,0.835,0.165,0.9,0.9,1
401857052,WNBA,2026-07-10 02:00:00+00:00,Phoenix Mercury,Indiana Fever,0.475,0.525,0.475,0.525,0.9,0.9,2
401857048,WNBA,2026-07-08 23:00:00+00:00,Toronto Tempo,Golden State Valkyries,0.265,0.735,0.265,0.735,0.9,0.9,2
401857049,WNBA,2026-07-08 23:30:00+00:00,Connecticut Sun,Minnesota Lynx,0.2625,0.7375,0.2625,0.7375,0.8,0.8,2
401857050,WNBA,2026-07-09 02:00:00+00:00,Los Angeles Sparks,Indiana Fever,0.3105,0.6895,0.3105,0.6895,0.9,0.9,1
401857047,WNBA,2026-07-08 02:00:00+00:00,Phoenix Mercury,Chicago Sky,0.605,0.395,0.605,0.395,0.9,0.9,2
401857046,WNBA,2026-07-08 00:00:00+00:00,New York Liberty,Dallas Wings,0.615,0.385,0.615,0.385,0.9,0.9,2
401857044,WNBA,2026-07-07 00:00:00+00:00,Minnesota Lynx,Connecticut Sun,0.855,0.145,0.855,0.145,0.9,0.9,2
401857043,WNBA,2026-07-06 23:30:00+00:00,Washington Mystics,Golden State Valkyries,0.285,0.715,0.285,0.715,0.9,0.9,2
401857045,WNBA,2026-07-07 02:00:00+00:00,Los Angeles Sparks,Seattle Storm,0.605,0.395,0.605,0.395,0.9,0.9,2
401857042,WNBA,2026-07-05 23:00:00+00:00,Las Vegas Aces,Indiana Fever,0.575,0.425,0.575,0.425,0.9,0.9,2
401857041,WNBA,2026-07-05 19:00:00+00:00,Toronto Tempo,Dallas Wings,0.335,0.665,0.335,0.665,0.9,0.9,2
401857039,WNBA,2026-07-04 17:00:00+00:00,Atlanta Dream,Golden State Valkyries,0.625,0.375,0.625,0.375,0.9,0.9,2
401857038,WNBA,2026-07-04 02:00:00+00:00,Las Vegas Aces,Chicago Sky,0.635,0.365,0.635,0.365,0.9,0.9,1
401857037,WNBA,2026-07-03 23:30:00+00:00,New York Liberty,Minnesota Lynx,0.445,0.555,0.445,0.555,0.9,0.9,1
401857036,WNBA,2026-07-03 02:00:00+00:00,Phoenix Mercury,Seattle Storm,0.635,0.365,0.635,0.365,0.9,0.9,1
401857034,WNBA,2026-07-02 23:30:00+00:00,Washington Mystics,Atlanta Dream,0.215,0.785,0.215,0.785,0.9,0.9,1
401857035,WNBA,2026-07-03 00:00:00+00:00,Connecticut Sun,Dallas Wings,0.265,0.735,0.265,0.735,0.9,0.9,2
401816709,MLB,2026-08-28 23:15:00+00:00,Toronto Blue Jays,Seattle Mariners,0.575,0.425,0.575,0.425,0.7,0.8,1
401816703,MLB,2026-08-28 23:15:00+00:00,Atlanta Braves,Colorado Rockies,0.675,0.325,0.675,0.325,0.7,0.8,1
401816702,MLB,2026-08-28 23:15:00+00:00,New York Yankees,Boston Red Sox,0.585,0.415,0.585,0.415,0.7,0.8,1
401816708,MLB,2026-08-28 23:10:00+00:00,Tampa Bay Rays,San Diego Padres,0.535,0.465,0.535,0.465,0.8,0.8,1
401816707,MLB,2026-08-28 22:45:00+00:00,Washington Nationals,Miami Marlins,0.435,0.565,0.435,0.565,0.8,0.8,1
401816704,MLB,2026-08-28 23:10:00+00:00,New York Mets,Houston Astros,0.495,0.505,0.495,0.505,0.8,0.8,2
401816705,MLB,2026-08-28 23:10:00+00:00,Cleveland Guardians,Kansas City Royals,0.555,0.445,0.555,0.445,0.8,0.8,2
401816706,MLB,2026-08-28 22:40:00+00:00,Detroit Tigers,Los Angeles Dodgers,0.375,0.625,0.375,0.625,0.8,0.8,2
401816711,MLB,2026-08-28 18:20:00+00:00,Chicago Cubs,Cincinnati Reds,0.645,0.355,0.645,0.355,0.8,0.8,2
401816698,MLB,2026-08-27 23:15:00+00:00,Atlanta Braves,Los Angeles Dodgers,0.515,0.485,0.515,0.485,0.7,0.7,1
401816701,MLB,2026-08-28 01:45:00+00:00,San Francisco Giants,Arizona Diamondbacks,0.465,0.535,0.465,0.535,0.8,0.8,1
401816699,MLB,2026-08-27 23:10:00+00:00,New York Mets,Milwaukee Brewers,0.355,0.645,0.355,0.645,0.6,0.6,2
401816697,MLB,2026-08-27 23:07:00+00:00,Toronto Blue Jays,Kansas City Royals,0.505,0.495,0.505,0.495,0.8,0.8,2
401816700,MLB,2026-08-27 18:15:00+00:00,St. Louis Cardinals,Baltimore Orioles,0.455,0.545,0.455,0.545,0.8,0.8,1
401816696,MLB,2026-08-27 23:05:00+00:00,New York Yankees,Houston Astros,0.595,0.405,0.595,0.405,0.8,0.8,2
401816695,MLB,2026-08-27 17:05:00+00:00,Washington Nationals,Colorado Rockies,0.555,0.445,0.555,0.445,0.8,0.8,1
401816687,MLB,2026-08-26 23:45:00+00:00,St. Louis Cardinals,Baltimore Orioles,0.495,0.505,0.495,0.505,0.8,0.8,2
401816692,MLB,2026-08-27 01:05:00+00:00,Athletics,Minnesota Twins,0.445,0.555,0.445,0.555,0.8,0.8,1
401816688,MLB,2026-08-26 23:40:00+00:00,Chicago White Sox,Texas Rangers,0.525,0.475,0.525,0.475,0.8,0.7,1
401816684,MLB,2026-08-26 23:15:00+00:00,Atlanta Braves,Los Angeles Dodgers,0.465,0.535,0.465,0.535,0.8,0.7,1
401816685,MLB,2026-08-26 23:10:00+00:00,New York Mets,Milwaukee Brewers,0.415,0.585,0.415,0.585,0.5,0.6,2
401816683,MLB,2026-08-26 23:07:00+00:00,Toronto Blue Jays,Kansas City Royals,0.595,0.405,0.595,0.405,0.8,0.8,1
401816681,MLB,2026-08-26 22:45:00+00:00,Washington Nationals,Colorado Rockies,0.555,0.445,0.555,0.445,0.8,0.8,2
401816682,MLB,2026-08-26 23:05:00+00:00,New York Yankees,Houston Astros,0.535,0.465,0.535,0.465,0.7,0.7,1
401816680,MLB,2026-08-26 22:40:00+00:00,Miami Marlins,Boston Red Sox,0.455,0.545,0.455,0.545,0.6,0.6,1
401816694,MLB,2026-08-26 20:10:00+00:00,San Diego Padres,Pittsburgh Pirates,0.565,0.435,0.565,0.435,0.8,0.8,1
401816691,MLB,2026-08-26 20:07:00+00:00,Los Angeles Angels,Cleveland Guardians,0.435,0.565,0.435,0.565,0.8,0.8,2
401816693,MLB,2026-08-26 20:10:00+00:00,Seattle Mariners,Philadelphia Phillies,0.445,0.555,0.445,0.555,0.8,0.8,2
401816689,MLB,2026-08-26 19:40:00+00:00,Arizona Diamondbacks,Chicago Cubs,0.475,0.525,0.475,0.525,0.8,0.8,1
401816690,MLB,2026-08-26 19:45:00+00:00,San Francisco Giants,Cincinnati Reds,0.525,0.475,0.525,0.475,0.8,0.8,2
401816686,MLB,2026-08-26 17:10:00+00:00,Detroit Tigers,Tampa Bay Rays,0.535,0.465,0.535,0.465,0.8,0.8,2
401816675,MLB,2026-08-26 01:45:00+00:00,San Francisco Giants,Cincinnati Reds,0.515,0.485,0.515,0.485,0.8,0.8,1
401816678,MLB,2026-08-26 01:40:00+00:00,Seattle Mariners,Philadelphia Phillies,0.515,0.485,0.515,0.485,0.8,0.8,1
401816679,MLB,2026-08-26 01:40:00+00:00,San Diego Padres,Pittsburgh Pirates,0.555,0.445,0.555,0.445,0.8,0.8,2
401816677,MLB,2026-08-26 01:40:00+00:00,Athletics,Minnesota Twins,0.415,0.585,0.415,0.585,0.8,0.8,1
401816674,MLB,2026-08-26 01:40:00+00:00,Arizona Diamondbacks,Chicago Cubs,0.505,0.495,0.505,0.495,0.8,0.8,1
401816676,MLB,2026-08-26 01:38:00+00:00,Los Angeles Angels,Cleveland Guardians,0.415,0.585,0.415,0.585,0.8,0.8,2
401816672,MLB,2026-08-25 23:45:00+00:00,St. Louis Cardinals,Baltimore Orioles,0.535,0.465,0.535,0.465,0.8,0.8,2
401816673,MLB,2026-08-25 23:40:00+00:00,Chicago White Sox,Texas Rangers,0.485,0.515,0.485,0.515,0.8,0.8,1
401816671,MLB,2026-08-25 22:40:00+00:00,Detroit Tigers,Tampa Bay Rays,0.455,0.545,0.455,0.545,0.5,0.6,1
401816665,MLB,2026-08-25 22:40:00+00:00,Miami Marlins,Boston Red Sox,0.415,0.585,0.415,0.585,0.6,0.6,2
401816666,MLB,2026-08-25 22:45:00+00:00,Washington Nationals,Colorado Rockies,0.595,0.405,0.595,0.405,0.8,0.8,2
401816668,MLB,2026-08-25 23:07:00+00:00,Toronto Blue Jays,Kansas City Royals,0.555,0.445,0.555,0.445,0.8,0.8,2
401816667,MLB,2026-08-25 23:05:00+00:00,New York Yankees,Houston Astros,0.575,0.425,0.575,0.425,0.8,0.8,2
401816670,MLB,2026-08-25 23:10:00+00:00,New York Mets,Milwaukee Brewers,0.395,0.605,0.395,0.605,0.8,0.8,1
401816669,MLB,2026-08-25 23:15:00+00:00,Atlanta Braves,Los Angeles Dodgers,0.405,0.595,0.405,0.595,0.8,0.8,1
401816662,MLB,2026-08-25 01:40:00+00:00,Athletics,Minnesota Twins,0.425,0.575,0.425,0.575,0.8,0.8,2
401816660,MLB,2026-08-25 01:45:00+00:00,San Francisco Giants,Cincinnati Reds,0.385,0.615,0.385,0.615,0.7,0.8,1
401816663,MLB,2026-08-25 01:40:00+00:00,Seattle Mariners,Philadelphia Phillies,0.475,0.525,0.475,0.525,0.8,0.8,1
401816664,MLB,2026-08-25 01:40:00+00:00,San Diego Padres,Pittsburgh Pirates,0.515,0.485,0.515,0.485,0.8,0.8,2
401816659,MLB,2026-08-25 01:40:00+00:00,Arizona Diamondbacks,Chicago Cubs,0.435,0.565,0.435,0.565,0.8,0.8,2
401816661,MLB,2026-08-25 01:38:00+00:00,Los Angeles Angels,Cleveland Guardians,0.395,0.605,0.395,0.605,0.8,0.8,2
401816658,MLB,2026-08-24 23:40:00+00:00,Chicago White Sox,Texas Rangers,0.555,0.445,0.555,0.445,0.8,0.8,2
401816656,MLB,2026-08-24 22:45:00+00:00,Washington Nationals,Colorado Rockies,0.655,0.345,0.655,0.345,0.7,0.7,1
401816655,MLB,2026-08-24 22:40:00+00:00,Miami Marlins,Boston Red Sox,0.455,0.545,0.455,0.545,0.5,0.5,2
401816657,MLB,2026-08-24 22:40:00+00:00,Detroit Tigers,Tampa Bay Rays,0.435,0.565,0.435,0.565,0.5,0.6,2
401816647,MLB,2026-08-23 23:00:00+00:00,Milwaukee Brewers,Atlanta Braves,0.515,0.485,0.515,0.485,0.8,0.8,2
401816652,MLB,2026-08-23 20:15:00+00:00,Arizona Diamondbacks,Cincinnati Reds,0.575,0.425,0.575,0.425,0.8,0.8,1
401816651,MLB,2026-08-23 20:10:00+00:00,Seattle Mariners,Chicago Cubs,0.455,0.545,0.455,0.545,0.8,0.8,2
401816653,MLB,2026-08-23 20:10:00+00:00,San Diego Padres,Minnesota Twins,0.585,0.415,0.585,0.415,0.8,0.8,1
401816654,MLB,2026-08-23 20:10:00+00:00,Los Angeles Dodgers,Pittsburgh Pirates,0.715,0.285,0.715,0.285,0.8,0.8,1
401816650,MLB,2026-08-23 19:10:00+00:00,Colorado Rockies,Cleveland Guardians,0.395,0.605,0.395,0.605,0.6,0.6,2
401816640,MLB,2026-08-23 19:15:00+00:00,Boston Red Sox,San Francisco Giants,0.655,0.345,0.655,0.345,0.7,0.7,1
401816645,MLB,2026-08-23 18:35:00+00:00,Texas Rangers,Los Angeles Angels,0.595,0.405,0.595,0.405,0.8,0.8,1
401816648,MLB,2026-08-23 18:10:00+00:00,Kansas City Royals,Detroit Tigers,0.495,0.505,0.495,0.505,0.8,0.8,1
401816649,MLB,2026-08-23 18:10:00+00:00,Chicago White Sox,New York Mets,0.515,0.485,0.515,0.485,0.8,0.8,1
401816646,MLB,2026-08-23 18:10:00+00:00,Houston Astros,Athletics,0.625,0.375,0.625,0.375,0.8,0.8,2
401816641,MLB,2026-08-23 17:35:00+00:00,Philadelphia Phillies,St. Louis Cardinals,0.665,0.335,0.665,0.335,0.8,0.8,1
401816644,MLB,2026-08-23 17:40:00+00:00,Miami Marlins,Washington Nationals,0.605,0.395,0.605,0.395,0.6,0.6,1
401816643,MLB,2026-08-23 17:35:00+00:00,New York Yankees,Toronto Blue Jays,0.545,0.455,0.545,0.455,0.8,0.8,1
401816642,MLB,2026-08-23 17:35:00+00:00,Baltimore Orioles,Tampa Bay Rays,0.515,0.485,0.515,0.485,0.8,0.8,2
401816635,MLB,2026-08-23 00:10:00+00:00,Colorado Rockies,Cleveland Guardians,0.435,0.565,0.435,0.565,0.8,0.8,2
401816637,MLB,2026-08-23 00:10:00+00:00,Arizona Diamondbacks,Cincinnati Reds,0.635,0.365,0.635,0.365,0.8,0.8,2
401816638,MLB,2026-08-23 00:40:00+00:00,San Diego Padres,Minnesota Twins,0.565,0.435,0.565,0.435,0.6,0.6,1
401816636,MLB,2026-08-22 23:15:00+00:00,Seattle Mariners,Chicago Cubs,0.525,0.475,0.525,0.475,0.8,0.8,1
401816639,MLB,2026-08-22 23:15:00+00:00,Los Angeles Dodgers,Pittsburgh Pirates,0.705,0.295,0.705,0.295,0.7,0.7,1
401816633,MLB,2026-08-22 23:15:00+00:00,Kansas City Royals,Detroit Tigers,0.505,0.495,0.505,0.495,0.7,0.7,1
401816625,MLB,2026-08-22 23:15:00+00:00,Boston Red Sox,San Francisco Giants,0.655,0.345,0.655,0.345,0.7,0.7,1
401816631,MLB,2026-08-22 23:10:00+00:00,Houston Astros,Athletics,0.685,0.315,0.685,0.315,0.8,0.8,2
401816634,MLB,2026-08-22 23:10:00+00:00,Chicago White Sox,New York Mets,0.495,0.505,0.495,0.505,0.8,0.8,2
401816627,MLB,2026-08-22 23:05:00+00:00,Baltimore Orioles,Tampa Bay Rays,0.445,0.555,0.445,0.555,0.8,0.8,1
401816630,MLB,2026-08-22 23:05:00+00:00,Texas Rangers,Los Angeles Angels,0.605,0.395,0.605,0.395,0.8,0.8,2
401816626,MLB,2026-08-22 22:05:00+00:00,Philadelphia Phillies,St. Louis Cardinals,0.595,0.405,0.595,0.405,0.8,0.8,1
401816632,MLB,2026-08-22 18:10:00+00:00,Milwaukee Brewers,Atlanta Braves,0.595,0.405,0.595,0.405,0.8,0.8,1
401816629,MLB,2026-08-22 20:10:00+00:00,Miami Marlins,Washington Nationals,0.635,0.365,0.635,0.365,0.8,0.8,1
401816628,MLB,2026-08-22 17:35:00+00:00,New York Yankees,Toronto Blue Jays,0.495,0.505,0.495,0.505,0.8,0.8,2
401816621,MLB,2026-08-22 02:10:00+00:00,Seattle Mariners,Chicago Cubs,0.515,0.485,0.515,0.485,0.7,0.7,1
401816624,MLB,2026-08-22 02:10:00+00:00,Los Angeles Dodgers,Pittsburgh Pirates,0.685,0.315,0.685,0.315,0.7,0.7,1
401816623,MLB,2026-08-22 01:40:00+00:00,San Diego Padres,Minnesota Twins,0.535,0.465,0.535,0.465,0.8,0.8,1
401816622,MLB,2026-08-22 01:40:00+00:00,Arizona Diamondbacks,Cincinnati Reds,0.585,0.415,0.585,0.415,0.8,0.8,1
401816620,MLB,2026-08-22 00:40:00+00:00,Colorado Rockies,Cleveland Guardians,0.415,0.585,0.415,0.585,0.8,0.8,2
401816615,MLB,2026-08-22 00:15:00+00:00,Texas Rangers,Los Angeles Angels,0.555,0.445,0.555,0.445,0.8,0.8,1
401816616,MLB,2026-08-22 00:10:00+00:00,Houston Astros,Athletics,0.625,0.375,0.625,0.375,0.8,0.8,1
401816618,MLB,2026-08-22 00:10:00+00:00,Kansas City Royals,Detroit Tigers,0.505,0.495,0.505,0.495,0.8,0.8,1
401816619,MLB,2026-08-21 23:40:00+00:00,Chicago White Sox,New York Mets,0.545,0.455,0.545,0.455,0.6,0.6,1
401816612,MLB,2026-08-21 23:15:00+00:00,Baltimore Orioles,Tampa Bay Rays,0.525,0.475,0.525,0.475,0.8,0.8,1
401816614,MLB,2026-08-21 23:10:00+00:00,Miami Marlins,Washington Nationals,0.585,0.415,0.585,0.415,0.8,0.8,1
401816610,MLB,2026-08-21 23:10:00+00:00,Boston Red Sox,San Francisco Giants,0.625,0.375,0.625,0.375,0.8,0.8,1
401816611,MLB,2026-08-21 22:40:00+00:00,Philadelphia Phillies,St. Louis Cardinals,0.705,0.295,0.705,0.295,0.6,0.6,1
401816613,MLB,2026-08-21 23:05:00+00:00,New York Yankees,Toronto Blue Jays,0.645,0.355,0.645,0.355,0.6,0.6,1
401816617,MLB,2026-08-21 20:10:00+00:00,Milwaukee Brewers,Atlanta Braves,0.565,0.435,0.565,0.435,0.8,0.8,1
401816605,MLB,2026-08-21 00:10:00+00:00,Houston Astros,Los Angeles Angels,0.625,0.375,0.625,0.375,0.8,0.8,2
401816609,MLB,2026-08-21 00:05:00+00:00,Texas Rangers,Washington Nationals,0.625,0.375,0.625,0.375,0.8,0.8,1
401816601,MLB,2026-08-20 22:35:00+00:00,Baltimore Orioles,New York Yankees,0.495,0.505,0.495,0.505,0.8,0.8,2
401816608,MLB,2026-08-20 18:10:00+00:00,Milwaukee Brewers,Seattle Mariners,0.565,0.435,0.565,0.435,0.8,0.8,1
401816606,MLB,2026-08-20 18:10:00+00:00,Kansas City Royals,Athletics,0.545,0.455,0.545,0.455,0.8,0.8,1
401816604,MLB,2026-08-20 17:10:00+00:00,Tampa Bay Rays,Toronto Blue Jays,0.605,0.395,0.605,0.395,0.8,0.8,2
401816602,MLB,2026-08-20 17:10:00+00:00,Cleveland Guardians,San Francisco Giants,0.655,0.345,0.655,0.345,0.8,0.8,1
401816603,MLB,2026-08-20 16:40:00+00:00,Cincinnati Reds,St. Louis Cardinals,0.495,0.505,0.495,0.505,0.8,0.8,2
401816600,MLB,2026-08-20 00:40:00+00:00,Colorado Rockies,Los Angeles Dodgers,0.355,0.645,0.355,0.645,0.8,0.8,2
401816594,MLB,2026-08-20 00:10:00+00:00,Houston Astros,Los Angeles Angels,0.585,0.415,0.585,0.415,0.8,0.8,1
401816598,MLB,2026-08-19 23:40:00+00:00,Milwaukee Brewers,Seattle Mariners,0.525,0.475,0.525,0.475,0.8,0.8,2
401816599,MLB,2026-08-20 00:05:00+00:00,Texas Rangers,Washington Nationals,0.535,0.465,0.535,0.465,0.8,0.8,2
401816595,MLB,2026-08-19 23:40:00+00:00,Kansas City Royals,Athletics,0.625,0.375,0.625,0.375,0.8,0.8,1
401816593,MLB,2026-08-19 22:40:00+00:00,Tampa Bay Rays,Toronto Blue Jays,0.645,0.355,0.645,0.355,0.8,0.8,1
401816591,MLB,2026-08-19 22:40:00+00:00,Cleveland Guardians,San Francisco Giants,0.675,0.325,0.675,0.325,0.8,0.8,2
401816589,MLB,2026-08-19 22:35:00+00:00,Baltimore Orioles,New York Yankees,0.495,0.505,0.495,0.505,0.8,0.8,2
401816592,MLB,2026-08-19 22:40:00+00:00,Cincinnati Reds,St. Louis Cardinals,0.565,0.435,0.565,0.435,0.8,0.8,1
401816588,MLB,2026-08-19 22:05:00+00:00,Philadelphia Phillies,Miami Marlins,0.575,0.425,0.575,0.425,0.8,0.7,1
401816586,MLB,2026-08-19 20:10:00+00:00,Boston Red Sox,Arizona Diamondbacks,0.595,0.405,0.595,0.405,0.6,0.6,2
401816597,MLB,2026-08-19 18:20:00+00:00,Chicago Cubs,Chicago White Sox,0.575,0.425,0.575,0.425,0.8,0.8,2
401816607,MLB,2026-08-19 17:40:00+00:00,Minnesota Twins,Atlanta Braves,0.495,0.505,0.495,0.505,0.8,0.8,1
401816590,MLB,2026-08-19 17:10:00+00:00,New York Mets,San Diego Padres,0.435,0.565,0.435,0.565,0.8,0.8,1
401816587,MLB,2026-08-19 16:35:00+00:00,Pittsburgh Pirates,Detroit Tigers,0.595,0.405,0.595,0.405,0.8,0.8,1
401816585,MLB,2026-08-19 00:40:00+00:00,Colorado Rockies,Los Angeles Dodgers,0.355,0.645,0.355,0.645,0.8,0.8,2
401816579,MLB,2026-08-19 00:10:00+00:00,Houston Astros,Los Angeles Angels,0.615,0.385,0.615,0.385,0.8,0.8,2
401816584,MLB,2026-08-19 00:05:00+00:00,Texas Rangers,Washington Nationals,0.575,0.425,0.575,0.425,0.8,0.8,1
401816582,MLB,2026-08-19 00:05:00+00:00,Chicago Cubs,Chicago White Sox,0.625,0.375,0.625,0.375,0.8,0.8,1
401816596,MLB,2026-08-18 23:40:00+00:00,Minnesota Twins,Atlanta Braves,0.425,0.575,0.425,0.575,0.8,0.8,1
401816580,MLB,2026-08-18 23:40:00+00:00,Kansas City Royals,Athletics,0.595,0.405,0.595,0.405,0.8,0.8,1
401816583,MLB,2026-08-18 23:40:00+00:00,Milwaukee Brewers,Seattle Mariners,0.615,0.385,0.615,0.385,0.8,0.8,1
401816571,MLB,2026-08-18 23:10:00+00:00,Boston Red Sox,Arizona Diamondbacks,0.615,0.385,0.615,0.385,0.8,0.8,1
401816575,MLB,2026-08-18 23:10:00+00:00,New York Mets,San Diego Padres,0.475,0.525,0.475,0.525,0.8,0.8,2
401816578,MLB,2026-08-18 22:40:00+00:00,Tampa Bay Rays,Toronto Blue Jays,0.555,0.445,0.555,0.445,0.8,0.8,2
401816573,MLB,2026-08-18 22:40:00+00:00,Philadelphia Phillies,Miami Marlins,0.665,0.335,0.665,0.335,0.8,0.8,1
401816572,MLB,2026-08-18 22:40:00+00:00,Pittsburgh Pirates,Detroit Tigers,0.595,0.405,0.595,0.405,0.8,0.8,1
401816576,MLB,2026-08-18 22:40:00+00:00,Cleveland Guardians,San Francisco Giants,0.645,0.355,0.645,0.355,0.8,0.8,1
401816577,MLB,2026-08-18 22:40:00+00:00,Cincinnati Reds,St. Louis Cardinals,0.475,0.525,0.475,0.525,0.8,0.8,2
401816574,MLB,2026-08-18 22:35:00+00:00,Baltimore Orioles,New York Yankees,0.495,0.505,0.495,0.505,0.7,0.8,2
401816562,MLB,2026-08-17 23:10:00+00:00,Boston Red Sox,Arizona Diamondbacks,0.555,0.445,0.555,0.445,0.8,0.8,1
401816581,MLB,2026-08-17 23:40:00+00:00,Minnesota Twins,Atlanta Braves,0.455,0.545,0.455,0.545,0.6,0.6,1
401816566,MLB,2026-08-17 23:10:00+00:00,New York Mets,San Diego Padres,0.535,0.465,0.535,0.465,0.8,0.8,1
401816569,MLB,2026-08-18 00:05:00+00:00,Chicago Cubs,Chicago White Sox,0.585,0.415,0.585,0.415,0.8,0.8,1
401816568,MLB,2026-08-17 23:40:00+00:00,Kansas City Royals,Athletics,0.635,0.365,0.635,0.365,0.6,0.6,1
401816570,MLB,2026-08-18 00:40:00+00:00,Colorado Rockies,Los Angeles Dodgers,0.285,0.715,0.285,0.715,0.9,0.8,2
401816565,MLB,2026-08-17 22:40:00+00:00,Philadelphia Phillies,Miami Marlins,0.695,0.305,0.695,0.305,0.8,0.8,1
401816567,MLB,2026-08-17 22:40:00+00:00,Cincinnati Reds,St. Louis Cardinals,0.475,0.525,0.475,0.525,0.8,0.8,1
401816564,MLB,2026-08-17 23:00:00+00:00,Pittsburgh Pirates,Detroit Tigers,0.495,0.505,0.495,0.505,0.8,0.8,2
401816563,MLB,2026-08-17 22:05:00+00:00,Tampa Bay Rays,Baltimore Orioles,0.605,0.395,0.605,0.395,0.5,0.6,1
401816556,MLB,2026-08-16 23:20:00+00:00,Houston Astros,Seattle Mariners,0.535,0.465,0.535,0.465,0.8,0.8,2
401816559,MLB,2026-08-16 20:07:00+00:00,Los Angeles Angels,Kansas City Royals,0.465,0.535,0.465,0.535,0.6,0.6,2
401816560,MLB,2026-08-16 20:10:00+00:00,Los Angeles Dodgers,Milwaukee Brewers,0.645,0.355,0.645,0.355,0.8,0.8,2
401816561,MLB,2026-08-16 20:05:00+00:00,Athletics,Texas Rangers,0.455,0.545,0.455,0.545,0.8,0.8,1
401816558,MLB,2026-08-16 20:05:00+00:00,San Francisco Giants,Colorado Rockies,0.545,0.455,0.545,0.455,0.8,0.8,2
401816557,MLB,2026-08-16 19:00:00+00:00,Chicago Cubs,St. Louis Cardinals,0.625,0.375,0.625,0.375,0.8,0.8,2
401816555,MLB,2026-08-16 18:10:00+00:00,Minnesota Twins,Philadelphia Phillies,0.495,0.505,0.495,0.505,0.8,0.8,2
401816554,MLB,2026-08-16 17:40:00+00:00,New York Mets,Washington Nationals,0.605,0.395,0.605,0.395,0.7,0.7,1
401816550,MLB,2026-08-16 17:40:00+00:00,Detroit Tigers,Chicago White Sox,0.515,0.485,0.515,0.485,0.7,0.8,2
401816553,MLB,2026-08-16 17:40:00+00:00,Cleveland Guardians,San Diego Padres,0.485,0.515,0.485,0.515,0.7,0.7,2
401816552,MLB,2026-08-16 17:37:00+00:00,Toronto Blue Jays,New York Yankees,0.535,0.465,0.535,0.465,0.8,0.8,2
401816551,MLB,2026-08-16 17:40:00+00:00,Cincinnati Reds,Miami Marlins,0.465,0.535,0.465,0.535,0.8,0.6,2
401816549,MLB,2026-08-16 17:35:00+00:00,Pittsburgh Pirates,Boston Red Sox,0.495,0.505,0.495,0.505,0.8,0.8,1
401816547,MLB,2026-08-16 17:35:00+00:00,Atlanta Braves,Arizona Diamondbacks,0.535,0.465,0.535,0.465,0.8,0.8,1
401816548,MLB,2026-08-16 16:15:00+00:00,Tampa Bay Rays,Baltimore Orioles,0.565,0.435,0.565,0.435,0.8,0.8,2
401816546,MLB,2026-08-16 01:40:00+00:00,Athletics,Texas Rangers,0.395,0.605,0.395,0.605,0.8,0.8,2
401816544,MLB,2026-08-16 01:38:00+00:00,Los Angeles Angels,Kansas City Royals,0.585,0.415,0.585,0.415,0.9,0.9,1
401816534,MLB,2026-08-15 23:15:00+00:00,Pittsburgh Pirates,Boston Red Sox,0.475,0.525,0.475,0.525,0.8,0.8,2
401816545,MLB,2026-08-15 23:15:00+00:00,Los Angeles Dodgers,Milwaukee Brewers,0.465,0.535,0.465,0.535,0.8,0.8,2
401816532,MLB,2026-08-15 23:15:00+00:00,Atlanta Braves,Arizona Diamondbacks,0.555,0.445,0.555,0.445,0.8,0.8,2
401816540,MLB,2026-08-15 23:10:00+00:00,Minnesota Twins,Philadelphia Phillies,0.455,0.545,0.455,0.545,0.8,0.8,2
401816541,MLB,2026-08-15 23:10:00+00:00,Houston Astros,Seattle Mariners,0.525,0.475,0.525,0.475,0.8,0.8,2
401816538,MLB,2026-08-15 23:10:00+00:00,Cleveland Guardians,San Diego Padres,0.505,0.495,0.505,0.495,0.8,0.8,1
401816536,MLB,2026-08-15 22:40:00+00:00,Cincinnati Reds,Miami Marlins,0.505,0.495,0.505,0.495,0.8,0.8,2
401816533,MLB,2026-08-15 22:10:00+00:00,Tampa Bay Rays,Baltimore Orioles,0.585,0.415,0.585,0.415,0.8,0.8,2
401816543,MLB,2026-08-15 20:05:00+00:00,San Francisco Giants,Colorado Rockies,0.615,0.385,0.615,0.385,0.8,0.8,1
401816539,MLB,2026-08-15 20:10:00+00:00,New York Mets,Washington Nationals,0.565,0.435,0.565,0.435,0.8,0.8,1
401816537,MLB,2026-08-15 19:07:00+00:00,Toronto Blue Jays,New York Yankees,0.365,0.635,0.365,0.635,0.8,0.8,1
401816542,MLB,2026-08-15 18:20:00+00:00,Chicago Cubs,St. Louis Cardinals,0.635,0.365,0.635,0.365,0.8,0.8,2
401816535,MLB,2026-08-15 17:10:00+00:00,Detroit Tigers,Chicago White Sox,0.575,0.425,0.575,0.425,0.8,0.8,2
401816528,MLB,2026-08-15 02:15:00+00:00,San Francisco Giants,Colorado Rockies,0.545,0.455,0.545,0.455,0.8,0.8,2
401816530,MLB,2026-08-15 02:10:00+00:00,Los Angeles Dodgers,Milwaukee Brewers,0.625,0.375,0.625,0.375,0.8,0.8,1
401816531,MLB,2026-08-15 01:40:00+00:00,Athletics,Texas Rangers,0.485,0.515,0.485,0.515,0.8,0.8,1
401816526,MLB,2026-08-15 00:10:00+00:00,Houston Astros,Seattle Mariners,0.525,0.475,0.525,0.475,0.8,0.8,1
401816529,MLB,2026-08-15 01:38:00+00:00,Los Angeles Angels,Kansas City Royals,0.505,0.495,0.505,0.495,0.9,0.8,2
401816517,MLB,2026-08-14 23:15:00+00:00,Atlanta Braves,Arizona Diamondbacks,0.645,0.355,0.645,0.355,0.8,0.8,2
401816518,MLB,2026-08-14 23:10:00+00:00,Tampa Bay Rays,Baltimore Orioles,0.605,0.395,0.605,0.395,0.8,0.8,2
401816523,MLB,2026-08-14 23:10:00+00:00,Cleveland Guardians,San Diego Padres,0.525,0.475,0.525,0.475,0.8,0.8,2
401816524,MLB,2026-08-14 23:10:00+00:00,New York Mets,Washington Nationals,0.515,0.485,0.515,0.485,0.8,0.8,1
401816520,MLB,2026-08-14 22:40:00+00:00,Detroit Tigers,Chicago White Sox,0.555,0.445,0.555,0.445,0.8,0.8,2
401816519,MLB,2026-08-14 22:40:00+00:00,Pittsburgh Pirates,Boston Red Sox,0.475,0.525,0.475,0.525,0.8,0.8,1
401816521,MLB,2026-08-14 22:10:00+00:00,Cincinnati Reds,Miami Marlins,0.515,0.485,0.515,0.485,0.8,0.8,1
401816527,MLB,2026-08-14 18:20:00+00:00,Chicago Cubs,St. Louis Cardinals,0.635,0.365,0.635,0.365,0.8,0.8,1
401816516,MLB,2026-08-14 02:07:00+00:00,Los Angeles Angels,Texas Rangers,0.425,0.575,0.425,0.575,0.9,0.8,1
401816515,MLB,2026-08-14 02:10:00+00:00,Los Angeles Dodgers,Milwaukee Brewers,0.565,0.435,0.565,0.435,0.8,0.8,2
401816525,MLB,2026-08-13 23:30:00+00:00,Minnesota Twins,Philadelphia Phillies,0.505,0.495,0.505,0.495,0.8,0.8,2
401816510,MLB,2026-08-13 20:05:00+00:00,Washington Nationals,Chicago Cubs,0.425,0.575,0.425,0.575,0.8,0.8,1
401816509,MLB,2026-08-13 19:07:00+00:00,Toronto Blue Jays,Boston Red Sox,0.435,0.565,0.435,0.565,0.9,0.8,2
401816514,MLB,2026-08-13 17:10:00+00:00,Chicago White Sox,Cincinnati Reds,0.545,0.455,0.545,0.455,0.8,0.8,2
401816513,MLB,2026-08-13 17:35:00+00:00,New York Yankees,Seattle Mariners,0.595,0.405,0.595,0.405,0.6,0.6,2
401816512,MLB,2026-08-13 17:10:00+00:00,Miami Marlins,Pittsburgh Pirates,0.465,0.535,0.465,0.535,0.8,0.8,2
401816511,MLB,2026-08-13 17:10:00+00:00,Detroit Tigers,Cleveland Guardians,0.475,0.525,0.475,0.525,0.8,0.8,1
401816505,MLB,2026-08-13 02:10:00+00:00,Los Angeles Dodgers,Kansas City Royals,0.675,0.325,0.675,0.325,0.5,0.6,1
401816508,MLB,2026-08-13 02:00:00+00:00,Los Angeles Angels,Texas Rangers,0.455,0.545,0.455,0.545,0.8,0.8,1
401816501,MLB,2026-08-12 23:40:00+00:00,Chicago White Sox,Cincinnati Reds,0.585,0.415,0.585,0.415,0.8,0.8,1
401816497,MLB,2026-08-12 23:15:00+00:00,Atlanta Braves,New York Mets,0.625,0.375,0.625,0.375,0.8,0.8,1
401816494,MLB,2026-08-12 23:07:00+00:00,Toronto Blue Jays,Boston Red Sox,0.445,0.555,0.445,0.555,0.8,0.9,1
401816499,MLB,2026-08-12 23:00:00+00:00,New York Yankees,Seattle Mariners,0.555,0.445,0.555,0.445,0.8,0.8,1
401816495,MLB,2026-08-12 22:45:00+00:00,Washington Nationals,Chicago Cubs,0.405,0.595,0.405,0.595,0.8,0.8,2
401816498,MLB,2026-08-12 22:40:00+00:00,Miami Marlins,Pittsburgh Pirates,0.525,0.475,0.525,0.475,0.8,0.8,1
401816496,MLB,2026-08-12 22:40:00+00:00,Detroit Tigers,Cleveland Guardians,0.535,0.465,0.535,0.465,0.8,0.8,2
401816506,MLB,2026-08-12 20:10:00+00:00,San Diego Padres,Milwaukee Brewers,0.485,0.515,0.485,0.515,0.8,0.8,1
401816504,MLB,2026-08-12 19:45:00+00:00,San Francisco Giants,Houston Astros,0.425,0.575,0.425,0.575,0.8,0.8,2
401816507,MLB,2026-08-12 19:05:00+00:00,Athletics,Tampa Bay Rays,0.325,0.675,0.325,0.675,0.8,0.8,2
401816503,MLB,2026-08-12 19:40:00+00:00,Arizona Diamondbacks,Colorado Rockies,0.625,0.375,0.625,0.375,0.8,0.8,2
401816502,MLB,2026-08-12 18:15:00+00:00,St. Louis Cardinals,Philadelphia Phillies,0.395,0.605,0.395,0.605,0.8,0.8,1
401816500,MLB,2026-08-12 17:40:00+00:00,Minnesota Twins,Baltimore Orioles,0.505,0.495,0.505,0.495,0.8,0.8,1
401816490,MLB,2026-08-12 02:10:00+00:00,Los Angeles Dodgers,Kansas City Royals,0.715,0.285,0.715,0.285,0.8,0.8,1
401816489,MLB,2026-08-12 01:45:00+00:00,San Francisco Giants,Houston Astros,0.355,0.645,0.355,0.645,0.8,0.8,1
401816491,MLB,2026-08-12 01:40:00+00:00,San Diego Padres,Milwaukee Brewers,0.455,0.545,0.455,0.545,0.8,0.8,1
401816492,MLB,2026-08-12 01:40:00+00:00,Athletics,Tampa Bay Rays,0.365,0.635,0.365,0.635,0.8,0.8,2
401816488,MLB,2026-08-12 01:40:00+00:00,Arizona Diamondbacks,Colorado Rockies,0.615,0.385,0.615,0.385,0.8,0.8,2
401816493,MLB,2026-08-12 01:38:00+00:00,Los Angeles Angels,Texas Rangers,0.425,0.575,0.425,0.575,0.8,0.9,1
401816487,MLB,2026-08-11 23:45:00+00:00,St. Louis Cardinals,Philadelphia Phillies,0.395,0.605,0.395,0.605,0.8,0.8,1
401816485,MLB,2026-08-11 23:40:00+00:00,Minnesota Twins,Baltimore Orioles,0.515,0.485,0.515,0.485,0.8,0.8,2
401816482,MLB,2026-08-11 23:15:00+00:00,Atlanta Braves,New York Mets,0.545,0.455,0.545,0.455,0.8,0.8,1
401816486,MLB,2026-08-11 23:40:00+00:00,Chicago White Sox,Cincinnati Reds,0.595,0.405,0.595,0.405,0.8,0.8,2
401816479,MLB,2026-08-11 23:07:00+00:00,Toronto Blue Jays,Boston Red Sox,0.555,0.445,0.555,0.445,0.8,0.9,1
401816484,MLB,2026-08-11 23:05:00+00:00,New York Yankees,Seattle Mariners,0.555,0.445,0.555,0.445,0.8,0.8,1
401816480,MLB,2026-08-11 22:45:00+00:00,Washington Nationals,Chicago Cubs,0.375,0.625,0.375,0.625,0.8,0.8,2
401816483,MLB,2026-08-11 22:40:00+00:00,Miami Marlins,Pittsburgh Pirates,0.495,0.505,0.495,0.505,0.8,0.8,1
401816481,MLB,2026-08-11 22:40:00+00:00,Detroit Tigers,Cleveland Guardians,0.555,0.445,0.555,0.445,0.8,0.8,1
401857179,WNBA,2026-08-28 02:00:00+00:00,Phoenix Mercury,Washington Mystics,0.335,0.665,0.335,0.665,0.8,0.8,2
401857178,WNBA,2026-08-28 00:00:00+00:00,New York Liberty,Golden State Valkyries,0.585,0.415,0.585,0.415,0.8,0.8,2
401857177,WNBA,2026-08-27 02:00:00+00:00,Seattle Storm,Toronto Tempo,0.695,0.305,0.695,0.305,0.8,0.8,1
401857176,WNBA,2026-08-26 23:00:00+00:00,Connecticut Sun,Golden State Valkyries,0.095,0.905,0.095,0.905,0.8,0.8,2
401857175,WNBA,2026-08-26 02:00:00+00:00,Phoenix Mercury,Washington Mystics,0.465,0.535,0.465,0.535,0.8,0.8,2
401857174,WNBA,2026-08-26 00:00:00+00:00,Dallas Wings,Portland Fire,0.775,0.225,0.775,0.225,0.8,0.8,1
401857173,WNBA,2026-08-25 23:00:00+00:00,Connecticut Sun,Chicago Sky,0.255,0.745,0.255,0.745,0.8,0.8,1
401857172,WNBA,2026-08-25 02:00:00+00:00,Los Angeles Sparks,Atlanta Dream,0.145,0.855,0.145,0.855,0.8,0.7,2
401857171,WNBA,2026-08-25 00:00:00+00:00,Minnesota Lynx,Golden State Valkyries,0.655,0.345,0.655,0.345,0.8,0.8,2
401857170,WNBA,2026-08-23 23:00:00+00:00,Toronto Tempo,Las Vegas Aces,0.105,0.895,0.105,0.895,0.8,0.8,2
401857168,WNBA,2026-08-23 23:00:00+00:00,Chicago Sky,Indiana Fever,0.445,0.555,0.445,0.555,0.8,0.8,2
401857169,WNBA,2026-08-23 23:00:00+00:00,Portland Fire,Washington Mystics,0.35,0.65,0.35,0.65,0.8,0.8,2
401857167,WNBA,2026-08-23 20:00:00+00:00,Dallas Wings,Seattle Storm,0.785,0.215,0.785,0.215,0.8,0.8,1
401857166,WNBA,2026-08-23 02:00:00+00:00,Phoenix Mercury,Atlanta Dream,0.255,0.745,0.255,0.745,0.8,0.8,2
401857165,WNBA,2026-08-23 01:00:00+00:00,Los Angeles Sparks,Connecticut Sun,0.645,0.355,0.645,0.355,0.8,0.8,1
401857164,WNBA,2026-08-22 23:00:00+00:00,New York Liberty,Indiana Fever,0.525,0.475,0.525,0.475,0.8,0.8,1
401857162,WNBA,2026-08-21 23:30:00+00:00,Chicago Sky,Golden State Valkyries,0.285,0.715,0.285,0.715,0.7,0.8,1
401857163,WNBA,2026-08-22 02:00:00+00:00,Toronto Tempo,Portland Fire,0.405,0.595,0.405,0.595,0.8,0.8,1
401857161,WNBA,2026-08-21 23:30:00+00:00,Washington Mystics,Minnesota Lynx,0.445,0.555,0.445,0.555,0.8,0.8,2
401857159,WNBA,2026-08-21 02:00:00+00:00,Las Vegas Aces,Connecticut Sun,0.915,0.085,0.915,0.085,0.8,0.8,1
401857160,WNBA,2026-08-21 02:00:00+00:00,Los Angeles Sparks,Atlanta Dream,0.225,0.775,0.225,0.775,0.8,0.8,2
401857158,WNBA,2026-08-21 00:00:00+00:00,Dallas Wings,Indiana Fever,0.395,0.605,0.395,0.605,0.8,0.8,1
401857157,WNBA,2026-08-20 02:00:00+00:00,Golden State Valkyries,Minnesota Lynx,0.435,0.565,0.435,0.565,0.8,0.8,2
401857156,WNBA,2026-08-19 23:30:00+00:00,Washington Mystics,Toronto Tempo,0.865,0.135,0.865,0.135,0.8,0.8,1
401857155,WNBA,2026-08-19 01:00:00+00:00,Las Vegas Aces,Atlanta Dream,0.595,0.405,0.595,0.405,0.6,0.6,2
401857154,WNBA,2026-08-19 01:00:00+00:00,Chicago Sky,New York Liberty,0.34,0.66,0.34,0.66,0.6,0.6,1
401857153,WNBA,2026-08-18 23:00:00+00:00,Toronto Tempo,Indiana Fever,0.165,0.835,0.165,0.835,0.8,0.8,2
401857152,WNBA,2026-08-18 23:00:00+00:00,Connecticut Sun,Los Angeles Sparks,0.435,0.565,0.435,0.565,0.8,0.8,1
401857151,WNBA,2026-08-18 02:00:00+00:00,Golden State Valkyries,Dallas Wings,0.705,0.295,0.705,0.295,0.8,0.8,1
401857149,WNBA,2026-08-16 23:00:00+00:00,Phoenix Mercury,Portland Fire,0.655,0.345,0.655,0.345,0.8,0.8,2
401857150,WNBA,2026-08-16 21:00:00+00:00,Atlanta Dream,Indiana Fever,0.485,0.515,0.485,0.515,0.8,0.8,2
401857148,WNBA,2026-08-16 21:00:00+00:00,Seattle Storm,Chicago Sky,0.445,0.555,0.445,0.555,0.8,0.8,2
401857147,WNBA,2026-08-16 00:00:00+00:00,Las Vegas Aces,Minnesota Lynx,0.445,0.555,0.445,0.555,0.8,0.8,2
401857146,WNBA,2026-08-15 23:30:00+00:00,Washington Mystics,Los Angeles Sparks,0.74,0.26,0.74,0.26,0.8,0.8,1
401857145,WNBA,2026-08-15 17:00:00+00:00,Connecticut Sun,New York Liberty,0.215,0.785,0.215,0.785,0.8,0.7,2
401857144,WNBA,2026-08-15 02:00:00+00:00,Seattle Storm,Portland Fire,0.535,0.465,0.535,0.465,0.8,0.8,2
401857143,WNBA,2026-08-14 23:30:00+00:00,Indiana Fever,Dallas Wings,0.755,0.245,0.755,0.245,0.8,0.8,1
401857142,WNBA,2026-08-14 02:00:00+00:00,Las Vegas Aces,Washington Mystics,0.675,0.325,0.675,0.325,0.8,0.8,1
401857141,WNBA,2026-08-14 00:00:00+00:00,New York Liberty,Los Angeles Sparks,0.775,0.225,0.775,0.225,0.8,0.8,1
401857140,WNBA,2026-08-13 23:00:00+00:00,Connecticut Sun,Atlanta Dream,0.185,0.815,0.185,0.815,0.6,0.6,2
401857138,WNBA,2026-08-13 02:00:00+00:00,Golden State Valkyries,Chicago Sky,0.785,0.215,0.785,0.215,0.8,0.8,1
401857137,WNBA,2026-08-13 00:00:00+00:00,Dallas Wings,Toronto Tempo,0.785,0.215,0.785,0.215,0.6,0.6,1
401857136,WNBA,2026-08-12 02:00:00+00:00,Los Angeles Sparks,Phoenix Mercury,0.535,0.465,0.535,0.465,0.8,0.8,2
401857135,WNBA,2026-08-12 02:00:00+00:00,Las Vegas Aces,Washington Mystics,0.705,0.295,0.705,0.295,0.8,0.8,1
401857134,WNBA,2026-08-11 23:30:00+00:00,Indiana Fever,New York Liberty,0.575,0.425,0.575,0.425,0.8,0.8,1
