game_id,league,start_utc,team1,team2,book24_p1,book24_p2,book24_raw1,book24_raw2,book24_n_books
401756846,CFB,2025-08-23 16:00:00+00:00,Kansas State Wildcats,Iowa State Cyclones,0.5937,0.4063,0.6195,0.424,11
401756847,CFB,2025-08-23 22:30:00+00:00,Kansas Jayhawks,Fresno State Bulldogs,0.8168,0.1832,0.8528,0.1913,11
401762522,CFB,2025-08-28 21:30:00+00:00,South Florida Bulls,Boise State Broncos,0.3437,0.6563,0.3582,0.6839,11
401752794,CFB,2025-08-28 22:00:00+00:00,Rutgers Scarlet Knights,Ohio Bobcats,0.8378,0.1622,0.8765,0.1696,10
401754373,CFB,2025-08-28 23:00:00+00:00,NC State Wolfpack,East Carolina Pirates,0.8182,0.1818,0.8547,0.1899,11
401756848,CFB,2025-08-28 23:00:00+00:00,UCF Knights,Jacksonville State Gamecocks,0.8836,0.1164,0.9236,0.1217,11
401762789,CFB,2025-08-28 23:00:00+00:00,Akron Zips,Wyoming Cowboys,0.35,0.65,0.3643,0.6765,11
401752793,CFB,2025-08-29 00:00:00+00:00,Minnesota Golden Gophers,Buffalo Bulls,0.8669,0.1331,0.9054,0.139,11
401752796,CFB,2025-08-29 01:00:00+00:00,Cincinnati Bearcats,Nebraska Cornhuskers,0.3061,0.6939,0.3199,0.7253,11
401762791,CFB,2025-08-29 01:00:00+00:00,Wisconsin Badgers,Miami (OH) RedHawks,0.8706,0.1294,0.9092,0.1352,11
401752802,CFB,2025-08-29 23:00:00+00:00,Michigan State Spartans,Western Michigan Broncos,0.9063,0.0937,0.9467,0.0979,11
401754374,CFB,2025-08-29 23:00:00+00:00,Wake Forest Demon Deacons,Kennesaw State Owls,0.8729,0.1271,0.9114,0.1327,11
401752667,CFB,2025-08-30 00:00:00+00:00,Baylor Bears,Auburn Tigers,0.4605,0.5395,0.4813,0.5639,11
401754375,CFB,2025-08-30 00:00:00+00:00,Colorado Buffaloes,Georgia Tech Yellow Jackets,0.3677,0.6323,0.3829,0.6584,11
401752677,CFB,2025-08-30 16:00:00+00:00,Ohio State Buckeyes,Texas Longhorns,0.4958,0.5042,0.5196,0.5285,8
401752676,CFB,2025-08-30 16:00:00+00:00,Tennessee Volunteers,Syracuse Orange,0.8121,0.1879,0.8494,0.1966,11
401752797,CFB,2025-08-30 16:00:00+00:00,Maryland Terrapins,Florida Atlantic Owls,0.8132,0.1868,0.8508,0.1954,11
401752801,CFB,2025-08-30 16:00:00+00:00,Purdue Boilermakers,Ball State Cardinals,0.8581,0.1419,0.898,0.1485,11
401752803,CFB,2025-08-30 16:00:00+00:00,Tulane Green Wave,Northwestern Wildcats,0.6391,0.3609,0.6656,0.3759,11
401752670,CFB,2025-08-30 16:45:00+00:00,Kentucky Wildcats,Toledo Rockets,0.7496,0.2504,0.7819,0.2612,11
401752806,CFB,2025-08-30 18:30:00+00:00,Indiana Hoosiers,Old Dominion Monarchs,0.9274,0.0726,0.9692,0.0759,11
401752807,CFB,2025-08-30 19:30:00+00:00,Penn State Nittany Lions,Nevada Wolf Pack,0.9661,0.0339,1.0,0.0351,1
401752669,CFB,2025-08-30 19:30:00+00:00,Georgia Bulldogs,Marshall Thundering Herd,0.9661,0.0339,1.0,0.0351,1
401752665,CFB,2025-08-30 19:30:00+00:00,Florida State Seminoles,Alabama Crimson Tide,0.1822,0.8178,0.1908,0.8563,10
401754616,CFB,2025-08-30 22:00:00+00:00,Virginia Cavaliers,Coastal Carolina Chanticleers,0.8058,0.1942,0.8418,0.2028,10
401761590,CFB,2025-08-30 22:00:00+00:00,James Madison Dukes,Weber State Wildcats,0.943,0.057,0.9828,0.0594,4
401752678,CFB,2025-08-30 23:00:00+00:00,Texas A&M Aggies,UTSA Roadrunners,0.9187,0.0813,0.9597,0.085,10
401757226,CFB,2025-08-30 23:00:00+00:00,Western Kentucky Hilltoppers,North Alabama Lions,0.9368,0.0632,0.9804,0.0661,4
401761591,CFB,2025-08-30 23:00:00+00:00,Arkansas State Red Wolves,Southeast Missouri State Redhawks,0.7771,0.2229,0.8134,0.2334,4
401761593,CFB,2025-08-30 23:00:00+00:00,South Alabama Jaguars,Morgan State Bears,0.9467,0.0533,0.9852,0.0554,4
401752671,CFB,2025-08-30 23:30:00+00:00,Clemson Tigers,LSU Tigers,0.6309,0.3691,0.6584,0.3852,10
401752808,CFB,2025-08-30 23:30:00+00:00,Michigan Wolverines,New Mexico Lobos,0.9695,0.0305,1.0,0.0314,2
401752672,CFB,2025-08-30 23:45:00+00:00,Ole Miss Rebels,Georgia State Panthers,0.9661,0.0339,1.0,0.0351,1
401752798,CFB,2025-08-30 23:30:00+00:00,USC Trojans,Missouri State Bears,0.9644,0.0356,0.995,0.0368,2
401757225,CFB,2025-08-30 23:30:00+00:00,Utah State Aggies,UTEP Miners,0.6655,0.3345,0.6945,0.349,10
401761594,CFB,2025-08-31 00:00:00+00:00,Texas State Bobcats,Eastern Michigan Eagles,0.8113,0.1887,0.8489,0.1974,10
401760361,CFB,2025-08-31 01:30:00+00:00,Fresno State Bulldogs,Georgia Southern Eagles,0.4681,0.5319,0.4893,0.5559,10
401752936,CFB,2025-08-31 02:30:00+00:00,Oregon State Beavers,California Golden Bears,0.5324,0.4676,0.5572,0.4893,10
401752800,CFB,2025-08-31 03:00:00+00:00,UCLA Bruins,Utah Utes,0.3482,0.6518,0.363,0.6794,9
401752805,CFB,2025-08-31 03:00:00+00:00,Washington Huskies,Colorado State Rams,0.9147,0.0853,0.9561,0.0891,10
401752680,CFB,2025-08-31 19:00:00+00:00,South Carolina Gamecocks,Virginia Tech Hokies,0.715,0.285,0.7457,0.2972,9
401754522,CFB,2025-08-31 23:30:00+00:00,Miami Hurricanes,Notre Dame Fighting Irish,0.4312,0.5688,0.4494,0.5928,10
401754523,CFB,2025-09-02 00:00:00+00:00,North Carolina Tar Heels,TCU Horned Frogs,0.3898,0.6102,0.406,0.6355,11
401754528,CFB,2025-09-05 23:00:00+00:00,Louisville Cardinals,James Madison Dukes,0.8223,0.1777,0.8587,0.1856,11
401752826,CFB,2025-09-05 23:30:00+00:00,Maryland Terrapins,Northern Illinois Huskies,0.8539,0.1461,0.8945,0.153,10
401752825,CFB,2025-09-06 16:00:00+00:00,Duke Blue Devils,Illinois Fighting Illini,0.4233,0.5767,0.4404,0.6001,11
401752822,CFB,2025-09-06 16:00:00+00:00,Iowa State Cyclones,Iowa Hawkeyes,0.6022,0.3978,0.6276,0.4146,11
401754525,CFB,2025-09-06 16:00:00+00:00,SMU Mustangs,Baylor Bears,0.548,0.452,0.5721,0.4718,11
401754529,CFB,2025-09-06 16:00:00+00:00,Pittsburgh Panthers,Central Michigan Chippewas,0.9135,0.0865,0.9516,0.0902,11
401754618,CFB,2025-09-06 16:00:00+00:00,Syracuse Orange,UConn Huskies,0.6884,0.3116,0.719,0.3254,11
401757227,CFB,2025-09-06 16:00:00+00:00,Jacksonville State Gamecocks,Liberty Flames,0.3165,0.6835,0.3306,0.7139,11
401752694,CFB,2025-09-06 16:45:00+00:00,Texas A&M Aggies,Utah State Aggies,0.964,0.036,0.9901,0.037,5
401752824,CFB,2025-09-06 19:30:00+00:00,Oregon Ducks,Oklahoma State Cowboys,0.9456,0.0544,0.9858,0.0567,9
401752686,CFB,2025-09-06 19:30:00+00:00,Kentucky Wildcats,Ole Miss Rebels,0.2602,0.7398,0.2721,0.7734,10
401752689,CFB,2025-09-06 19:30:00+00:00,Missouri Tigers,Kansas Jayhawks,0.6795,0.3205,0.7088,0.3343,11
401752937,CFB,2025-09-06 19:30:00+00:00,Oregon State Beavers,Fresno State Bulldogs,0.5399,0.4601,0.5639,0.4806,11
401756880,CFB,2025-09-06 19:30:00+00:00,Cincinnati Bearcats,Bowling Green Falcons,0.919,0.081,0.9608,0.0846,11
401761603,CFB,2025-09-06 19:30:00+00:00,UTSA Roadrunners,Texas State Bobcats,0.6155,0.3845,0.6411,0.4004,10
401762458,CFB,2025-09-06 19:30:00+00:00,Navy Midshipmen,UAB Blazers,0.8993,0.1007,0.9408,0.1053,10
401762461,CFB,2025-09-06 19:30:00+00:00,Western Michigan Broncos,North Texas Mean Green,0.2489,0.7511,0.2594,0.783,11
401752684,CFB,2025-09-06 20:15:00+00:00,Florida Gators,South Florida Bulls,0.8648,0.1352,0.9042,0.1413,10
401752820,CFB,2025-09-06 20:00:00+00:00,Wisconsin Badgers,Middle Tennessee Blue Raiders,0.9511,0.0489,0.9859,0.0507,7
401756883,CFB,2025-09-06 20:00:00+00:00,Ohio Bobcats,West Virginia Mountaineers,0.3967,0.6033,0.413,0.6282,10
401752818,CFB,2025-09-06 20:30:00+00:00,Rutgers Scarlet Knights,Miami (OH) RedHawks,0.8158,0.1842,0.8519,0.1924,10
401752682,CFB,2025-09-06 21:00:00+00:00,Arkansas Razorbacks,Arkansas State Red Wolves,0.9191,0.0809,0.9597,0.0845,10
401754527,CFB,2025-09-06 23:00:00+00:00,Charlotte 49ers,North Carolina Tar Heels,0.1915,0.8085,0.2005,0.8461,10
401756882,CFB,2025-09-06 23:00:00+00:00,Kansas State Wildcats,Army Black Knights,0.8554,0.1446,0.8945,0.1512,10
401756884,CFB,2025-09-06 23:00:00+00:00,Rice Owls,Houston Cougars,0.178,0.822,0.1864,0.8607,10
401757232,CFB,2025-09-06 23:00:00+00:00,Toledo Rockets,Western Kentucky Hilltoppers,0.7132,0.2868,0.7447,0.2995,10
401761598,CFB,2025-09-06 23:00:00+00:00,Georgia State Panthers,Memphis Tigers,0.1848,0.8152,0.1933,0.8526,10
401761601,CFB,2025-09-06 23:00:00+00:00,South Alabama Jaguars,Tulane Green Wave,0.202,0.798,0.2112,0.8341,10
401752688,CFB,2025-09-06 23:30:00+00:00,Mississippi State Bulldogs,Arizona State Sun Devils,0.3218,0.6782,0.3358,0.7077,10
401752690,CFB,2025-09-06 23:30:00+00:00,Oklahoma Sooners,Michigan Wolverines,0.6457,0.3543,0.6721,0.3688,10
401752695,CFB,2025-09-06 23:30:00+00:00,Virginia Tech Hokies,Vanderbilt Commodores,0.5385,0.4615,0.5625,0.482,10
401752814,CFB,2025-09-06 23:30:00+00:00,USC Trojans,Georgia Southern Eagles,0.9496,0.0504,0.9882,0.0524,5
401752816,CFB,2025-09-06 23:30:00+00:00,Michigan State Spartans,Boston College Eagles,0.6122,0.3878,0.6375,0.4038,10
401752823,CFB,2025-09-07 00:00:00+00:00,UNLV Rebels,UCLA Bruins,0.4584,0.5416,0.4788,0.5658,10
401757229,CFB,2025-09-07 01:00:00+00:00,New Mexico State Aggies,Tulsa Golden Hurricane,0.3849,0.6151,0.4006,0.6404,10
401752948,CFB,2025-09-07 02:15:00+00:00,Washington State Cougars,San Diego State Aztecs,0.5201,0.4799,0.545,0.503,8
401754526,CFB,2025-09-07 02:15:00+00:00,BYU Cougars,Stanford Cardinal,0.9083,0.0917,0.947,0.0956,10
401756893,CFB,2025-09-12 23:30:00+00:00,Houston Cougars,Colorado Buffaloes,0.6269,0.3731,0.6525,0.3883,11
401756888,CFB,2025-09-13 01:00:00+00:00,Arizona Wildcats,Kansas State Wildcats,0.4827,0.5173,0.5056,0.5419,11
401752837,CFB,2025-09-13 02:00:00+00:00,UCLA Bruins,New Mexico Lobos,0.8293,0.1707,0.8666,0.1784,10
401752831,CFB,2025-09-13 16:00:00+00:00,Northwestern Wildcats,Oregon Ducks,0.0575,0.9425,0.0599,0.9805,9
401754623,CFB,2025-09-13 16:00:00+00:00,Georgia Tech Yellow Jackets,Clemson Tigers,0.4257,0.5743,0.4439,0.5989,11
401752703,CFB,2025-09-13 16:00:00+00:00,Temple Owls,Oklahoma Sooners,0.0846,0.9154,0.0881,0.9541,11
401752696,CFB,2025-09-13 16:00:00+00:00,Alabama Crimson Tide,Wisconsin Badgers,0.9063,0.0937,0.9467,0.0979,11
401752839,CFB,2025-09-13 16:00:00+00:00,Michigan Wolverines,Central Michigan Chippewas,0.9413,0.0587,0.9792,0.0611,8
401761608,CFB,2025-09-13 16:00:00+00:00,Troy Trojans,Memphis Tigers,0.3892,0.6108,0.4057,0.6366,11
401762817,CFB,2025-09-13 16:00:00+00:00,Kent State Golden Flashes,Buffalo Bulls,0.0858,0.9142,0.0894,0.9524,11
401752697,CFB,2025-09-13 16:45:00+00:00,Auburn Tigers,South Alabama Jaguars,0.9281,0.0719,0.9662,0.0748,10
401752705,CFB,2025-09-13 19:30:00+00:00,Tennessee Volunteers,Georgia Bulldogs,0.3791,0.6209,0.3946,0.6464,11
401752938,CFB,2025-09-13 19:30:00+00:00,Texas Tech Red Raiders,Oregon State Beavers,0.9215,0.0785,0.9616,0.0819,11
401752949,CFB,2025-09-13 19:30:00+00:00,North Texas Mean Green,Washington State Cougars,0.6556,0.3444,0.6846,0.3596,11
401754638,CFB,2025-09-13 19:30:00+00:00,West Virginia Mountaineers,Pittsburgh Panthers,0.2847,0.7153,0.2971,0.7463,11
401756890,CFB,2025-09-13 20:00:00+00:00,Arkansas State Red Wolves,Iowa State Cyclones,0.0932,0.9068,0.0972,0.9461,10
401754535,CFB,2025-09-13 20:30:00+00:00,Miami Hurricanes,South Florida Bulls,0.85,0.15,0.8905,0.1571,10
401757256,CFB,2025-09-13 21:00:00+00:00,Bowling Green Falcons,Liberty Flames,0.3555,0.6445,0.3704,0.6717,10
401757258,CFB,2025-09-13 21:00:00+00:00,Nevada Wolf Pack,Middle Tennessee Blue Raiders,0.741,0.259,0.7735,0.2703,10
401752827,CFB,2025-09-13 23:00:00+00:00,Ohio State Buckeyes,Ohio Bobcats,0.9497,0.0503,0.9877,0.0523,4
401752829,CFB,2025-09-13 23:00:00+00:00,Illinois Fighting Illini,Western Michigan Broncos,0.9456,0.0544,0.9832,0.0565,7
401752700,CFB,2025-09-13 23:00:00+00:00,Ole Miss Rebels,Arkansas Razorbacks,0.6741,0.3259,0.7026,0.3397,9
401754536,CFB,2025-09-13 23:00:00+00:00,Virginia Tech Hokies,Old Dominion Monarchs,0.6609,0.3391,0.6912,0.3547,10
401757234,CFB,2025-09-13 23:00:00+00:00,Georgia Southern Eagles,Jacksonville State Gamecocks,0.5793,0.4207,0.6029,0.4379,10
401752699,CFB,2025-09-13 23:30:00+00:00,LSU Tigers,Florida Gators,0.7051,0.2949,0.737,0.3082,10
401752707,CFB,2025-09-13 23:30:00+00:00,Notre Dame Fighting Irish,Texas A&M Aggies,0.6798,0.3202,0.7094,0.3342,10
401752704,CFB,2025-09-13 23:45:00+00:00,South Carolina Gamecocks,Vanderbilt Commodores,0.5738,0.4262,0.5982,0.4443,10
401752698,CFB,2025-09-13 23:30:00+00:00,Kentucky Wildcats,Eastern Michigan Eagles,0.9347,0.0653,0.9751,0.0681,9
401757257,CFB,2025-09-13 23:30:00+00:00,Louisiana Tech Bulldogs,New Mexico State Aggies,0.7501,0.2499,0.7844,0.2614,10
401761604,CFB,2025-09-13 23:30:00+00:00,Coastal Carolina Chanticleers,East Carolina Pirates,0.2609,0.7391,0.2724,0.7718,10
401756895,CFB,2025-09-14 00:00:00+00:00,Wyoming Cowboys,Utah Utes,0.0764,0.9236,0.0796,0.9627,9
401754534,CFB,2025-09-14 00:00:00+00:00,Tulane Green Wave,Duke Blue Devils,0.5287,0.4713,0.5528,0.4927,10
401762465,CFB,2025-09-14 00:00:00+00:00,Tulsa Golden Hurricane,Navy Midshipmen,0.1788,0.8212,0.1869,0.8584,10
401757233,CFB,2025-09-14 00:30:00+00:00,Florida International Panthers,Florida Atlantic Owls,0.5386,0.4614,0.5632,0.4825,10
401762463,CFB,2025-09-14 00:30:00+00:00,UAB Blazers,Akron Zips,0.7824,0.2176,0.817,0.2272,10
401760368,CFB,2025-09-14 01:45:00+00:00,Utah State Aggies,Air Force Falcons,0.3671,0.6329,0.3826,0.6597,10
401752840,CFB,2025-09-14 02:30:00+00:00,California Golden Bears,Minnesota Golden Gophers,0.4321,0.5679,0.4506,0.5921,10
401754533,CFB,2025-09-14 02:30:00+00:00,Stanford Cardinal,Boston College Eagles,0.1838,0.8162,0.1923,0.854,10
401756889,CFB,2025-09-14 02:30:00+00:00,Arizona State Sun Devils,Texas State Bobcats,0.8623,0.1377,0.9009,0.1438,10
401762468,CFB,2025-09-18 23:30:00+00:00,Charlotte 49ers,Rice Owls,0.4598,0.5402,0.4807,0.5648,11
401756900,CFB,2025-09-19 23:30:00+00:00,Oklahoma State Cowboys,Tulsa Golden Hurricane,0.7688,0.2312,0.8042,0.2419,11
401752844,CFB,2025-09-20 00:00:00+00:00,Rutgers Scarlet Knights,Iowa Hawkeyes,0.4543,0.5457,0.4743,0.5697,9
401756901,CFB,2025-09-20 16:00:00+00:00,Utah Utes,Texas Tech Red Raiders,0.6063,0.3937,0.6322,0.4105,10
401752708,CFB,2025-09-20 16:00:00+00:00,Memphis Tigers,Arkansas Razorbacks,0.2991,0.7009,0.3125,0.7324,11
401752845,CFB,2025-09-20 16:00:00+00:00,Wisconsin Badgers,Maryland Terrapins,0.749,0.251,0.782,0.262,11
401754537,CFB,2025-09-20 16:00:00+00:00,Clemson Tigers,Syracuse Orange,0.849,0.151,0.8886,0.158,11
401754636,CFB,2025-09-20 16:00:00+00:00,TCU Horned Frogs,SMU Mustangs,0.6798,0.3202,0.7089,0.3339,11
401754642,CFB,2025-09-20 16:00:00+00:00,Louisville Cardinals,Bowling Green Falcons,0.9386,0.0614,0.9804,0.0641,8
401760376,CFB,2025-09-20 16:00:00+00:00,Miami (OH) RedHawks,UNLV Rebels,0.4598,0.5402,0.48,0.5639,11
401762469,CFB,2025-09-20 16:00:00+00:00,Army Black Knights,North Texas Mean Green,0.4703,0.5297,0.4918,0.5539,11
401752714,CFB,2025-09-20 19:30:00+00:00,Oklahoma Sooners,Auburn Tigers,0.6779,0.3221,0.7075,0.3361,11
401752711,CFB,2025-09-20 19:30:00+00:00,Ole Miss Rebels,Tulane Green Wave,0.7806,0.2194,0.8158,0.2293,10
401752846,CFB,2025-09-20 19:30:00+00:00,Nebraska Cornhuskers,Michigan Wolverines,0.4786,0.5214,0.5015,0.5463,11
401752848,CFB,2025-09-20 19:30:00+00:00,Notre Dame Fighting Irish,Purdue Boilermakers,0.9291,0.0709,0.9692,0.0739,11
401754640,CFB,2025-09-20 19:30:00+00:00,UCF Knights,North Carolina Tar Heels,0.6966,0.3034,0.7276,0.3168,11
401757169,CFB,2025-09-20 19:30:00+00:00,UConn Huskies,Ball State Cardinals,0.9039,0.0961,0.9434,0.1003,11
401757262,CFB,2025-09-20 19:30:00+00:00,Liberty Flames,James Madison Dukes,0.2604,0.7396,0.272,0.7726,11
401761613,CFB,2025-09-20 19:30:00+00:00,Buffalo Bulls,Troy Trojans,0.6566,0.3434,0.6848,0.3581,10
401762820,CFB,2025-09-20 19:30:00+00:00,Western Michigan Broncos,Toledo Rockets,0.1803,0.8197,0.1886,0.8574,11
401752712,CFB,2025-09-20 20:15:00+00:00,Mississippi State Bulldogs,Northern Illinois Huskies,0.9203,0.0797,0.9625,0.0834,10
401754542,CFB,2025-09-20 21:05:00+00:00,Georgia Tech Yellow Jackets,Temple Owls,0.921,0.079,0.9616,0.0824,10
401756899,CFB,2025-09-20 22:00:00+00:00,Kansas Jayhawks,West Virginia Mountaineers,0.7976,0.2024,0.834,0.2117,10
401757261,CFB,2025-09-20 22:00:00+00:00,Kennesaw State Owls,Arkansas State Red Wolves,0.3702,0.6298,0.3858,0.6563,10
401752713,CFB,2025-09-20 23:00:00+00:00,Missouri Tigers,South Carolina Gamecocks,0.7459,0.2541,0.7801,0.2657,10
401757264,CFB,2025-09-20 23:00:00+00:00,Middle Tennessee Blue Raiders,Marshall Thundering Herd,0.4511,0.5489,0.4713,0.5735,10
401757268,CFB,2025-09-20 23:00:00+00:00,Western Kentucky Hilltoppers,Nevada Wolf Pack,0.7426,0.2574,0.7765,0.2691,10
401760372,CFB,2025-09-20 23:00:00+00:00,Air Force Falcons,Boise State Broncos,0.2305,0.7695,0.2407,0.8039,10
401761611,CFB,2025-09-20 23:00:00+00:00,South Alabama Jaguars,Coastal Carolina Chanticleers,0.8405,0.1595,0.8796,0.1669,10
401752709,CFB,2025-09-20 23:30:00+00:00,Miami Hurricanes,Florida Gators,0.7275,0.2725,0.76,0.2846,10
401752843,CFB,2025-09-20 23:30:00+00:00,Indiana Hoosiers,Illinois Fighting Illini,0.686,0.314,0.7159,0.3278,10
401752716,CFB,2025-09-20 23:30:00+00:00,Vanderbilt Commodores,Georgia State Panthers,0.9418,0.0582,0.9816,0.0607,8
401752842,CFB,2025-09-20 23:30:00+00:00,Washington State Cougars,Washington Huskies,0.0994,0.9006,0.1039,0.9408,10
401754539,CFB,2025-09-20 23:30:00+00:00,Virginia Cavaliers,Stanford Cardinal,0.8514,0.1486,0.8905,0.1554,10
401756896,CFB,2025-09-20 23:30:00+00:00,Baylor Bears,Arizona State Sun Devils,0.5474,0.4526,0.5715,0.4725,10
401756898,CFB,2025-09-20 23:30:00+00:00,East Carolina Pirates,BYU Cougars,0.3259,0.6741,0.3398,0.7028,10
401757267,CFB,2025-09-21 01:00:00+00:00,UTEP Miners,UL Monroe Warhawks,0.6913,0.3087,0.7215,0.3222,10
401760373,CFB,2025-09-21 01:30:00+00:00,Colorado State Rams,UTSA Roadrunners,0.3608,0.6392,0.3761,0.6663,10
401756897,CFB,2025-09-21 02:25:00+00:00,Colorado Buffaloes,Wyoming Cowboys,0.8004,0.1996,0.8362,0.2085,10
401754540,CFB,2025-09-21 02:30:00+00:00,San Diego State Aztecs,California Golden Bears,0.1809,0.8191,0.1892,0.8569,10
401752847,CFB,2025-09-21 03:00:00+00:00,USC Trojans,Michigan State Spartans,0.867,0.133,0.9058,0.139,10
401762471,CFB,2025-09-25 23:30:00+00:00,East Carolina Pirates,Army Black Knights,0.6276,0.3724,0.6548,0.3886,11
401754543,CFB,2025-09-26 23:00:00+00:00,Virginia Cavaliers,Florida State Seminoles,0.3035,0.6965,0.3169,0.7271,11
401756902,CFB,2025-09-27 01:00:00+00:00,Arizona State Sun Devils,TCU Horned Frogs,0.5736,0.4264,0.5977,0.4444,11
401752939,CFB,2025-09-27 02:35:00+00:00,Oregon State Beavers,Houston Cougars,0.1894,0.8106,0.1981,0.8481,11
401754546,CFB,2025-09-27 16:00:00+00:00,Wake Forest Demon Deacons,Georgia Tech Yellow Jackets,0.1837,0.8163,0.1925,0.8554,11
401752850,CFB,2025-09-27 16:00:00+00:00,Illinois Fighting Illini,USC Trojans,0.317,0.683,0.3309,0.7129,11
401752717,CFB,2025-09-27 16:00:00+00:00,Arkansas Razorbacks,Notre Dame Fighting Irish,0.3697,0.6303,0.3847,0.656,11
401752849,CFB,2025-09-27 16:00:00+00:00,Minnesota Golden Gophers,Rutgers Scarlet Knights,0.6428,0.3572,0.6707,0.3727,10
401754545,CFB,2025-09-27 16:00:00+00:00,Syracuse Orange,Duke Blue Devils,0.3785,0.6215,0.3948,0.6483,11
401754547,CFB,2025-09-27 16:00:00+00:00,Pittsburgh Panthers,Louisville Cardinals,0.3727,0.6273,0.3888,0.6545,11
401756905,CFB,2025-09-27 16:00:00+00:00,Kansas Jayhawks,Cincinnati Bearcats,0.6377,0.3623,0.6651,0.3779,11
401756906,CFB,2025-09-27 16:00:00+00:00,Kansas State Wildcats,UCF Knights,0.6713,0.3287,0.7016,0.3435,11
401761617,CFB,2025-09-27 16:00:00+00:00,North Texas Mean Green,South Alabama Jaguars,0.793,0.207,0.8296,0.2165,11
401762825,CFB,2025-09-27 16:00:00+00:00,Ohio Bobcats,Bowling Green Falcons,0.7259,0.2741,0.7587,0.2864,11
401752725,CFB,2025-09-27 16:45:00+00:00,Vanderbilt Commodores,Utah State Aggies,0.9154,0.0846,0.9566,0.0884,11
401762826,CFB,2025-09-27 17:00:00+00:00,Central Michigan Chippewas,Eastern Michigan Eagles,0.6353,0.3647,0.6623,0.3803,11
401761614,CFB,2025-09-27 17:30:00+00:00,James Madison Dukes,Georgia Southern Eagles,0.8558,0.1442,0.8951,0.1508,11
401761616,CFB,2025-09-27 19:00:00+00:00,UL Monroe Warhawks,Arkansas State Red Wolves,0.5208,0.4792,0.5454,0.5019,11
401752852,CFB,2025-09-27 19:30:00+00:00,Washington Huskies,Ohio State Buckeyes,0.2604,0.7396,0.2727,0.7747,11
401752719,CFB,2025-09-27 19:30:00+00:00,Ole Miss Rebels,LSU Tigers,0.5286,0.4714,0.5531,0.4932,10
401752724,CFB,2025-09-27 19:30:00+00:00,Texas A&M Aggies,Auburn Tigers,0.6694,0.3306,0.6998,0.3456,10
401752853,CFB,2025-09-27 19:30:00+00:00,Iowa Hawkeyes,Indiana Hoosiers,0.2751,0.7249,0.2869,0.7559,10
401752851,CFB,2025-09-27 19:30:00+00:00,Northwestern Wildcats,UCLA Bruins,0.6648,0.3352,0.6945,0.3502,11
401754544,CFB,2025-09-27 19:30:00+00:00,Boston College Eagles,California Golden Bears,0.6654,0.3346,0.695,0.3495,11
401756907,CFB,2025-09-27 19:30:00+00:00,Oklahoma State Cowboys,Baylor Bears,0.1017,0.8983,0.1063,0.939,10
401756908,CFB,2025-09-27 19:30:00+00:00,West Virginia Mountaineers,Utah Utes,0.2103,0.7897,0.2198,0.8257,9
401757170,CFB,2025-09-27 19:30:00+00:00,Buffalo Bulls,UConn Huskies,0.3992,0.6008,0.4162,0.6263,10
401760380,CFB,2025-09-27 19:30:00+00:00,Northern Illinois Huskies,San Diego State Aztecs,0.4591,0.5409,0.4796,0.565,11
401762473,CFB,2025-09-27 19:30:00+00:00,Navy Midshipmen,Rice Owls,0.8221,0.1779,0.8608,0.1863,11
401762824,CFB,2025-09-27 19:30:00+00:00,Toledo Rockets,Akron Zips,0.902,0.098,0.9434,0.1025,11
401752720,CFB,2025-09-27 20:15:00+00:00,Mississippi State Bulldogs,Tennessee Volunteers,0.2881,0.7119,0.3005,0.7425,10
401757274,CFB,2025-09-27 20:00:00+00:00,New Mexico Lobos,New Mexico State Aggies,0.8259,0.1741,0.8643,0.1822,10
401762474,CFB,2025-09-27 20:00:00+00:00,Tulsa Golden Hurricane,Tulane Green Wave,0.1559,0.8441,0.163,0.8826,10
401757270,CFB,2025-09-27 22:00:00+00:00,Kennesaw State Owls,Middle Tennessee Blue Raiders,0.6938,0.3062,0.7253,0.3201,10
401757271,CFB,2025-09-27 22:00:00+00:00,Old Dominion Monarchs,Liberty Flames,0.8268,0.1732,0.8636,0.1809,10
401762828,CFB,2025-09-27 22:30:00+00:00,Western Michigan Broncos,Rhode Island Rams,0.7097,0.2903,0.7422,0.3035,4
401756904,CFB,2025-09-27 23:00:00+00:00,Iowa State Cyclones,Arizona Wildcats,0.648,0.352,0.6759,0.3672,10
401754548,CFB,2025-09-27 23:00:00+00:00,NC State Wolfpack,Virginia Tech Hokies,0.7467,0.2533,0.7802,0.2646,10
401757273,CFB,2025-09-27 23:00:00+00:00,Missouri State Bears,Western Kentucky Hilltoppers,0.3776,0.6224,0.3934,0.6486,10
401762472,CFB,2025-09-27 23:00:00+00:00,Florida Atlantic Owls,Memphis Tigers,0.1872,0.8128,0.1959,0.8504,10
401752854,CFB,2025-09-27 23:30:00+00:00,Penn State Nittany Lions,Oregon Ducks,0.6177,0.3823,0.6428,0.3977,10
401752718,CFB,2025-09-27 23:30:00+00:00,Georgia Bulldogs,Alabama Crimson Tide,0.5613,0.4387,0.586,0.4579,10
401752950,CFB,2025-09-27 23:30:00+00:00,Colorado State Rams,Washington State Cougars,0.6518,0.3482,0.6799,0.3632,10
401752722,CFB,2025-09-27 23:45:00+00:00,South Carolina Gamecocks,Kentucky Wildcats,0.6565,0.3435,0.6859,0.3588,10
401757272,CFB,2025-09-28 01:00:00+00:00,UTEP Miners,Louisiana Tech Bulldogs,0.3923,0.6077,0.4081,0.6322,10
401756903,CFB,2025-09-28 02:15:00+00:00,Colorado Buffaloes,BYU Cougars,0.3179,0.6821,0.3318,0.7118,10
401757276,CFB,2025-10-03 23:00:00+00:00,Delaware Blue Hens,Western Kentucky Hilltoppers,0.5618,0.4382,0.5869,0.4577,10
401762475,CFB,2025-10-03 23:00:00+00:00,South Florida Bulls,Charlotte 49ers,0.946,0.054,0.9879,0.0564,9
401756909,CFB,2025-10-04 02:30:00+00:00,BYU Cougars,West Virginia Mountaineers,0.8889,0.1111,0.9303,0.1163,10
401760382,CFB,2025-10-04 02:30:00+00:00,San Diego State Aztecs,Colorado State Rams,0.676,0.324,0.7049,0.3379,10
401752728,CFB,2025-10-04 16:00:00+00:00,Georgia Bulldogs,Kentucky Wildcats,0.8938,0.1062,0.9338,0.111,11
401756912,CFB,2025-10-04 16:00:00+00:00,Cincinnati Bearcats,Iowa State Cyclones,0.5314,0.4686,0.5553,0.4896,11
401752856,CFB,2025-10-04 16:00:00+00:00,Michigan Wolverines,Wisconsin Badgers,0.8634,0.1366,0.9025,0.1427,11
401752861,CFB,2025-10-04 16:00:00+00:00,Purdue Boilermakers,Illinois Fighting Illini,0.2509,0.7491,0.2622,0.783,11
401754550,CFB,2025-10-04 16:00:00+00:00,Pittsburgh Panthers,Boston College Eagles,0.6706,0.3294,0.7011,0.3444,11
401754552,CFB,2025-10-04 16:00:00+00:00,North Carolina Tar Heels,Clemson Tigers,0.177,0.823,0.1846,0.8588,11
401756911,CFB,2025-10-04 16:00:00+00:00,Baylor Bears,Kansas State Wildcats,0.6592,0.3408,0.6894,0.3564,11
401760381,CFB,2025-10-04 16:00:00+00:00,Navy Midshipmen,Air Force Falcons,0.7867,0.2133,0.8209,0.2225,11
401762476,CFB,2025-10-04 16:00:00+00:00,UAB Blazers,Army Black Knights,0.3188,0.6812,0.3336,0.713,11
401762830,CFB,2025-10-04 16:00:00+00:00,Ball State Cardinals,Ohio Bobcats,0.1672,0.8328,0.175,0.8717,11
401754556,CFB,2025-10-04 17:00:00+00:00,Virginia Tech Hokies,Wake Forest Demon Deacons,0.6622,0.3378,0.6923,0.3532,11
401762479,CFB,2025-10-04 17:00:00+00:00,Temple Owls,UTSA Roadrunners,0.3235,0.6765,0.3372,0.7052,11
401756910,CFB,2025-10-04 19:00:00+00:00,Arizona Wildcats,Oklahoma State Cowboys,0.8919,0.1081,0.9322,0.113,11
401752855,CFB,2025-10-04 19:30:00+00:00,UCLA Bruins,Penn State Nittany Lions,0.0749,0.9251,0.0782,0.9658,11
401752727,CFB,2025-10-04 19:30:00+00:00,Florida Gators,Texas Longhorns,0.35,0.65,0.3643,0.6765,11
401752726,CFB,2025-10-04 19:30:00+00:00,Alabama Crimson Tide,Vanderbilt Commodores,0.7906,0.2094,0.8253,0.2186,11
401757165,CFB,2025-10-04 19:30:00+00:00,Notre Dame Fighting Irish,Boise State Broncos,0.8947,0.1053,0.9339,0.11,11
401754554,CFB,2025-10-04 19:30:00+00:00,Louisville Cardinals,Virginia Cavaliers,0.6768,0.3232,0.7054,0.3368,11
401752857,CFB,2025-10-04 19:30:00+00:00,Maryland Terrapins,Washington Huskies,0.3331,0.6669,0.3478,0.6963,11
401752858,CFB,2025-10-04 19:30:00+00:00,Northwestern Wildcats,UL Monroe Warhawks,0.7853,0.2147,0.8209,0.2244,11
401754555,CFB,2025-10-04 19:30:00+00:00,SMU Mustangs,Syracuse Orange,0.8567,0.1433,0.8951,0.1497,11
401757171,CFB,2025-10-04 19:30:00+00:00,UConn Huskies,Florida International Panthers,0.7028,0.2972,0.7334,0.3102,11
401761618,CFB,2025-10-04 19:30:00+00:00,Georgia State Panthers,James Madison Dukes,0.1037,0.8963,0.1083,0.9362,11
401762829,CFB,2025-10-04 19:30:00+00:00,Akron Zips,Central Michigan Chippewas,0.2901,0.7099,0.3038,0.7434,11
401762831,CFB,2025-10-04 19:30:00+00:00,Buffalo Bulls,Eastern Michigan Eagles,0.7518,0.2482,0.7858,0.2595,11
401762873,CFB,2025-10-04 19:30:00+00:00,Northern Illinois Huskies,Miami (OH) RedHawks,0.3626,0.6374,0.378,0.6643,11
401752860,CFB,2025-10-04 20:00:00+00:00,Nebraska Cornhuskers,Michigan State Spartans,0.7922,0.2078,0.8278,0.2171,11
401761620,CFB,2025-10-04 20:00:00+00:00,Arkansas State Red Wolves,Texas State Bobcats,0.196,0.804,0.2048,0.8404,11
401761619,CFB,2025-10-04 22:00:00+00:00,Old Dominion Monarchs,Coastal Carolina Chanticleers,0.8887,0.1113,0.9299,0.1165,11
401756913,CFB,2025-10-04 23:00:00+00:00,Houston Cougars,Texas Tech Red Raiders,0.2084,0.7916,0.2179,0.8278,11
401760385,CFB,2025-10-04 23:00:00+00:00,Wyoming Cowboys,UNLV Rebels,0.3942,0.6058,0.4111,0.6319,11
401761621,CFB,2025-10-04 23:00:00+00:00,Troy Trojans,South Alabama Jaguars,0.4928,0.5072,0.5161,0.5312,10
401762477,CFB,2025-10-04 23:00:00+00:00,Rice Owls,Florida Atlantic Owls,0.6405,0.3595,0.6667,0.3742,11
401752859,CFB,2025-10-04 23:30:00+00:00,Ohio State Buckeyes,Minnesota Golden Gophers,0.9267,0.0733,0.9675,0.0765,11
401754553,CFB,2025-10-04 23:30:00+00:00,Florida State Seminoles,Miami Hurricanes,0.3734,0.6266,0.3884,0.6518,11
401752730,CFB,2025-10-04 23:30:00+00:00,Texas A&M Aggies,Mississippi State Bulldogs,0.8392,0.1608,0.8779,0.1683,11
401756914,CFB,2025-10-04 23:30:00+00:00,TCU Horned Frogs,Colorado Buffaloes,0.8101,0.1899,0.8481,0.1988,11
401756915,CFB,2025-10-04 23:30:00+00:00,UCF Knights,Kansas Jayhawks,0.3725,0.6275,0.3878,0.6533,10
401762478,CFB,2025-10-05 00:00:00+00:00,Memphis Tigers,Tulsa Golden Hurricane,0.9018,0.0982,0.9418,0.1026,11
401754551,CFB,2025-10-05 02:30:00+00:00,California Golden Bears,Duke Blue Devils,0.4333,0.5667,0.4515,0.5905,11
401760383,CFB,2025-10-05 02:30:00+00:00,Fresno State Bulldogs,Nevada Wolf Pack,0.8083,0.1917,0.8449,0.2004,11
401757278,CFB,2025-10-08 23:30:00+00:00,Middle Tennessee Blue Raiders,Missouri State Bears,0.4543,0.5457,0.4745,0.57,11
401757277,CFB,2025-10-09 00:00:00+00:00,UTEP Miners,Liberty Flames,0.4838,0.5162,0.507,0.5409,11
401757280,CFB,2025-10-09 23:00:00+00:00,Kennesaw State Owls,Louisiana Tech Bulldogs,0.3397,0.6603,0.3536,0.6875,10
401762480,CFB,2025-10-09 23:30:00+00:00,Tulane Green Wave,East Carolina Pirates,0.674,0.326,0.7033,0.3402,10
401762481,CFB,2025-10-10 23:30:00+00:00,North Texas Mean Green,South Florida Bulls,0.5041,0.4959,0.528,0.5195,9
401752862,CFB,2025-10-11 01:00:00+00:00,Washington Huskies,Rutgers Scarlet Knights,0.7677,0.2323,0.8036,0.2432,9
401760388,CFB,2025-10-11 01:00:00+00:00,Colorado State Rams,Fresno State Bulldogs,0.3281,0.6719,0.3424,0.7013,10
401752865,CFB,2025-10-11 16:00:00+00:00,Illinois Fighting Illini,Ohio State Buckeyes,0.1708,0.8292,0.1785,0.8666,10
401752734,CFB,2025-10-11 16:00:00+00:00,Missouri Tigers,Alabama Crimson Tide,0.41,0.59,0.4275,0.6151,10
401754559,CFB,2025-10-11 16:00:00+00:00,Florida State Seminoles,Pittsburgh Panthers,0.7581,0.2419,0.7912,0.2524,10
401752863,CFB,2025-10-11 16:00:00+00:00,Michigan State Spartans,UCLA Bruins,0.7137,0.2863,0.7452,0.2989,10
401754561,CFB,2025-10-11 16:00:00+00:00,SMU Mustangs,Stanford Cardinal,0.8667,0.1333,0.9059,0.1393,10
401756917,CFB,2025-10-11 16:00:00+00:00,Cincinnati Bearcats,UCF Knights,0.7723,0.2277,0.8071,0.238,10
401756920,CFB,2025-10-11 16:00:00+00:00,Oklahoma State Cowboys,Houston Cougars,0.1746,0.8254,0.1824,0.8621,10
401762483,CFB,2025-10-11 16:00:00+00:00,Army Black Knights,Charlotte 49ers,0.869,0.131,0.9067,0.1366,10
401762833,CFB,2025-10-11 16:00:00+00:00,Akron Zips,Miami (OH) RedHawks,0.2169,0.7831,0.2265,0.8178,10
401762835,CFB,2025-10-11 16:00:00+00:00,Bowling Green Falcons,Toledo Rockets,0.2302,0.7698,0.2404,0.8039,10
401752733,CFB,2025-10-11 16:45:00+00:00,Ole Miss Rebels,Washington State Cougars,0.9684,0.0316,0.9901,0.0323,1
401762836,CFB,2025-10-11 17:00:00+00:00,Eastern Michigan Eagles,Northern Illinois Huskies,0.459,0.541,0.4794,0.565,10
401752870,CFB,2025-10-11 19:30:00+00:00,Oregon Ducks,Indiana Hoosiers,0.7112,0.2888,0.7419,0.3013,10
401752736,CFB,2025-10-11 19:30:00+00:00,Texas Longhorns,Oklahoma Sooners,0.4903,0.5097,0.5133,0.5337,7
401754560,CFB,2025-10-11 19:30:00+00:00,Georgia Tech Yellow Jackets,Virginia Tech Hokies,0.827,0.173,0.8644,0.1808,10
401754562,CFB,2025-10-11 19:30:00+00:00,Notre Dame Fighting Irish,NC State Wolfpack,0.9169,0.0831,0.956,0.0866,10
401756918,CFB,2025-10-11 19:30:00+00:00,Colorado Buffaloes,Iowa State Cyclones,0.4395,0.5605,0.458,0.5842,10
401752866,CFB,2025-10-11 19:30:00+00:00,Penn State Nittany Lions,Northwestern Wildcats,0.9114,0.0886,0.9506,0.0924,10
401752867,CFB,2025-10-11 19:30:00+00:00,Maryland Terrapins,Nebraska Cornhuskers,0.3034,0.6966,0.3165,0.7268,10
401754563,CFB,2025-10-11 19:30:00+00:00,Oregon State Beavers,Wake Forest Demon Deacons,0.4362,0.5638,0.4549,0.5879,10
401756919,CFB,2025-10-11 19:30:00+00:00,Kansas State Wildcats,TCU Horned Frogs,0.4642,0.5358,0.4846,0.5593,10
401760386,CFB,2025-10-11 19:30:00+00:00,UNLV Rebels,Air Force Falcons,0.6927,0.3073,0.7231,0.3208,10
401761626,CFB,2025-10-11 19:30:00+00:00,Marshall Thundering Herd,Old Dominion Monarchs,0.1764,0.8236,0.1841,0.8599,10
401762834,CFB,2025-10-11 19:30:00+00:00,Western Michigan Broncos,Ball State Cardinals,0.7388,0.2612,0.7722,0.273,10
401752735,CFB,2025-10-11 20:15:00+00:00,Tennessee Volunteers,Arkansas Razorbacks,0.7756,0.2244,0.8093,0.2341,10
401762484,CFB,2025-10-11 20:00:00+00:00,Temple Owls,Navy Midshipmen,0.2424,0.7576,0.2533,0.7919,10
401762482,CFB,2025-10-11 22:00:00+00:00,Florida Atlantic Owls,UAB Blazers,0.6406,0.3594,0.6671,0.3743,10
401752737,CFB,2025-10-11 23:00:00+00:00,Texas A&M Aggies,Florida Gators,0.7122,0.2878,0.7436,0.3005,10
401752869,CFB,2025-10-11 23:00:00+00:00,Wisconsin Badgers,Iowa Hawkeyes,0.4048,0.5952,0.4211,0.6192,10
401761623,CFB,2025-10-11 23:00:00+00:00,Coastal Carolina Chanticleers,UL Monroe Warhawks,0.4448,0.5552,0.464,0.5791,10
401756921,CFB,2025-10-11 23:30:00+00:00,Texas Tech Red Raiders,Kansas Jayhawks,0.8199,0.1801,0.8555,0.1879,10
401752731,CFB,2025-10-11 23:30:00+00:00,Auburn Tigers,Georgia Bulldogs,0.3756,0.6244,0.3909,0.6499,10
401752732,CFB,2025-10-11 23:45:00+00:00,LSU Tigers,South Carolina Gamecocks,0.7394,0.2606,0.7728,0.2724,10
401752868,CFB,2025-10-11 23:30:00+00:00,USC Trojans,Michigan Wolverines,0.5588,0.4412,0.5825,0.46,10
401752864,CFB,2025-10-11 23:30:00+00:00,Minnesota Golden Gophers,Purdue Boilermakers,0.7262,0.2738,0.7582,0.2859,10
401754558,CFB,2025-10-11 23:30:00+00:00,Boston College Eagles,Clemson Tigers,0.1748,0.8252,0.1825,0.8614,10
401762485,CFB,2025-10-11 23:30:00+00:00,UTSA Roadrunners,Rice Owls,0.753,0.247,0.787,0.2581,10
401756916,CFB,2025-10-12 00:00:00+00:00,Arizona Wildcats,BYU Cougars,0.473,0.527,0.4946,0.551,10
401761627,CFB,2025-10-12 00:00:00+00:00,Texas State Bobcats,Troy Trojans,0.729,0.271,0.7617,0.2832,10
401760387,CFB,2025-10-12 01:45:00+00:00,Boise State Broncos,New Mexico Lobos,0.8443,0.1557,0.8827,0.1628,10
401756922,CFB,2025-10-12 02:25:00+00:00,Utah Utes,Arizona State Sun Devils,0.7413,0.2587,0.7759,0.2708,9
401760390,CFB,2025-10-12 02:30:00+00:00,Nevada Wolf Pack,San Diego State Aztecs,0.294,0.706,0.3071,0.7375,10
401757282,CFB,2025-10-14 23:00:00+00:00,Liberty Flames,New Mexico State Aggies,0.7622,0.2378,0.7956,0.2482,10
401761628,CFB,2025-10-14 23:30:00+00:00,South Alabama Jaguars,Arkansas State Red Wolves,0.7086,0.2914,0.7398,0.3042,11
401757281,CFB,2025-10-15 00:00:00+00:00,Western Kentucky Hilltoppers,Florida International Panthers,0.748,0.252,0.7813,0.2632,11
401757283,CFB,2025-10-15 23:00:00+00:00,Jacksonville State Gamecocks,Delaware Blue Hens,0.4359,0.5641,0.4547,0.5886,11
401762486,CFB,2025-10-16 23:30:00+00:00,East Carolina Pirates,Tulsa Golden Hurricane,0.8557,0.1443,0.8943,0.1509,11
401754564,CFB,2025-10-17 23:00:00+00:00,Miami Hurricanes,Louisville Cardinals,0.8125,0.1875,0.8488,0.1959,11
401752872,CFB,2025-10-18 00:00:00+00:00,Minnesota Golden Gophers,Nebraska Cornhuskers,0.2954,0.7046,0.3089,0.7368,11
401754371,CFB,2025-10-18 02:30:00+00:00,California Golden Bears,North Carolina Tar Heels,0.7461,0.2539,0.7786,0.2649,11
401752745,CFB,2025-10-18 16:00:00+00:00,Vanderbilt Commodores,LSU Tigers,0.5252,0.4748,0.5497,0.497,11
401754566,CFB,2025-10-18 16:00:00+00:00,Duke Blue Devils,Georgia Tech Yellow Jackets,0.5288,0.4712,0.5528,0.4927,11
401752873,CFB,2025-10-18 16:00:00+00:00,Michigan Wolverines,Washington Huskies,0.6396,0.3604,0.6663,0.3755,11
401754569,CFB,2025-10-18 16:00:00+00:00,Boston College Eagles,UConn Huskies,0.524,0.476,0.5481,0.498,11
401756925,CFB,2025-10-18 16:00:00+00:00,Houston Cougars,Arizona Wildcats,0.4917,0.5083,0.5152,0.5327,11
401756927,CFB,2025-10-18 16:00:00+00:00,TCU Horned Frogs,Baylor Bears,0.5758,0.4242,0.5992,0.4415,11
401762488,CFB,2025-10-18 16:00:00+00:00,Tulane Green Wave,Army Black Knights,0.7553,0.2447,0.7909,0.2562,11
401762839,CFB,2025-10-18 16:00:00+00:00,Bowling Green Falcons,Central Michigan Chippewas,0.6126,0.3874,0.6378,0.4032,11
401762841,CFB,2025-10-18 16:00:00+00:00,Miami (OH) RedHawks,Eastern Michigan Eagles,0.8002,0.1998,0.8353,0.2086,11
401752744,CFB,2025-10-18 16:45:00+00:00,South Carolina Gamecocks,Oklahoma Sooners,0.3555,0.6445,0.3702,0.6713,11
401756928,CFB,2025-10-18 17:00:00+00:00,UCF Knights,West Virginia Mountaineers,0.7157,0.2843,0.7484,0.2973,11
401762842,CFB,2025-10-18 18:00:00+00:00,Toledo Rockets,Kent State Golden Flashes,0.9305,0.0695,0.9692,0.0723,11
401752874,CFB,2025-10-18 19:00:00+00:00,Northwestern Wildcats,Purdue Boilermakers,0.5742,0.4258,0.5995,0.4446,11
401761633,CFB,2025-10-18 19:00:00+00:00,UL Monroe Warhawks,Troy Trojans,0.3484,0.6516,0.3629,0.6786,11
401752877,CFB,2025-10-18 19:30:00+00:00,Wisconsin Badgers,Ohio State Buckeyes,0.0596,0.9404,0.0621,0.9793,9
401752878,CFB,2025-10-18 19:30:00+00:00,Indiana Hoosiers,Michigan State Spartans,0.9429,0.0571,0.9825,0.0595,9
401752742,CFB,2025-10-18 19:30:00+00:00,Georgia Bulldogs,Ole Miss Rebels,0.7002,0.2998,0.7316,0.3133,10
401754565,CFB,2025-10-18 19:30:00+00:00,Clemson Tigers,SMU Mustangs,0.6452,0.3548,0.672,0.3695,11
401760392,CFB,2025-10-18 19:30:00+00:00,Air Force Falcons,Wyoming Cowboys,0.627,0.373,0.6528,0.3883,11
401760393,CFB,2025-10-18 19:30:00+00:00,Boise State Broncos,UNLV Rebels,0.7962,0.2038,0.8321,0.2131,11
401761631,CFB,2025-10-18 19:30:00+00:00,James Madison Dukes,Old Dominion Monarchs,0.5523,0.4477,0.5763,0.4672,11
401761632,CFB,2025-10-18 19:30:00+00:00,Marshall Thundering Herd,Texas State Bobcats,0.4323,0.5677,0.4509,0.5921,11
401762489,CFB,2025-10-18 19:30:00+00:00,Charlotte 49ers,Temple Owls,0.211,0.789,0.2202,0.8234,11
401762838,CFB,2025-10-18 19:30:00+00:00,Ball State Cardinals,Akron Zips,0.4987,0.5013,0.5222,0.525,8
401762843,CFB,2025-10-18 19:30:00+00:00,Ohio Bobcats,Northern Illinois Huskies,0.7763,0.2237,0.8095,0.2332,11
401756923,CFB,2025-10-18 20:00:00+00:00,Arizona State Sun Devils,Texas Tech Red Raiders,0.2879,0.7121,0.3007,0.7438,11
401762487,CFB,2025-10-18 20:00:00+00:00,UAB Blazers,Memphis Tigers,0.0937,0.9063,0.0979,0.9467,11
401762491,CFB,2025-10-18 20:05:00+00:00,North Texas Mean Green,UTSA Roadrunners,0.6154,0.3846,0.641,0.4007,11
401752741,CFB,2025-10-18 20:15:00+00:00,Florida Gators,Mississippi State Bulldogs,0.7529,0.2471,0.7858,0.2579,11
401752739,CFB,2025-10-18 21:30:00+00:00,Arkansas Razorbacks,Texas A&M Aggies,0.283,0.717,0.2954,0.7486,10
401752876,CFB,2025-10-18 22:30:00+00:00,Rutgers Scarlet Knights,Oregon Ducks,0.1389,0.8611,0.145,0.8991,9
401752951,CFB,2025-10-18 22:30:00+00:00,Virginia Cavaliers,Washington State Cougars,0.8675,0.1325,0.9046,0.1382,11
401752743,CFB,2025-10-18 23:00:00+00:00,Kentucky Wildcats,Texas Longhorns,0.2019,0.7981,0.2108,0.8334,11
401752875,CFB,2025-10-18 23:00:00+00:00,Iowa Hawkeyes,Penn State Nittany Lions,0.582,0.418,0.6065,0.4356,11
401752879,CFB,2025-10-18 23:00:00+00:00,UCLA Bruins,Maryland Terrapins,0.5898,0.4102,0.6157,0.4282,11
401761630,CFB,2025-10-18 23:00:00+00:00,Georgia Southern Eagles,Georgia State Panthers,0.6802,0.3198,0.7097,0.3336,11
401752738,CFB,2025-10-18 23:30:00+00:00,Alabama Crimson Tide,Tennessee Volunteers,0.7288,0.2712,0.7613,0.2833,11
401752871,CFB,2025-10-18 23:30:00+00:00,Notre Dame Fighting Irish,USC Trojans,0.7449,0.2551,0.7775,0.2663,11
401752740,CFB,2025-10-18 23:45:00+00:00,Auburn Tigers,Missouri Tigers,0.476,0.524,0.498,0.5481,11
401762490,CFB,2025-10-18 23:30:00+00:00,South Florida Bulls,Florida Atlantic Owls,0.9098,0.0902,0.9467,0.0938,11
401754568,CFB,2025-10-18 23:30:00+00:00,Syracuse Orange,Pittsburgh Panthers,0.2438,0.7562,0.2546,0.7898,11
401756924,CFB,2025-10-19 00:00:00+00:00,BYU Cougars,Utah Utes,0.3876,0.6124,0.404,0.6383,10
401756926,CFB,2025-10-19 00:00:00+00:00,Oklahoma State Cowboys,Cincinnati Bearcats,0.0829,0.9171,0.0864,0.956,10
401760395,CFB,2025-10-19 01:45:00+00:00,New Mexico Lobos,Nevada Wolf Pack,0.8,0.2,0.8354,0.2089,10
401752941,CFB,2025-10-19 02:00:00+00:00,Oregon State Beavers,Lafayette Leopards,0.9227,0.0773,0.9579,0.0802,5
401754567,CFB,2025-10-19 02:30:00+00:00,Stanford Cardinal,Florida State Seminoles,0.1308,0.8692,0.1366,0.9075,10
401757285,CFB,2025-10-21 23:00:00+00:00,Florida International Panthers,Kennesaw State Owls,0.4157,0.5843,0.4331,0.6087,10
401757286,CFB,2025-10-21 23:30:00+00:00,Louisiana Tech Bulldogs,Western Kentucky Hilltoppers,0.6094,0.3906,0.6346,0.4067,10
401757287,CFB,2025-10-22 23:30:00+00:00,Delaware Blue Hens,Middle Tennessee Blue Raiders,0.7417,0.2583,0.7747,0.2698,11
401757288,CFB,2025-10-23 01:00:00+00:00,New Mexico State Aggies,Missouri State Bears,0.4874,0.5126,0.5105,0.537,11
401761634,CFB,2025-10-23 23:30:00+00:00,Georgia State Panthers,South Alabama Jaguars,0.3292,0.6708,0.3439,0.7007,11
401762492,CFB,2025-10-24 23:00:00+00:00,Charlotte 49ers,North Texas Mean Green,0.0644,0.9356,0.0673,0.9783,9
401754372,CFB,2025-10-24 23:30:00+00:00,Virginia Tech Hokies,California Golden Bears,0.6683,0.3317,0.6993,0.3472,10
401760397,CFB,2025-10-25 02:00:00+00:00,Nevada Wolf Pack,Boise State Broncos,0.0899,0.9101,0.0937,0.9488,10
401752885,CFB,2025-10-25 16:00:00+00:00,Indiana Hoosiers,UCLA Bruins,0.9325,0.0675,0.9772,0.0708,9
401754571,CFB,2025-10-25 16:00:00+00:00,Georgia Tech Yellow Jackets,Syracuse Orange,0.8605,0.1395,0.9001,0.1459,10
401752750,CFB,2025-10-25 16:00:00+00:00,Oklahoma Sooners,Ole Miss Rebels,0.6459,0.3541,0.6732,0.3691,9
401754573,CFB,2025-10-25 16:00:00+00:00,North Carolina Tar Heels,Virginia Cavaliers,0.2316,0.7684,0.2419,0.8026,10
401762494,CFB,2025-10-25 16:00:00+00:00,Memphis Tigers,South Florida Bulls,0.3403,0.6597,0.3554,0.6889,10
401752883,CFB,2025-10-25 16:00:00+00:00,Nebraska Cornhuskers,Northwestern Wildcats,0.7166,0.2834,0.7492,0.2964,10
401752884,CFB,2025-10-25 16:00:00+00:00,Purdue Boilermakers,Rutgers Scarlet Knights,0.4806,0.5194,0.5034,0.5441,7
401752942,CFB,2025-10-25 16:00:00+00:00,Wake Forest Demon Deacons,SMU Mustangs,0.4193,0.5807,0.4369,0.605,10
401756932,CFB,2025-10-25 16:00:00+00:00,Kansas Jayhawks,Kansas State Wildcats,0.6006,0.3994,0.6258,0.4161,10
401762846,CFB,2025-10-25 16:00:00+00:00,Kent State Golden Flashes,Bowling Green Falcons,0.2849,0.7151,0.2975,0.7469,10
401762848,CFB,2025-10-25 16:00:00+00:00,Eastern Michigan Eagles,Ohio Bobcats,0.219,0.781,0.2283,0.8144,10
401752746,CFB,2025-10-25 16:45:00+00:00,Arkansas Razorbacks,Auburn Tigers,0.5591,0.4409,0.5832,0.4598,10
401762844,CFB,2025-10-25 17:00:00+00:00,Buffalo Bulls,Akron Zips,0.7579,0.2421,0.7924,0.2531,10
401757172,CFB,2025-10-25 19:00:00+00:00,Rice Owls,UConn Huskies,0.2293,0.7707,0.2396,0.8052,10
401760400,CFB,2025-10-25 19:00:00+00:00,New Mexico Lobos,Utah State Aggies,0.5889,0.4111,0.6136,0.4284,10
401752751,CFB,2025-10-25 19:30:00+00:00,South Carolina Gamecocks,Alabama Crimson Tide,0.2146,0.7854,0.2242,0.8204,10
401752752,CFB,2025-10-25 19:30:00+00:00,Vanderbilt Commodores,Missouri Tigers,0.5653,0.4347,0.5904,0.454,10
401756931,CFB,2025-10-25 19:30:00+00:00,Iowa State Cyclones,BYU Cougars,0.5506,0.4494,0.5755,0.4697,10
401752880,CFB,2025-10-25 19:30:00+00:00,Washington Huskies,Illinois Fighting Illini,0.6198,0.3802,0.6448,0.3955,10
401752882,CFB,2025-10-25 19:30:00+00:00,Iowa Hawkeyes,Minnesota Golden Gophers,0.7436,0.2564,0.777,0.2679,10
401752952,CFB,2025-10-25 19:30:00+00:00,Washington State Cougars,Toledo Rockets,0.4857,0.5143,0.509,0.5389,10
401754574,CFB,2025-10-25 19:30:00+00:00,Pittsburgh Panthers,NC State Wolfpack,0.6766,0.3234,0.7058,0.3373,10
401760399,CFB,2025-10-25 19:30:00+00:00,Fresno State Bulldogs,San Diego State Aztecs,0.4315,0.5685,0.4495,0.5921,10
401762493,CFB,2025-10-25 19:30:00+00:00,Navy Midshipmen,Florida Atlantic Owls,0.8195,0.1805,0.8569,0.1887,10
401762495,CFB,2025-10-25 19:30:00+00:00,Tulsa Golden Hurricane,Temple Owls,0.3551,0.6449,0.3699,0.6716,10
401762845,CFB,2025-10-25 19:30:00+00:00,Northern Illinois Huskies,Ball State Cardinals,0.6742,0.3258,0.7038,0.34,10
401762874,CFB,2025-10-25 19:30:00+00:00,Miami (OH) RedHawks,Western Michigan Broncos,0.5437,0.4563,0.5674,0.4761,10
401756930,CFB,2025-10-25 20:00:00+00:00,Cincinnati Bearcats,Baylor Bears,0.6076,0.3924,0.6322,0.4084,10
401752749,CFB,2025-10-25 20:15:00+00:00,Mississippi State Bulldogs,Texas Longhorns,0.2918,0.7082,0.3047,0.7397,10
401756935,CFB,2025-10-25 22:00:00+00:00,West Virginia Mountaineers,TCU Horned Frogs,0.1518,0.8482,0.159,0.8889,10
401754572,CFB,2025-10-25 23:00:00+00:00,Miami Hurricanes,Stanford Cardinal,0.973,0.027,1.0,0.0278,1
401761636,CFB,2025-10-25 23:00:00+00:00,Arkansas State Red Wolves,Georgia Southern Eagles,0.5105,0.4895,0.5354,0.5134,10
401752748,CFB,2025-10-25 23:30:00+00:00,LSU Tigers,Texas A&M Aggies,0.4428,0.5572,0.4618,0.5811,10
401752747,CFB,2025-10-25 23:45:00+00:00,Kentucky Wildcats,Tennessee Volunteers,0.2742,0.7258,0.2868,0.7594,10
401754570,CFB,2025-10-25 23:30:00+00:00,Louisville Cardinals,Boston College Eagles,0.9306,0.0694,0.9731,0.0726,9
401752881,CFB,2025-10-25 23:30:00+00:00,Michigan State Spartans,Michigan Wolverines,0.1815,0.8185,0.1895,0.8547,10
401760398,CFB,2025-10-25 23:30:00+00:00,Wyoming Cowboys,Colorado State Rams,0.6395,0.3605,0.6663,0.3756,10
401756929,CFB,2025-10-26 00:00:00+00:00,Arizona State Sun Devils,Houston Cougars,0.7093,0.2907,0.7408,0.3036,10
401756934,CFB,2025-10-26 02:25:00+00:00,Utah Utes,Colorado Buffaloes,0.8064,0.1936,0.8428,0.2024,9
401757289,CFB,2025-10-29 00:00:00+00:00,Kennesaw State Owls,UTEP Miners,0.7542,0.2458,0.7887,0.2571,10
401761639,CFB,2025-10-29 00:00:00+00:00,Texas State Bobcats,James Madison Dukes,0.3096,0.6904,0.3232,0.7206,10
401757292,CFB,2025-10-29 23:30:00+00:00,Middle Tennessee Blue Raiders,Jacksonville State Gamecocks,0.3588,0.6412,0.3736,0.6678,10
401757291,CFB,2025-10-30 00:00:00+00:00,Missouri State Bears,Florida International Panthers,0.6223,0.3777,0.6495,0.3942,10
401761640,CFB,2025-10-30 23:30:00+00:00,Coastal Carolina Chanticleers,Marshall Thundering Herd,0.3244,0.6756,0.3389,0.7058,10
401762443,CFB,2025-10-30 23:30:00+00:00,UTSA Roadrunners,Tulane Green Wave,0.3471,0.6529,0.362,0.6809,10
401762497,CFB,2025-10-31 23:00:00+00:00,Rice Owls,Memphis Tigers,0.1828,0.8172,0.1913,0.8555,10
401754575,CFB,2025-10-31 23:30:00+00:00,Syracuse Orange,North Carolina Tar Heels,0.5499,0.4501,0.5738,0.4696,10
401752889,CFB,2025-11-01 16:00:00+00:00,Ohio State Buckeyes,Penn State Nittany Lions,0.8916,0.1084,0.932,0.1133,10
401752758,CFB,2025-11-01 16:00:00+00:00,Texas Longhorns,Vanderbilt Commodores,0.5843,0.4157,0.6077,0.4323,10
401754581,CFB,2025-11-01 16:00:00+00:00,SMU Mustangs,Miami Hurricanes,0.2331,0.7669,0.2435,0.8013,10
401756938,CFB,2025-11-01 16:00:00+00:00,Houston Cougars,West Virginia Mountaineers,0.803,0.197,0.8383,0.2057,10
401752891,CFB,2025-11-01 16:00:00+00:00,Illinois Fighting Illini,Rutgers Scarlet Knights,0.7966,0.2034,0.8311,0.2122,9
401754577,CFB,2025-11-01 16:00:00+00:00,Clemson Tigers,Duke Blue Devils,0.5856,0.4144,0.6103,0.4319,10
401756936,CFB,2025-11-01 16:00:00+00:00,Baylor Bears,UCF Knights,0.5959,0.4041,0.6212,0.4213,10
401757173,CFB,2025-11-01 16:00:00+00:00,UConn Huskies,UAB Blazers,0.7848,0.2152,0.819,0.2245,10
401760401,CFB,2025-11-01 16:00:00+00:00,Air Force Falcons,Army Black Knights,0.4987,0.5013,0.5223,0.525,10
401762499,CFB,2025-11-01 16:00:00+00:00,North Texas Mean Green,Navy Midshipmen,0.6782,0.3218,0.7077,0.3358,10
401762849,CFB,2025-11-01 16:00:00+00:00,Bowling Green Falcons,Buffalo Bulls,0.5362,0.4638,0.5603,0.4846,10
401756939,CFB,2025-11-01 17:00:00+00:00,Iowa State Cyclones,Arizona State Sun Devils,0.7283,0.2717,0.7617,0.2841,10
401762498,CFB,2025-11-01 18:00:00+00:00,Temple Owls,East Carolina Pirates,0.3481,0.6519,0.3631,0.6799,10
401754580,CFB,2025-11-01 19:00:00+00:00,Virginia Tech Hokies,Louisville Cardinals,0.2305,0.7695,0.2408,0.8039,10
401760404,CFB,2025-11-01 19:00:00+00:00,UNLV Rebels,New Mexico Lobos,0.6282,0.3718,0.6537,0.3868,10
401752887,CFB,2025-11-01 19:30:00+00:00,Maryland Terrapins,Indiana Hoosiers,0.0861,0.9139,0.0897,0.9524,10
401752755,CFB,2025-11-01 19:30:00+00:00,Florida Gators,Georgia Bulldogs,0.2883,0.7117,0.3009,0.743,10
401754583,CFB,2025-11-01 19:30:00+00:00,Boston College Eagles,Notre Dame Fighting Irish,0.0571,0.9429,0.0595,0.9824,5
401756941,CFB,2025-11-01 19:30:00+00:00,Kansas State Wildcats,Texas Tech Red Raiders,0.2902,0.7098,0.3026,0.7403,10
401754576,CFB,2025-11-01 19:45:00+00:00,California Golden Bears,Virginia Cavaliers,0.3344,0.6656,0.3495,0.6955,10
401752888,CFB,2025-11-01 19:30:00+00:00,Minnesota Golden Gophers,Michigan State Spartans,0.6087,0.3913,0.6342,0.4078,10
401754582,CFB,2025-11-01 19:30:00+00:00,Stanford Cardinal,Pittsburgh Panthers,0.1795,0.8205,0.1879,0.8584,10
401757293,CFB,2025-11-01 19:30:00+00:00,Liberty Flames,Delaware Blue Hens,0.592,0.408,0.6162,0.4247,10
401757294,CFB,2025-11-01 19:30:00+00:00,Western Kentucky Hilltoppers,New Mexico State Aggies,0.7331,0.2669,0.7658,0.2787,10
401760402,CFB,2025-11-01 19:30:00+00:00,Boise State Broncos,Fresno State Bulldogs,0.8685,0.1315,0.9042,0.1369,10
401761641,CFB,2025-11-01 19:30:00+00:00,UL Monroe Warhawks,Old Dominion Monarchs,0.1478,0.8522,0.1546,0.8913,10
401752753,CFB,2025-11-01 20:00:00+00:00,Arkansas Razorbacks,Mississippi State Bulldogs,0.6358,0.3642,0.6624,0.3795,10
401756940,CFB,2025-11-01 20:00:00+00:00,Kansas Jayhawks,Oklahoma State Cowboys,0.9246,0.0754,0.9667,0.0788,9
401762850,CFB,2025-11-01 20:00:00+00:00,Western Michigan Broncos,Central Michigan Chippewas,0.6527,0.3473,0.6809,0.3624,10
401752756,CFB,2025-11-01 23:00:00+00:00,Ole Miss Rebels,South Carolina Gamecocks,0.7928,0.2072,0.8272,0.2162,9
401752890,CFB,2025-11-01 23:00:00+00:00,Michigan Wolverines,Purdue Boilermakers,0.909,0.091,0.947,0.0949,10
401756937,CFB,2025-11-01 23:00:00+00:00,Colorado Buffaloes,Arizona Wildcats,0.372,0.628,0.3879,0.6549,10
401760405,CFB,2025-11-01 23:00:00+00:00,San Diego State Aztecs,Wyoming Cowboys,0.7771,0.2229,0.8117,0.2329,10
401754579,CFB,2025-11-01 23:30:00+00:00,NC State Wolfpack,Georgia Tech Yellow Jackets,0.3404,0.6596,0.3558,0.6897,10
401752757,CFB,2025-11-01 23:30:00+00:00,Tennessee Volunteers,Oklahoma Sooners,0.5676,0.4324,0.5911,0.4504,10
401752892,CFB,2025-11-01 23:30:00+00:00,Nebraska Cornhuskers,USC Trojans,0.3636,0.6364,0.3784,0.6623,10
401752754,CFB,2025-11-01 23:30:00+00:00,Auburn Tigers,Kentucky Wildcats,0.7733,0.2267,0.8084,0.2371,10
401752943,CFB,2025-11-01 23:30:00+00:00,Oregon State Beavers,Washington State Cougars,0.3752,0.6248,0.39,0.6494,10
401754578,CFB,2025-11-01 23:30:00+00:00,Florida State Seminoles,Wake Forest Demon Deacons,0.7586,0.2414,0.7925,0.2521,10
401761643,CFB,2025-11-02 00:00:00+00:00,Troy Trojans,Arkansas State Red Wolves,0.728,0.272,0.76,0.2839,10
401756942,CFB,2025-11-02 02:15:00+00:00,Utah Utes,Cincinnati Bearcats,0.7654,0.2346,0.8001,0.2452,9
401762852,CFB,2025-11-05 00:00:00+00:00,Ohio Bobcats,Miami (OH) RedHawks,0.5659,0.4341,0.5908,0.4531,10
401762853,CFB,2025-11-06 00:00:00+00:00,Ball State Cardinals,Kent State Golden Flashes,0.5319,0.4681,0.5568,0.4901,10
401762854,CFB,2025-11-06 00:00:00+00:00,Toledo Rockets,Northern Illinois Huskies,0.8367,0.1633,0.8742,0.1706,10
401762500,CFB,2025-11-07 00:30:00+00:00,South Florida Bulls,UTSA Roadrunners,0.8153,0.1847,0.8526,0.1931,10
401756946,CFB,2025-11-08 01:15:00+00:00,UCF Knights,Houston Cougars,0.4962,0.5038,0.5198,0.5278,8
401752896,CFB,2025-11-08 02:00:00+00:00,USC Trojans,Northwestern Wildcats,0.8315,0.1685,0.8703,0.1763,11
401762501,CFB,2025-11-08 02:10:00+00:00,Memphis Tigers,Tulane Green Wave,0.6049,0.3951,0.6305,0.4118,11
401752893,CFB,2025-11-08 17:00:00+00:00,Penn State Nittany Lions,Indiana Hoosiers,0.1615,0.8385,0.1688,0.8765,11
401752762,CFB,2025-11-08 17:00:00+00:00,Mississippi State Bulldogs,Georgia Bulldogs,0.2593,0.7407,0.2708,0.7736,11
401756945,CFB,2025-11-08 17:00:00+00:00,Texas Tech Red Raiders,BYU Cougars,0.7604,0.2396,0.7955,0.2507,11
401754584,CFB,2025-11-08 17:00:00+00:00,Boston College Eagles,SMU Mustangs,0.2274,0.7726,0.2373,0.8065,11
401756947,CFB,2025-11-08 17:00:00+00:00,West Virginia Mountaineers,Colorado Buffaloes,0.6637,0.3363,0.6949,0.3521,11
401761646,CFB,2025-11-08 17:00:00+00:00,Marshall Thundering Herd,James Madison Dukes,0.1951,0.8049,0.204,0.8417,11
401762503,CFB,2025-11-08 17:00:00+00:00,Army Black Knights,Temple Owls,0.6855,0.3145,0.7162,0.3286,11
401752897,CFB,2025-11-08 18:00:00+00:00,Purdue Boilermakers,Ohio State Buckeyes,0.0444,0.9556,0.0458,0.9852,4
401757299,CFB,2025-11-08 18:00:00+00:00,Liberty Flames,Missouri State Bears,0.7238,0.2762,0.7561,0.2885,11
401762855,CFB,2025-11-08 18:00:00+00:00,Eastern Michigan Eagles,Bowling Green Falcons,0.5605,0.4395,0.5874,0.4605,11
401762502,CFB,2025-11-08 19:00:00+00:00,Rice Owls,UAB Blazers,0.5283,0.4717,0.5531,0.4938,11
401752894,CFB,2025-11-08 19:30:00+00:00,Rutgers Scarlet Knights,Maryland Terrapins,0.5484,0.4516,0.5719,0.4709,9
401757295,CFB,2025-11-08 20:00:00+00:00,Delaware Blue Hens,Louisiana Tech Bulldogs,0.3341,0.6659,0.3494,0.6963,11
401757296,CFB,2025-11-08 20:00:00+00:00,Middle Tennessee Blue Raiders,Florida International Panthers,0.502,0.498,0.5261,0.5219,9
401757297,CFB,2025-11-08 20:00:00+00:00,UTEP Miners,Jacksonville State Gamecocks,0.4896,0.5104,0.5129,0.5346,11
401762504,CFB,2025-11-08 20:00:00+00:00,East Carolina Pirates,Charlotte 49ers,0.9511,0.0489,0.9862,0.0508,5
401762505,CFB,2025-11-08 20:00:00+00:00,Florida Atlantic Owls,Tulsa Golden Hurricane,0.6028,0.3972,0.6287,0.4142,11
401752763,CFB,2025-11-08 20:30:00+00:00,Missouri Tigers,Texas A&M Aggies,0.3013,0.6987,0.3143,0.729,11
401752898,CFB,2025-11-08 20:30:00+00:00,Iowa Hawkeyes,Oregon Ducks,0.3162,0.6838,0.33,0.7134,11
401754587,CFB,2025-11-08 20:30:00+00:00,Miami Hurricanes,Syracuse Orange,0.9574,0.0426,0.9882,0.0439,5
401754590,CFB,2025-11-08 20:30:00+00:00,UConn Huskies,Duke Blue Devils,0.2625,0.7375,0.2737,0.7693,11
401756943,CFB,2025-11-08 20:30:00+00:00,Arizona Wildcats,Kansas Jayhawks,0.6412,0.3588,0.6676,0.3735,11
401756944,CFB,2025-11-08 20:30:00+00:00,TCU Horned Frogs,Iowa State Cyclones,0.7123,0.2877,0.7443,0.3006,11
401752764,CFB,2025-11-08 21:00:00+00:00,Vanderbilt Commodores,Auburn Tigers,0.6756,0.3244,0.7057,0.3389,11
401757298,CFB,2025-11-08 21:00:00+00:00,New Mexico State Aggies,Kennesaw State Owls,0.2524,0.7476,0.2636,0.7808,11
401761645,CFB,2025-11-08 21:00:00+00:00,Coastal Carolina Chanticleers,Georgia State Panthers,0.7186,0.2814,0.7514,0.2942,11
401752899,CFB,2025-11-08 21:30:00+00:00,Wisconsin Badgers,Washington Huskies,0.223,0.777,0.2329,0.8119,11
401754588,CFB,2025-11-08 21:30:00+00:00,North Carolina Tar Heels,Stanford Cardinal,0.7204,0.2796,0.7519,0.2918,11
401754589,CFB,2025-11-09 00:00:00+00:00,Virginia Cavaliers,Wake Forest Demon Deacons,0.6861,0.3139,0.7167,0.328,11
401754585,CFB,2025-11-09 00:00:00+00:00,Louisville Cardinals,California Golden Bears,0.8806,0.1194,0.9198,0.1247,11
401754586,CFB,2025-11-09 00:00:00+00:00,Clemson Tigers,Florida State Seminoles,0.5232,0.4768,0.5473,0.4987,11
401752759,CFB,2025-11-09 00:30:00+00:00,Alabama Crimson Tide,LSU Tigers,0.7716,0.2284,0.8065,0.2388,11
401757166,CFB,2025-11-09 00:30:00+00:00,Notre Dame Fighting Irish,Navy Midshipmen,0.937,0.063,0.9785,0.0658,10
401752760,CFB,2025-11-09 00:30:00+00:00,Kentucky Wildcats,Florida Gators,0.405,0.595,0.4219,0.6198,11
401760409,CFB,2025-11-09 00:30:00+00:00,Utah State Aggies,Nevada Wolf Pack,0.7459,0.2541,0.7785,0.2652,11
401752895,CFB,2025-11-09 02:00:00+00:00,UCLA Bruins,Nebraska Cornhuskers,0.4953,0.5047,0.5186,0.5284,9
401760407,CFB,2025-11-09 02:30:00+00:00,Colorado State Rams,UNLV Rebels,0.3668,0.6332,0.3814,0.6584,10
401762856,CFB,2025-11-12 00:30:00+00:00,Akron Zips,Kent State Golden Flashes,0.6482,0.3518,0.6758,0.3668,11
401762857,CFB,2025-11-12 01:00:00+00:00,Western Michigan Broncos,Ohio Bobcats,0.4938,0.5062,0.5174,0.5303,10
401762858,CFB,2025-11-13 00:00:00+00:00,Central Michigan Chippewas,Buffalo Bulls,0.5227,0.4773,0.547,0.4996,11
401762860,CFB,2025-11-13 00:00:00+00:00,Miami (OH) RedHawks,Toledo Rockets,0.3746,0.6254,0.39,0.6511,11
401761649,CFB,2025-11-14 00:30:00+00:00,Old Dominion Monarchs,Troy Trojans,0.7772,0.2228,0.8113,0.2326,11
401754591,CFB,2025-11-15 00:30:00+00:00,Louisville Cardinals,Clemson Tigers,0.5487,0.4513,0.5731,0.4714,11
401752904,CFB,2025-11-15 02:00:00+00:00,Oregon Ducks,Minnesota Golden Gophers,0.9322,0.0678,0.9718,0.0706,11
401752901,CFB,2025-11-15 17:00:00+00:00,Indiana Hoosiers,Wisconsin Badgers,0.9535,0.0465,0.9877,0.0482,4
401752772,CFB,2025-11-15 17:00:00+00:00,Texas A&M Aggies,South Carolina Gamecocks,0.8777,0.1223,0.9159,0.1276,11
401754597,CFB,2025-11-15 17:00:00+00:00,Pittsburgh Panthers,Notre Dame Fighting Irish,0.2103,0.7897,0.2197,0.8246,11
401752905,CFB,2025-11-15 17:00:00+00:00,Northwestern Wildcats,Michigan Wolverines,0.2168,0.7832,0.2266,0.8185,11
401762510,CFB,2025-11-15 17:00:00+00:00,Navy Midshipmen,South Florida Bulls,0.2382,0.7618,0.2485,0.7949,11
401756951,CFB,2025-11-15 17:00:00+00:00,Cincinnati Bearcats,Arizona Wildcats,0.6593,0.3407,0.6889,0.3561,11
401756952,CFB,2025-11-15 17:00:00+00:00,Oklahoma State Cowboys,Kansas State Wildcats,0.1071,0.8929,0.1117,0.9315,11
401757174,CFB,2025-11-15 17:00:00+00:00,UConn Huskies,Air Force Falcons,0.7187,0.2813,0.7499,0.2935,11
401762507,CFB,2025-11-15 17:00:00+00:00,Charlotte 49ers,UTSA Roadrunners,0.138,0.862,0.1442,0.901,11
401762861,CFB,2025-11-15 17:00:00+00:00,Ball State Cardinals,Eastern Michigan Eagles,0.4426,0.5574,0.4621,0.5821,11
401752768,CFB,2025-11-15 17:45:00+00:00,LSU Tigers,Arkansas Razorbacks,0.6444,0.3556,0.6717,0.3706,11
401752945,CFB,2025-11-15 18:00:00+00:00,Tulsa Golden Hurricane,Oregon State Beavers,0.4646,0.5354,0.4851,0.559,11
401756948,CFB,2025-11-15 18:00:00+00:00,Arizona State Sun Devils,West Virginia Mountaineers,0.7759,0.2241,0.8107,0.2341,11
401752767,CFB,2025-11-15 18:30:00+00:00,Kentucky Wildcats,Tennessee Tech Golden Eagles,0.919,0.081,0.9525,0.0839,2
401761651,CFB,2025-11-15 19:00:00+00:00,Georgia State Panthers,Marshall Thundering Herd,0.2798,0.7202,0.2921,0.7519,11
401762506,CFB,2025-11-15 19:00:00+00:00,UAB Blazers,North Texas Mean Green,0.1294,0.8706,0.1349,0.907,11
401757304,CFB,2025-11-15 20:00:00+00:00,Missouri State Bears,UTEP Miners,0.6466,0.3534,0.6733,0.3679,11
401760411,CFB,2025-11-15 20:00:00+00:00,New Mexico Lobos,Colorado State Rams,0.83,0.17,0.8682,0.1779,11
401752765,CFB,2025-11-15 20:30:00+00:00,Alabama Crimson Tide,Oklahoma Sooners,0.666,0.334,0.6959,0.3489,11
401756953,CFB,2025-11-15 20:30:00+00:00,Texas Tech Red Raiders,UCF Knights,0.9244,0.0756,0.9659,0.079,11
401754595,CFB,2025-11-15 20:40:00+00:00,Miami Hurricanes,NC State Wolfpack,0.833,0.167,0.8696,0.1743,11
401754592,CFB,2025-11-15 20:30:00+00:00,Boston College Eagles,Georgia Tech Yellow Jackets,0.1441,0.8559,0.1506,0.8943,11
401752907,CFB,2025-11-15 20:30:00+00:00,USC Trojans,Iowa Hawkeyes,0.6729,0.3271,0.7029,0.3417,11
401754593,CFB,2025-11-15 20:35:00+00:00,Duke Blue Devils,Virginia Cavaliers,0.6366,0.3634,0.6627,0.3782,11
401752903,CFB,2025-11-15 20:30:00+00:00,Michigan State Spartans,Penn State Nittany Lions,0.2985,0.7015,0.312,0.7334,11
401752906,CFB,2025-11-15 20:30:00+00:00,Illinois Fighting Illini,Maryland Terrapins,0.8433,0.1567,0.8822,0.164,11
401757303,CFB,2025-11-15 20:30:00+00:00,Western Kentucky Hilltoppers,Middle Tennessee Blue Raiders,0.8078,0.1922,0.8449,0.201,11
401761653,CFB,2025-11-15 20:30:00+00:00,UL Monroe Warhawks,South Alabama Jaguars,0.3615,0.6385,0.3764,0.6647,11
401762508,CFB,2025-11-15 21:00:00+00:00,East Carolina Pirates,Memphis Tigers,0.579,0.421,0.6035,0.4388,11
401762509,CFB,2025-11-15 21:00:00+00:00,Tulane Green Wave,Florida Atlantic Owls,0.8612,0.1388,0.8987,0.1449,11
401754596,CFB,2025-11-15 21:30:00+00:00,Wake Forest Demon Deacons,North Carolina Tar Heels,0.6578,0.3422,0.6873,0.3575,11
401757301,CFB,2025-11-15 22:00:00+00:00,Florida International Panthers,Liberty Flames,0.4448,0.5552,0.4644,0.5796,11
401761650,CFB,2025-11-15 23:00:00+00:00,Georgia Southern Eagles,Coastal Carolina Chanticleers,0.5901,0.4099,0.6142,0.4267,11
401752769,CFB,2025-11-16 00:00:00+00:00,Ole Miss Rebels,Florida Gators,0.7938,0.2062,0.8299,0.2156,10
401756949,CFB,2025-11-16 00:00:00+00:00,Baylor Bears,Utah Utes,0.2594,0.7406,0.2709,0.7734,10
401752902,CFB,2025-11-16 00:00:00+00:00,Washington Huskies,Purdue Boilermakers,0.86,0.14,0.898,0.1462,11
401760414,CFB,2025-11-16 00:00:00+00:00,UNLV Rebels,Utah State Aggies,0.6725,0.3275,0.7011,0.3415,11
401752900,CFB,2025-11-16 00:30:00+00:00,Ohio State Buckeyes,UCLA Bruins,0.9569,0.0431,0.9901,0.0446,4
401752766,CFB,2025-11-16 00:30:00+00:00,Georgia Bulldogs,Texas Longhorns,0.6737,0.3263,0.7033,0.3406,11
401754594,CFB,2025-11-16 00:30:00+00:00,Florida State Seminoles,Virginia Tech Hokies,0.8157,0.1843,0.8534,0.1929,11
401752770,CFB,2025-11-16 00:45:00+00:00,Missouri Tigers,Mississippi State Bulldogs,0.694,0.306,0.7247,0.3196,11
401757302,CFB,2025-11-16 01:00:00+00:00,Jacksonville State Gamecocks,Kennesaw State Owls,0.4079,0.5921,0.4253,0.6174,11
401756950,CFB,2025-11-16 03:15:00+00:00,BYU Cougars,TCU Horned Frogs,0.5754,0.4246,0.6002,0.443,11
401752953,CFB,2025-11-16 03:00:00+00:00,Washington State Cougars,Louisiana Tech Bulldogs,0.73,0.27,0.7623,0.2819,11
401760410,CFB,2025-11-16 03:30:00+00:00,San Diego State Aztecs,Boise State Broncos,0.5329,0.4671,0.5572,0.4883,10
401760412,CFB,2025-11-16 03:30:00+00:00,Fresno State Bulldogs,Wyoming Cowboys,0.5969,0.4031,0.6219,0.4201,10
401762862,CFB,2025-11-19 00:00:00+00:00,Bowling Green Falcons,Akron Zips,0.5952,0.4048,0.6202,0.4218,11
401762864,CFB,2025-11-19 00:00:00+00:00,Northern Illinois Huskies,Western Michigan Broncos,0.3296,0.6704,0.3443,0.7002,11
401762865,CFB,2025-11-20 00:00:00+00:00,Buffalo Bulls,Miami (OH) RedHawks,0.4796,0.5204,0.5024,0.5452,11
401762866,CFB,2025-11-20 00:00:00+00:00,Kent State Golden Flashes,Central Michigan Chippewas,0.2618,0.7382,0.2735,0.7709,11
401754598,CFB,2025-11-22 01:00:00+00:00,NC State Wolfpack,Florida State Seminoles,0.3366,0.6634,0.352,0.6936,11
401752912,CFB,2025-11-22 17:00:00+00:00,Ohio State Buckeyes,Rutgers Scarlet Knights,0.9552,0.0448,0.9901,0.0464,2
401752778,CFB,2025-11-22 17:00:00+00:00,Oklahoma Sooners,Missouri Tigers,0.6953,0.3047,0.7266,0.3185,11
401754603,CFB,2025-11-22 17:00:00+00:00,Virginia Tech Hokies,Miami Hurricanes,0.1276,0.8724,0.1333,0.9114,11
401752909,CFB,2025-11-22 17:00:00+00:00,Northwestern Wildcats,Minnesota Golden Gophers,0.6181,0.3819,0.6448,0.3984,11
401754602,CFB,2025-11-22 17:00:00+00:00,SMU Mustangs,Louisville Cardinals,0.5724,0.4276,0.5966,0.4456,11
401754606,CFB,2025-11-22 17:00:00+00:00,Wake Forest Demon Deacons,Delaware Blue Hens,0.8689,0.1311,0.9061,0.1367,11
401756958,CFB,2025-11-22 17:00:00+00:00,Iowa State Cyclones,Kansas Jayhawks,0.6068,0.3932,0.6316,0.4093,11
401762512,CFB,2025-11-22 17:00:00+00:00,Army Black Knights,Tulsa Golden Hurricane,0.7621,0.2379,0.7966,0.2487,11
401752954,CFB,2025-11-22 18:00:00+00:00,James Madison Dukes,Washington State Cougars,0.8182,0.1818,0.8554,0.19,11
401756954,CFB,2025-11-22 18:00:00+00:00,Arizona Wildcats,Baylor Bears,0.6768,0.3232,0.7056,0.337,11
401761657,CFB,2025-11-22 18:00:00+00:00,Georgia Southern Eagles,Old Dominion Monarchs,0.2313,0.7687,0.2416,0.8029,11
401752774,CFB,2025-11-22 19:00:00+00:00,Auburn Tigers,Mercer Bears,0.9518,0.0482,0.9869,0.05,3
401757306,CFB,2025-11-22 19:00:00+00:00,Kennesaw State Owls,Missouri State Bears,0.6693,0.3307,0.6994,0.3455,11
401760419,CFB,2025-11-22 19:00:00+00:00,Wyoming Cowboys,Nevada Wolf Pack,0.6866,0.3134,0.7155,0.3265,10
401762867,CFB,2025-11-22 19:00:00+00:00,Toledo Rockets,Ball State Cardinals,0.9454,0.0546,0.9858,0.0569,9
401757175,CFB,2025-11-22 20:00:00+00:00,Florida Atlantic Owls,UConn Huskies,0.3031,0.6969,0.3168,0.7285,11
401757307,CFB,2025-11-22 20:00:00+00:00,Louisiana Tech Bulldogs,Liberty Flames,0.5036,0.4964,0.5278,0.5201,10
401757309,CFB,2025-11-22 20:00:00+00:00,UTEP Miners,New Mexico State Aggies,0.5936,0.4064,0.6187,0.4237,11
401762511,CFB,2025-11-22 20:00:00+00:00,UAB Blazers,South Florida Bulls,0.0882,0.9118,0.0918,0.9491,11
401752911,CFB,2025-11-22 20:30:00+00:00,Oregon Ducks,USC Trojans,0.7638,0.2362,0.7983,0.2469,11
401752782,CFB,2025-11-22 20:30:00+00:00,Vanderbilt Commodores,Kentucky Wildcats,0.744,0.256,0.7764,0.2671,11
401752780,CFB,2025-11-22 20:30:00+00:00,Texas Longhorns,Arkansas Razorbacks,0.7356,0.2644,0.7682,0.2762,11
401762515,CFB,2025-11-22 20:45:00+00:00,Temple Owls,Tulane Green Wave,0.2555,0.7445,0.2668,0.7774,11
401752913,CFB,2025-11-22 20:30:00+00:00,Iowa Hawkeyes,Michigan State Spartans,0.8673,0.1327,0.9062,0.1386,11
401754600,CFB,2025-11-22 20:30:00+00:00,North Carolina Tar Heels,Duke Blue Devils,0.3133,0.6867,0.3274,0.7176,11
401757305,CFB,2025-11-22 20:30:00+00:00,Florida International Panthers,Jacksonville State Gamecocks,0.5002,0.4998,0.5243,0.524,8
401762513,CFB,2025-11-22 20:30:00+00:00,UTSA Roadrunners,East Carolina Pirates,0.4557,0.5443,0.4752,0.5676,11
401756960,CFB,2025-11-22 21:00:00+00:00,Utah Utes,Kansas State Wildcats,0.8629,0.1371,0.9026,0.1434,10
401752914,CFB,2025-11-22 21:00:00+00:00,Maryland Terrapins,Michigan Wolverines,0.179,0.821,0.1869,0.8574,11
401756957,CFB,2025-11-22 21:00:00+00:00,Houston Cougars,TCU Horned Frogs,0.518,0.482,0.5431,0.5054,8
401756959,CFB,2025-11-22 21:00:00+00:00,UCF Knights,Oklahoma State Cowboys,0.8126,0.1874,0.8502,0.1961,11
401761660,CFB,2025-11-22 21:00:00+00:00,Troy Trojans,Georgia State Panthers,0.7681,0.2319,0.8024,0.2423,11
401752779,CFB,2025-11-22 21:15:00+00:00,South Carolina Gamecocks,Coastal Carolina Chanticleers,0.9267,0.0733,0.965,0.0763,11
401761659,CFB,2025-11-22 22:00:00+00:00,Texas State Bobcats,UL Monroe Warhawks,0.8913,0.1087,0.9299,0.1134,11
401754601,CFB,2025-11-23 00:00:00+00:00,Georgia Tech Yellow Jackets,Pittsburgh Panthers,0.5536,0.4464,0.5784,0.4664,11
401752908,CFB,2025-11-23 00:00:00+00:00,Penn State Nittany Lions,Nebraska Cornhuskers,0.7229,0.2771,0.7551,0.2894,11
401760415,CFB,2025-11-23 00:00:00+00:00,Air Force Falcons,New Mexico Lobos,0.4102,0.5898,0.4275,0.6146,11
401760416,CFB,2025-11-23 00:00:00+00:00,Boise State Broncos,Colorado State Rams,0.8572,0.1428,0.8951,0.1491,11
401752775,CFB,2025-11-23 00:30:00+00:00,Florida Gators,Tennessee Volunteers,0.3693,0.6307,0.3847,0.6572,11
401752915,CFB,2025-11-23 00:30:00+00:00,Wisconsin Badgers,Illinois Fighting Illini,0.2568,0.7432,0.268,0.7758,11
401754599,CFB,2025-11-23 00:30:00+00:00,Stanford Cardinal,California Golden Bears,0.4091,0.5909,0.4264,0.616,11
401762514,CFB,2025-11-23 00:30:00+00:00,Rice Owls,North Texas Mean Green,0.1262,0.8738,0.1316,0.9114,11
401752777,CFB,2025-11-23 00:45:00+00:00,LSU Tigers,Western Kentucky Hilltoppers,0.9149,0.0851,0.9541,0.0888,11
401756955,CFB,2025-11-23 01:00:00+00:00,Cincinnati Bearcats,BYU Cougars,0.4353,0.5647,0.4542,0.5893,10
401756956,CFB,2025-11-23 01:00:00+00:00,Colorado Buffaloes,Arizona State Sun Devils,0.2989,0.7011,0.3124,0.7329,11
401752910,CFB,2025-11-23 03:30:00+00:00,UCLA Bruins,Washington Huskies,0.2324,0.7676,0.2429,0.8021,10
401760417,CFB,2025-11-23 03:30:00+00:00,Fresno State Bulldogs,Utah State Aggies,0.5627,0.4373,0.5872,0.4563,10
401762869,CFB,2025-11-26 00:30:00+00:00,Eastern Michigan Eagles,Western Michigan Broncos,0.2912,0.7088,0.3037,0.7393,11
401762516,CFB,2025-11-28 00:30:00+00:00,Memphis Tigers,Navy Midshipmen,0.6141,0.3859,0.6396,0.4019,11
401752788,CFB,2025-11-28 17:00:00+00:00,Mississippi State Bulldogs,Ole Miss Rebels,0.2996,0.7004,0.3129,0.7316,10
401756964,CFB,2025-11-28 17:00:00+00:00,Kansas Jayhawks,Utah Utes,0.2233,0.7767,0.2332,0.8111,10
401752916,CFB,2025-11-28 17:00:00+00:00,Nebraska Cornhuskers,Iowa Hawkeyes,0.3297,0.6703,0.3445,0.7002,11
401762870,CFB,2025-11-28 17:00:00+00:00,Buffalo Bulls,Ohio Bobcats,0.3094,0.6906,0.3241,0.7233,11
401762871,CFB,2025-11-28 17:00:00+00:00,Northern Illinois Huskies,Kent State Golden Flashes,0.651,0.349,0.6786,0.3639,11
401760421,CFB,2025-11-28 20:00:00+00:00,Colorado State Rams,Air Force Falcons,0.4526,0.5474,0.472,0.5709,11
401752786,CFB,2025-11-28 20:30:00+00:00,Georgia Tech Yellow Jackets,Georgia Bulldogs,0.1772,0.8228,0.185,0.8587,11
401760426,CFB,2025-11-28 20:30:00+00:00,New Mexico Lobos,San Diego State Aztecs,0.4818,0.5182,0.5047,0.5427,11
401762442,CFB,2025-11-28 20:30:00+00:00,North Texas Mean Green,Temple Owls,0.8935,0.1065,0.933,0.1112,11
401760422,CFB,2025-11-28 21:00:00+00:00,Utah State Aggies,Boise State Broncos,0.4158,0.5842,0.4329,0.6081,11
401752924,CFB,2025-11-29 00:30:00+00:00,Purdue Boilermakers,Indiana Hoosiers,0.0518,0.9482,0.0539,0.9869,6
401752792,CFB,2025-11-29 00:30:00+00:00,Texas Longhorns,Texas A&M Aggies,0.4465,0.5535,0.466,0.5775,11
401756961,CFB,2025-11-29 02:00:00+00:00,Arizona State Sun Devils,Arizona Wildcats,0.4745,0.5255,0.4963,0.5496,11
401752921,CFB,2025-11-29 17:00:00+00:00,Michigan Wolverines,Ohio State Buckeyes,0.2365,0.7635,0.2472,0.7981,10
401756968,CFB,2025-11-29 17:00:00+00:00,West Virginia Mountaineers,Texas Tech Red Raiders,0.0836,0.9164,0.0872,0.9561,10
401754611,CFB,2025-11-29 17:00:00+00:00,Pittsburgh Panthers,Miami Hurricanes,0.3021,0.6979,0.3151,0.7279,10
401752787,CFB,2025-11-29 17:00:00+00:00,Louisville Cardinals,Kentucky Wildcats,0.5754,0.4246,0.5999,0.4427,10
401752790,CFB,2025-11-29 17:00:00+00:00,South Carolina Gamecocks,Clemson Tigers,0.564,0.436,0.588,0.4546,10
401756962,CFB,2025-11-29 17:00:00+00:00,Baylor Bears,Houston Cougars,0.5636,0.4364,0.588,0.4553,10
401756965,CFB,2025-11-29 17:00:00+00:00,Kansas State Wildcats,Colorado Buffaloes,0.8631,0.1369,0.9017,0.143,10
401756966,CFB,2025-11-29 17:00:00+00:00,Oklahoma State Cowboys,Iowa State Cyclones,0.1869,0.8131,0.195,0.8482,10
401762519,CFB,2025-11-29 17:00:00+00:00,Florida Atlantic Owls,East Carolina Pirates,0.3176,0.6824,0.331,0.7113,10
401762872,CFB,2025-11-29 17:00:00+00:00,Central Michigan Chippewas,Toledo Rockets,0.2232,0.7768,0.233,0.8111,10
401762875,CFB,2025-11-29 17:00:00+00:00,Miami (OH) RedHawks,Ball State Cardinals,0.8756,0.1244,0.9133,0.1297,10
401756963,CFB,2025-11-29 18:00:00+00:00,BYU Cougars,UCF Knights,0.8808,0.1192,0.919,0.1244,11
401757310,CFB,2025-11-29 18:00:00+00:00,Delaware Blue Hens,UTEP Miners,0.628,0.372,0.6545,0.3878,11
401761663,CFB,2025-11-29 18:30:00+00:00,Marshall Thundering Herd,Georgia Southern Eagles,0.7584,0.2416,0.792,0.2524,11
401757312,CFB,2025-11-29 19:00:00+00:00,Jacksonville State Gamecocks,Western Kentucky Hilltoppers,0.4385,0.5615,0.4576,0.5861,11
401757314,CFB,2025-11-29 19:00:00+00:00,Missouri State Bears,Louisiana Tech Bulldogs,0.5191,0.4809,0.543,0.5031,11
401761664,CFB,2025-11-29 19:00:00+00:00,Old Dominion Monarchs,Georgia State Panthers,0.9443,0.0557,0.9853,0.0581,10
401754608,CFB,2025-11-29 20:00:00+00:00,Syracuse Orange,Boston College Eagles,0.4283,0.5717,0.4463,0.5956,11
401757315,CFB,2025-11-29 20:00:00+00:00,New Mexico State Aggies,Middle Tennessee Blue Raiders,0.6027,0.3973,0.628,0.4139,11
401761667,CFB,2025-11-29 20:00:00+00:00,Texas State Bobcats,South Alabama Jaguars,0.7379,0.2621,0.7709,0.2738,11
401762517,CFB,2025-11-29 20:00:00+00:00,Tulsa Golden Hurricane,UAB Blazers,0.7362,0.2638,0.7688,0.2755,11
401752917,CFB,2025-11-29 20:30:00+00:00,Washington Huskies,Oregon Ducks,0.3049,0.6951,0.3184,0.7257,11
401752789,CFB,2025-11-29 20:30:00+00:00,Oklahoma Sooners,LSU Tigers,0.7879,0.2121,0.8228,0.2215,11
401752791,CFB,2025-11-29 20:30:00+00:00,Tennessee Volunteers,Vanderbilt Commodores,0.572,0.428,0.5959,0.446,11
401752783,CFB,2025-11-29 20:30:00+00:00,Arkansas Razorbacks,Missouri Tigers,0.3775,0.6225,0.3936,0.6491,11
401752918,CFB,2025-11-29 20:30:00+00:00,Minnesota Golden Gophers,Wisconsin Badgers,0.4663,0.5337,0.4866,0.557,11
401752920,CFB,2025-11-29 20:30:00+00:00,Rutgers Scarlet Knights,Penn State Nittany Lions,0.1876,0.8124,0.1962,0.8497,10
401754610,CFB,2025-11-29 20:30:00+00:00,Duke Blue Devils,Wake Forest Demon Deacons,0.5169,0.4831,0.5417,0.5063,11
401756967,CFB,2025-11-29 20:30:00+00:00,TCU Horned Frogs,Cincinnati Bearcats,0.5986,0.4014,0.6237,0.4182,11
401757313,CFB,2025-11-29 20:30:00+00:00,Liberty Flames,Kennesaw State Owls,0.4679,0.5321,0.4889,0.556,11
401762441,CFB,2025-11-29 20:30:00+00:00,UTSA Roadrunners,Army Black Knights,0.7211,0.2789,0.754,0.2916,11
401761662,CFB,2025-11-29 20:45:00+00:00,Coastal Carolina Chanticleers,James Madison Dukes,0.0833,0.9167,0.0869,0.9566,11
401752785,CFB,2025-11-29 21:30:00+00:00,Florida Gators,Florida State Seminoles,0.5049,0.4951,0.5288,0.5185,8
401752946,CFB,2025-11-29 23:30:00+00:00,Washington State Cougars,Oregon State Beavers,0.8172,0.1828,0.8541,0.1911,11
401754613,CFB,2025-11-30 00:00:00+00:00,Virginia Cavaliers,Virginia Tech Hokies,0.7381,0.2619,0.7715,0.2737,11
401752923,CFB,2025-11-30 00:00:00+00:00,Michigan State Spartans,Maryland Terrapins,0.6275,0.3725,0.6542,0.3884,11
401762520,CFB,2025-11-30 00:00:00+00:00,South Florida Bulls,Rice Owls,0.9443,0.0557,0.9843,0.058,10
401752784,CFB,2025-11-30 00:30:00+00:00,Auburn Tigers,Alabama Crimson Tide,0.3404,0.6596,0.3545,0.6868,11
401752919,CFB,2025-11-30 00:30:00+00:00,USC Trojans,UCLA Bruins,0.9112,0.0888,0.9508,0.0926,11
401762518,CFB,2025-11-30 00:30:00+00:00,Tulane Green Wave,Charlotte 49ers,0.9556,0.0444,0.9901,0.046,6
401752922,CFB,2025-11-30 00:30:00+00:00,Illinois Fighting Illini,Northwestern Wildcats,0.7111,0.2889,0.7423,0.3016,11
401754612,CFB,2025-11-30 00:30:00+00:00,NC State Wolfpack,North Carolina Tar Heels,0.7046,0.2954,0.7358,0.3084,11
401754609,CFB,2025-11-30 01:00:00+00:00,California Golden Bears,SMU Mustangs,0.1901,0.8099,0.1989,0.8475,11
401760425,CFB,2025-11-30 02:00:00+00:00,Nevada Wolf Pack,UNLV Rebels,0.2791,0.7209,0.2916,0.7531,10
401754614,CFB,2025-11-30 03:30:00+00:00,Stanford Cardinal,Notre Dame Fighting Irish,0.0361,0.9639,0.0371,0.9926,4
401777352,CFB,2025-12-06 00:00:00+00:00,James Madison Dukes,Troy Trojans,0.9259,0.0741,0.9641,0.0772,11
401777325,CFB,2025-12-06 00:00:00+00:00,Jacksonville State Gamecocks,Kennesaw State Owls,0.45,0.55,0.4696,0.5739,11
401777324,CFB,2025-12-06 01:00:00+00:00,Tulane Green Wave,North Texas Mean Green,0.444,0.556,0.4634,0.5802,11
401777327,CFB,2025-12-06 17:00:00+00:00,Texas Tech Red Raiders,BYU Cougars,0.805,0.195,0.8404,0.2036,11
401777329,CFB,2025-12-06 17:00:00+00:00,Western Michigan Broncos,Miami (OH) RedHawks,0.5327,0.4673,0.5565,0.4881,11
401777351,CFB,2025-12-06 21:00:00+00:00,Alabama Crimson Tide,Georgia Bulldogs,0.4486,0.5514,0.4685,0.576,11
401777353,CFB,2025-12-07 01:00:00+00:00,Ohio State Buckeyes,Indiana Hoosiers,0.6335,0.3665,0.6591,0.3814,11
401777328,CFB,2025-12-07 01:00:00+00:00,Virginia Cavaliers,Duke Blue Devils,0.6245,0.3755,0.6502,0.3909,11
401762521,CFB,2025-12-13 20:00:00+00:00,Navy Midshipmen,Army Black Knights,0.699,0.301,0.7305,0.3145,11
401778302,CFB,2025-12-14 01:00:00+00:00,Washington Huskies,Boise State Broncos,0.7546,0.2454,0.7868,0.2559,9
401778303,CFB,2025-12-17 02:00:00+00:00,Jacksonville State Gamecocks,Troy Trojans,0.4736,0.5264,0.4949,0.5501,9
401778304,CFB,2025-12-17 22:00:00+00:00,South Florida Bulls,Old Dominion Monarchs,0.5733,0.4267,0.5973,0.4445,9
401838053,CFB,2025-12-19 02:00:00+00:00,Arkansas State Red Wolves,Missouri State Bears,0.4958,0.5042,0.5189,0.5277,9
401778306,CFB,2025-12-19 16:00:00+00:00,Western Michigan Broncos,Kennesaw State Owls,0.591,0.409,0.6148,0.4254,10
401779840,CFB,2025-12-20 01:00:00+00:00,Oklahoma Sooners,Alabama Crimson Tide,0.5083,0.4917,0.5324,0.5151,6
401779841,CFB,2025-12-20 17:00:00+00:00,Texas A&M Aggies,Miami Hurricanes,0.5898,0.4102,0.6148,0.4276,9
401779842,CFB,2025-12-20 20:30:00+00:00,Ole Miss Rebels,Tulane Green Wave,0.863,0.137,0.9009,0.143,8
401779843,CFB,2025-12-21 00:30:00+00:00,Oregon Ducks,James Madison Dukes,0.9123,0.0877,0.9506,0.0914,10
401778308,CFB,2025-12-22 19:00:00+00:00,Utah State Aggies,Washington State Cougars,0.5018,0.4982,0.5255,0.5218,6
401778309,CFB,2025-12-23 19:00:00+00:00,Louisville Cardinals,Toledo Rockets,0.722,0.278,0.7537,0.2902,10
401778313,CFB,2025-12-26 18:00:00+00:00,Northwestern Wildcats,Central Michigan Chippewas,0.7728,0.2272,0.8052,0.2367,10
401778314,CFB,2025-12-26 21:30:00+00:00,Minnesota Golden Gophers,New Mexico Lobos,0.5228,0.4772,0.5469,0.4991,10
401778315,CFB,2025-12-27 01:00:00+00:00,UTSA Roadrunners,Florida International Panthers,0.6647,0.3353,0.694,0.35,10
401778316,CFB,2025-12-27 16:00:00+00:00,East Carolina Pirates,Pittsburgh Panthers,0.2477,0.7523,0.2587,0.7856,10
401778317,CFB,2025-12-27 17:00:00+00:00,Clemson Tigers,Penn State Nittany Lions,0.5648,0.4352,0.5889,0.4537,10
401778319,CFB,2025-12-27 20:40:00+00:00,BYU Cougars,Georgia Tech Yellow Jackets,0.6186,0.3814,0.6427,0.3963,10
401778320,CFB,2025-12-27 21:30:00+00:00,Fresno State Bulldogs,Miami (OH) RedHawks,0.6524,0.3476,0.6799,0.3623,10
401778321,CFB,2025-12-27 22:45:00+00:00,San Diego State Aztecs,North Texas Mean Green,0.3302,0.6698,0.3446,0.699,10
401778322,CFB,2025-12-28 00:30:00+00:00,Missouri Tigers,Virginia Cavaliers,0.6217,0.3783,0.6469,0.3937,10
401778323,CFB,2025-12-28 02:20:00+00:00,Houston Cougars,LSU Tigers,0.5138,0.4862,0.5372,0.5083,7
401778325,CFB,2025-12-30 19:00:00+00:00,Louisiana Tech Bulldogs,Coastal Carolina Chanticleers,0.7449,0.2551,0.7758,0.2656,10
401778326,CFB,2025-12-30 22:30:00+00:00,Illinois Fighting Illini,Tennessee Volunteers,0.4108,0.5892,0.4275,0.6131,10
401778327,CFB,2025-12-31 02:00:00+00:00,TCU Horned Frogs,USC Trojans,0.3274,0.6726,0.341,0.7003,10
401778328,CFB,2025-12-31 17:00:00+00:00,Vanderbilt Commodores,Iowa Hawkeyes,0.6515,0.3485,0.6785,0.363,10
401778329,CFB,2025-12-31 19:00:00+00:00,Duke Blue Devils,Arizona State Sun Devils,0.5959,0.4041,0.62,0.4204,10
401778330,CFB,2025-12-31 20:00:00+00:00,Texas Longhorns,Michigan Wolverines,0.712,0.288,0.7425,0.3003,10
401778331,CFB,2025-12-31 20:30:00+00:00,Utah Utes,Nebraska Cornhuskers,0.8175,0.1825,0.8531,0.1904,9
401769070,CFB,2026-01-01 00:30:00+00:00,Ohio State Buckeyes,Miami Hurricanes,0.7489,0.2511,0.7793,0.2613,9
401769071,CFB,2026-01-01 17:00:00+00:00,Texas Tech Red Raiders,Oregon Ducks,0.4541,0.5459,0.4738,0.5697,9
401769072,CFB,2026-01-01 21:00:00+00:00,Indiana Hoosiers,Alabama Crimson Tide,0.6843,0.3157,0.7144,0.3297,9
401769073,CFB,2026-01-02 01:00:00+00:00,Georgia Bulldogs,Ole Miss Rebels,0.6788,0.3212,0.7065,0.3344,9
401778332,CFB,2026-01-02 18:00:00+00:00,Texas State Bobcats,Rice Owls,0.8399,0.1601,0.879,0.1675,9
401778333,CFB,2026-01-02 21:30:00+00:00,Cincinnati Bearcats,Navy Midshipmen,0.2941,0.7059,0.3069,0.7366,9
401831583,CFB,2026-01-03 01:00:00+00:00,SMU Mustangs,Arizona Wildcats,0.5,0.5,0.5228,0.5228,8
401778334,CFB,2026-01-03 01:00:00+00:00,Mississippi State Bulldogs,Wake Forest Demon Deacons,0.5861,0.4139,0.6098,0.4307,9
401769075,CFB,2026-01-09 00:30:00+00:00,Ole Miss Rebels,Miami Hurricanes,0.3984,0.6016,0.4148,0.6264,9
401769074,CFB,2026-01-10 00:30:00+00:00,Indiana Hoosiers,Oregon Ducks,0.6186,0.3814,0.6427,0.3962,10
401814702,MLB,2026-03-26 00:05:00+00:00,San Francisco Giants,New York Yankees,0.4764,0.5236,0.4958,0.5449,11
401814693,MLB,2026-03-26 17:15:00+00:00,New York Mets,Pittsburgh Pirates,0.5219,0.4781,0.5425,0.4969,11
401814696,MLB,2026-03-26 18:10:00+00:00,Milwaukee Brewers,Chicago White Sox,0.6224,0.3776,0.6468,0.3923,11
401814698,MLB,2026-03-26 18:20:00+00:00,Chicago Cubs,Washington Nationals,0.6669,0.3331,0.6936,0.3464,11
401814692,MLB,2026-03-26 19:05:00+00:00,Baltimore Orioles,Minnesota Twins,0.5593,0.4407,0.5811,0.4578,11
401814689,MLB,2026-03-26 20:10:00+00:00,Cincinnati Reds,Boston Red Sox,0.4135,0.5865,0.4292,0.6088,11
401814695,MLB,2026-03-26 20:10:00+00:00,Houston Astros,Los Angeles Angels,0.6176,0.3824,0.6422,0.3976,11
401814701,MLB,2026-03-26 20:10:00+00:00,San Diego Padres,Detroit Tigers,0.4557,0.5443,0.473,0.565,11
401814694,MLB,2026-03-26 20:15:00+00:00,Philadelphia Phillies,Texas Rangers,0.5804,0.4196,0.6021,0.4352,11
401814697,MLB,2026-03-26 20:15:00+00:00,St. Louis Cardinals,Tampa Bay Rays,0.4662,0.5338,0.484,0.5542,11
401814699,MLB,2026-03-27 00:30:00+00:00,Los Angeles Dodgers,Arizona Diamondbacks,0.6876,0.3124,0.7153,0.325,11
401814700,MLB,2026-03-27 02:10:00+00:00,Seattle Mariners,Cleveland Guardians,0.6234,0.3766,0.6479,0.3914,11
401814721,MLB,2026-03-27 20:35:00+00:00,San Francisco Giants,New York Yankees,0.46,0.54,0.4771,0.5601,9
401814688,MLB,2026-03-27 23:07:00+00:00,Toronto Blue Jays,Athletics,0.5983,0.4017,0.6211,0.4171,11
401814690,MLB,2026-03-27 23:10:00+00:00,Miami Marlins,Colorado Rockies,0.6337,0.3663,0.6599,0.3814,11
401814691,MLB,2026-03-27 23:15:00+00:00,Atlanta Braves,Kansas City Royals,0.5653,0.4347,0.5871,0.4514,11
401814703,MLB,2026-03-28 00:10:00+00:00,Houston Astros,Los Angeles Angels,0.5978,0.4022,0.6199,0.4171,9
401814705,MLB,2026-03-28 01:40:00+00:00,Seattle Mariners,Cleveland Guardians,0.6031,0.3969,0.6258,0.4118,11
401814706,MLB,2026-03-28 01:40:00+00:00,San Diego Padres,Detroit Tigers,0.5278,0.4722,0.549,0.4911,11
401814704,MLB,2026-03-28 02:10:00+00:00,Los Angeles Dodgers,Arizona Diamondbacks,0.6534,0.3466,0.6791,0.3602,11
401814716,MLB,2026-03-28 18:15:00+00:00,St. Louis Cardinals,Tampa Bay Rays,0.5,0.5,0.5128,0.5128,2
401814717,MLB,2026-03-28 18:20:00+00:00,Chicago Cubs,Washington Nationals,0.6392,0.3608,0.6536,0.369,2
401814707,MLB,2026-03-28 19:07:00+00:00,Toronto Blue Jays,Athletics,0.604,0.396,0.6243,0.4092,5
401814711,MLB,2026-03-28 20:05:00+00:00,Baltimore Orioles,Minnesota Twins,0.5912,0.4088,0.6111,0.4226,6
401814713,MLB,2026-03-28 20:05:00+00:00,Philadelphia Phillies,Texas Rangers,0.524,0.476,0.5407,0.4911,5
401814708,MLB,2026-03-28 20:10:00+00:00,Cincinnati Reds,Boston Red Sox,0.417,0.583,0.4305,0.6018,6
401814709,MLB,2026-03-28 20:10:00+00:00,Miami Marlins,Colorado Rockies,0.6268,0.3732,0.6486,0.3861,5
401814712,MLB,2026-03-28 20:10:00+00:00,New York Mets,Pittsburgh Pirates,0.5815,0.4185,0.6008,0.4323,6
401814714,MLB,2026-03-28 23:10:00+00:00,Houston Astros,Los Angeles Angels,0.5727,0.4273,0.5943,0.4434,7
401814715,MLB,2026-03-28 23:10:00+00:00,Milwaukee Brewers,Chicago White Sox,0.6383,0.3617,0.6611,0.3746,7
401814710,MLB,2026-03-28 23:15:00+00:00,Atlanta Braves,Kansas City Royals,0.5709,0.4291,0.5923,0.4453,6
401814734,MLB,2026-03-28 23:15:00+00:00,San Francisco Giants,New York Yankees,0.469,0.531,0.4858,0.5499,8
401814720,MLB,2026-03-29 00:40:00+00:00,San Diego Padres,Detroit Tigers,0.4824,0.5176,0.5029,0.5396,9
401814718,MLB,2026-03-29 01:10:00+00:00,Los Angeles Dodgers,Arizona Diamondbacks,0.6793,0.3207,0.7059,0.3333,9
401814719,MLB,2026-03-29 01:40:00+00:00,Seattle Mariners,Cleveland Guardians,0.6255,0.3745,0.6504,0.3894,9
401814725,MLB,2026-03-29 17:35:00+00:00,Atlanta Braves,Kansas City Royals,0.5666,0.4334,0.5906,0.4518,3
401814726,MLB,2026-03-29 17:35:00+00:00,Baltimore Orioles,Minnesota Twins,0.5738,0.4262,0.597,0.4435,2
401814728,MLB,2026-03-29 17:35:00+00:00,Philadelphia Phillies,Texas Rangers,0.5554,0.4446,0.5798,0.464,2
401814722,MLB,2026-03-29 17:37:00+00:00,Toronto Blue Jays,Athletics,0.5955,0.4045,0.6211,0.422,3
401814723,MLB,2026-03-29 17:40:00+00:00,Cincinnati Reds,Boston Red Sox,0.4359,0.5641,0.4545,0.5882,3
401814724,MLB,2026-03-29 17:40:00+00:00,Miami Marlins,Colorado Rockies,0.6005,0.3995,0.6263,0.4167,3
401814727,MLB,2026-03-29 17:40:00+00:00,New York Mets,Pittsburgh Pirates,0.6081,0.3919,0.6343,0.4087,3
401814729,MLB,2026-03-29 18:10:00+00:00,Houston Astros,Los Angeles Angels,0.6167,0.3833,0.641,0.3984,2
401814730,MLB,2026-03-29 18:10:00+00:00,Milwaukee Brewers,Chicago White Sox,0.6238,0.3762,0.6515,0.3929,2
401814731,MLB,2026-03-29 18:15:00+00:00,St. Louis Cardinals,Tampa Bay Rays,0.5019,0.4981,0.5236,0.5195,2
401814732,MLB,2026-03-29 18:20:00+00:00,Chicago Cubs,Washington Nationals,0.6762,0.3238,0.7042,0.3373,2
401814733,MLB,2026-03-29 23:20:00+00:00,Seattle Mariners,Cleveland Guardians,0.583,0.417,0.6032,0.4315,5
401814743,MLB,2026-03-30 20:10:00+00:00,Kansas City Royals,Minnesota Twins,0.5838,0.4162,0.6043,0.4309,8
401814739,MLB,2026-03-30 22:35:00+00:00,Baltimore Orioles,Texas Rangers,0.5274,0.4726,0.5481,0.4912,9
401814736,MLB,2026-03-30 22:40:00+00:00,Miami Marlins,Chicago White Sox,0.5392,0.4608,0.5594,0.4782,9
401814738,MLB,2026-03-30 22:40:00+00:00,Cincinnati Reds,Pittsburgh Pirates,0.5325,0.4675,0.5529,0.4854,9
401814740,MLB,2026-03-30 22:40:00+00:00,Philadelphia Phillies,Washington Nationals,0.604,0.396,0.6269,0.4111,9
401814737,MLB,2026-03-30 23:07:00+00:00,Toronto Blue Jays,Colorado Rockies,0.6885,0.3115,0.7155,0.3238,9
401814735,MLB,2026-03-30 23:15:00+00:00,Atlanta Braves,Athletics,0.556,0.444,0.577,0.4608,9
401814741,MLB,2026-03-30 23:40:00+00:00,Chicago Cubs,Los Angeles Angels,0.6256,0.3744,0.6503,0.3892,10
401814745,MLB,2026-03-30 23:40:00+00:00,Milwaukee Brewers,Tampa Bay Rays,0.5684,0.4316,0.5904,0.4483,10
401814744,MLB,2026-03-30 23:45:00+00:00,St. Louis Cardinals,New York Mets,0.4227,0.5773,0.4391,0.5996,10
401814742,MLB,2026-03-31 00:10:00+00:00,Houston Astros,Boston Red Sox,0.4883,0.5117,0.5079,0.5322,11
401814748,MLB,2026-03-31 01:40:00+00:00,Seattle Mariners,New York Yankees,0.5122,0.4878,0.533,0.5075,11
401814749,MLB,2026-03-31 01:40:00+00:00,San Diego Padres,San Francisco Giants,0.5143,0.4857,0.5351,0.5054,11
401814746,MLB,2026-03-31 02:10:00+00:00,Los Angeles Dodgers,Cleveland Guardians,0.6388,0.3612,0.6639,0.3755,11
401814747,MLB,2026-03-31 02:10:00+00:00,Arizona Diamondbacks,Detroit Tigers,0.5021,0.4979,0.5224,0.5179,11
401814751,MLB,2026-03-31 22:40:00+00:00,Miami Marlins,Chicago White Sox,0.5689,0.4311,0.5907,0.4476,6
401814753,MLB,2026-03-31 22:40:00+00:00,Cincinnati Reds,Pittsburgh Pirates,0.4959,0.5041,0.5148,0.5232,6
401814755,MLB,2026-03-31 22:40:00+00:00,Philadelphia Phillies,Washington Nationals,0.6008,0.3992,0.627,0.4167,2
401814752,MLB,2026-03-31 23:07:00+00:00,Toronto Blue Jays,Colorado Rockies,0.6875,0.3125,0.7135,0.3243,6
401814750,MLB,2026-03-31 23:15:00+00:00,Atlanta Braves,Athletics,0.5641,0.4359,0.5882,0.4545,1
401814756,MLB,2026-03-31 23:40:00+00:00,Chicago Cubs,Los Angeles Angels,0.5559,0.4441,0.5764,0.4606,6
401814759,MLB,2026-03-31 23:40:00+00:00,Milwaukee Brewers,Tampa Bay Rays,0.5539,0.4461,0.5737,0.462,6
401814758,MLB,2026-03-31 23:45:00+00:00,St. Louis Cardinals,New York Mets,0.406,0.594,0.4211,0.6162,6
401814757,MLB,2026-04-01 00:10:00+00:00,Houston Astros,Boston Red Sox,0.5725,0.4275,0.5942,0.4436,6
401814761,MLB,2026-04-01 01:40:00+00:00,Arizona Diamondbacks,Detroit Tigers,0.4999,0.5001,0.5198,0.5201,7
401814762,MLB,2026-04-01 01:40:00+00:00,Seattle Mariners,New York Yankees,0.4865,0.5135,0.506,0.534,7
401814763,MLB,2026-04-01 01:40:00+00:00,San Diego Padres,San Francisco Giants,0.4434,0.5566,0.4606,0.5782,7
401814760,MLB,2026-04-01 02:10:00+00:00,Los Angeles Dodgers,Cleveland Guardians,0.6788,0.3212,0.7094,0.3357,3
401814774,MLB,2026-04-01 17:40:00+00:00,Milwaukee Brewers,Tampa Bay Rays,0.5305,0.4695,0.5525,0.489,2
401814771,MLB,2026-04-01 18:10:00+00:00,Houston Astros,Boston Red Sox,0.4324,0.5676,0.4474,0.5874,4
401814770,MLB,2026-04-01 18:20:00+00:00,Chicago Cubs,Los Angeles Angels,0.6,0.4,0.625,0.4167,1
401814777,MLB,2026-04-01 20:10:00+00:00,Seattle Mariners,New York Yankees,0.5362,0.4638,0.5525,0.478,3
401814778,MLB,2026-04-01 20:10:00+00:00,San Diego Padres,San Francisco Giants,0.5834,0.4166,0.6001,0.4286,3
401814772,MLB,2026-04-01 23:40:00+00:00,Kansas City Royals,Minnesota Twins,0.4793,0.5207,0.4975,0.5406,6
401814775,MLB,2026-04-02 00:20:00+00:00,Los Angeles Dodgers,Cleveland Guardians,0.682,0.318,0.7087,0.3305,6
401814779,MLB,2026-04-02 18:10:00+00:00,Kansas City Royals,Minnesota Twins,0.6014,0.3986,0.6221,0.4124,4
401814781,MLB,2026-04-03 01:40:00+00:00,Arizona Diamondbacks,Atlanta Braves,0.4673,0.5327,0.4855,0.5535,10
401814782,MLB,2026-04-03 01:45:00+00:00,San Francisco Giants,New York Mets,0.466,0.534,0.485,0.5556,9
401814788,MLB,2026-04-03 17:10:00+00:00,Detroit Tigers,St. Louis Cardinals,0.6238,0.3762,0.6515,0.3929,2
401814786,MLB,2026-04-03 17:35:00+00:00,New York Yankees,Miami Marlins,0.6051,0.3949,0.6261,0.4086,4
401814787,MLB,2026-04-03 18:10:00+00:00,Boston Red Sox,San Diego Padres,0.5087,0.4913,0.5257,0.5078,4
401814789,MLB,2026-04-03 20:05:00+00:00,Texas Rangers,Cincinnati Reds,0.5842,0.4158,0.6048,0.4305,8
401814792,MLB,2026-04-03 20:10:00+00:00,Colorado Rockies,Philadelphia Phillies,0.3589,0.6411,0.3724,0.6651,8
401814783,MLB,2026-04-03 20:12:00+00:00,Pittsburgh Pirates,Baltimore Orioles,0.4659,0.5341,0.4826,0.5533,8
401814791,MLB,2026-04-03 21:05:00+00:00,Minnesota Twins,Tampa Bay Rays,0.51,0.49,0.5292,0.5084,8
401814796,MLB,2026-04-04 01:38:00+00:00,Los Angeles Angels,Seattle Mariners,0.4011,0.5989,0.4154,0.6204,10
401814793,MLB,2026-04-04 01:40:00+00:00,Arizona Diamondbacks,Atlanta Braves,0.4681,0.5319,0.4863,0.5526,9
401814794,MLB,2026-04-04 01:40:00+00:00,Athletics,Houston Astros,0.4888,0.5112,0.5077,0.5309,10
401814795,MLB,2026-04-04 02:15:00+00:00,San Francisco Giants,New York Mets,0.4549,0.5451,0.4723,0.5661,11
401814802,MLB,2026-04-04 17:10:00+00:00,Detroit Tigers,St. Louis Cardinals,0.5841,0.4159,0.6079,0.4329,2
401814804,MLB,2026-04-04 18:10:00+00:00,Kansas City Royals,Milwaukee Brewers,0.5205,0.4795,0.5395,0.497,5
401814806,MLB,2026-04-04 18:10:00+00:00,Chicago White Sox,Toronto Blue Jays,0.3911,0.6089,0.4039,0.6289,4
401814797,MLB,2026-04-04 20:05:00+00:00,Pittsburgh Pirates,Baltimore Orioles,0.4883,0.5117,0.5073,0.5315,6
401814799,MLB,2026-04-04 20:05:00+00:00,Washington Nationals,Los Angeles Dodgers,0.2939,0.7061,0.3047,0.7322,5
401814809,MLB,2026-04-04 20:05:00+00:00,Athletics,Houston Astros,0.4886,0.5114,0.5073,0.531,6
401814801,MLB,2026-04-04 20:10:00+00:00,Boston Red Sox,San Diego Padres,0.5687,0.4313,0.5883,0.4463,5
401814800,MLB,2026-04-04 23:05:00+00:00,New York Yankees,Miami Marlins,0.6176,0.3824,0.6398,0.3961,6
401814803,MLB,2026-04-04 23:05:00+00:00,Texas Rangers,Cincinnati Reds,0.5667,0.4333,0.5917,0.4525,2
401814805,MLB,2026-04-04 23:10:00+00:00,Minnesota Twins,Tampa Bay Rays,0.5117,0.4883,0.5311,0.5068,6
401814798,MLB,2026-04-04 23:15:00+00:00,Cleveland Guardians,Chicago Cubs,0.447,0.553,0.4633,0.5732,6
401814808,MLB,2026-04-04 23:15:00+00:00,Arizona Diamondbacks,Atlanta Braves,0.4987,0.5013,0.5171,0.5199,5
401814807,MLB,2026-04-05 00:10:00+00:00,Colorado Rockies,Philadelphia Phillies,0.3345,0.6655,0.349,0.6944,2
401814810,MLB,2026-04-05 01:05:00+00:00,San Francisco Giants,New York Mets,0.4619,0.5381,0.4792,0.5583,7
401814811,MLB,2026-04-05 01:38:00+00:00,Los Angeles Angels,Seattle Mariners,0.4039,0.5961,0.4191,0.6184,7
401814820,MLB,2026-04-05 18:10:00+00:00,Minnesota Twins,Tampa Bay Rays,0.5195,0.4805,0.5405,0.5,1
401814818,MLB,2026-04-05 18:35:00+00:00,Texas Rangers,Cincinnati Reds,0.5097,0.4903,0.5321,0.5118,2
401814822,MLB,2026-04-05 19:10:00+00:00,Colorado Rockies,Philadelphia Phillies,0.3956,0.6044,0.4085,0.6241,4
401814824,MLB,2026-04-05 20:05:00+00:00,Athletics,Houston Astros,0.4709,0.5291,0.4863,0.5465,4
401814825,MLB,2026-04-05 20:05:00+00:00,San Francisco Giants,New York Mets,0.5252,0.4748,0.5429,0.4908,4
401814826,MLB,2026-04-05 20:07:00+00:00,Los Angeles Angels,Seattle Mariners,0.3987,0.6013,0.411,0.6199,3
401814817,MLB,2026-04-05 23:20:00+00:00,Detroit Tigers,St. Louis Cardinals,0.5528,0.4472,0.572,0.4627,7
401814829,MLB,2026-04-06 22:10:00+00:00,Cleveland Guardians,Kansas City Royals,0.5117,0.4883,0.5304,0.5062,7
401814828,MLB,2026-04-06 22:40:00+00:00,Miami Marlins,Cincinnati Reds,0.5243,0.4757,0.544,0.4935,6
401814832,MLB,2026-04-06 22:40:00+00:00,Pittsburgh Pirates,San Diego Padres,0.525,0.475,0.5435,0.4917,7
401814831,MLB,2026-04-06 22:45:00+00:00,Boston Red Sox,Milwaukee Brewers,0.492,0.508,0.5095,0.526,7
401814833,MLB,2026-04-06 22:45:00+00:00,Washington Nationals,St. Louis Cardinals,0.5,0.5,0.5191,0.5191,6
401814830,MLB,2026-04-06 23:07:00+00:00,Toronto Blue Jays,Los Angeles Dodgers,0.4472,0.5528,0.4624,0.5715,7
401814834,MLB,2026-04-06 23:40:00+00:00,Chicago White Sox,Baltimore Orioles,0.4366,0.5634,0.4545,0.5865,2
401814835,MLB,2026-04-06 23:40:00+00:00,Minnesota Twins,Detroit Tigers,0.5259,0.4741,0.5447,0.4912,8
401814836,MLB,2026-04-07 00:05:00+00:00,Texas Rangers,Seattle Mariners,0.5181,0.4819,0.537,0.4994,8
401814837,MLB,2026-04-07 00:40:00+00:00,Colorado Rockies,Houston Astros,0.3809,0.6191,0.3977,0.6465,2
401814838,MLB,2026-04-07 01:38:00+00:00,Los Angeles Angels,Atlanta Braves,0.4067,0.5933,0.4251,0.6202,4
401814839,MLB,2026-04-07 01:45:00+00:00,San Francisco Giants,Philadelphia Phillies,0.4853,0.5147,0.5083,0.5392,4
401814849,MLB,2026-04-07 19:10:00+00:00,Chicago White Sox,Baltimore Orioles,0.441,0.559,0.4587,0.5814,2
401814840,MLB,2026-04-07 20:10:00+00:00,New York Mets,Arizona Diamondbacks,0.5935,0.4065,0.6173,0.4228,2
401814842,MLB,2026-04-07 22:40:00+00:00,Tampa Bay Rays,Chicago Cubs,0.5481,0.4519,0.5715,0.4711,3
401814843,MLB,2026-04-07 22:40:00+00:00,Miami Marlins,Cincinnati Reds,0.532,0.468,0.5509,0.4845,5
401814847,MLB,2026-04-07 22:40:00+00:00,Pittsburgh Pirates,San Diego Padres,0.5794,0.4206,0.5996,0.4353,5
401814846,MLB,2026-04-07 22:45:00+00:00,Boston Red Sox,Milwaukee Brewers,0.5789,0.4211,0.5998,0.4363,5
401814848,MLB,2026-04-07 22:45:00+00:00,Washington Nationals,St. Louis Cardinals,0.5068,0.4932,0.5253,0.5111,5
401814841,MLB,2026-04-07 23:05:00+00:00,New York Yankees,Athletics,0.6416,0.3584,0.6645,0.3712,6
401814845,MLB,2026-04-07 23:07:00+00:00,Toronto Blue Jays,Los Angeles Dodgers,0.4116,0.5884,0.4261,0.609,5
401814850,MLB,2026-04-07 23:40:00+00:00,Minnesota Twins,Detroit Tigers,0.4007,0.5993,0.4143,0.6197,5
401814851,MLB,2026-04-08 00:05:00+00:00,Texas Rangers,Seattle Mariners,0.478,0.522,0.4964,0.542,6
401814852,MLB,2026-04-08 00:40:00+00:00,Colorado Rockies,Houston Astros,0.3722,0.6278,0.3886,0.6555,5
401814853,MLB,2026-04-08 01:38:00+00:00,Los Angeles Angels,Atlanta Braves,0.4411,0.5589,0.4582,0.5805,7
401814854,MLB,2026-04-08 01:45:00+00:00,San Francisco Giants,Philadelphia Phillies,0.4174,0.5826,0.4335,0.6051,7
401814858,MLB,2026-04-08 22:40:00+00:00,Miami Marlins,Cincinnati Reds,0.5478,0.4522,0.5664,0.4675,5
401814856,MLB,2026-04-08 23:05:00+00:00,New York Yankees,Athletics,0.6244,0.3756,0.6461,0.3887,5
401814865,MLB,2026-04-08 23:40:00+00:00,Minnesota Twins,Detroit Tigers,0.4163,0.5837,0.4307,0.6039,5
401814870,MLB,2026-04-09 23:10:00+00:00,New York Mets,Arizona Diamondbacks,0.5931,0.4069,0.6157,0.4225,7
401814873,MLB,2026-04-09 23:40:00+00:00,Kansas City Royals,Chicago White Sox,0.613,0.387,0.637,0.4021,7
401814875,MLB,2026-04-10 01:40:00+00:00,San Diego Padres,Colorado Rockies,0.6344,0.3656,0.6597,0.3802,10
401814877,MLB,2026-04-10 22:40:00+00:00,Philadelphia Phillies,Arizona Diamondbacks,0.6083,0.3917,0.6346,0.4086,5
401814880,MLB,2026-04-10 22:40:00+00:00,Detroit Tigers,Miami Marlins,0.58,0.42,0.6009,0.4351,9
401814876,MLB,2026-04-10 22:45:00+00:00,Cincinnati Reds,Los Angeles Angels,0.6273,0.3727,0.6518,0.3873,9
401814881,MLB,2026-04-10 23:07:00+00:00,Toronto Blue Jays,Minnesota Twins,0.5622,0.4378,0.583,0.4539,9
401814878,MLB,2026-04-10 23:10:00+00:00,New York Mets,Athletics,0.5818,0.4182,0.6029,0.4333,9
401814882,MLB,2026-04-10 23:10:00+00:00,Tampa Bay Rays,New York Yankees,0.4335,0.5665,0.4496,0.5875,9
401814879,MLB,2026-04-10 23:15:00+00:00,Atlanta Braves,Cleveland Guardians,0.5526,0.4474,0.5726,0.4637,9
401814883,MLB,2026-04-10 23:15:00+00:00,Baltimore Orioles,San Francisco Giants,0.5252,0.4748,0.5449,0.4927,9
401814885,MLB,2026-04-10 23:40:00+00:00,Kansas City Royals,Chicago White Sox,0.6119,0.3881,0.6347,0.4026,9
401814887,MLB,2026-04-10 23:40:00+00:00,Milwaukee Brewers,Washington Nationals,0.6321,0.3679,0.6565,0.3821,9
401814884,MLB,2026-04-11 00:15:00+00:00,St. Louis Cardinals,Boston Red Sox,0.4313,0.5687,0.4477,0.5902,9
401814888,MLB,2026-04-11 01:40:00+00:00,San Diego Padres,Colorado Rockies,0.6277,0.3723,0.6518,0.3866,11
401814889,MLB,2026-04-11 01:40:00+00:00,Seattle Mariners,Houston Astros,0.5541,0.4459,0.5751,0.4628,11
401814890,MLB,2026-04-11 02:10:00+00:00,Los Angeles Dodgers,Texas Rangers,0.6644,0.3356,0.6906,0.3489,11
401814892,MLB,2026-04-11 17:05:00+00:00,Philadelphia Phillies,Arizona Diamondbacks,0.5423,0.4577,0.5603,0.4728,4
401814895,MLB,2026-04-11 17:10:00+00:00,Detroit Tigers,Miami Marlins,0.5464,0.4536,0.5644,0.4685,4
401814901,MLB,2026-04-11 18:20:00+00:00,Chicago Cubs,Pittsburgh Pirates,0.5664,0.4336,0.5859,0.4485,4
401814896,MLB,2026-04-11 19:07:00+00:00,Toronto Blue Jays,Minnesota Twins,0.5109,0.4891,0.5278,0.5053,4
401814891,MLB,2026-04-11 20:10:00+00:00,Cincinnati Reds,Los Angeles Angels,0.5561,0.4439,0.5756,0.4594,4
401814893,MLB,2026-04-11 20:10:00+00:00,New York Mets,Athletics,0.5761,0.4239,0.5955,0.4382,4
401814900,MLB,2026-04-11 20:10:00+00:00,Kansas City Royals,Chicago White Sox,0.6175,0.3825,0.637,0.3945,4
401814897,MLB,2026-04-11 22:10:00+00:00,Tampa Bay Rays,New York Yankees,0.3707,0.6293,0.3842,0.6522,6
401814902,MLB,2026-04-11 23:10:00+00:00,Milwaukee Brewers,Washington Nationals,0.5969,0.4031,0.6187,0.4179,6
401814894,MLB,2026-04-11 23:15:00+00:00,Atlanta Braves,Cleveland Guardians,0.5215,0.4785,0.5416,0.4968,6
401814898,MLB,2026-04-11 23:15:00+00:00,Baltimore Orioles,San Francisco Giants,0.4793,0.5207,0.4975,0.5406,6
401814899,MLB,2026-04-11 23:15:00+00:00,St. Louis Cardinals,Boston Red Sox,0.4361,0.5639,0.4523,0.5848,6
401814903,MLB,2026-04-12 00:40:00+00:00,San Diego Padres,Colorado Rockies,0.6048,0.3952,0.6285,0.4106,7
401814905,MLB,2026-04-12 01:10:00+00:00,Los Angeles Dodgers,Texas Rangers,0.6217,0.3783,0.6453,0.3926,7
401814904,MLB,2026-04-12 01:40:00+00:00,Seattle Mariners,Houston Astros,0.5642,0.4358,0.5854,0.4521,7
401814917,MLB,2026-04-12 18:10:00+00:00,Milwaukee Brewers,Washington Nationals,0.6166,0.3834,0.637,0.3961,4
401814914,MLB,2026-04-12 18:15:00+00:00,St. Louis Cardinals,Boston Red Sox,0.465,0.535,0.4797,0.5518,4
401814916,MLB,2026-04-12 18:20:00+00:00,Chicago Cubs,Pittsburgh Pirates,0.5495,0.4505,0.565,0.4633,3
401814918,MLB,2026-04-12 20:10:00+00:00,San Diego Padres,Colorado Rockies,0.6574,0.3426,0.6775,0.353,3
401814920,MLB,2026-04-12 20:10:00+00:00,Los Angeles Dodgers,Texas Rangers,0.5369,0.4631,0.5526,0.4767,3
401814909,MLB,2026-04-12 23:20:00+00:00,Atlanta Braves,Cleveland Guardians,0.6203,0.3797,0.6402,0.3918,4
401814928,MLB,2026-04-13 20:10:00+00:00,Seattle Mariners,Houston Astros,0.5925,0.4075,0.6117,0.4206,4
401814923,MLB,2026-04-13 22:40:00+00:00,Philadelphia Phillies,Chicago Cubs,0.6207,0.3793,0.6448,0.3941,10
401814925,MLB,2026-04-13 22:40:00+00:00,Pittsburgh Pirates,Washington Nationals,0.6692,0.3308,0.6955,0.3437,10
401814921,MLB,2026-04-13 23:05:00+00:00,New York Yankees,Los Angeles Angels,0.6129,0.3871,0.6374,0.4026,11
401814924,MLB,2026-04-13 23:15:00+00:00,Atlanta Braves,Miami Marlins,0.5587,0.4413,0.5815,0.4594,10
401814926,MLB,2026-04-13 23:40:00+00:00,Minnesota Twins,Boston Red Sox,0.4,0.6,0.4151,0.6228,11
401814927,MLB,2026-04-13 23:45:00+00:00,St. Louis Cardinals,Cleveland Guardians,0.4825,0.5175,0.5017,0.5381,8
401814930,MLB,2026-04-14 01:40:00+00:00,Athletics,Texas Rangers,0.4494,0.5506,0.4664,0.5715,11
401814929,MLB,2026-04-14 02:10:00+00:00,Los Angeles Dodgers,New York Mets,0.596,0.404,0.6187,0.4194,11
401814932,MLB,2026-04-14 22:35:00+00:00,Baltimore Orioles,Arizona Diamondbacks,0.5744,0.4256,0.5963,0.4418,7
401814933,MLB,2026-04-14 22:40:00+00:00,Philadelphia Phillies,Chicago Cubs,0.5687,0.4313,0.5907,0.4481,7
401814934,MLB,2026-04-14 22:40:00+00:00,Detroit Tigers,Kansas City Royals,0.5299,0.4701,0.5501,0.488,6
401814936,MLB,2026-04-14 22:40:00+00:00,Cincinnati Reds,San Francisco Giants,0.509,0.491,0.5282,0.5095,6
401814937,MLB,2026-04-14 22:40:00+00:00,Pittsburgh Pirates,Washington Nationals,0.6245,0.3755,0.6476,0.3894,7
401814931,MLB,2026-04-14 23:05:00+00:00,New York Yankees,Los Angeles Angels,0.6009,0.3991,0.6234,0.414,7
401814935,MLB,2026-04-14 23:15:00+00:00,Atlanta Braves,Miami Marlins,0.5841,0.4159,0.6056,0.4312,7
401814938,MLB,2026-04-14 23:40:00+00:00,Minnesota Twins,Boston Red Sox,0.4462,0.5538,0.4638,0.5756,8
401814941,MLB,2026-04-14 23:40:00+00:00,Chicago White Sox,Tampa Bay Rays,0.4483,0.5517,0.4655,0.5729,7
401814942,MLB,2026-04-14 23:40:00+00:00,Milwaukee Brewers,Toronto Blue Jays,0.5243,0.4757,0.545,0.4945,8
401814939,MLB,2026-04-14 23:45:00+00:00,St. Louis Cardinals,Cleveland Guardians,0.4773,0.5227,0.4966,0.5439,8
401814944,MLB,2026-04-15 01:40:00+00:00,San Diego Padres,Seattle Mariners,0.4758,0.5242,0.4939,0.5441,10
401814945,MLB,2026-04-15 01:40:00+00:00,Athletics,Texas Rangers,0.4788,0.5212,0.4982,0.5422,9
401814943,MLB,2026-04-15 02:10:00+00:00,Los Angeles Dodgers,New York Mets,0.6308,0.3692,0.6562,0.384,10
401814954,MLB,2026-04-15 17:15:00+00:00,St. Louis Cardinals,Cleveland Guardians,0.5174,0.4826,0.5396,0.5034,3
401814953,MLB,2026-04-15 17:40:00+00:00,Minnesota Twins,Boston Red Sox,0.464,0.536,0.4799,0.5544,5
401814948,MLB,2026-04-15 22:40:00+00:00,Philadelphia Phillies,Chicago Cubs,0.553,0.447,0.5731,0.4634,6
401814949,MLB,2026-04-15 22:40:00+00:00,Detroit Tigers,Kansas City Royals,0.5466,0.4534,0.5661,0.4696,6
401814951,MLB,2026-04-15 22:40:00+00:00,Cincinnati Reds,San Francisco Giants,0.4817,0.5183,0.4998,0.5378,6
401814950,MLB,2026-04-15 23:15:00+00:00,Atlanta Braves,Miami Marlins,0.5945,0.4055,0.6161,0.4202,6
401814956,MLB,2026-04-15 23:40:00+00:00,Chicago White Sox,Tampa Bay Rays,0.4962,0.5038,0.5142,0.522,5
401814957,MLB,2026-04-15 23:40:00+00:00,Milwaukee Brewers,Toronto Blue Jays,0.4762,0.5238,0.4968,0.5465,3
401814959,MLB,2026-04-16 01:40:00+00:00,San Diego Padres,Seattle Mariners,0.5087,0.4913,0.5287,0.5107,7
401814960,MLB,2026-04-16 01:40:00+00:00,Athletics,Texas Rangers,0.5064,0.4936,0.5262,0.5129,7
401814958,MLB,2026-04-16 02:00:00+00:00,Los Angeles Dodgers,New York Mets,0.6606,0.3394,0.6863,0.3526,7
401814970,MLB,2026-04-16 19:05:00+00:00,Athletics,Texas Rangers,0.4867,0.5133,0.5032,0.5306,4
401814962,MLB,2026-04-16 22:10:00+00:00,Cleveland Guardians,Baltimore Orioles,0.5252,0.4748,0.5452,0.4929,6
401814966,MLB,2026-04-17 00:10:00+00:00,Houston Astros,Colorado Rockies,0.6358,0.3642,0.6598,0.378,7
401814969,MLB,2026-04-17 00:40:00+00:00,San Diego Padres,Seattle Mariners,0.486,0.514,0.5051,0.5341,7
401814972,MLB,2026-04-17 22:10:00+00:00,Cleveland Guardians,Baltimore Orioles,0.5487,0.4513,0.5682,0.4674,6
401814971,MLB,2026-04-17 22:40:00+00:00,Philadelphia Phillies,Atlanta Braves,0.5015,0.4985,0.5209,0.5177,6
401814977,MLB,2026-04-17 22:40:00+00:00,Pittsburgh Pirates,Tampa Bay Rays,0.5593,0.4407,0.5804,0.4573,6
401814976,MLB,2026-04-17 22:45:00+00:00,Washington Nationals,San Francisco Giants,0.418,0.582,0.4332,0.6031,6
401814974,MLB,2026-04-17 23:05:00+00:00,New York Yankees,Kansas City Royals,0.6052,0.3948,0.6275,0.4094,8
401814973,MLB,2026-04-17 23:15:00+00:00,Boston Red Sox,Detroit Tigers,0.5466,0.4534,0.5654,0.469,7
401814978,MLB,2026-04-18 00:10:00+00:00,Minnesota Twins,Cincinnati Reds,0.6091,0.3909,0.6327,0.4061,9
401814982,MLB,2026-04-18 01:40:00+00:00,Athletics,Chicago White Sox,0.5733,0.4267,0.5959,0.4435,9
401814984,MLB,2026-04-18 01:40:00+00:00,Seattle Mariners,Texas Rangers,0.5457,0.4543,0.5662,0.4713,9
401814985,MLB,2026-04-18 01:40:00+00:00,Arizona Diamondbacks,Toronto Blue Jays,0.555,0.445,0.5766,0.4622,9
401814993,MLB,2026-04-18 18:10:00+00:00,Minnesota Twins,Cincinnati Reds,0.5464,0.4536,0.5682,0.4717,2
401814994,MLB,2026-04-18 18:20:00+00:00,Chicago Cubs,New York Mets,0.487,0.513,0.5089,0.5362,2
401814992,MLB,2026-04-18 19:30:00+00:00,Pittsburgh Pirates,Tampa Bay Rays,0.6017,0.3983,0.6238,0.413,6
401814991,MLB,2026-04-18 20:05:00+00:00,Washington Nationals,San Francisco Giants,0.4746,0.5254,0.4923,0.545,6
401814997,MLB,2026-04-18 20:05:00+00:00,Athletics,Chicago White Sox,0.5874,0.4126,0.6086,0.4276,6
401814988,MLB,2026-04-18 20:10:00+00:00,Boston Red Sox,Detroit Tigers,0.4043,0.5957,0.4194,0.6181,6
401814990,MLB,2026-04-18 20:10:00+00:00,Miami Marlins,Milwaukee Brewers,0.5209,0.4791,0.5411,0.4976,6
401814987,MLB,2026-04-18 22:10:00+00:00,Cleveland Guardians,Baltimore Orioles,0.5502,0.4498,0.5705,0.4663,6
401814995,MLB,2026-04-18 23:10:00+00:00,Houston Astros,St. Louis Cardinals,0.5793,0.4207,0.6009,0.4364,7
401814986,MLB,2026-04-18 23:15:00+00:00,Philadelphia Phillies,Atlanta Braves,0.541,0.459,0.561,0.4759,7
401814999,MLB,2026-04-18 23:15:00+00:00,Seattle Mariners,Texas Rangers,0.5697,0.4303,0.5918,0.4471,7
401814996,MLB,2026-04-19 00:10:00+00:00,Colorado Rockies,Los Angeles Dodgers,0.2897,0.7103,0.3013,0.7388,8
401815000,MLB,2026-04-19 00:10:00+00:00,Arizona Diamondbacks,Toronto Blue Jays,0.5268,0.4732,0.5484,0.4925,8
401814998,MLB,2026-04-19 01:38:00+00:00,Los Angeles Angels,San Diego Padres,0.4946,0.5054,0.5152,0.5265,8
401815011,MLB,2026-04-19 19:10:00+00:00,Colorado Rockies,Los Angeles Dodgers,0.2876,0.7124,0.2974,0.7367,4
401815012,MLB,2026-04-19 20:05:00+00:00,Athletics,Chicago White Sox,0.5817,0.4183,0.5997,0.4312,4
401815013,MLB,2026-04-19 20:07:00+00:00,Los Angeles Angels,San Diego Padres,0.4867,0.5133,0.5032,0.5306,4
401815014,MLB,2026-04-19 20:10:00+00:00,Seattle Mariners,Texas Rangers,0.5629,0.4371,0.5824,0.4521,4
401815015,MLB,2026-04-19 20:10:00+00:00,Arizona Diamondbacks,Toronto Blue Jays,0.499,0.501,0.5162,0.5182,4
401815003,MLB,2026-04-19 20:35:00+00:00,Boston Red Sox,Detroit Tigers,0.5633,0.4367,0.5825,0.4515,4
401815001,MLB,2026-04-19 23:20:00+00:00,Philadelphia Phillies,Atlanta Braves,0.5214,0.4786,0.5412,0.4967,6
401815020,MLB,2026-04-20 22:40:00+00:00,Miami Marlins,St. Louis Cardinals,0.5391,0.4609,0.5578,0.4769,7
401815016,MLB,2026-04-20 22:45:00+00:00,Washington Nationals,Atlanta Braves,0.3971,0.6029,0.4117,0.625,6
401815021,MLB,2026-04-20 23:40:00+00:00,Kansas City Royals,Baltimore Orioles,0.4842,0.5158,0.5033,0.5361,9
401815022,MLB,2026-04-20 23:40:00+00:00,Chicago Cubs,Philadelphia Phillies,0.4811,0.5189,0.5025,0.542,2
401815023,MLB,2026-04-21 00:40:00+00:00,Colorado Rockies,Los Angeles Dodgers,0.3058,0.6942,0.3183,0.7227,10
401815025,MLB,2026-04-21 01:38:00+00:00,Los Angeles Angels,Toronto Blue Jays,0.4633,0.5367,0.4815,0.5579,10
401815024,MLB,2026-04-21 01:40:00+00:00,Seattle Mariners,Athletics,0.5908,0.4092,0.6136,0.425,10
401815028,MLB,2026-04-21 22:10:00+00:00,Cleveland Guardians,Houston Astros,0.5445,0.4555,0.5666,0.4739,2
401815027,MLB,2026-04-21 22:40:00+00:00,Tampa Bay Rays,Cincinnati Reds,0.4985,0.5015,0.5186,0.5217,7
401815029,MLB,2026-04-21 22:40:00+00:00,Detroit Tigers,Milwaukee Brewers,0.5218,0.4782,0.5417,0.4965,8
401815032,MLB,2026-04-21 22:40:00+00:00,Miami Marlins,St. Louis Cardinals,0.5165,0.4835,0.5377,0.5033,8
401815026,MLB,2026-04-21 22:45:00+00:00,Washington Nationals,Atlanta Braves,0.4413,0.5587,0.4581,0.5799,6
401815031,MLB,2026-04-21 22:45:00+00:00,Boston Red Sox,New York Yankees,0.493,0.507,0.5116,0.5261,8
401815030,MLB,2026-04-21 23:10:00+00:00,New York Mets,Minnesota Twins,0.6121,0.3879,0.6395,0.4053,5
401815033,MLB,2026-04-21 23:40:00+00:00,Kansas City Royals,Baltimore Orioles,0.541,0.459,0.5628,0.4775,8
401815034,MLB,2026-04-21 23:40:00+00:00,Chicago Cubs,Philadelphia Phillies,0.5297,0.4703,0.5499,0.4883,7
401815040,MLB,2026-04-22 01:38:00+00:00,Los Angeles Angels,Toronto Blue Jays,0.506,0.494,0.5275,0.515,9
401815037,MLB,2026-04-22 01:40:00+00:00,Seattle Mariners,Athletics,0.617,0.383,0.6425,0.3988,9
401815038,MLB,2026-04-22 01:40:00+00:00,Arizona Diamondbacks,Chicago White Sox,0.5793,0.4207,0.6018,0.4371,10
401815039,MLB,2026-04-22 01:45:00+00:00,San Francisco Giants,Los Angeles Dodgers,0.3796,0.6204,0.3961,0.6473,2
401815055,MLB,2026-04-22 19:07:00+00:00,Los Angeles Angels,Toronto Blue Jays,0.5757,0.4243,0.5944,0.4382,4
401815052,MLB,2026-04-22 20:10:00+00:00,Seattle Mariners,Athletics,0.6355,0.3645,0.6569,0.3767,4
401815044,MLB,2026-04-22 22:40:00+00:00,Detroit Tigers,Milwaukee Brewers,0.5482,0.4518,0.5658,0.4663,4
401815041,MLB,2026-04-22 22:45:00+00:00,Washington Nationals,Atlanta Braves,0.4279,0.5721,0.442,0.5909,4
401815046,MLB,2026-04-22 22:45:00+00:00,Boston Red Sox,New York Yankees,0.4401,0.5599,0.4553,0.5793,4
401815050,MLB,2026-04-23 00:05:00+00:00,Texas Rangers,Pittsburgh Pirates,0.5,0.5,0.5208,0.5208,2
401815051,MLB,2026-04-23 00:40:00+00:00,Colorado Rockies,San Diego Padres,0.4079,0.5921,0.424,0.6155,2
401815053,MLB,2026-04-23 01:40:00+00:00,Arizona Diamondbacks,Chicago White Sox,0.5794,0.4206,0.6021,0.437,9
401815054,MLB,2026-04-23 01:45:00+00:00,San Francisco Giants,Los Angeles Dodgers,0.3592,0.6408,0.3734,0.6663,9
401815060,MLB,2026-04-23 18:20:00+00:00,Chicago Cubs,Philadelphia Phillies,0.4835,0.5165,0.4996,0.5336,4
401815063,MLB,2026-04-23 19:40:00+00:00,Arizona Diamondbacks,Chicago White Sox,0.5658,0.4342,0.5857,0.4495,4
401815064,MLB,2026-04-23 19:45:00+00:00,San Francisco Giants,Los Angeles Dodgers,0.4188,0.5812,0.4322,0.5997,4
401815059,MLB,2026-04-23 22:10:00+00:00,Boston Red Sox,New York Yankees,0.4167,0.5833,0.4343,0.6079,4
401815058,MLB,2026-04-23 23:10:00+00:00,New York Mets,Minnesota Twins,0.4957,0.5043,0.5155,0.5244,7
401815061,MLB,2026-04-24 00:05:00+00:00,Texas Rangers,Pittsburgh Pirates,0.5944,0.4056,0.6173,0.4212,7
401815068,MLB,2026-04-24 22:40:00+00:00,Cincinnati Reds,Detroit Tigers,0.4526,0.5474,0.468,0.5659,7
401815065,MLB,2026-04-24 23:05:00+00:00,Baltimore Orioles,Boston Red Sox,0.5189,0.4811,0.5421,0.5026,4
401815066,MLB,2026-04-24 23:07:00+00:00,Toronto Blue Jays,Cleveland Guardians,0.4577,0.5423,0.4739,0.5614,8
401815067,MLB,2026-04-24 23:10:00+00:00,New York Mets,Colorado Rockies,0.6626,0.3374,0.6877,0.3502,7
401815069,MLB,2026-04-24 23:10:00+00:00,Tampa Bay Rays,Minnesota Twins,0.5189,0.4811,0.542,0.5025,2
401815070,MLB,2026-04-24 23:15:00+00:00,Atlanta Braves,Philadelphia Phillies,0.5519,0.4481,0.5726,0.4649,6
401815071,MLB,2026-04-24 23:40:00+00:00,Kansas City Royals,Los Angeles Angels,0.5131,0.4869,0.5336,0.5063,9
401815074,MLB,2026-04-24 23:40:00+00:00,Milwaukee Brewers,Pittsburgh Pirates,0.4457,0.5543,0.4633,0.5763,7
401815076,MLB,2026-04-24 23:40:00+00:00,Chicago White Sox,Washington Nationals,0.5346,0.4654,0.5553,0.4834,9
401815072,MLB,2026-04-25 00:05:00+00:00,Texas Rangers,Athletics,0.5876,0.4124,0.6117,0.4293,2
401815073,MLB,2026-04-25 00:10:00+00:00,Houston Astros,New York Yankees,0.4375,0.5625,0.454,0.5838,9
401815075,MLB,2026-04-25 00:15:00+00:00,St. Louis Cardinals,Seattle Mariners,0.4117,0.5883,0.4274,0.6107,9
401815077,MLB,2026-04-25 02:15:00+00:00,Los Angeles Dodgers,Chicago Cubs,0.6016,0.3984,0.6247,0.4137,11
401815078,MLB,2026-04-25 02:15:00+00:00,San Francisco Giants,Miami Marlins,0.4872,0.5128,0.507,0.5336,11
401815093,MLB,2026-04-25 20:05:00+00:00,San Francisco Giants,Miami Marlins,0.5409,0.4591,0.5595,0.4749,5
401815084,MLB,2026-04-25 20:10:00+00:00,Tampa Bay Rays,Minnesota Twins,0.5539,0.4461,0.5732,0.4617,4
401815091,MLB,2026-04-25 20:10:00+00:00,Chicago White Sox,Washington Nationals,0.5564,0.4436,0.5761,0.4592,5
401815094,MLB,2026-04-25 22:05:00+00:00,Arizona Diamondbacks,San Diego Padres,0.5219,0.4781,0.5415,0.496,7
401815087,MLB,2026-04-25 23:05:00+00:00,Texas Rangers,Athletics,0.5701,0.4299,0.5912,0.4458,6
401815086,MLB,2026-04-25 23:10:00+00:00,Kansas City Royals,Los Angeles Angels,0.5904,0.4096,0.6124,0.4248,6
401815088,MLB,2026-04-25 23:10:00+00:00,Houston Astros,New York Yankees,0.4279,0.5721,0.4439,0.5935,6
401815089,MLB,2026-04-25 23:10:00+00:00,Milwaukee Brewers,Pittsburgh Pirates,0.554,0.446,0.5748,0.4628,6
401815083,MLB,2026-04-25 23:15:00+00:00,Cincinnati Reds,Detroit Tigers,0.5017,0.4983,0.5208,0.5173,6
401815085,MLB,2026-04-25 23:15:00+00:00,Atlanta Braves,Philadelphia Phillies,0.5293,0.4707,0.5495,0.4886,6
401815092,MLB,2026-04-25 23:15:00+00:00,Los Angeles Dodgers,Chicago Cubs,0.5787,0.4213,0.5989,0.436,5
401815102,MLB,2026-04-26 18:35:00+00:00,Texas Rangers,Athletics,0.5341,0.4659,0.5518,0.4814,4
401815108,MLB,2026-04-26 20:05:00+00:00,San Francisco Giants,Miami Marlins,0.5533,0.4467,0.5715,0.4614,4
401815109,MLB,2026-04-26 20:05:00+00:00,Arizona Diamondbacks,San Diego Padres,0.4854,0.5146,0.502,0.5321,4
401815107,MLB,2026-04-26 20:10:00+00:00,Los Angeles Dodgers,Chicago Cubs,0.5433,0.4567,0.5611,0.4717,4
401815112,MLB,2026-04-27 22:10:00+00:00,Cleveland Guardians,Tampa Bay Rays,0.5626,0.4374,0.5855,0.4551,8
401815111,MLB,2026-04-27 22:40:00+00:00,Pittsburgh Pirates,St. Louis Cardinals,0.5368,0.4632,0.5608,0.4839,3
401815110,MLB,2026-04-27 23:07:00+00:00,Toronto Blue Jays,Boston Red Sox,0.5622,0.4378,0.5836,0.4545,8
401815113,MLB,2026-04-27 23:40:00+00:00,Chicago White Sox,Los Angeles Angels,0.4846,0.5154,0.5064,0.5387,6
401815115,MLB,2026-04-27 23:40:00+00:00,Minnesota Twins,Seattle Mariners,0.4445,0.5555,0.4619,0.5772,10
401815114,MLB,2026-04-28 00:05:00+00:00,Texas Rangers,New York Yankees,0.383,0.617,0.3982,0.6415,11
401815116,MLB,2026-04-28 01:40:00+00:00,San Diego Padres,Chicago Cubs,0.4893,0.5107,0.5096,0.5319,11
401815117,MLB,2026-04-28 02:10:00+00:00,Los Angeles Dodgers,Miami Marlins,0.7191,0.2809,0.7527,0.2939,8
401815124,MLB,2026-04-28 22:10:00+00:00,Cleveland Guardians,Tampa Bay Rays,0.5552,0.4448,0.5765,0.4617,6
401815121,MLB,2026-04-28 22:35:00+00:00,Baltimore Orioles,Houston Astros,0.556,0.444,0.5748,0.4591,7
401815122,MLB,2026-04-28 22:40:00+00:00,Philadelphia Phillies,San Francisco Giants,0.6033,0.3967,0.6245,0.4106,7
401815118,MLB,2026-04-28 23:07:00+00:00,Toronto Blue Jays,Boston Red Sox,0.5333,0.4667,0.5538,0.4846,7
401815125,MLB,2026-04-28 23:10:00+00:00,New York Mets,Washington Nationals,0.6215,0.3785,0.6447,0.3927,8
401815120,MLB,2026-04-28 23:15:00+00:00,Atlanta Braves,Detroit Tigers,0.52,0.48,0.5393,0.4978,8
401815126,MLB,2026-04-28 23:40:00+00:00,Chicago White Sox,Los Angeles Angels,0.4374,0.5626,0.4542,0.5843,6
401815129,MLB,2026-04-28 23:40:00+00:00,Minnesota Twins,Seattle Mariners,0.4576,0.5424,0.4744,0.5624,6
401815128,MLB,2026-04-29 00:05:00+00:00,Texas Rangers,New York Yankees,0.4703,0.5297,0.4879,0.5495,6
401815130,MLB,2026-04-29 01:40:00+00:00,San Diego Padres,Chicago Cubs,0.4801,0.5199,0.5001,0.5416,9
401815131,MLB,2026-04-29 01:40:00+00:00,Athletics,Kansas City Royals,0.479,0.521,0.4966,0.5403,8
401815132,MLB,2026-04-29 02:10:00+00:00,Los Angeles Dodgers,Miami Marlins,0.7175,0.2825,0.7469,0.2941,9
401815144,MLB,2026-04-29 17:40:00+00:00,Minnesota Twins,Seattle Mariners,0.465,0.535,0.4843,0.5571,2
401815143,MLB,2026-04-29 18:35:00+00:00,Texas Rangers,New York Yankees,0.4981,0.5019,0.5195,0.5236,2
401815147,MLB,2026-04-29 19:10:00+00:00,Los Angeles Dodgers,Miami Marlins,0.6482,0.3518,0.6689,0.3631,4
401815145,MLB,2026-04-29 20:10:00+00:00,San Diego Padres,Chicago Cubs,0.5008,0.4992,0.5193,0.5176,5
401815134,MLB,2026-04-29 22:40:00+00:00,Cincinnati Reds,Colorado Rockies,0.5696,0.4304,0.5935,0.4485,2
401815138,MLB,2026-04-29 22:40:00+00:00,Pittsburgh Pirates,St. Louis Cardinals,0.5763,0.4237,0.5977,0.4394,6
401815140,MLB,2026-04-29 23:10:00+00:00,New York Mets,Washington Nationals,0.599,0.401,0.625,0.4184,2
401815135,MLB,2026-04-29 23:15:00+00:00,Atlanta Braves,Detroit Tigers,0.4285,0.5715,0.4445,0.5929,6
401815142,MLB,2026-04-29 23:40:00+00:00,Milwaukee Brewers,Arizona Diamondbacks,0.5218,0.4782,0.5417,0.4963,6
401815146,MLB,2026-04-30 01:40:00+00:00,Athletics,Kansas City Royals,0.5231,0.4769,0.5435,0.4955,7
401815156,MLB,2026-04-30 19:05:00+00:00,Athletics,Kansas City Royals,0.5354,0.4646,0.5534,0.4802,4
401815155,MLB,2026-04-30 23:40:00+00:00,Minnesota Twins,Toronto Blue Jays,0.4566,0.5434,0.4733,0.5633,7
401815163,MLB,2026-05-01 22:40:00+00:00,Detroit Tigers,Texas Rangers,0.5119,0.4881,0.5328,0.508,7
401815158,MLB,2026-05-01 22:45:00+00:00,Pittsburgh Pirates,Cincinnati Reds,0.54,0.46,0.561,0.4778,7
401815160,MLB,2026-05-01 22:45:00+00:00,Washington Nationals,Milwaukee Brewers,0.4109,0.5891,0.4269,0.612,7
401815157,MLB,2026-05-01 23:05:00+00:00,New York Yankees,Baltimore Orioles,0.6036,0.3964,0.6314,0.4146,5
401815159,MLB,2026-05-01 23:10:00+00:00,Boston Red Sox,Houston Astros,0.4987,0.5013,0.5218,0.5245,3
401815161,MLB,2026-05-01 23:10:00+00:00,Miami Marlins,Philadelphia Phillies,0.459,0.541,0.4794,0.565,5
401815162,MLB,2026-05-01 23:10:00+00:00,Tampa Bay Rays,San Francisco Giants,0.5443,0.4557,0.5682,0.4758,5
401815166,MLB,2026-05-02 00:10:00+00:00,Minnesota Twins,Toronto Blue Jays,0.5015,0.4985,0.5227,0.5197,9
401815165,MLB,2026-05-02 00:15:00+00:00,St. Louis Cardinals,Los Angeles Dodgers,0.3853,0.6147,0.4005,0.6391,10
401815167,MLB,2026-05-02 00:40:00+00:00,Colorado Rockies,Atlanta Braves,0.3664,0.6336,0.3809,0.6585,10
401815171,MLB,2026-05-02 01:38:00+00:00,Los Angeles Angels,New York Mets,0.4619,0.5381,0.4798,0.5588,11
401815168,MLB,2026-05-02 01:40:00+00:00,San Diego Padres,Chicago White Sox,0.5657,0.4343,0.588,0.4514,11
401815169,MLB,2026-05-02 01:40:00+00:00,Athletics,Cleveland Guardians,0.512,0.488,0.5327,0.5078,11
401815170,MLB,2026-05-02 01:45:00+00:00,Seattle Mariners,Kansas City Royals,0.582,0.418,0.6042,0.4339,11
401815173,MLB,2026-05-02 20:05:00+00:00,Pittsburgh Pirates,Cincinnati Reds,0.5576,0.4424,0.5764,0.4572,4
401815175,MLB,2026-05-02 20:05:00+00:00,Washington Nationals,Milwaukee Brewers,0.4504,0.5496,0.4658,0.5683,4
401815184,MLB,2026-05-02 20:05:00+00:00,Athletics,Cleveland Guardians,0.555,0.445,0.574,0.4603,4
401815174,MLB,2026-05-02 20:10:00+00:00,Boston Red Sox,Houston Astros,0.5503,0.4497,0.5683,0.4645,4
401815177,MLB,2026-05-02 22:10:00+00:00,Tampa Bay Rays,San Francisco Giants,0.487,0.513,0.5089,0.5362,2
401815178,MLB,2026-05-02 23:15:00+00:00,Detroit Tigers,Texas Rangers,0.5417,0.4583,0.5618,0.4753,7
401815180,MLB,2026-05-02 23:15:00+00:00,St. Louis Cardinals,Los Angeles Dodgers,0.4309,0.5691,0.4476,0.5913,7
401815183,MLB,2026-05-03 00:40:00+00:00,San Diego Padres,Chicago White Sox,0.6499,0.3501,0.6752,0.3638,7
401815186,MLB,2026-05-03 01:38:00+00:00,Los Angeles Angels,New York Mets,0.4648,0.5352,0.483,0.556,7
401815185,MLB,2026-05-03 01:40:00+00:00,Seattle Mariners,Kansas City Royals,0.5745,0.4255,0.5957,0.4412,8
401815197,MLB,2026-05-03 19:10:00+00:00,Colorado Rockies,Atlanta Braves,0.3855,0.6145,0.3977,0.634,4
401815199,MLB,2026-05-03 20:05:00+00:00,Athletics,Cleveland Guardians,0.488,0.512,0.5045,0.5294,4
401815201,MLB,2026-05-03 20:07:00+00:00,Los Angeles Angels,New York Mets,0.458,0.542,0.4728,0.5595,4
401815198,MLB,2026-05-03 20:10:00+00:00,San Diego Padres,Chicago White Sox,0.6149,0.3851,0.6359,0.3983,4
401815200,MLB,2026-05-03 20:10:00+00:00,Seattle Mariners,Kansas City Royals,0.5252,0.4748,0.5429,0.4908,4
401815203,MLB,2026-05-04 22:10:00+00:00,Detroit Tigers,Boston Red Sox,0.664,0.336,0.6926,0.3505,5
401815204,MLB,2026-05-04 22:40:00+00:00,Miami Marlins,Philadelphia Phillies,0.4833,0.5167,0.502,0.5366,10
401815205,MLB,2026-05-04 22:40:00+00:00,Tampa Bay Rays,Toronto Blue Jays,0.5042,0.4958,0.527,0.5183,4
401815202,MLB,2026-05-04 23:05:00+00:00,New York Yankees,Baltimore Orioles,0.638,0.362,0.6623,0.3757,9
401815206,MLB,2026-05-04 23:10:00+00:00,Chicago Cubs,Cincinnati Reds,0.6368,0.3632,0.6618,0.3774,9
401815207,MLB,2026-05-04 23:40:00+00:00,Kansas City Royals,Cleveland Guardians,0.531,0.469,0.5519,0.4874,10
401815209,MLB,2026-05-04 23:45:00+00:00,St. Louis Cardinals,Milwaukee Brewers,0.4944,0.5056,0.5143,0.5259,9
401815208,MLB,2026-05-05 00:10:00+00:00,Houston Astros,Los Angeles Dodgers,0.3581,0.6419,0.372,0.6668,10
401815212,MLB,2026-05-05 01:38:00+00:00,Los Angeles Angels,Chicago White Sox,0.591,0.409,0.6138,0.4248,11
401815211,MLB,2026-05-05 01:40:00+00:00,Seattle Mariners,Atlanta Braves,0.6057,0.3943,0.6293,0.4096,11
401815213,MLB,2026-05-05 01:45:00+00:00,San Francisco Giants,San Diego Padres,0.4285,0.5715,0.4458,0.5946,10
401815214,MLB,2026-05-05 22:40:00+00:00,Philadelphia Phillies,Athletics,0.6264,0.3736,0.6536,0.3899,2
401815216,MLB,2026-05-05 22:40:00+00:00,Detroit Tigers,Boston Red Sox,0.6269,0.3731,0.6494,0.3865,6
401815219,MLB,2026-05-05 22:40:00+00:00,Tampa Bay Rays,Toronto Blue Jays,0.5311,0.4689,0.5511,0.4865,6
401815217,MLB,2026-05-05 22:45:00+00:00,Washington Nationals,Minnesota Twins,0.5188,0.4812,0.5374,0.4985,7
401815218,MLB,2026-05-05 23:05:00+00:00,New York Yankees,Texas Rangers,0.5208,0.4792,0.5435,0.5,2
401815220,MLB,2026-05-05 23:40:00+00:00,Chicago Cubs,Cincinnati Reds,0.5956,0.4044,0.6168,0.4188,6
401815221,MLB,2026-05-05 23:40:00+00:00,Kansas City Royals,Cleveland Guardians,0.4712,0.5288,0.4893,0.5491,7
401815222,MLB,2026-05-06 00:10:00+00:00,Houston Astros,Los Angeles Dodgers,0.3499,0.6501,0.363,0.6744,7
401815225,MLB,2026-05-06 01:40:00+00:00,Seattle Mariners,Atlanta Braves,0.5729,0.4271,0.596,0.4443,10
401815227,MLB,2026-05-06 01:40:00+00:00,Arizona Diamondbacks,Pittsburgh Pirates,0.5265,0.4735,0.5472,0.492,11
401815243,MLB,2026-05-06 19:45:00+00:00,San Francisco Giants,San Diego Padres,0.4893,0.5107,0.5057,0.5279,4
401815241,MLB,2026-05-06 20:07:00+00:00,Los Angeles Angels,Chicago White Sox,0.5,0.5,0.5208,0.5208,2
401815240,MLB,2026-05-06 20:10:00+00:00,Seattle Mariners,Atlanta Braves,0.5553,0.4447,0.576,0.4613,6
401815229,MLB,2026-05-06 22:40:00+00:00,Philadelphia Phillies,Athletics,0.6181,0.3819,0.6405,0.3958,6
401815230,MLB,2026-05-06 22:40:00+00:00,Miami Marlins,Baltimore Orioles,0.5386,0.4614,0.5583,0.4783,6
401815232,MLB,2026-05-06 22:45:00+00:00,Washington Nationals,Minnesota Twins,0.4489,0.5511,0.4652,0.571,6
401815233,MLB,2026-05-06 23:05:00+00:00,New York Yankees,Texas Rangers,0.6349,0.3651,0.6587,0.3787,6
401815235,MLB,2026-05-06 23:40:00+00:00,Chicago Cubs,Cincinnati Reds,0.606,0.394,0.6283,0.4085,6
401815236,MLB,2026-05-06 23:40:00+00:00,Kansas City Royals,Cleveland Guardians,0.536,0.464,0.5557,0.481,6
401815239,MLB,2026-05-07 01:20:00+00:00,Colorado Rockies,New York Mets,0.3992,0.6008,0.4167,0.627,2
401815242,MLB,2026-05-07 01:40:00+00:00,Arizona Diamondbacks,Pittsburgh Pirates,0.4175,0.5825,0.4338,0.6051,7
401815250,MLB,2026-05-07 18:10:00+00:00,Kansas City Royals,Cleveland Guardians,0.5646,0.4354,0.5841,0.4505,4
401815249,MLB,2026-05-07 18:20:00+00:00,Chicago Cubs,Cincinnati Reds,0.6392,0.3608,0.6601,0.3726,4
401815251,MLB,2026-05-07 19:40:00+00:00,Arizona Diamondbacks,Pittsburgh Pirates,0.492,0.508,0.5084,0.5249,4
401815244,MLB,2026-05-07 22:40:00+00:00,Philadelphia Phillies,Athletics,0.5527,0.4473,0.5726,0.4634,6
401815245,MLB,2026-05-07 22:40:00+00:00,Miami Marlins,Baltimore Orioles,0.5249,0.4751,0.5452,0.4934,7
401815247,MLB,2026-05-07 23:00:00+00:00,Boston Red Sox,Tampa Bay Rays,0.5243,0.4757,0.5452,0.4946,7
401815252,MLB,2026-05-08 02:00:00+00:00,San Diego Padres,St. Louis Cardinals,0.6105,0.3895,0.6342,0.4046,10
401815256,MLB,2026-05-08 22:10:00+00:00,Cincinnati Reds,Houston Astros,0.5436,0.4564,0.5627,0.4724,7
401815255,MLB,2026-05-08 22:40:00+00:00,Philadelphia Phillies,Colorado Rockies,0.6415,0.3585,0.6652,0.3718,8
401815253,MLB,2026-05-08 23:07:00+00:00,Toronto Blue Jays,Los Angeles Angels,0.5924,0.4076,0.614,0.4224,8
401815258,MLB,2026-05-08 23:10:00+00:00,Boston Red Sox,Tampa Bay Rays,0.5634,0.4366,0.5883,0.4558,5
401815259,MLB,2026-05-08 23:10:00+00:00,Miami Marlins,Washington Nationals,0.5301,0.4699,0.5495,0.487,8
401815257,MLB,2026-05-08 23:15:00+00:00,Cleveland Guardians,Minnesota Twins,0.5636,0.4364,0.5844,0.4526,8
401815261,MLB,2026-05-08 23:40:00+00:00,Kansas City Royals,Detroit Tigers,0.562,0.438,0.5827,0.4542,8
401815262,MLB,2026-05-08 23:40:00+00:00,Milwaukee Brewers,New York Yankees,0.4364,0.5636,0.4526,0.5844,8
401815263,MLB,2026-05-08 23:40:00+00:00,Chicago White Sox,Seattle Mariners,0.4466,0.5534,0.4625,0.5732,8
401815265,MLB,2026-05-09 01:40:00+00:00,Arizona Diamondbacks,New York Mets,0.4356,0.5644,0.4527,0.5866,10
401815267,MLB,2026-05-09 01:45:00+00:00,San Diego Padres,St. Louis Cardinals,0.5698,0.4302,0.5925,0.4474,9
401815264,MLB,2026-05-09 02:10:00+00:00,Los Angeles Dodgers,Atlanta Braves,0.5198,0.4802,0.5403,0.4992,11
401815268,MLB,2026-05-09 19:07:00+00:00,Toronto Blue Jays,Los Angeles Angels,0.6036,0.3964,0.6242,0.4099,4
401815269,MLB,2026-05-09 20:05:00+00:00,Baltimore Orioles,Athletics,0.525,0.475,0.5458,0.4938,7
401815271,MLB,2026-05-09 20:10:00+00:00,Cincinnati Reds,Houston Astros,0.583,0.417,0.605,0.4327,7
401815274,MLB,2026-05-09 20:10:00+00:00,Miami Marlins,Washington Nationals,0.583,0.417,0.605,0.4327,7
401815270,MLB,2026-05-09 22:05:00+00:00,Philadelphia Phillies,Colorado Rockies,0.6264,0.3736,0.65,0.3878,7
401815272,MLB,2026-05-09 22:10:00+00:00,Cleveland Guardians,Minnesota Twins,0.5095,0.4905,0.5292,0.5095,7
401815275,MLB,2026-05-09 23:05:00+00:00,Texas Rangers,Chicago Cubs,0.4425,0.5575,0.46,0.5796,7
401815276,MLB,2026-05-09 23:10:00+00:00,Kansas City Royals,Detroit Tigers,0.5446,0.4554,0.5674,0.4745,4
401815277,MLB,2026-05-09 23:10:00+00:00,Milwaukee Brewers,New York Yankees,0.4298,0.5702,0.4465,0.5923,7
401815278,MLB,2026-05-09 23:10:00+00:00,Chicago White Sox,Seattle Mariners,0.4535,0.5465,0.4708,0.5674,7
401815280,MLB,2026-05-09 23:15:00+00:00,Arizona Diamondbacks,New York Mets,0.4796,0.5204,0.4986,0.541,7
401815282,MLB,2026-05-09 23:15:00+00:00,San Diego Padres,St. Louis Cardinals,0.5563,0.4437,0.5783,0.4612,7
401815281,MLB,2026-05-10 01:05:00+00:00,San Francisco Giants,Pittsburgh Pirates,0.4938,0.5062,0.5162,0.5291,4
401815279,MLB,2026-05-10 01:10:00+00:00,Los Angeles Dodgers,Atlanta Braves,0.5998,0.4002,0.6217,0.4147,8
401815296,MLB,2026-05-10 20:05:00+00:00,San Francisco Giants,Pittsburgh Pirates,0.5094,0.4906,0.5264,0.507,4
401815294,MLB,2026-05-10 20:10:00+00:00,Los Angeles Dodgers,Atlanta Braves,0.5646,0.4354,0.5841,0.4505,4
401815297,MLB,2026-05-10 20:10:00+00:00,San Diego Padres,St. Louis Cardinals,0.5555,0.4445,0.574,0.4593,4
401815299,MLB,2026-05-11 22:35:00+00:00,Baltimore Orioles,New York Yankees,0.4315,0.5685,0.4505,0.5935,2
401815300,MLB,2026-05-11 23:07:00+00:00,Toronto Blue Jays,Tampa Bay Rays,0.5585,0.4415,0.5807,0.4591,9
401815301,MLB,2026-05-12 00:05:00+00:00,Texas Rangers,Arizona Diamondbacks,0.5617,0.4383,0.5838,0.4555,9
401815302,MLB,2026-05-12 00:10:00+00:00,Houston Astros,Seattle Mariners,0.4358,0.5642,0.4531,0.5867,9
401815303,MLB,2026-05-12 02:10:00+00:00,Los Angeles Dodgers,San Francisco Giants,0.6103,0.3897,0.6341,0.4049,11
401815304,MLB,2026-05-12 22:10:00+00:00,Cleveland Guardians,Los Angeles Angels,0.5512,0.4488,0.5709,0.4648,5
401815306,MLB,2026-05-12 22:40:00+00:00,Pittsburgh Pirates,Colorado Rockies,0.7314,0.2686,0.7586,0.2786,6
401815311,MLB,2026-05-12 22:40:00+00:00,Cincinnati Reds,Washington Nationals,0.5569,0.4431,0.575,0.4574,6
401815309,MLB,2026-05-12 22:45:00+00:00,Boston Red Sox,Philadelphia Phillies,0.4304,0.5696,0.4485,0.5935,2
401815310,MLB,2026-05-12 23:07:00+00:00,Toronto Blue Jays,Tampa Bay Rays,0.4817,0.5183,0.4992,0.5372,5
401815307,MLB,2026-05-12 23:10:00+00:00,New York Mets,Detroit Tigers,0.5797,0.4203,0.5989,0.4342,6
401815305,MLB,2026-05-12 23:15:00+00:00,Atlanta Braves,Chicago Cubs,0.5211,0.4789,0.5391,0.4955,6
401815313,MLB,2026-05-12 23:40:00+00:00,Chicago White Sox,Kansas City Royals,0.4733,0.5267,0.4906,0.5461,7
401815314,MLB,2026-05-12 23:40:00+00:00,Minnesota Twins,Miami Marlins,0.51,0.49,0.5295,0.5087,8
401815315,MLB,2026-05-12 23:40:00+00:00,Milwaukee Brewers,San Diego Padres,0.535,0.465,0.5548,0.4823,8
401815312,MLB,2026-05-13 00:05:00+00:00,Texas Rangers,Arizona Diamondbacks,0.557,0.443,0.5821,0.463,5
401815316,MLB,2026-05-13 00:10:00+00:00,Houston Astros,Seattle Mariners,0.4245,0.5755,0.4409,0.5978,7
401815318,MLB,2026-05-13 01:40:00+00:00,Athletics,St. Louis Cardinals,0.5769,0.4231,0.5989,0.4392,10
401815317,MLB,2026-05-13 02:10:00+00:00,Los Angeles Dodgers,San Francisco Giants,0.71,0.29,0.7392,0.302,10
401815321,MLB,2026-05-13 22:40:00+00:00,Pittsburgh Pirates,Colorado Rockies,0.6281,0.3719,0.6508,0.3853,6
401815326,MLB,2026-05-13 22:40:00+00:00,Cincinnati Reds,Washington Nationals,0.5831,0.4169,0.6043,0.432,6
401815324,MLB,2026-05-13 22:45:00+00:00,Boston Red Sox,Philadelphia Phillies,0.558,0.442,0.5792,0.4588,6
401815325,MLB,2026-05-13 23:07:00+00:00,Toronto Blue Jays,Tampa Bay Rays,0.5884,0.4116,0.6093,0.4263,6
401815322,MLB,2026-05-13 23:10:00+00:00,New York Mets,Detroit Tigers,0.4955,0.5045,0.5169,0.5263,2
401815320,MLB,2026-05-13 23:15:00+00:00,Atlanta Braves,Chicago Cubs,0.4498,0.5502,0.4659,0.57,6
401815328,MLB,2026-05-13 23:40:00+00:00,Chicago White Sox,Kansas City Royals,0.4803,0.5197,0.498,0.5389,6
401815329,MLB,2026-05-13 23:40:00+00:00,Minnesota Twins,Miami Marlins,0.4662,0.5338,0.4836,0.5536,6
401815330,MLB,2026-05-13 23:40:00+00:00,Milwaukee Brewers,San Diego Padres,0.558,0.442,0.5792,0.4588,6
401815327,MLB,2026-05-14 00:05:00+00:00,Texas Rangers,Arizona Diamondbacks,0.5361,0.4639,0.5557,0.4809,6
401815331,MLB,2026-05-14 00:10:00+00:00,Houston Astros,Seattle Mariners,0.4686,0.5314,0.4863,0.5515,6
401815333,MLB,2026-05-14 01:40:00+00:00,Athletics,St. Louis Cardinals,0.5735,0.4265,0.5963,0.4434,7
401815332,MLB,2026-05-14 02:10:00+00:00,Los Angeles Dodgers,San Francisco Giants,0.6824,0.3176,0.7093,0.3301,7
401815344,MLB,2026-05-14 19:05:00+00:00,Athletics,St. Louis Cardinals,0.5295,0.4705,0.5472,0.4862,4
401815337,MLB,2026-05-14 22:45:00+00:00,Boston Red Sox,Philadelphia Phillies,0.4767,0.5233,0.4947,0.5431,6
401815334,MLB,2026-05-14 23:15:00+00:00,Atlanta Braves,Chicago Cubs,0.5853,0.4147,0.6067,0.4298,7
401815339,MLB,2026-05-14 23:40:00+00:00,Chicago White Sox,Kansas City Royals,0.4481,0.5519,0.4652,0.573,7
401815343,MLB,2026-05-15 02:10:00+00:00,Los Angeles Dodgers,San Francisco Giants,0.6073,0.3927,0.6321,0.4088,9
401815350,MLB,2026-05-15 22:40:00+00:00,Pittsburgh Pirates,Philadelphia Phillies,0.5444,0.4556,0.5645,0.4724,6
401815351,MLB,2026-05-15 22:40:00+00:00,Detroit Tigers,Toronto Blue Jays,0.454,0.546,0.4718,0.5675,7
401815345,MLB,2026-05-15 22:45:00+00:00,Washington Nationals,Baltimore Orioles,0.442,0.558,0.4594,0.58,7
401815347,MLB,2026-05-15 23:10:00+00:00,Cleveland Guardians,Cincinnati Reds,0.5471,0.4529,0.5679,0.4701,8
401815348,MLB,2026-05-15 23:10:00+00:00,Tampa Bay Rays,Miami Marlins,0.5193,0.4807,0.5406,0.5004,8
401815349,MLB,2026-05-15 23:15:00+00:00,New York Mets,New York Yankees,0.4307,0.5693,0.448,0.5922,8
401815352,MLB,2026-05-15 23:40:00+00:00,Chicago White Sox,Chicago Cubs,0.4292,0.5708,0.4463,0.5935,8
401815355,MLB,2026-05-16 00:10:00+00:00,Houston Astros,Texas Rangers,0.5004,0.4996,0.5203,0.5194,9
401815353,MLB,2026-05-16 00:15:00+00:00,St. Louis Cardinals,Kansas City Royals,0.5026,0.4974,0.5263,0.5209,3
401815356,MLB,2026-05-16 00:40:00+00:00,Colorado Rockies,Arizona Diamondbacks,0.4593,0.5407,0.4763,0.5608,9
401815357,MLB,2026-05-16 01:38:00+00:00,Los Angeles Angels,Los Angeles Dodgers,0.3253,0.6747,0.3375,0.7001,7
401815358,MLB,2026-05-16 01:40:00+00:00,Seattle Mariners,San Diego Padres,0.5628,0.4372,0.5849,0.4543,9
401815359,MLB,2026-05-16 01:40:00+00:00,Athletics,San Francisco Giants,0.5509,0.4491,0.5682,0.4631,4
401815371,MLB,2026-05-16 19:10:00+00:00,Colorado Rockies,Arizona Diamondbacks,0.438,0.562,0.4542,0.5829,5
401815360,MLB,2026-05-16 20:05:00+00:00,Washington Nationals,Baltimore Orioles,0.4934,0.5066,0.5109,0.5245,4
401815365,MLB,2026-05-16 20:05:00+00:00,Pittsburgh Pirates,Philadelphia Phillies,0.392,0.608,0.4057,0.6292,4
401815363,MLB,2026-05-16 20:10:00+00:00,Tampa Bay Rays,Miami Marlins,0.5539,0.4461,0.5732,0.4617,4
401815362,MLB,2026-05-16 22:10:00+00:00,Cleveland Guardians,Cincinnati Reds,0.6075,0.3925,0.6297,0.4068,6
401815367,MLB,2026-05-16 23:10:00+00:00,Chicago White Sox,Chicago Cubs,0.4985,0.5015,0.5178,0.5209,6
401815369,MLB,2026-05-16 23:10:00+00:00,Minnesota Twins,Milwaukee Brewers,0.4694,0.5306,0.4871,0.5505,6
401815370,MLB,2026-05-16 23:10:00+00:00,Houston Astros,Texas Rangers,0.434,0.566,0.4502,0.5872,6
401815361,MLB,2026-05-16 23:15:00+00:00,Atlanta Braves,Boston Red Sox,0.5639,0.4361,0.5848,0.4523,6
401815364,MLB,2026-05-16 23:15:00+00:00,New York Mets,New York Yankees,0.4574,0.5426,0.4762,0.565,2
401815372,MLB,2026-05-17 01:38:00+00:00,Los Angeles Angels,Los Angeles Dodgers,0.4491,0.5509,0.4655,0.571,6
401815374,MLB,2026-05-17 01:40:00+00:00,Athletics,San Francisco Giants,0.5431,0.4569,0.5641,0.4746,7
401815389,MLB,2026-05-17 20:05:00+00:00,Athletics,San Francisco Giants,0.5817,0.4183,0.5997,0.4312,4
401815387,MLB,2026-05-17 20:07:00+00:00,Los Angeles Angels,Los Angeles Dodgers,0.4246,0.5754,0.4392,0.5952,4
401815388,MLB,2026-05-17 23:20:00+00:00,Seattle Mariners,San Diego Padres,0.5869,0.4131,0.6081,0.428,6
401815390,MLB,2026-05-18 22:40:00+00:00,Miami Marlins,Atlanta Braves,0.5031,0.4969,0.5233,0.5169,10
401815391,MLB,2026-05-18 22:40:00+00:00,Tampa Bay Rays,Baltimore Orioles,0.5622,0.4378,0.5832,0.4542,8
401815392,MLB,2026-05-18 22:40:00+00:00,Philadelphia Phillies,Cincinnati Reds,0.5333,0.4667,0.5532,0.4842,9
401815393,MLB,2026-05-18 22:40:00+00:00,Detroit Tigers,Cleveland Guardians,0.5951,0.4049,0.6178,0.4203,9
401815394,MLB,2026-05-18 22:45:00+00:00,Washington Nationals,New York Mets,0.4373,0.5627,0.4538,0.584,8
401815395,MLB,2026-05-18 23:05:00+00:00,New York Yankees,Toronto Blue Jays,0.6374,0.3626,0.6624,0.3768,10
401815396,MLB,2026-05-18 23:10:00+00:00,Kansas City Royals,Boston Red Sox,0.4955,0.5045,0.5158,0.5253,10
401815397,MLB,2026-05-18 23:40:00+00:00,Minnesota Twins,Houston Astros,0.5035,0.4965,0.5236,0.5163,10
401815398,MLB,2026-05-18 23:40:00+00:00,Chicago Cubs,Milwaukee Brewers,0.597,0.403,0.62,0.4185,10
401815399,MLB,2026-05-19 00:40:00+00:00,Colorado Rockies,Texas Rangers,0.4192,0.5808,0.4356,0.6036,10
401815400,MLB,2026-05-19 01:38:00+00:00,Los Angeles Angels,Athletics,0.4569,0.5431,0.4748,0.5644,10
401815401,MLB,2026-05-19 01:40:00+00:00,Seattle Mariners,Chicago White Sox,0.6121,0.3879,0.6362,0.4031,10
401815402,MLB,2026-05-19 01:40:00+00:00,San Diego Padres,Los Angeles Dodgers,0.4166,0.5834,0.433,0.6062,10
401815403,MLB,2026-05-19 01:40:00+00:00,Arizona Diamondbacks,San Francisco Giants,0.5596,0.4404,0.5818,0.4579,10
401815404,MLB,2026-05-19 20:10:00+00:00,Miami Marlins,Atlanta Braves,0.4659,0.5341,0.4814,0.5518,4
401815405,MLB,2026-05-19 22:40:00+00:00,Tampa Bay Rays,Baltimore Orioles,0.526,0.474,0.5447,0.4908,5
401815406,MLB,2026-05-19 22:40:00+00:00,Philadelphia Phillies,Cincinnati Reds,0.5579,0.4421,0.5781,0.458,5
401815407,MLB,2026-05-19 22:40:00+00:00,Detroit Tigers,Cleveland Guardians,0.4729,0.5271,0.4898,0.5459,5
401815408,MLB,2026-05-19 22:45:00+00:00,Washington Nationals,New York Mets,0.4174,0.5826,0.4322,0.6033,5
401815409,MLB,2026-05-19 23:05:00+00:00,New York Yankees,Toronto Blue Jays,0.5557,0.4443,0.5765,0.461,6
401815410,MLB,2026-05-19 23:40:00+00:00,Kansas City Royals,Boston Red Sox,0.4574,0.5426,0.4762,0.565,2
401815411,MLB,2026-05-19 23:40:00+00:00,Minnesota Twins,Houston Astros,0.5576,0.4424,0.5782,0.4587,5
401815412,MLB,2026-05-19 23:40:00+00:00,Chicago Cubs,Milwaukee Brewers,0.4873,0.5127,0.5051,0.5315,5
401815413,MLB,2026-05-19 23:45:00+00:00,St. Louis Cardinals,Pittsburgh Pirates,0.4991,0.5009,0.5164,0.5182,6
401815415,MLB,2026-05-20 01:38:00+00:00,Los Angeles Angels,Athletics,0.5401,0.4599,0.5623,0.4788,8
401815416,MLB,2026-05-20 01:40:00+00:00,Seattle Mariners,Chicago White Sox,0.5806,0.4194,0.6019,0.4349,5
401815417,MLB,2026-05-20 01:40:00+00:00,San Diego Padres,Los Angeles Dodgers,0.4134,0.5866,0.4293,0.6093,8
401815418,MLB,2026-05-20 01:40:00+00:00,Arizona Diamondbacks,San Francisco Giants,0.5264,0.4736,0.5488,0.4937,8
401815433,MLB,2026-05-20 19:40:00+00:00,Arizona Diamondbacks,San Francisco Giants,0.541,0.459,0.5587,0.474,4
401815431,MLB,2026-05-20 20:10:00+00:00,Seattle Mariners,Chicago White Sox,0.5766,0.4234,0.5953,0.4372,4
401815419,MLB,2026-05-20 22:40:00+00:00,Miami Marlins,Atlanta Braves,0.3648,0.6352,0.3784,0.6587,6
401815424,MLB,2026-05-20 23:05:00+00:00,New York Yankees,Toronto Blue Jays,0.5946,0.4054,0.6167,0.4205,6
401815425,MLB,2026-05-20 23:40:00+00:00,Kansas City Royals,Boston Red Sox,0.525,0.475,0.545,0.4931,6
401815427,MLB,2026-05-20 23:40:00+00:00,Chicago Cubs,Milwaukee Brewers,0.5188,0.4812,0.5387,0.4997,6
401815428,MLB,2026-05-20 23:45:00+00:00,St. Louis Cardinals,Pittsburgh Pirates,0.5335,0.4665,0.5536,0.4841,6
401815432,MLB,2026-05-21 00:40:00+00:00,San Diego Padres,Los Angeles Dodgers,0.3914,0.6086,0.4087,0.6356,5
401815430,MLB,2026-05-21 01:38:00+00:00,Los Angeles Angels,Athletics,0.4664,0.5336,0.486,0.556,9
401815436,MLB,2026-05-21 20:05:00+00:00,Washington Nationals,New York Mets,0.4902,0.5098,0.5115,0.5319,2
401815434,MLB,2026-05-21 22:40:00+00:00,Miami Marlins,Atlanta Braves,0.4391,0.5609,0.456,0.5826,6
401815437,MLB,2026-05-21 23:05:00+00:00,New York Yankees,Toronto Blue Jays,0.5902,0.4098,0.6154,0.4274,4
401815439,MLB,2026-05-22 01:38:00+00:00,Los Angeles Angels,Athletics,0.5083,0.4917,0.5303,0.5129,9
401815440,MLB,2026-05-22 01:40:00+00:00,Arizona Diamondbacks,Colorado Rockies,0.6237,0.3763,0.6551,0.3953,3
401815449,MLB,2026-05-22 18:20:00+00:00,Chicago Cubs,Houston Astros,0.5648,0.4352,0.59,0.4545,2
401815441,MLB,2026-05-22 22:40:00+00:00,Philadelphia Phillies,Cleveland Guardians,0.618,0.382,0.6411,0.3963,8
401815447,MLB,2026-05-22 23:05:00+00:00,New York Yankees,Tampa Bay Rays,0.5825,0.4175,0.6051,0.4338,7
401815445,MLB,2026-05-22 23:07:00+00:00,Toronto Blue Jays,Pittsburgh Pirates,0.5894,0.4106,0.6136,0.4275,2
401815443,MLB,2026-05-22 23:10:00+00:00,Boston Red Sox,Minnesota Twins,0.5808,0.4192,0.602,0.4345,8
401815444,MLB,2026-05-22 23:10:00+00:00,Miami Marlins,New York Mets,0.4638,0.5362,0.4818,0.557,7
401815442,MLB,2026-05-22 23:15:00+00:00,Baltimore Orioles,Detroit Tigers,0.544,0.456,0.5639,0.4726,8
401815450,MLB,2026-05-22 23:40:00+00:00,Milwaukee Brewers,Los Angeles Dodgers,0.4885,0.5115,0.5074,0.5313,9
401815451,MLB,2026-05-22 23:40:00+00:00,Kansas City Royals,Seattle Mariners,0.4469,0.5531,0.4645,0.5748,10
401815455,MLB,2026-05-23 01:38:00+00:00,Los Angeles Angels,Texas Rangers,0.4224,0.5776,0.4414,0.6036,3
401815454,MLB,2026-05-23 01:40:00+00:00,Arizona Diamondbacks,Colorado Rockies,0.6346,0.3654,0.6609,0.3805,9
401815453,MLB,2026-05-23 02:15:00+00:00,San Francisco Giants,Chicago White Sox,0.4915,0.5085,0.5106,0.5282,9
401815460,MLB,2026-05-23 19:07:00+00:00,Toronto Blue Jays,Pittsburgh Pirates,0.4222,0.5778,0.4363,0.5971,4
401815456,MLB,2026-05-23 20:05:00+00:00,Philadelphia Phillies,Cleveland Guardians,0.6407,0.3593,0.6612,0.3708,4
401815468,MLB,2026-05-23 20:05:00+00:00,San Francisco Giants,Chicago White Sox,0.5302,0.4698,0.548,0.4856,4
401815466,MLB,2026-05-23 20:10:00+00:00,Kansas City Royals,Seattle Mariners,0.4419,0.5581,0.4572,0.5773,4
401815461,MLB,2026-05-23 23:15:00+00:00,Cincinnati Reds,St. Louis Cardinals,0.5005,0.4995,0.5227,0.5218,3
401815465,MLB,2026-05-23 23:15:00+00:00,Milwaukee Brewers,Los Angeles Dodgers,0.4719,0.5281,0.4899,0.5481,6
401815467,MLB,2026-05-24 01:40:00+00:00,San Diego Padres,Athletics,0.4982,0.5018,0.5175,0.5212,7
401815470,MLB,2026-05-24 02:05:00+00:00,Los Angeles Angels,Texas Rangers,0.4471,0.5529,0.4641,0.5738,7
401815469,MLB,2026-05-24 02:10:00+00:00,Arizona Diamondbacks,Colorado Rockies,0.6148,0.3852,0.6388,0.4002,7
401815483,MLB,2026-05-24 20:05:00+00:00,San Francisco Giants,Chicago White Sox,0.4925,0.5075,0.5113,0.5269,6
401815478,MLB,2026-05-24 20:10:00+00:00,Atlanta Braves,Washington Nationals,0.608,0.392,0.631,0.4068,6
401815482,MLB,2026-05-24 20:10:00+00:00,San Diego Padres,Athletics,0.5993,0.4007,0.6212,0.4153,6
401815484,MLB,2026-05-24 20:10:00+00:00,Arizona Diamondbacks,Colorado Rockies,0.6111,0.3889,0.6337,0.4033,6
401815493,MLB,2026-05-25 19:40:00+00:00,Kansas City Royals,New York Yankees,0.4361,0.5639,0.4531,0.5859,7
401815487,MLB,2026-05-25 20:10:00+00:00,New York Mets,Cincinnati Reds,0.592,0.408,0.6136,0.4229,8
401815495,MLB,2026-05-25 21:05:00+00:00,San Francisco Giants,Arizona Diamondbacks,0.566,0.434,0.5874,0.4503,8
401815490,MLB,2026-05-25 22:10:00+00:00,Cleveland Guardians,Washington Nationals,0.6159,0.3841,0.6402,0.3992,9
401815497,MLB,2026-05-25 22:40:00+00:00,San Diego Padres,Philadelphia Phillies,0.4645,0.5355,0.4824,0.556,9
401815491,MLB,2026-05-25 23:05:00+00:00,Texas Rangers,Houston Astros,0.5574,0.4426,0.5828,0.4627,5
401815488,MLB,2026-05-25 23:07:00+00:00,Toronto Blue Jays,Miami Marlins,0.6007,0.3993,0.6233,0.4144,9
401815496,MLB,2026-05-26 01:10:00+00:00,Los Angeles Dodgers,Colorado Rockies,0.715,0.285,0.7451,0.297,8
401815498,MLB,2026-05-26 01:40:00+00:00,Athletics,Seattle Mariners,0.4848,0.5152,0.5054,0.5371,9
401815505,MLB,2026-05-26 22:10:00+00:00,Cleveland Guardians,Washington Nationals,0.5664,0.4336,0.5878,0.4499,6
401815504,MLB,2026-05-26 22:35:00+00:00,Baltimore Orioles,Tampa Bay Rays,0.4913,0.5087,0.5088,0.5268,7
401815499,MLB,2026-05-26 22:40:00+00:00,Detroit Tigers,Los Angeles Angels,0.5551,0.4449,0.5743,0.4603,7
401815501,MLB,2026-05-26 22:40:00+00:00,Pittsburgh Pirates,Chicago Cubs,0.5439,0.4561,0.5633,0.4724,7
401815500,MLB,2026-05-26 22:45:00+00:00,Boston Red Sox,Atlanta Braves,0.4919,0.5081,0.5097,0.5265,7
401815507,MLB,2026-05-26 23:40:00+00:00,Chicago White Sox,Minnesota Twins,0.4801,0.5199,0.4989,0.5402,8
401815508,MLB,2026-05-26 23:40:00+00:00,Kansas City Royals,New York Yankees,0.3577,0.6423,0.3725,0.6689,2
401815509,MLB,2026-05-26 23:40:00+00:00,Milwaukee Brewers,St. Louis Cardinals,0.5938,0.4062,0.6168,0.4218,9
401815506,MLB,2026-05-27 00:05:00+00:00,Texas Rangers,Houston Astros,0.5622,0.4378,0.5841,0.4548,9
401815512,MLB,2026-05-27 01:40:00+00:00,San Diego Padres,Philadelphia Phillies,0.5264,0.4736,0.5468,0.492,10
401815513,MLB,2026-05-27 01:40:00+00:00,Athletics,Seattle Mariners,0.4905,0.5095,0.5117,0.5315,9
401815510,MLB,2026-05-27 01:45:00+00:00,San Francisco Giants,Arizona Diamondbacks,0.5056,0.4944,0.5258,0.5142,10
401815511,MLB,2026-05-27 02:10:00+00:00,Los Angeles Dodgers,Colorado Rockies,0.6771,0.3229,0.7043,0.3359,10
401815525,MLB,2026-05-27 19:45:00+00:00,San Francisco Giants,Arizona Diamondbacks,0.4518,0.5482,0.4679,0.5677,5
401815527,MLB,2026-05-27 20:10:00+00:00,San Diego Padres,Philadelphia Phillies,0.4291,0.5709,0.4436,0.5901,4
401815514,MLB,2026-05-27 22:40:00+00:00,Detroit Tigers,Los Angeles Angels,0.5314,0.4686,0.5515,0.4863,6
401815516,MLB,2026-05-27 22:40:00+00:00,Pittsburgh Pirates,Chicago Cubs,0.5106,0.4894,0.5301,0.5081,6
401815515,MLB,2026-05-27 22:45:00+00:00,Boston Red Sox,Atlanta Braves,0.4631,0.5369,0.4802,0.5567,6
401815517,MLB,2026-05-27 23:10:00+00:00,New York Mets,Cincinnati Reds,0.5286,0.4714,0.551,0.4914,2
401815522,MLB,2026-05-27 23:40:00+00:00,Chicago White Sox,Minnesota Twins,0.5392,0.4608,0.5628,0.4809,4
401815523,MLB,2026-05-27 23:40:00+00:00,Kansas City Royals,New York Yankees,0.4267,0.5733,0.4432,0.5953,7
401815521,MLB,2026-05-28 00:05:00+00:00,Texas Rangers,Houston Astros,0.599,0.401,0.6217,0.4163,7
401815526,MLB,2026-05-28 02:10:00+00:00,Los Angeles Dodgers,Colorado Rockies,0.7692,0.2308,0.8001,0.24,8
401815532,MLB,2026-05-28 22:35:00+00:00,Baltimore Orioles,Toronto Blue Jays,0.5463,0.4537,0.5704,0.4736,5
401815531,MLB,2026-05-28 22:40:00+00:00,Pittsburgh Pirates,Chicago Cubs,0.6025,0.3975,0.6266,0.4135,8
401815533,MLB,2026-05-29 00:05:00+00:00,Texas Rangers,Houston Astros,0.5807,0.4193,0.6041,0.4361,9
401815536,MLB,2026-05-29 22:40:00+00:00,Cincinnati Reds,Atlanta Braves,0.4379,0.5621,0.4544,0.5834,9
401815539,MLB,2026-05-29 22:45:00+00:00,Pittsburgh Pirates,Minnesota Twins,0.559,0.441,0.5815,0.4588,8
401815540,MLB,2026-05-29 22:45:00+00:00,Washington Nationals,San Diego Padres,0.4971,0.5029,0.5176,0.5236,8
401815535,MLB,2026-05-29 23:10:00+00:00,Tampa Bay Rays,Los Angeles Angels,0.6147,0.3853,0.6391,0.4005,10
401815537,MLB,2026-05-29 23:10:00+00:00,Cleveland Guardians,Boston Red Sox,0.5207,0.4793,0.5451,0.5017,6
401815538,MLB,2026-05-29 23:10:00+00:00,New York Mets,Miami Marlins,0.5289,0.4711,0.5496,0.4895,10
401815542,MLB,2026-05-29 23:15:00+00:00,St. Louis Cardinals,Chicago Cubs,0.4493,0.5507,0.4668,0.5722,7
401815543,MLB,2026-05-29 23:40:00+00:00,Chicago White Sox,Detroit Tigers,0.4746,0.5254,0.4931,0.546,10
401815544,MLB,2026-05-30 00:05:00+00:00,Texas Rangers,Kansas City Royals,0.5333,0.4667,0.5558,0.4863,9
401815545,MLB,2026-05-30 00:10:00+00:00,Houston Astros,Milwaukee Brewers,0.4748,0.5252,0.4931,0.5453,5
401815546,MLB,2026-05-30 00:40:00+00:00,Colorado Rockies,San Francisco Giants,0.4013,0.5987,0.4179,0.6236,10
401815548,MLB,2026-05-30 01:40:00+00:00,Athletics,New York Yankees,0.4241,0.5759,0.4405,0.5982,10
401815547,MLB,2026-05-30 02:10:00+00:00,Seattle Mariners,Arizona Diamondbacks,0.575,0.425,0.5976,0.4416,10
401815549,MLB,2026-05-30 02:15:00+00:00,Los Angeles Dodgers,Philadelphia Phillies,0.5172,0.4828,0.538,0.5023,10
401815558,MLB,2026-05-30 18:10:00+00:00,Chicago White Sox,Detroit Tigers,0.4755,0.5245,0.4915,0.5421,4
401815554,MLB,2026-05-30 20:05:00+00:00,Pittsburgh Pirates,Minnesota Twins,0.5647,0.4353,0.586,0.4516,6
401815556,MLB,2026-05-30 20:05:00+00:00,Baltimore Orioles,Toronto Blue Jays,0.4605,0.5395,0.4775,0.5593,6
401815559,MLB,2026-05-30 20:05:00+00:00,Texas Rangers,Kansas City Royals,0.5336,0.4664,0.5536,0.4839,6
401815550,MLB,2026-05-30 20:10:00+00:00,Tampa Bay Rays,Los Angeles Angels,0.6013,0.3987,0.6232,0.4133,6
401815552,MLB,2026-05-30 20:10:00+00:00,Cleveland Guardians,Boston Red Sox,0.559,0.441,0.5798,0.4574,6
401815553,MLB,2026-05-30 20:10:00+00:00,New York Mets,Miami Marlins,0.5639,0.4361,0.5848,0.4523,6
401815560,MLB,2026-05-30 20:10:00+00:00,Houston Astros,Milwaukee Brewers,0.4909,0.5091,0.5094,0.5283,6
401815551,MLB,2026-05-30 23:15:00+00:00,Cincinnati Reds,Atlanta Braves,0.444,0.556,0.4616,0.5781,7
401815557,MLB,2026-05-30 23:15:00+00:00,St. Louis Cardinals,Chicago Cubs,0.4547,0.5453,0.472,0.566,7
401815561,MLB,2026-05-31 01:10:00+00:00,Colorado Rockies,San Francisco Giants,0.4766,0.5234,0.4975,0.5464,2
401815563,MLB,2026-05-31 02:05:00+00:00,Athletics,New York Yankees,0.4274,0.5726,0.4441,0.595,10
401815562,MLB,2026-05-31 02:10:00+00:00,Seattle Mariners,Arizona Diamondbacks,0.5934,0.4066,0.6173,0.423,9
401815564,MLB,2026-05-31 02:10:00+00:00,Los Angeles Dodgers,Philadelphia Phillies,0.5339,0.4661,0.5518,0.4817,4
401815569,MLB,2026-05-31 17:35:00+00:00,Pittsburgh Pirates,Minnesota Twins,0.5858,0.4142,0.6098,0.4311,2
401815570,MLB,2026-05-31 17:35:00+00:00,Washington Nationals,San Diego Padres,0.442,0.558,0.4619,0.5831,2
401815565,MLB,2026-05-31 17:40:00+00:00,Tampa Bay Rays,Los Angeles Angels,0.6352,0.3648,0.6623,0.3803,2
401815566,MLB,2026-05-31 17:40:00+00:00,Cincinnati Reds,Atlanta Braves,0.4766,0.5234,0.4975,0.5464,2
401815567,MLB,2026-05-31 17:40:00+00:00,Cleveland Guardians,Boston Red Sox,0.485,0.515,0.5064,0.5376,2
401815568,MLB,2026-05-31 17:40:00+00:00,New York Mets,Miami Marlins,0.6099,0.3901,0.6369,0.4073,2
401815573,MLB,2026-05-31 18:10:00+00:00,Chicago White Sox,Detroit Tigers,0.5473,0.4527,0.565,0.4674,4
401815575,MLB,2026-05-31 18:10:00+00:00,Houston Astros,Milwaukee Brewers,0.3743,0.6257,0.3865,0.6462,4
401815574,MLB,2026-05-31 18:35:00+00:00,Texas Rangers,Kansas City Royals,0.5137,0.4863,0.5308,0.5025,4
401815576,MLB,2026-05-31 19:10:00+00:00,Colorado Rockies,San Francisco Giants,0.4686,0.5314,0.4839,0.5487,4
401815577,MLB,2026-05-31 20:10:00+00:00,Seattle Mariners,Arizona Diamondbacks,0.5769,0.4231,0.5962,0.4372,4
401815579,MLB,2026-05-31 20:10:00+00:00,Los Angeles Dodgers,Philadelphia Phillies,0.6627,0.3373,0.692,0.3522,2
401815572,MLB,2026-05-31 23:20:00+00:00,St. Louis Cardinals,Chicago Cubs,0.4917,0.5083,0.5117,0.5289,7
401815580,MLB,2026-06-01 22:40:00+00:00,Tampa Bay Rays,Detroit Tigers,0.6014,0.3986,0.6238,0.4134,9
401815582,MLB,2026-06-01 22:45:00+00:00,Washington Nationals,Miami Marlins,0.5632,0.4368,0.5849,0.4537,9
401815581,MLB,2026-06-01 23:10:00+00:00,Cincinnati Reds,Kansas City Royals,0.6122,0.3878,0.6365,0.4032,10
401815583,MLB,2026-06-01 23:40:00+00:00,Minnesota Twins,Chicago White Sox,0.6032,0.3968,0.6271,0.4126,10
401815584,MLB,2026-06-01 23:40:00+00:00,Milwaukee Brewers,San Francisco Giants,0.5604,0.4396,0.5823,0.4567,9
401815585,MLB,2026-06-01 23:45:00+00:00,St. Louis Cardinals,Texas Rangers,0.4746,0.5254,0.494,0.5468,9
401815586,MLB,2026-06-02 01:38:00+00:00,Los Angeles Angels,Colorado Rockies,0.6395,0.3605,0.665,0.3749,10
401815587,MLB,2026-06-02 01:40:00+00:00,Arizona Diamondbacks,Los Angeles Dodgers,0.4192,0.5808,0.4356,0.6036,10
401815588,MLB,2026-06-02 01:40:00+00:00,Seattle Mariners,New York Mets,0.5491,0.4509,0.5697,0.4678,9
401815591,MLB,2026-06-02 22:40:00+00:00,Tampa Bay Rays,Detroit Tigers,0.5554,0.4446,0.5767,0.4618,7
401815594,MLB,2026-06-02 22:40:00+00:00,Philadelphia Phillies,San Diego Padres,0.5407,0.4593,0.5607,0.4762,8
401815589,MLB,2026-06-02 22:45:00+00:00,Boston Red Sox,Baltimore Orioles,0.5457,0.4543,0.5654,0.4707,8
401815593,MLB,2026-06-02 22:45:00+00:00,Washington Nationals,Miami Marlins,0.5,0.5,0.5208,0.5208,2
401815590,MLB,2026-06-02 23:05:00+00:00,New York Yankees,Cleveland Guardians,0.6556,0.3444,0.6798,0.3572,8
401815592,MLB,2026-06-02 23:10:00+00:00,Cincinnati Reds,Kansas City Royals,0.5208,0.4792,0.5435,0.5,2
401815595,MLB,2026-06-02 23:15:00+00:00,Atlanta Braves,Toronto Blue Jays,0.5413,0.4587,0.5611,0.4754,8
401815597,MLB,2026-06-02 23:40:00+00:00,Minnesota Twins,Chicago White Sox,0.4802,0.5198,0.4992,0.5403,7
401815599,MLB,2026-06-02 23:40:00+00:00,Milwaukee Brewers,San Francisco Giants,0.6251,0.3749,0.6488,0.3892,7
401815600,MLB,2026-06-02 23:45:00+00:00,St. Louis Cardinals,Texas Rangers,0.4894,0.5106,0.5088,0.5308,7
401815596,MLB,2026-06-03 00:05:00+00:00,Chicago Cubs,Athletics,0.5311,0.4689,0.5507,0.4861,8
401815598,MLB,2026-06-03 00:10:00+00:00,Houston Astros,Pittsburgh Pirates,0.5102,0.4898,0.5295,0.5084,8
401815601,MLB,2026-06-03 01:38:00+00:00,Los Angeles Angels,Colorado Rockies,0.5913,0.4087,0.6145,0.4247,8
401815602,MLB,2026-06-03 01:40:00+00:00,Arizona Diamondbacks,Los Angeles Dodgers,0.4728,0.5272,0.4918,0.5484,8
401815603,MLB,2026-06-03 01:40:00+00:00,Seattle Mariners,New York Mets,0.5709,0.4291,0.5962,0.448,4
401815609,MLB,2026-06-03 22:40:00+00:00,Philadelphia Phillies,San Diego Padres,0.6371,0.3629,0.6612,0.3766,7
401815604,MLB,2026-06-03 22:45:00+00:00,Boston Red Sox,Baltimore Orioles,0.5779,0.4221,0.5994,0.4378,7
401815605,MLB,2026-06-03 23:05:00+00:00,New York Yankees,Cleveland Guardians,0.5905,0.4095,0.6136,0.4255,8
401815607,MLB,2026-06-03 23:10:00+00:00,Cincinnati Reds,Kansas City Royals,0.5655,0.4345,0.5884,0.4522,8
401815610,MLB,2026-06-03 23:15:00+00:00,Atlanta Braves,Toronto Blue Jays,0.5688,0.4312,0.5914,0.4484,8
401815614,MLB,2026-06-03 23:40:00+00:00,Milwaukee Brewers,San Francisco Giants,0.5776,0.4224,0.6032,0.4411,6
401815615,MLB,2026-06-03 23:45:00+00:00,St. Louis Cardinals,Texas Rangers,0.5085,0.4915,0.5296,0.5119,8
401815611,MLB,2026-06-04 00:05:00+00:00,Chicago Cubs,Athletics,0.5297,0.4703,0.5503,0.4886,8
401815613,MLB,2026-06-04 00:10:00+00:00,Houston Astros,Pittsburgh Pirates,0.4169,0.5831,0.4331,0.6058,8
401815616,MLB,2026-06-04 01:38:00+00:00,Los Angeles Angels,Colorado Rockies,0.5896,0.4104,0.6127,0.4265,8
401815617,MLB,2026-06-04 01:40:00+00:00,Arizona Diamondbacks,Los Angeles Dodgers,0.37,0.63,0.3846,0.6548,8
401815622,MLB,2026-06-04 23:15:00+00:00,Atlanta Braves,Toronto Blue Jays,0.6264,0.3736,0.6536,0.3899,2
401815624,MLB,2026-06-04 23:40:00+00:00,Minnesota Twins,Kansas City Royals,0.4955,0.5045,0.5169,0.5263,2
401815623,MLB,2026-06-05 00:05:00+00:00,Chicago Cubs,Athletics,0.5426,0.4574,0.565,0.4762,2
401815625,MLB,2026-06-05 00:10:00+00:00,Houston Astros,Pittsburgh Pirates,0.5041,0.4959,0.5236,0.5152,7
401815627,MLB,2026-06-05 01:40:00+00:00,Arizona Diamondbacks,Los Angeles Dodgers,0.4338,0.5662,0.4512,0.5888,9
401815630,MLB,2026-06-05 22:40:00+00:00,Philadelphia Phillies,Chicago White Sox,0.627,0.373,0.6512,0.3874,7
401815632,MLB,2026-06-05 22:40:00+00:00,Detroit Tigers,Seattle Mariners,0.4575,0.5425,0.4749,0.5632,7
401815629,MLB,2026-06-05 23:05:00+00:00,New York Yankees,Boston Red Sox,0.569,0.431,0.5922,0.4485,8
401815633,MLB,2026-06-05 23:10:00+00:00,Miami Marlins,Tampa Bay Rays,0.4387,0.5613,0.4587,0.5869,5
401815631,MLB,2026-06-05 23:15:00+00:00,Atlanta Braves,Pittsburgh Pirates,0.554,0.446,0.5769,0.4644,3
401815634,MLB,2026-06-06 00:10:00+00:00,Houston Astros,Athletics,0.4958,0.5042,0.5196,0.5284,4
401815635,MLB,2026-06-06 00:15:00+00:00,St. Louis Cardinals,Cincinnati Reds,0.552,0.448,0.5726,0.4647,9
401815636,MLB,2026-06-06 00:15:00+00:00,Texas Rangers,Cleveland Guardians,0.4364,0.5636,0.4535,0.5857,9
401815637,MLB,2026-06-06 00:15:00+00:00,Minnesota Twins,Kansas City Royals,0.5122,0.4878,0.5325,0.5071,9
401815639,MLB,2026-06-06 00:40:00+00:00,Colorado Rockies,Milwaukee Brewers,0.421,0.579,0.4369,0.6009,9
401815641,MLB,2026-06-06 01:40:00+00:00,San Diego Padres,New York Mets,0.5432,0.4568,0.5643,0.4745,9
401815642,MLB,2026-06-06 01:40:00+00:00,Arizona Diamondbacks,Washington Nationals,0.5493,0.4507,0.5716,0.469,8
401815640,MLB,2026-06-06 02:10:00+00:00,Los Angeles Dodgers,Los Angeles Angels,0.6264,0.3736,0.6536,0.3899,2
401815643,MLB,2026-06-06 19:07:00+00:00,Toronto Blue Jays,Baltimore Orioles,0.5,0.5,0.5218,0.5218,3
401815645,MLB,2026-06-06 20:05:00+00:00,Philadelphia Phillies,Chicago White Sox,0.5365,0.4635,0.5562,0.4804,6
401815646,MLB,2026-06-06 20:10:00+00:00,Atlanta Braves,Pittsburgh Pirates,0.5182,0.4818,0.5379,0.5001,6
401815649,MLB,2026-06-06 20:10:00+00:00,Houston Astros,Athletics,0.5146,0.4854,0.534,0.5037,6
401815657,MLB,2026-06-06 20:10:00+00:00,Arizona Diamondbacks,Washington Nationals,0.5927,0.4073,0.6142,0.422,6
401815651,MLB,2026-06-06 23:35:00+00:00,Texas Rangers,Cleveland Guardians,0.504,0.496,0.5246,0.5162,8
401815654,MLB,2026-06-07 01:10:00+00:00,Colorado Rockies,Milwaukee Brewers,0.3147,0.6853,0.3265,0.711,9
401815655,MLB,2026-06-07 02:10:00+00:00,Los Angeles Dodgers,Los Angeles Angels,0.7405,0.2595,0.7686,0.2693,9
401815656,MLB,2026-06-07 02:10:00+00:00,San Diego Padres,New York Mets,0.4726,0.5274,0.4913,0.5482,10
401815670,MLB,2026-06-07 20:10:00+00:00,Los Angeles Dodgers,Los Angeles Angels,0.639,0.361,0.6623,0.3741,6
401815671,MLB,2026-06-07 20:10:00+00:00,San Diego Padres,New York Mets,0.5091,0.4909,0.5319,0.5128,3
401815668,MLB,2026-06-08 00:30:00+00:00,Chicago Cubs,San Francisco Giants,0.5146,0.4854,0.5365,0.506,9
401815676,MLB,2026-06-08 22:35:00+00:00,Baltimore Orioles,Seattle Mariners,0.4607,0.5393,0.48,0.5618,3
401815673,MLB,2026-06-08 22:40:00+00:00,Tampa Bay Rays,Boston Red Sox,0.4822,0.5178,0.5042,0.5415,3
401815674,MLB,2026-06-08 22:40:00+00:00,Cleveland Guardians,New York Yankees,0.5104,0.4896,0.5295,0.508,8
401815675,MLB,2026-06-08 23:07:00+00:00,Toronto Blue Jays,Philadelphia Phillies,0.3851,0.6149,0.399,0.637,8
401815678,MLB,2026-06-09 01:38:00+00:00,Los Angeles Angels,Houston Astros,0.4735,0.5265,0.4925,0.5478,10
401815677,MLB,2026-06-09 01:40:00+00:00,San Diego Padres,Cincinnati Reds,0.5559,0.4441,0.5779,0.4617,10
401815680,MLB,2026-06-09 01:45:00+00:00,San Francisco Giants,Washington Nationals,0.6171,0.3829,0.6419,0.3983,10
401815679,MLB,2026-06-09 02:05:00+00:00,Athletics,Milwaukee Brewers,0.4112,0.5888,0.427,0.6113,10
401815687,MLB,2026-06-09 22:35:00+00:00,Baltimore Orioles,Seattle Mariners,0.4701,0.5299,0.4879,0.55,6
401815681,MLB,2026-06-09 22:40:00+00:00,Miami Marlins,Arizona Diamondbacks,0.5292,0.4708,0.5481,0.4877,7
401815682,MLB,2026-06-09 22:40:00+00:00,Tampa Bay Rays,Boston Red Sox,0.5045,0.4955,0.5237,0.5144,6
401815683,MLB,2026-06-09 22:40:00+00:00,Pittsburgh Pirates,Los Angeles Dodgers,0.4945,0.5055,0.5124,0.5237,7
401815684,MLB,2026-06-09 22:40:00+00:00,Detroit Tigers,Minnesota Twins,0.5227,0.4773,0.5414,0.4944,7
401815685,MLB,2026-06-09 22:40:00+00:00,Cleveland Guardians,New York Yankees,0.455,0.545,0.4717,0.5651,6
401815686,MLB,2026-06-09 23:07:00+00:00,Toronto Blue Jays,Philadelphia Phillies,0.4944,0.5056,0.5164,0.5282,3
401815688,MLB,2026-06-09 23:10:00+00:00,New York Mets,St. Louis Cardinals,0.5379,0.4621,0.5571,0.4786,7
401815689,MLB,2026-06-09 23:40:00+00:00,Chicago White Sox,Atlanta Braves,0.4162,0.5838,0.4306,0.604,7
401815690,MLB,2026-06-09 23:40:00+00:00,Kansas City Royals,Texas Rangers,0.4739,0.5261,0.4911,0.5451,7
401815691,MLB,2026-06-10 00:40:00+00:00,Colorado Rockies,Chicago Cubs,0.4263,0.5737,0.4418,0.5945,7
401815693,MLB,2026-06-10 01:38:00+00:00,Los Angeles Angels,Houston Astros,0.4729,0.5271,0.4913,0.5475,6
401815692,MLB,2026-06-10 01:40:00+00:00,San Diego Padres,Cincinnati Reds,0.4809,0.5191,0.4981,0.5377,5
401815695,MLB,2026-06-10 01:45:00+00:00,San Francisco Giants,Washington Nationals,0.5181,0.4819,0.5382,0.5006,6
401815694,MLB,2026-06-10 02:05:00+00:00,Athletics,Milwaukee Brewers,0.486,0.514,0.5045,0.5335,6
401815710,MLB,2026-06-10 19:45:00+00:00,San Francisco Giants,Washington Nationals,0.5284,0.4716,0.5461,0.4873,4
401815707,MLB,2026-06-10 20:10:00+00:00,San Diego Padres,Cincinnati Reds,0.5875,0.4125,0.6062,0.4256,4
401815702,MLB,2026-06-10 22:35:00+00:00,Baltimore Orioles,Seattle Mariners,0.4663,0.5337,0.4843,0.5543,7
401815696,MLB,2026-06-10 22:40:00+00:00,Miami Marlins,Arizona Diamondbacks,0.502,0.498,0.5216,0.5175,7
401815698,MLB,2026-06-10 22:40:00+00:00,Pittsburgh Pirates,Los Angeles Dodgers,0.3751,0.6249,0.3895,0.6489,7
401815701,MLB,2026-06-10 23:07:00+00:00,Toronto Blue Jays,Philadelphia Phillies,0.436,0.564,0.4527,0.5856,6
401815703,MLB,2026-06-10 23:10:00+00:00,New York Mets,St. Louis Cardinals,0.5505,0.4495,0.5705,0.4658,7
401815704,MLB,2026-06-10 23:40:00+00:00,Chicago White Sox,Atlanta Braves,0.4155,0.5845,0.4308,0.6061,7
401815705,MLB,2026-06-10 23:40:00+00:00,Kansas City Royals,Texas Rangers,0.4814,0.5186,0.5002,0.5387,7
401815706,MLB,2026-06-11 00:40:00+00:00,Colorado Rockies,Chicago Cubs,0.3997,0.6003,0.4143,0.6222,7
401815709,MLB,2026-06-11 01:05:00+00:00,Athletics,Milwaukee Brewers,0.4923,0.5077,0.5117,0.5276,7
401815708,MLB,2026-06-11 01:38:00+00:00,Los Angeles Angels,Houston Astros,0.5268,0.4732,0.5482,0.4924,9
401815717,MLB,2026-06-11 18:10:00+00:00,Kansas City Royals,Texas Rangers,0.5286,0.4714,0.5465,0.4874,4
401815718,MLB,2026-06-11 19:10:00+00:00,Colorado Rockies,Chicago Cubs,0.4206,0.5794,0.4361,0.6007,6
401815712,MLB,2026-06-11 22:40:00+00:00,Pittsburgh Pirates,Los Angeles Dodgers,0.4212,0.5788,0.4373,0.6009,7
401815714,MLB,2026-06-11 23:00:00+00:00,Baltimore Orioles,Seattle Mariners,0.4956,0.5044,0.5156,0.5248,7
401815722,MLB,2026-06-12 22:40:00+00:00,Pittsburgh Pirates,Miami Marlins,0.567,0.433,0.5896,0.4503,8
401815725,MLB,2026-06-12 22:45:00+00:00,Washington Nationals,Seattle Mariners,0.4368,0.5632,0.4546,0.5862,8
401815724,MLB,2026-06-12 23:05:00+00:00,Baltimore Orioles,San Diego Padres,0.5606,0.4394,0.5834,0.4573,7
401815721,MLB,2026-06-12 23:10:00+00:00,Cleveland Guardians,Detroit Tigers,0.5004,0.4996,0.5203,0.5194,9
401815726,MLB,2026-06-12 23:10:00+00:00,Boston Red Sox,Texas Rangers,0.5505,0.4495,0.5719,0.4669,9
401815719,MLB,2026-06-12 23:15:00+00:00,Cincinnati Reds,Arizona Diamondbacks,0.4975,0.5025,0.5173,0.5225,9
401815720,MLB,2026-06-12 23:15:00+00:00,New York Mets,Atlanta Braves,0.4983,0.5017,0.5188,0.5225,8
401815729,MLB,2026-06-12 23:40:00+00:00,Milwaukee Brewers,Philadelphia Phillies,0.6865,0.3135,0.7132,0.3256,9
401815727,MLB,2026-06-13 00:10:00+00:00,Kansas City Royals,Houston Astros,0.4791,0.5209,0.4982,0.5416,9
401815730,MLB,2026-06-13 00:10:00+00:00,Minnesota Twins,St. Louis Cardinals,0.5548,0.4452,0.5763,0.4625,9
401815733,MLB,2026-06-13 01:38:00+00:00,Los Angeles Angels,Tampa Bay Rays,0.386,0.614,0.4011,0.6379,10
401815732,MLB,2026-06-13 02:05:00+00:00,Athletics,Colorado Rockies,0.6173,0.3827,0.6411,0.3975,7
401815731,MLB,2026-06-13 02:15:00+00:00,San Francisco Giants,Chicago Cubs,0.5029,0.4971,0.5231,0.517,9
401815745,MLB,2026-06-13 18:10:00+00:00,Minnesota Twins,St. Louis Cardinals,0.4975,0.5025,0.5142,0.5195,4
401815738,MLB,2026-06-13 19:07:00+00:00,Toronto Blue Jays,New York Yankees,0.451,0.549,0.4656,0.5667,4
401815739,MLB,2026-06-13 20:05:00+00:00,Baltimore Orioles,San Diego Padres,0.5328,0.4672,0.5504,0.4825,4
401815740,MLB,2026-06-13 20:05:00+00:00,Washington Nationals,Seattle Mariners,0.5,0.5,0.5168,0.5168,4
401815734,MLB,2026-06-13 20:10:00+00:00,Cincinnati Reds,Arizona Diamondbacks,0.4549,0.5451,0.4695,0.5627,4
401815735,MLB,2026-06-13 20:10:00+00:00,New York Mets,Atlanta Braves,0.5066,0.4934,0.5245,0.5109,4
401815736,MLB,2026-06-13 20:10:00+00:00,Cleveland Guardians,Detroit Tigers,0.4301,0.5699,0.4445,0.5891,4
401815741,MLB,2026-06-13 20:10:00+00:00,Boston Red Sox,Texas Rangers,0.5214,0.4786,0.5387,0.4945,4
401815743,MLB,2026-06-13 20:10:00+00:00,Chicago White Sox,Los Angeles Dodgers,0.3593,0.6407,0.3708,0.6612,4
401815742,MLB,2026-06-13 23:10:00+00:00,Kansas City Royals,Houston Astros,0.5431,0.4569,0.5641,0.4746,7
401815744,MLB,2026-06-13 23:10:00+00:00,Milwaukee Brewers,Philadelphia Phillies,0.5583,0.4417,0.5805,0.4592,7
401815746,MLB,2026-06-14 02:05:00+00:00,San Francisco Giants,Chicago Cubs,0.4665,0.5335,0.4858,0.5556,8
401815747,MLB,2026-06-14 02:05:00+00:00,Athletics,Colorado Rockies,0.6097,0.3903,0.6346,0.4063,8
401815748,MLB,2026-06-14 02:07:00+00:00,Los Angeles Angels,Tampa Bay Rays,0.497,0.503,0.521,0.5273,3
401815762,MLB,2026-06-14 19:05:00+00:00,Athletics,Colorado Rockies,0.6117,0.3883,0.6321,0.4013,4
401815761,MLB,2026-06-14 19:10:00+00:00,San Francisco Giants,Chicago Cubs,0.5605,0.4395,0.5791,0.4542,4
401815756,MLB,2026-06-14 23:20:00+00:00,Boston Red Sox,Texas Rangers,0.5031,0.4969,0.5223,0.5158,8
401815765,MLB,2026-06-15 22:40:00+00:00,Philadelphia Phillies,Miami Marlins,0.6419,0.3581,0.6658,0.3715,9
401815764,MLB,2026-06-15 22:45:00+00:00,Washington Nationals,Kansas City Royals,0.5426,0.4574,0.565,0.4762,2
401815766,MLB,2026-06-15 23:10:00+00:00,Cincinnati Reds,New York Mets,0.5485,0.4515,0.5704,0.4695,3
401815767,MLB,2026-06-16 00:05:00+00:00,Chicago Cubs,Colorado Rockies,0.642,0.358,0.6624,0.3694,4
401815768,MLB,2026-06-16 00:10:00+00:00,Houston Astros,Detroit Tigers,0.555,0.445,0.5771,0.4627,10
401815771,MLB,2026-06-16 01:40:00+00:00,Arizona Diamondbacks,Los Angeles Angels,0.5348,0.4652,0.5561,0.4837,9
401815772,MLB,2026-06-16 01:40:00+00:00,Athletics,Pittsburgh Pirates,0.538,0.462,0.5593,0.4802,10
401815773,MLB,2026-06-16 02:00:00+00:00,Los Angeles Dodgers,Tampa Bay Rays,0.594,0.406,0.6171,0.4218,10
401815776,MLB,2026-06-16 22:40:00+00:00,Philadelphia Phillies,Miami Marlins,0.6002,0.3998,0.623,0.415,7
401815775,MLB,2026-06-16 22:45:00+00:00,Washington Nationals,Kansas City Royals,0.5318,0.4682,0.5526,0.4864,7
401815774,MLB,2026-06-16 23:05:00+00:00,New York Yankees,Chicago White Sox,0.565,0.435,0.5865,0.4515,8
401815777,MLB,2026-06-16 23:10:00+00:00,Cincinnati Reds,New York Mets,0.4659,0.5341,0.4855,0.5566,3
401815778,MLB,2026-06-16 23:15:00+00:00,Atlanta Braves,San Francisco Giants,0.5822,0.4178,0.6033,0.433,8
401815780,MLB,2026-06-16 23:40:00+00:00,Milwaukee Brewers,Cleveland Guardians,0.5762,0.4238,0.5975,0.4394,8
401815784,MLB,2026-06-16 23:45:00+00:00,St. Louis Cardinals,San Diego Padres,0.5196,0.4804,0.5402,0.4994,7
401815781,MLB,2026-06-17 00:05:00+00:00,Chicago Cubs,Colorado Rockies,0.6327,0.3673,0.658,0.382,8
401815783,MLB,2026-06-17 00:05:00+00:00,Texas Rangers,Minnesota Twins,0.5559,0.4441,0.5786,0.4623,8
401815782,MLB,2026-06-17 00:10:00+00:00,Houston Astros,Detroit Tigers,0.5732,0.4268,0.5957,0.4435,8
401815785,MLB,2026-06-17 01:40:00+00:00,Arizona Diamondbacks,Los Angeles Angels,0.5104,0.4896,0.532,0.5103,9
401815786,MLB,2026-06-17 01:40:00+00:00,Seattle Mariners,Baltimore Orioles,0.5786,0.4214,0.601,0.4377,10
401815787,MLB,2026-06-17 01:40:00+00:00,Athletics,Pittsburgh Pirates,0.5411,0.4589,0.5637,0.478,9
401815788,MLB,2026-06-17 02:10:00+00:00,Los Angeles Dodgers,Tampa Bay Rays,0.5778,0.4222,0.6013,0.4393,9
401815802,MLB,2026-06-17 19:10:00+00:00,Los Angeles Dodgers,Tampa Bay Rays,0.6368,0.3632,0.658,0.3753,4
401815799,MLB,2026-06-17 19:40:00+00:00,Arizona Diamondbacks,Los Angeles Angels,0.6005,0.3995,0.6212,0.4133,4
401815794,MLB,2026-06-17 22:45:00+00:00,Boston Red Sox,Toronto Blue Jays,0.5306,0.4694,0.5508,0.4873,7
401815789,MLB,2026-06-17 23:05:00+00:00,New York Yankees,Chicago White Sox,0.6024,0.3976,0.6256,0.413,7
401815793,MLB,2026-06-17 23:15:00+00:00,Atlanta Braves,San Francisco Giants,0.5623,0.4377,0.5848,0.4553,7
401815795,MLB,2026-06-17 23:40:00+00:00,Milwaukee Brewers,Cleveland Guardians,0.5308,0.4692,0.5513,0.4872,7
401815796,MLB,2026-06-18 00:05:00+00:00,Chicago Cubs,Colorado Rockies,0.6256,0.3744,0.6488,0.3883,7
401815800,MLB,2026-06-18 01:40:00+00:00,Seattle Mariners,Baltimore Orioles,0.5652,0.4348,0.5879,0.4522,8
401815801,MLB,2026-06-18 01:40:00+00:00,Athletics,Pittsburgh Pirates,0.475,0.525,0.4945,0.5466,8
401815807,MLB,2026-06-18 18:10:00+00:00,Milwaukee Brewers,Cleveland Guardians,0.5537,0.4463,0.5724,0.4614,4
401815808,MLB,2026-06-18 18:35:00+00:00,Texas Rangers,Minnesota Twins,0.488,0.512,0.5045,0.5294,4
401815811,MLB,2026-06-18 20:10:00+00:00,Seattle Mariners,Baltimore Orioles,0.5817,0.4183,0.6025,0.4333,6
401815804,MLB,2026-06-18 22:40:00+00:00,Philadelphia Phillies,New York Mets,0.5338,0.4662,0.5529,0.4829,8
401815803,MLB,2026-06-18 23:05:00+00:00,New York Yankees,Chicago White Sox,0.5795,0.4205,0.6019,0.4368,7
401815809,MLB,2026-06-18 23:40:00+00:00,Kansas City Royals,St. Louis Cardinals,0.5239,0.4761,0.5432,0.4936,8
401815810,MLB,2026-06-19 01:40:00+00:00,Athletics,Los Angeles Angels,0.5475,0.4525,0.5682,0.4696,2
401815812,MLB,2026-06-19 22:40:00+00:00,Detroit Tigers,Chicago White Sox,0.6663,0.3337,0.6906,0.3459,6
401815813,MLB,2026-06-19 23:05:00+00:00,New York Yankees,Cincinnati Reds,0.6932,0.3068,0.7195,0.3185,6
401815816,MLB,2026-06-19 23:10:00+00:00,Tampa Bay Rays,Washington Nationals,0.523,0.477,0.5424,0.4948,8
401815818,MLB,2026-06-20 00:05:00+00:00,Texas Rangers,San Diego Padres,0.5876,0.4124,0.609,0.4274,9
401815817,MLB,2026-06-20 00:10:00+00:00,Houston Astros,Cleveland Guardians,0.5308,0.4692,0.5505,0.4867,9
401815819,MLB,2026-06-20 00:15:00+00:00,Kansas City Royals,St. Louis Cardinals,0.4807,0.5193,0.4992,0.5393,9
401815821,MLB,2026-06-20 00:40:00+00:00,Colorado Rockies,Pittsburgh Pirates,0.4481,0.5519,0.4649,0.5726,9
401815824,MLB,2026-06-20 01:45:00+00:00,Arizona Diamondbacks,Minnesota Twins,0.6054,0.3946,0.629,0.41,10
401815823,MLB,2026-06-20 02:10:00+00:00,Los Angeles Dodgers,Baltimore Orioles,0.628,0.372,0.6529,0.3867,10
401815837,MLB,2026-06-20 02:10:00+00:00,Seattle Mariners,Boston Red Sox,0.5412,0.4588,0.5626,0.4769,10
401815832,MLB,2026-06-20 20:05:00+00:00,Texas Rangers,San Diego Padres,0.5592,0.4408,0.5803,0.4574,6
401815827,MLB,2026-06-20 20:10:00+00:00,Atlanta Braves,Milwaukee Brewers,0.5452,0.4548,0.5651,0.4714,6
401815829,MLB,2026-06-20 20:10:00+00:00,Miami Marlins,San Francisco Giants,0.5574,0.4426,0.5787,0.4596,6
401815828,MLB,2026-06-20 23:15:00+00:00,Philadelphia Phillies,New York Mets,0.617,0.383,0.6405,0.3975,7
401815831,MLB,2026-06-20 23:15:00+00:00,Houston Astros,Cleveland Guardians,0.5613,0.4387,0.5839,0.4564,7
401815834,MLB,2026-06-21 01:10:00+00:00,Colorado Rockies,Pittsburgh Pirates,0.357,0.643,0.3708,0.6678,8
401814478,MLB,2026-06-21 02:10:00+00:00,Seattle Mariners,Boston Red Sox,0.5333,0.4667,0.5553,0.486,9
401815836,MLB,2026-06-21 02:10:00+00:00,Los Angeles Dodgers,Baltimore Orioles,0.6834,0.3166,0.7099,0.3288,8
401815838,MLB,2026-06-21 02:10:00+00:00,Arizona Diamondbacks,Minnesota Twins,0.545,0.455,0.5671,0.4735,9
401815849,MLB,2026-06-21 19:10:00+00:00,Colorado Rockies,Pittsburgh Pirates,0.4281,0.5719,0.4422,0.5909,4
401815851,MLB,2026-06-21 20:10:00+00:00,Los Angeles Dodgers,Baltimore Orioles,0.6593,0.3407,0.6804,0.3517,4
401815852,MLB,2026-06-21 20:10:00+00:00,Seattle Mariners,Boston Red Sox,0.5615,0.4385,0.5815,0.4541,4
401815842,MLB,2026-06-21 23:20:00+00:00,Philadelphia Phillies,New York Mets,0.6264,0.3736,0.6536,0.3899,2
401815858,MLB,2026-06-22 22:10:00+00:00,Detroit Tigers,New York Yankees,0.4595,0.5405,0.4763,0.5603,8
401815856,MLB,2026-06-22 22:40:00+00:00,Tampa Bay Rays,Kansas City Royals,0.6038,0.3962,0.6266,0.4112,8
401815860,MLB,2026-06-22 22:40:00+00:00,Miami Marlins,Texas Rangers,0.5254,0.4746,0.5447,0.4921,8
401815855,MLB,2026-06-22 23:07:00+00:00,Toronto Blue Jays,Houston Astros,0.5411,0.4589,0.565,0.4792,3
401815854,MLB,2026-06-22 23:10:00+00:00,New York Mets,Chicago Cubs,0.4946,0.5054,0.5152,0.5264,8
401815857,MLB,2026-06-22 23:10:00+00:00,Cincinnati Reds,Milwaukee Brewers,0.3907,0.6093,0.4062,0.6334,9
401815862,MLB,2026-06-22 23:40:00+00:00,Chicago White Sox,Cleveland Guardians,0.4895,0.5105,0.5097,0.5315,10
401815863,MLB,2026-06-22 23:40:00+00:00,Minnesota Twins,Los Angeles Dodgers,0.4184,0.5816,0.4346,0.6042,9
401815861,MLB,2026-06-22 23:45:00+00:00,St. Louis Cardinals,Arizona Diamondbacks,0.5616,0.4384,0.584,0.4558,10
401815864,MLB,2026-06-23 00:40:00+00:00,Colorado Rockies,Boston Red Sox,0.4669,0.5331,0.4855,0.5544,10
401815866,MLB,2026-06-23 01:38:00+00:00,Los Angeles Angels,Baltimore Orioles,0.4107,0.5893,0.4265,0.6118,10
401815865,MLB,2026-06-23 02:00:00+00:00,San Diego Padres,Atlanta Braves,0.4992,0.5008,0.5182,0.5197,7
401815869,MLB,2026-06-23 22:40:00+00:00,Tampa Bay Rays,Kansas City Royals,0.6328,0.3672,0.6568,0.381,7
401815871,MLB,2026-06-23 22:40:00+00:00,Detroit Tigers,New York Yankees,0.4894,0.5106,0.5088,0.5308,7
401815873,MLB,2026-06-23 22:40:00+00:00,Pittsburgh Pirates,Seattle Mariners,0.4807,0.5193,0.4993,0.5395,7
401815872,MLB,2026-06-23 22:45:00+00:00,Washington Nationals,Philadelphia Phillies,0.3998,0.6002,0.415,0.6229,7
401815870,MLB,2026-06-23 23:10:00+00:00,Cincinnati Reds,Milwaukee Brewers,0.4769,0.5231,0.4958,0.5439,7
401815876,MLB,2026-06-23 23:40:00+00:00,Chicago White Sox,Cleveland Guardians,0.4871,0.5129,0.5063,0.5332,7
401815877,MLB,2026-06-23 23:40:00+00:00,Minnesota Twins,Los Angeles Dodgers,0.4457,0.5543,0.463,0.5757,7
401815875,MLB,2026-06-23 23:45:00+00:00,St. Louis Cardinals,Arizona Diamondbacks,0.5068,0.4932,0.5269,0.5129,7
401815878,MLB,2026-06-24 00:40:00+00:00,Colorado Rockies,Boston Red Sox,0.4001,0.5999,0.415,0.6223,7
401815881,MLB,2026-06-24 01:38:00+00:00,Los Angeles Angels,Baltimore Orioles,0.4178,0.5822,0.4368,0.6085,3
401815879,MLB,2026-06-24 01:45:00+00:00,San Francisco Giants,Athletics,0.5323,0.4677,0.5529,0.4858,9
401815893,MLB,2026-06-24 19:10:00+00:00,Colorado Rockies,Boston Red Sox,0.3978,0.6022,0.4109,0.6221,4
401815896,MLB,2026-06-24 20:07:00+00:00,Los Angeles Angels,Baltimore Orioles,0.5303,0.4697,0.5508,0.4879,7
401815884,MLB,2026-06-24 22:40:00+00:00,Tampa Bay Rays,Kansas City Royals,0.572,0.428,0.5943,0.4446,7
401815886,MLB,2026-06-24 22:40:00+00:00,Detroit Tigers,New York Yankees,0.5659,0.4341,0.5878,0.4508,7
401815888,MLB,2026-06-24 22:40:00+00:00,Pittsburgh Pirates,Seattle Mariners,0.5156,0.4844,0.5357,0.5033,7
401815887,MLB,2026-06-24 22:45:00+00:00,Washington Nationals,Philadelphia Phillies,0.4543,0.5457,0.4715,0.5664,7
401815883,MLB,2026-06-24 23:07:00+00:00,Toronto Blue Jays,Houston Astros,0.5873,0.4127,0.6085,0.4276,8
401815885,MLB,2026-06-24 23:10:00+00:00,Cincinnati Reds,Milwaukee Brewers,0.4361,0.5639,0.4531,0.5859,7
401815892,MLB,2026-06-24 23:40:00+00:00,Minnesota Twins,Los Angeles Dodgers,0.4058,0.5942,0.4228,0.6192,2
401815890,MLB,2026-06-24 23:45:00+00:00,St. Louis Cardinals,Arizona Diamondbacks,0.5234,0.4766,0.5464,0.4975,2
401815895,MLB,2026-06-25 00:40:00+00:00,San Diego Padres,Atlanta Braves,0.4613,0.5387,0.4788,0.5592,7
401815894,MLB,2026-06-25 01:45:00+00:00,San Francisco Giants,Athletics,0.4617,0.5383,0.4796,0.5593,7
401815905,MLB,2026-06-25 19:45:00+00:00,San Francisco Giants,Athletics,0.5509,0.4491,0.5699,0.4647,4
401815898,MLB,2026-06-25 22:40:00+00:00,Detroit Tigers,Houston Astros,0.5257,0.4743,0.5429,0.4899,4
401815901,MLB,2026-06-25 22:45:00+00:00,Washington Nationals,Philadelphia Phillies,0.3819,0.6181,0.3962,0.6411,7
401815903,MLB,2026-06-25 23:07:00+00:00,Toronto Blue Jays,Texas Rangers,0.5742,0.4258,0.5969,0.4426,7
401815897,MLB,2026-06-25 23:10:00+00:00,New York Mets,Chicago Cubs,0.512,0.488,0.5323,0.5074,7
401815900,MLB,2026-06-25 23:10:00+00:00,Boston Red Sox,New York Yankees,0.4109,0.5891,0.4265,0.6115,7
401815907,MLB,2026-06-26 22:40:00+00:00,Pittsburgh Pirates,Cincinnati Reds,0.6493,0.3507,0.6789,0.3666,3
401815908,MLB,2026-06-26 22:40:00+00:00,Detroit Tigers,Houston Astros,0.523,0.477,0.5443,0.4963,8
401815913,MLB,2026-06-26 23:05:00+00:00,Baltimore Orioles,Washington Nationals,0.561,0.439,0.5882,0.4603,3
401815912,MLB,2026-06-26 23:07:00+00:00,Toronto Blue Jays,Texas Rangers,0.4912,0.5088,0.5116,0.53,8
401815906,MLB,2026-06-26 23:10:00+00:00,Tampa Bay Rays,Arizona Diamondbacks,0.5212,0.4788,0.5455,0.5011,3
401815909,MLB,2026-06-26 23:10:00+00:00,Boston Red Sox,New York Yankees,0.483,0.517,0.503,0.5385,8
401815910,MLB,2026-06-26 23:10:00+00:00,New York Mets,Philadelphia Phillies,0.4299,0.5701,0.4498,0.5965,3
401815911,MLB,2026-06-26 23:10:00+00:00,Cleveland Guardians,Seattle Mariners,0.5061,0.4939,0.5258,0.5132,9
401815916,MLB,2026-06-26 23:40:00+00:00,Chicago White Sox,Kansas City Royals,0.55,0.45,0.5748,0.4703,3
401815914,MLB,2026-06-26 23:45:00+00:00,Milwaukee Brewers,Chicago Cubs,0.688,0.312,0.7195,0.3262,3
401815915,MLB,2026-06-27 00:10:00+00:00,Minnesota Twins,Colorado Rockies,0.5961,0.4039,0.6192,0.4195,10
401815917,MLB,2026-06-27 00:15:00+00:00,St. Louis Cardinals,Miami Marlins,0.524,0.476,0.5445,0.4946,10
401815918,MLB,2026-06-27 01:38:00+00:00,Los Angeles Angels,Athletics,0.476,0.524,0.4947,0.5445,9
401815920,MLB,2026-06-27 01:45:00+00:00,San Diego Padres,Los Angeles Dodgers,0.4198,0.5802,0.436,0.6025,10
401815927,MLB,2026-06-27 19:07:00+00:00,Toronto Blue Jays,Texas Rangers,0.6095,0.3905,0.635,0.4067,2
401815925,MLB,2026-06-27 20:10:00+00:00,New York Mets,Philadelphia Phillies,0.5482,0.4518,0.5698,0.4696,2
401815931,MLB,2026-06-27 20:10:00+00:00,Chicago White Sox,Kansas City Royals,0.5687,0.4313,0.5913,0.4485,7
401815922,MLB,2026-06-27 20:40:00+00:00,Pittsburgh Pirates,Cincinnati Reds,0.4885,0.5115,0.508,0.532,8
401815921,MLB,2026-06-27 22:10:00+00:00,Tampa Bay Rays,Arizona Diamondbacks,0.606,0.394,0.6329,0.4116,2
401815928,MLB,2026-06-27 23:05:00+00:00,Baltimore Orioles,Washington Nationals,0.5171,0.4829,0.5374,0.5018,7
401815926,MLB,2026-06-27 23:10:00+00:00,Cleveland Guardians,Seattle Mariners,0.4295,0.5705,0.4459,0.5923,7
401815929,MLB,2026-06-27 23:10:00+00:00,Milwaukee Brewers,Chicago Cubs,0.599,0.401,0.625,0.4184,2
401815930,MLB,2026-06-27 23:10:00+00:00,Minnesota Twins,Colorado Rockies,0.5656,0.4344,0.5878,0.4514,7
401815935,MLB,2026-06-28 00:40:00+00:00,San Diego Padres,Los Angeles Dodgers,0.3619,0.6381,0.3756,0.6623,7
401815934,MLB,2026-06-28 01:05:00+00:00,San Francisco Giants,Atlanta Braves,0.5491,0.4509,0.5696,0.4678,7
401815933,MLB,2026-06-28 01:38:00+00:00,Los Angeles Angels,Athletics,0.5077,0.4923,0.5285,0.5124,8
401815949,MLB,2026-06-28 20:05:00+00:00,San Francisco Giants,Atlanta Braves,0.4192,0.5808,0.4329,0.5998,4
401815950,MLB,2026-06-28 20:10:00+00:00,San Diego Padres,Los Angeles Dodgers,0.4474,0.5526,0.4636,0.5726,4
401815939,MLB,2026-06-28 23:20:00+00:00,Boston Red Sox,New York Yankees,0.5223,0.4777,0.541,0.4947,7
401815951,MLB,2026-06-29 22:35:00+00:00,Baltimore Orioles,Chicago White Sox,0.5451,0.4549,0.566,0.4724,10
401815954,MLB,2026-06-29 22:40:00+00:00,Philadelphia Phillies,Pittsburgh Pirates,0.5091,0.4909,0.5298,0.5108,10
401815952,MLB,2026-06-29 23:05:00+00:00,New York Yankees,Detroit Tigers,0.5618,0.4382,0.5849,0.4562,9
401815953,MLB,2026-06-29 23:07:00+00:00,Toronto Blue Jays,New York Mets,0.5285,0.4715,0.5495,0.4902,10
401815956,MLB,2026-06-29 23:10:00+00:00,Boston Red Sox,Washington Nationals,0.6273,0.3727,0.6536,0.3884,2
401815957,MLB,2026-06-29 23:40:00+00:00,Milwaukee Brewers,Cincinnati Reds,0.5801,0.4199,0.6025,0.436,10
401815959,MLB,2026-06-30 00:05:00+00:00,Chicago Cubs,San Diego Padres,0.5823,0.4177,0.6061,0.4348,2
401815958,MLB,2026-06-30 00:10:00+00:00,Houston Astros,Minnesota Twins,0.5538,0.4462,0.5748,0.463,10
401815960,MLB,2026-06-30 00:40:00+00:00,Colorado Rockies,Miami Marlins,0.4747,0.5253,0.4951,0.5479,2
401815961,MLB,2026-06-30 01:40:00+00:00,Seattle Mariners,Los Angeles Angels,0.6595,0.3405,0.6855,0.354,10
401815962,MLB,2026-06-30 01:40:00+00:00,Athletics,Los Angeles Dodgers,0.4743,0.5257,0.4929,0.5463,10
401815963,MLB,2026-06-30 01:40:00+00:00,Arizona Diamondbacks,San Francisco Giants,0.5542,0.4458,0.5754,0.4628,10
401815964,MLB,2026-06-30 22:35:00+00:00,Baltimore Orioles,Chicago White Sox,0.5669,0.4331,0.5893,0.4503,7
401815967,MLB,2026-06-30 22:40:00+00:00,Philadelphia Phillies,Pittsburgh Pirates,0.6626,0.3374,0.6884,0.3506,7
401815969,MLB,2026-06-30 22:40:00+00:00,Cleveland Guardians,Texas Rangers,0.4841,0.5159,0.5034,0.5365,7
401815965,MLB,2026-06-30 23:05:00+00:00,New York Yankees,Detroit Tigers,0.565,0.435,0.5863,0.4515,7
401815966,MLB,2026-06-30 23:07:00+00:00,Toronto Blue Jays,New York Mets,0.5325,0.4675,0.5539,0.4863,7
401815970,MLB,2026-06-30 23:10:00+00:00,Boston Red Sox,Washington Nationals,0.5635,0.4365,0.5858,0.4537,7
401815968,MLB,2026-06-30 23:15:00+00:00,Atlanta Braves,St. Louis Cardinals,0.5919,0.4081,0.6146,0.4238,7
401815971,MLB,2026-06-30 23:40:00+00:00,Milwaukee Brewers,Cincinnati Reds,0.6141,0.3859,0.6381,0.401,7
401815974,MLB,2026-06-30 23:40:00+00:00,Kansas City Royals,Tampa Bay Rays,0.4763,0.5237,0.4943,0.5435,8
401815973,MLB,2026-07-01 00:05:00+00:00,Chicago Cubs,San Diego Padres,0.5847,0.4153,0.6061,0.4306,7
401815972,MLB,2026-07-01 00:10:00+00:00,Houston Astros,Minnesota Twins,0.4818,0.5182,0.5008,0.5385,7
401815975,MLB,2026-07-01 00:40:00+00:00,Colorado Rockies,Miami Marlins,0.4289,0.5711,0.4481,0.5967,5
401815976,MLB,2026-07-01 01:40:00+00:00,Seattle Mariners,Los Angeles Angels,0.6095,0.3905,0.6348,0.4067,9
401815977,MLB,2026-07-01 01:40:00+00:00,Athletics,Los Angeles Dodgers,0.4242,0.5758,0.4411,0.5988,9
401809243,NBA,2025-10-21 23:30:00+00:00,Oklahoma City Thunder,Houston Rockets,0.7169,0.2831,0.7482,0.2955,9
401809244,NBA,2025-10-22 02:00:00+00:00,Los Angeles Lakers,Golden State Warriors,0.4472,0.5528,0.4667,0.5768,10
401809234,NBA,2025-10-22 23:00:00+00:00,New York Knicks,Cleveland Cavaliers,0.4819,0.5181,0.5044,0.5424,10
401809933,NBA,2025-10-22 23:00:00+00:00,Charlotte Hornets,Brooklyn Nets,0.6435,0.3565,0.6694,0.3709,10
401809934,NBA,2025-10-22 23:00:00+00:00,Orlando Magic,Miami Heat,0.7489,0.2511,0.7807,0.2618,10
401809935,NBA,2025-10-22 23:30:00+00:00,Atlanta Hawks,Toronto Raptors,0.6591,0.3409,0.6878,0.3558,10
401809936,NBA,2025-10-22 23:30:00+00:00,Boston Celtics,Philadelphia 76ers,0.5499,0.4501,0.5735,0.4694,10
401809937,NBA,2025-10-23 00:00:00+00:00,Chicago Bulls,Detroit Pistons,0.3904,0.6096,0.4066,0.635,10
401809938,NBA,2025-10-23 00:00:00+00:00,Memphis Grizzlies,New Orleans Pelicans,0.6231,0.3769,0.6483,0.3921,10
401809939,NBA,2025-10-23 00:00:00+00:00,Milwaukee Bucks,Washington Wizards,0.7739,0.2261,0.8098,0.2366,10
401809235,NBA,2025-10-23 01:47:00+00:00,Dallas Mavericks,San Antonio Spurs,0.5627,0.4373,0.5872,0.4564,10
401809941,NBA,2025-10-23 02:00:00+00:00,Phoenix Suns,Sacramento Kings,0.6141,0.3859,0.6394,0.4017,10
401809942,NBA,2025-10-23 02:00:00+00:00,Portland Trail Blazers,Minnesota Timberwolves,0.3977,0.6023,0.4145,0.6279,10
401809236,NBA,2025-10-23 23:30:00+00:00,Indiana Pacers,Oklahoma City Thunder,0.2692,0.7308,0.2812,0.7635,6
401809237,NBA,2025-10-24 02:17:00+00:00,Golden State Warriors,Denver Nuggets,0.5432,0.4568,0.5675,0.4772,8
401809946,NBA,2025-10-24 22:30:00+00:00,Toronto Raptors,Milwaukee Bucks,0.522,0.478,0.5466,0.5006,6
401809943,NBA,2025-10-24 23:00:00+00:00,Orlando Magic,Atlanta Hawks,0.6643,0.3357,0.6961,0.3517,6
401809944,NBA,2025-10-24 23:30:00+00:00,Brooklyn Nets,Cleveland Cavaliers,0.1454,0.8546,0.1522,0.8943,6
401809945,NBA,2025-10-24 23:30:00+00:00,New York Knicks,Boston Celtics,0.6923,0.3077,0.7249,0.3221,6
401809947,NBA,2025-10-25 00:00:00+00:00,Houston Rockets,Detroit Pistons,0.6812,0.3188,0.7135,0.334,6
401809948,NBA,2025-10-25 00:00:00+00:00,Memphis Grizzlies,Miami Heat,0.5997,0.4003,0.6271,0.4187,6
401809949,NBA,2025-10-25 00:00:00+00:00,New Orleans Pelicans,San Antonio Spurs,0.4089,0.5911,0.4275,0.6179,6
401809950,NBA,2025-10-25 00:30:00+00:00,Dallas Mavericks,Washington Wizards,0.8245,0.1755,0.8621,0.1836,8
401809951,NBA,2025-10-25 02:00:00+00:00,Los Angeles Lakers,Minnesota Timberwolves,0.426,0.574,0.4445,0.5989,8
401809952,NBA,2025-10-25 02:00:00+00:00,Portland Trail Blazers,Golden State Warriors,0.4882,0.5118,0.5113,0.536,7
401809953,NBA,2025-10-25 02:00:00+00:00,Sacramento Kings,Utah Jazz,0.669,0.331,0.6988,0.3458,8
401809962,NBA,2025-10-26 22:00:00+00:00,Cleveland Cavaliers,Milwaukee Bucks,0.69,0.31,0.7223,0.3244,6
401809963,NBA,2025-10-26 22:00:00+00:00,Miami Heat,New York Knicks,0.4359,0.5641,0.4545,0.5882,1
401809966,NBA,2025-10-26 23:30:00+00:00,Dallas Mavericks,Toronto Raptors,0.5348,0.4652,0.5581,0.4855,5
401809968,NBA,2025-10-27 01:00:00+00:00,Sacramento Kings,Los Angeles Lakers,0.4501,0.5499,0.4701,0.5743,5
401809970,NBA,2025-10-28 00:00:00+00:00,Chicago Bulls,Atlanta Hawks,0.4985,0.5015,0.5221,0.5253,5
401809971,NBA,2025-10-28 00:00:00+00:00,Houston Rockets,Brooklyn Nets,0.8925,0.1075,0.9314,0.1121,5
401809972,NBA,2025-10-28 00:00:00+00:00,New Orleans Pelicans,Boston Celtics,0.5972,0.4028,0.625,0.4216,3
401809973,NBA,2025-10-28 00:00:00+00:00,San Antonio Spurs,Toronto Raptors,0.6185,0.3815,0.6452,0.398,4
401809975,NBA,2025-10-28 01:00:00+00:00,Utah Jazz,Phoenix Suns,0.4851,0.5149,0.5073,0.5384,5
401809976,NBA,2025-10-28 02:00:00+00:00,Golden State Warriors,Memphis Grizzlies,0.7385,0.2615,0.7713,0.2732,10
401809979,NBA,2025-10-28 23:30:00+00:00,Miami Heat,Charlotte Hornets,0.6366,0.3634,0.6652,0.3798,3
401809980,NBA,2025-10-29 00:00:00+00:00,Milwaukee Bucks,New York Knicks,0.475,0.525,0.4952,0.5474,4
401809986,NBA,2025-10-29 22:30:00+00:00,Toronto Raptors,Houston Rockets,0.3637,0.6363,0.3792,0.6634,4
401809983,NBA,2025-10-29 23:00:00+00:00,Boston Celtics,Cleveland Cavaliers,0.3851,0.6149,0.4008,0.64,4
401809984,NBA,2025-10-29 23:00:00+00:00,Detroit Pistons,Orlando Magic,0.4991,0.5009,0.5219,0.5238,4
401809985,NBA,2025-10-29 23:30:00+00:00,Brooklyn Nets,Atlanta Hawks,0.2586,0.7414,0.2704,0.7752,3
401809988,NBA,2025-10-30 00:30:00+00:00,Dallas Mavericks,Indiana Pacers,0.7485,0.2515,0.7782,0.2614,2
401809989,NBA,2025-10-30 01:00:00+00:00,Denver Nuggets,New Orleans Pelicans,0.8198,0.1802,0.8547,0.1878,2
401809990,NBA,2025-10-30 01:00:00+00:00,Utah Jazz,Portland Trail Blazers,0.4409,0.5591,0.4599,0.5832,4
401809991,NBA,2025-10-30 01:30:00+00:00,Minnesota Timberwolves,Los Angeles Lakers,0.6935,0.3065,0.7239,0.32,6
401809992,NBA,2025-10-30 02:00:00+00:00,Phoenix Suns,Memphis Grizzlies,0.4958,0.5042,0.5193,0.5281,5
401809993,NBA,2025-10-30 23:00:00+00:00,Charlotte Hornets,Orlando Magic,0.4081,0.5919,0.4257,0.6174,4
401809994,NBA,2025-10-31 00:00:00+00:00,Milwaukee Bucks,Golden State Warriors,0.4657,0.5343,0.4856,0.5572,4
401809995,NBA,2025-10-31 00:00:00+00:00,Oklahoma City Thunder,Washington Wizards,0.8808,0.1192,0.9175,0.1242,4
401809996,NBA,2025-10-31 00:30:00+00:00,San Antonio Spurs,Miami Heat,0.661,0.339,0.6898,0.3537,4
401809502,NBA,2025-10-31 23:00:00+00:00,Indiana Pacers,Atlanta Hawks,0.4446,0.5554,0.4647,0.5806,4
401809503,NBA,2025-10-31 23:00:00+00:00,Philadelphia 76ers,Boston Celtics,0.5871,0.4129,0.6122,0.4306,5
401809504,NBA,2025-10-31 23:30:00+00:00,Cleveland Cavaliers,Toronto Raptors,0.7195,0.2805,0.7528,0.2934,6
401809505,NBA,2025-11-01 00:00:00+00:00,Chicago Bulls,New York Knicks,0.3825,0.6175,0.3994,0.6447,6
401809506,NBA,2025-11-01 01:30:00+00:00,Memphis Grizzlies,Los Angeles Lakers,0.5612,0.4388,0.5864,0.4585,7
401809507,NBA,2025-11-01 02:00:00+00:00,Phoenix Suns,Utah Jazz,0.5815,0.4185,0.6062,0.4362,7
401809508,NBA,2025-11-01 02:00:00+00:00,Portland Trail Blazers,Denver Nuggets,0.3662,0.6338,0.3816,0.6605,7
401809998,NBA,2025-11-01 22:00:00+00:00,Charlotte Hornets,Minnesota Timberwolves,0.3705,0.6295,0.3846,0.6536,2
401809999,NBA,2025-11-01 23:00:00+00:00,Indiana Pacers,Golden State Warriors,0.2133,0.7867,0.2222,0.8197,2
401810000,NBA,2025-11-01 23:00:00+00:00,Washington Wizards,Orlando Magic,0.2753,0.7247,0.2878,0.7576,2
401810001,NBA,2025-11-02 00:00:00+00:00,Boston Celtics,Houston Rockets,0.3914,0.6086,0.4083,0.635,2
401810002,NBA,2025-11-02 02:00:00+00:00,Detroit Pistons,Dallas Mavericks,0.7003,0.2997,0.7316,0.3131,7
401810004,NBA,2025-11-02 23:00:00+00:00,Brooklyn Nets,Philadelphia 76ers,0.3426,0.6574,0.3572,0.6853,3
401810006,NBA,2025-11-02 23:00:00+00:00,Cleveland Cavaliers,Atlanta Hawks,0.681,0.319,0.7118,0.3333,2
401810007,NBA,2025-11-02 23:00:00+00:00,Toronto Raptors,Memphis Grizzlies,0.6531,0.3469,0.6805,0.3615,3
401810008,NBA,2025-11-03 00:00:00+00:00,New York Knicks,Chicago Bulls,0.7014,0.2986,0.7332,0.3122,5
401810009,NBA,2025-11-03 01:00:00+00:00,Phoenix Suns,San Antonio Spurs,0.2979,0.7021,0.3113,0.7339,7
401810010,NBA,2025-11-03 02:30:00+00:00,Los Angeles Lakers,Miami Heat,0.6486,0.3514,0.6742,0.3653,9
401810012,NBA,2025-11-04 00:00:00+00:00,Indiana Pacers,Milwaukee Bucks,0.338,0.662,0.3528,0.6909,4
401810015,NBA,2025-11-04 01:00:00+00:00,Houston Rockets,Dallas Mavericks,0.834,0.166,0.8734,0.1738,6
401810016,NBA,2025-11-04 01:00:00+00:00,Memphis Grizzlies,Detroit Pistons,0.4214,0.5786,0.4402,0.6043,6
401810017,NBA,2025-11-04 02:00:00+00:00,Denver Nuggets,Sacramento Kings,0.8251,0.1749,0.86,0.1823,7
401810018,NBA,2025-11-04 03:00:00+00:00,Portland Trail Blazers,Los Angeles Lakers,0.5955,0.4045,0.6186,0.4203,6
401810020,NBA,2025-11-05 00:30:00+00:00,Toronto Raptors,Milwaukee Bucks,0.5762,0.4238,0.6012,0.4422,5
401810021,NBA,2025-11-05 01:00:00+00:00,Atlanta Hawks,Orlando Magic,0.4395,0.5605,0.4596,0.5862,5
401810022,NBA,2025-11-05 01:00:00+00:00,Chicago Bulls,Philadelphia 76ers,0.5238,0.4762,0.5465,0.4968,3
401810023,NBA,2025-11-05 01:00:00+00:00,New Orleans Pelicans,Charlotte Hornets,0.5268,0.4732,0.5495,0.4935,3
401810024,NBA,2025-11-05 03:00:00+00:00,Golden State Warriors,Phoenix Suns,0.7958,0.2042,0.8292,0.2128,5
401810027,NBA,2025-11-06 00:00:00+00:00,Detroit Pistons,Utah Jazz,0.8084,0.1916,0.8439,0.2,2
401810028,NBA,2025-11-06 00:00:00+00:00,Indiana Pacers,Brooklyn Nets,0.7181,0.2819,0.7491,0.2941,2
401810029,NBA,2025-11-06 00:30:00+00:00,Boston Celtics,Washington Wizards,0.8086,0.1914,0.8451,0.2,3
401810030,NBA,2025-11-06 00:30:00+00:00,New York Knicks,Minnesota Timberwolves,0.6772,0.3228,0.7076,0.3372,3
401810031,NBA,2025-11-06 01:00:00+00:00,Memphis Grizzlies,Houston Rockets,0.2937,0.7063,0.3069,0.7382,4
401810033,NBA,2025-11-06 02:00:00+00:00,Denver Nuggets,Miami Heat,0.7339,0.2661,0.7683,0.2786,6
401810034,NBA,2025-11-06 03:00:00+00:00,Los Angeles Lakers,San Antonio Spurs,0.5684,0.4316,0.5947,0.4515,6
401809510,NBA,2025-11-08 00:00:00+00:00,Orlando Magic,Boston Celtics,0.5937,0.4063,0.6199,0.4242,6
401809511,NBA,2025-11-08 00:00:00+00:00,Washington Wizards,Cleveland Cavaliers,0.1435,0.8565,0.1501,0.8956,6
401809512,NBA,2025-11-08 00:30:00+00:00,Atlanta Hawks,Toronto Raptors,0.5043,0.4957,0.5287,0.5196,6
401809773,NBA,2025-11-08 00:30:00+00:00,Brooklyn Nets,Detroit Pistons,0.2117,0.7883,0.2211,0.8231,6
401809774,NBA,2025-11-08 00:30:00+00:00,San Antonio Spurs,Houston Rockets,0.4322,0.5678,0.4513,0.5929,6
401809775,NBA,2025-11-08 01:00:00+00:00,Miami Heat,Charlotte Hornets,0.6509,0.3491,0.6796,0.3646,6
401809776,NBA,2025-11-08 01:00:00+00:00,Memphis Grizzlies,Dallas Mavericks,0.6063,0.3937,0.6337,0.4115,6
401809777,NBA,2025-11-08 01:00:00+00:00,Milwaukee Bucks,Chicago Bulls,0.6105,0.3895,0.639,0.4077,6
401809778,NBA,2025-11-08 01:00:00+00:00,Minnesota Timberwolves,Utah Jazz,0.8224,0.1776,0.8597,0.1856,6
401809779,NBA,2025-11-08 03:00:00+00:00,Denver Nuggets,Golden State Warriors,0.7764,0.2236,0.8112,0.2336,7
401809780,NBA,2025-11-08 03:00:00+00:00,Sacramento Kings,Oklahoma City Thunder,0.196,0.804,0.2051,0.8414,7
401810048,NBA,2025-11-09 23:00:00+00:00,Orlando Magic,Boston Celtics,0.608,0.392,0.6344,0.409,3
401810049,NBA,2025-11-09 23:00:00+00:00,Memphis Grizzlies,Oklahoma City Thunder,0.2,0.8,0.2084,0.8333,2
401810050,NBA,2025-11-10 00:30:00+00:00,Philadelphia 76ers,Detroit Pistons,0.4349,0.5651,0.4541,0.59,4
401810051,NBA,2025-11-10 01:30:00+00:00,Golden State Warriors,Indiana Pacers,0.8622,0.1378,0.8989,0.1437,4
401810052,NBA,2025-11-10 02:00:00+00:00,Sacramento Kings,Minnesota Timberwolves,0.3247,0.6753,0.3386,0.7043,6
401810059,NBA,2025-11-11 02:00:00+00:00,Phoenix Suns,New Orleans Pelicans,0.6972,0.3028,0.7289,0.3165,5
401810060,NBA,2025-11-11 02:00:00+00:00,Utah Jazz,Minnesota Timberwolves,0.253,0.747,0.2632,0.7772,3
401810062,NBA,2025-11-12 00:30:00+00:00,Brooklyn Nets,Toronto Raptors,0.2144,0.7856,0.2237,0.8197,5
401810063,NBA,2025-11-12 00:30:00+00:00,New York Knicks,Memphis Grizzlies,0.7776,0.2224,0.8104,0.2318,5
401810064,NBA,2025-11-12 01:00:00+00:00,Philadelphia 76ers,Boston Celtics,0.5575,0.4425,0.5822,0.4622,5
401810065,NBA,2025-11-12 01:00:00+00:00,Oklahoma City Thunder,Golden State Warriors,0.7287,0.2713,0.7619,0.2837,4
401810066,NBA,2025-11-12 02:00:00+00:00,Utah Jazz,Indiana Pacers,0.4733,0.5267,0.4939,0.5495,4
401810067,NBA,2025-11-12 04:00:00+00:00,Sacramento Kings,Denver Nuggets,0.257,0.743,0.2683,0.7758,10
401810068,NBA,2025-11-13 00:00:00+00:00,Charlotte Hornets,Milwaukee Bucks,0.3618,0.6382,0.3766,0.6645,2
401810069,NBA,2025-11-13 00:00:00+00:00,Detroit Pistons,Chicago Bulls,0.6334,0.3666,0.6605,0.3823,5
401810070,NBA,2025-11-13 00:00:00+00:00,New York Knicks,Orlando Magic,0.6007,0.3993,0.6274,0.4171,5
401810071,NBA,2025-11-13 00:30:00+00:00,Boston Celtics,Memphis Grizzlies,0.6864,0.3136,0.7185,0.3282,5
401810072,NBA,2025-11-13 00:30:00+00:00,Miami Heat,Cleveland Cavaliers,0.6609,0.3391,0.6916,0.3548,5
401810073,NBA,2025-11-13 01:00:00+00:00,Houston Rockets,Washington Wizards,0.896,0.104,0.9363,0.1087,5
401810074,NBA,2025-11-13 01:00:00+00:00,New Orleans Pelicans,Portland Trail Blazers,0.2764,0.7236,0.2894,0.7576,5
401810075,NBA,2025-11-13 01:00:00+00:00,San Antonio Spurs,Golden State Warriors,0.6382,0.3618,0.6645,0.3766,2
401810076,NBA,2025-11-13 01:30:00+00:00,Dallas Mavericks,Phoenix Suns,0.5305,0.4695,0.5525,0.489,2
401810077,NBA,2025-11-13 02:47:00+00:00,Oklahoma City Thunder,Los Angeles Lakers,0.6926,0.3074,0.7246,0.3216,5
401810078,NBA,2025-11-13 03:00:00+00:00,Sacramento Kings,Atlanta Hawks,0.4046,0.5954,0.4231,0.6227,5
401810081,NBA,2025-11-14 02:00:00+00:00,Phoenix Suns,Indiana Pacers,0.6312,0.3688,0.6565,0.3836,3
401810082,NBA,2025-11-14 02:00:00+00:00,Utah Jazz,Atlanta Hawks,0.471,0.529,0.491,0.5515,3
401809781,NBA,2025-11-15 00:00:00+00:00,New York Knicks,Miami Heat,0.6136,0.3864,0.6411,0.4038,4
401809782,NBA,2025-11-15 00:00:00+00:00,Orlando Magic,Brooklyn Nets,0.8605,0.1395,0.8989,0.1458,4
401809783,NBA,2025-11-15 00:30:00+00:00,Detroit Pistons,Philadelphia 76ers,0.6705,0.3295,0.7018,0.3448,2
401809784,NBA,2025-11-15 01:00:00+00:00,Houston Rockets,Portland Trail Blazers,0.7401,0.2599,0.774,0.2718,5
401809785,NBA,2025-11-15 01:00:00+00:00,Milwaukee Bucks,Charlotte Hornets,0.7713,0.2287,0.8032,0.2382,2
401809786,NBA,2025-11-15 01:00:00+00:00,Minnesota Timberwolves,Sacramento Kings,0.8198,0.1802,0.8547,0.1878,2
401809787,NBA,2025-11-15 01:00:00+00:00,New Orleans Pelicans,Los Angeles Lakers,0.2112,0.7888,0.2207,0.8242,6
401809789,NBA,2025-11-15 02:30:00+00:00,San Antonio Spurs,Golden State Warriors,0.5554,0.4446,0.5795,0.4639,7
401810091,NBA,2025-11-17 00:00:00+00:00,Houston Rockets,Orlando Magic,0.7304,0.2696,0.7634,0.2817,2
401810093,NBA,2025-11-17 00:30:00+00:00,Dallas Mavericks,Portland Trail Blazers,0.4,0.6,0.4167,0.625,3
401810094,NBA,2025-11-17 01:00:00+00:00,Phoenix Suns,Atlanta Hawks,0.4791,0.5209,0.5013,0.545,4
401810095,NBA,2025-11-17 01:00:00+00:00,Utah Jazz,Chicago Bulls,0.378,0.622,0.3938,0.648,3
401810096,NBA,2025-11-18 00:00:00+00:00,Cleveland Cavaliers,Milwaukee Bucks,0.6962,0.3038,0.7265,0.317,3
401810097,NBA,2025-11-18 00:00:00+00:00,Detroit Pistons,Indiana Pacers,0.7571,0.2429,0.7895,0.2532,3
401810099,NBA,2025-11-18 00:30:00+00:00,Miami Heat,New York Knicks,0.5177,0.4823,0.5407,0.5037,3
401810100,NBA,2025-11-18 00:30:00+00:00,Toronto Raptors,Charlotte Hornets,0.7253,0.2747,0.7548,0.2859,2
401810101,NBA,2025-11-18 01:00:00+00:00,Minnesota Timberwolves,Dallas Mavericks,0.8653,0.1347,0.9009,0.1403,3
401810102,NBA,2025-11-18 01:00:00+00:00,New Orleans Pelicans,Oklahoma City Thunder,0.0805,0.9195,0.0833,0.9524,1
401810103,NBA,2025-11-18 02:00:00+00:00,Denver Nuggets,Chicago Bulls,0.8211,0.1789,0.8577,0.1869,5
401810104,NBA,2025-11-19 00:00:00+00:00,Orlando Magic,Golden State Warriors,0.4286,0.5714,0.4464,0.5952,2
401810105,NBA,2025-11-19 00:30:00+00:00,Brooklyn Nets,Boston Celtics,0.2072,0.7928,0.216,0.8265,3
401810107,NBA,2025-11-19 01:00:00+00:00,San Antonio Spurs,Memphis Grizzlies,0.6565,0.3435,0.6834,0.3576,3
401810108,NBA,2025-11-19 03:30:00+00:00,Los Angeles Lakers,Utah Jazz,0.8292,0.1708,0.8685,0.1789,7
401810109,NBA,2025-11-19 04:00:00+00:00,Portland Trail Blazers,Phoenix Suns,0.5127,0.4873,0.537,0.5104,7
401810110,NBA,2025-11-20 00:00:00+00:00,Cleveland Cavaliers,Houston Rockets,0.5515,0.4485,0.5747,0.4673,1
401810111,NBA,2025-11-20 00:00:00+00:00,Indiana Pacers,Charlotte Hornets,0.5105,0.4895,0.5348,0.5128,1
401810114,NBA,2025-11-20 01:00:00+00:00,Minnesota Timberwolves,Washington Wizards,0.8905,0.1095,0.9303,0.1144,2
401810115,NBA,2025-11-20 01:00:00+00:00,New Orleans Pelicans,Denver Nuggets,0.1423,0.8577,0.1481,0.8929,1
401810116,NBA,2025-11-20 01:00:00+00:00,Oklahoma City Thunder,Sacramento Kings,0.8988,0.1012,0.9346,0.1053,1
401810117,NBA,2025-11-20 02:30:00+00:00,Dallas Mavericks,New York Knicks,0.3714,0.6286,0.3882,0.6569,4
401810120,NBA,2025-11-21 01:00:00+00:00,Memphis Grizzlies,Sacramento Kings,0.5464,0.4536,0.5682,0.4717,1
401810121,NBA,2025-11-21 01:00:00+00:00,Milwaukee Bucks,Philadelphia 76ers,0.4677,0.5323,0.4854,0.5525,1
401810122,NBA,2025-11-21 01:00:00+00:00,San Antonio Spurs,Atlanta Hawks,0.5375,0.4625,0.5587,0.4808,1
401809790,NBA,2025-11-22 00:00:00+00:00,Cleveland Cavaliers,Indiana Pacers,0.858,0.142,0.8977,0.1485,5
401809791,NBA,2025-11-22 00:30:00+00:00,Boston Celtics,Brooklyn Nets,0.8816,0.1184,0.9208,0.1237,5
401809792,NBA,2025-11-22 00:30:00+00:00,Toronto Raptors,Washington Wizards,0.8638,0.1362,0.9026,0.1424,5
401809793,NBA,2025-11-22 01:00:00+00:00,Chicago Bulls,Miami Heat,0.5552,0.4448,0.5801,0.4647,5
401809794,NBA,2025-11-22 01:30:00+00:00,Dallas Mavericks,New Orleans Pelicans,0.5766,0.4234,0.6017,0.4418,5
401809795,NBA,2025-11-22 02:00:00+00:00,Phoenix Suns,Minnesota Timberwolves,0.4074,0.5926,0.425,0.6181,5
401809796,NBA,2025-11-22 02:30:00+00:00,Houston Rockets,Denver Nuggets,0.5439,0.4561,0.5689,0.4771,5
401809797,NBA,2025-11-22 03:00:00+00:00,Utah Jazz,Oklahoma City Thunder,0.1026,0.8974,0.1072,0.9382,5
401809798,NBA,2025-11-22 03:00:00+00:00,Golden State Warriors,Portland Trail Blazers,0.715,0.285,0.7491,0.2985,4
401810126,NBA,2025-11-23 01:00:00+00:00,Chicago Bulls,Washington Wizards,0.8345,0.1655,0.8696,0.1724,1
401810127,NBA,2025-11-23 01:00:00+00:00,Milwaukee Bucks,Detroit Pistons,0.2827,0.7173,0.2941,0.7463,1
401810129,NBA,2025-11-23 03:00:00+00:00,Denver Nuggets,Sacramento Kings,0.8479,0.1521,0.885,0.1587,1
401810135,NBA,2025-11-24 00:00:00+00:00,Oklahoma City Thunder,Portland Trail Blazers,0.8873,0.1127,0.9259,0.1176,1
401810136,NBA,2025-11-24 01:00:00+00:00,Phoenix Suns,San Antonio Spurs,0.5787,0.4213,0.6025,0.4387,3
401810137,NBA,2025-11-24 01:00:00+00:00,Utah Jazz,Los Angeles Lakers,0.2521,0.7479,0.2627,0.7793,3
401810138,NBA,2025-11-25 00:00:00+00:00,Indiana Pacers,Detroit Pistons,0.241,0.759,0.25,0.7874,1
401810142,NBA,2025-11-25 01:00:00+00:00,Memphis Grizzlies,Denver Nuggets,0.2843,0.7157,0.2972,0.7481,3
401810144,NBA,2025-11-25 01:00:00+00:00,New Orleans Pelicans,Chicago Bulls,0.3641,0.6359,0.3802,0.6639,3
401810145,NBA,2025-11-25 02:30:00+00:00,Phoenix Suns,Houston Rockets,0.348,0.652,0.3632,0.6803,5
401810146,NBA,2025-11-25 03:00:00+00:00,Golden State Warriors,Utah Jazz,0.8718,0.1282,0.9112,0.134,4
401810147,NBA,2025-11-25 03:00:00+00:00,Sacramento Kings,Minnesota Timberwolves,0.2387,0.7613,0.2492,0.795,5
401809802,NBA,2025-11-26 22:00:00+00:00,Boston Celtics,Detroit Pistons,0.405,0.595,0.4215,0.6192,4
401809803,NBA,2025-11-27 00:00:00+00:00,Charlotte Hornets,New York Knicks,0.2854,0.7146,0.2985,0.7477,4
401809804,NBA,2025-11-27 00:30:00+00:00,Miami Heat,Milwaukee Bucks,0.6911,0.3089,0.7221,0.3228,4
401809805,NBA,2025-11-27 00:30:00+00:00,Toronto Raptors,Indiana Pacers,0.7717,0.2283,0.8048,0.2381,4
401809806,NBA,2025-11-27 00:30:00+00:00,Oklahoma City Thunder,Minnesota Timberwolves,0.7411,0.2589,0.7723,0.2697,4
401809807,NBA,2025-11-27 01:00:00+00:00,New Orleans Pelicans,Memphis Grizzlies,0.4497,0.5503,0.469,0.574,4
401809808,NBA,2025-11-27 03:00:00+00:00,Golden State Warriors,Houston Rockets,0.5241,0.4759,0.5473,0.497,8
401809809,NBA,2025-11-27 03:00:00+00:00,Portland Trail Blazers,San Antonio Spurs,0.5461,0.4539,0.5696,0.4734,8
401809810,NBA,2025-11-27 03:00:00+00:00,Sacramento Kings,Phoenix Suns,0.3907,0.6093,0.4063,0.6335,8
401809811,NBA,2025-11-29 00:30:00+00:00,Atlanta Hawks,Cleveland Cavaliers,0.3539,0.6461,0.3683,0.6725,10
401809812,NBA,2025-11-29 00:30:00+00:00,Brooklyn Nets,Philadelphia 76ers,0.295,0.705,0.3082,0.7366,10
401809813,NBA,2025-11-29 00:30:00+00:00,Charlotte Hornets,Chicago Bulls,0.4425,0.5575,0.4617,0.5818,10
401809814,NBA,2025-11-29 00:30:00+00:00,Detroit Pistons,Orlando Magic,0.5736,0.4264,0.5975,0.4441,10
401809815,NBA,2025-11-29 00:30:00+00:00,Indiana Pacers,Washington Wizards,0.6915,0.3085,0.7221,0.3221,10
401809816,NBA,2025-11-29 00:30:00+00:00,New York Knicks,Milwaukee Bucks,0.7175,0.2825,0.7491,0.295,10
401809817,NBA,2025-11-29 02:30:00+00:00,Oklahoma City Thunder,Phoenix Suns,0.8811,0.1189,0.9201,0.1241,10
401809818,NBA,2025-11-29 02:30:00+00:00,Denver Nuggets,San Antonio Spurs,0.758,0.242,0.7905,0.2524,10
401809819,NBA,2025-11-29 02:30:00+00:00,Utah Jazz,Sacramento Kings,0.5153,0.4847,0.5394,0.5074,10
401809820,NBA,2025-11-29 03:00:00+00:00,Los Angeles Lakers,Dallas Mavericks,0.8014,0.1986,0.8369,0.2074,10
401810151,NBA,2025-11-30 01:00:00+00:00,Miami Heat,Detroit Pistons,0.5685,0.4315,0.5935,0.4505,2
401810153,NBA,2025-11-30 01:30:00+00:00,Golden State Warriors,New Orleans Pelicans,0.7304,0.2696,0.7634,0.2817,2
401810154,NBA,2025-11-30 02:00:00+00:00,Phoenix Suns,Denver Nuggets,0.3345,0.6655,0.349,0.6944,2
401810162,NBA,2025-12-01 02:00:00+00:00,Sacramento Kings,Memphis Grizzlies,0.4246,0.5754,0.4435,0.601,7
401810163,NBA,2025-12-01 02:30:00+00:00,Los Angeles Lakers,New Orleans Pelicans,0.8601,0.1399,0.8993,0.1463,5
401810170,NBA,2025-12-02 02:00:00+00:00,Denver Nuggets,Dallas Mavericks,0.7848,0.2152,0.8198,0.2248,5
401810171,NBA,2025-12-02 02:00:00+00:00,Utah Jazz,Houston Rockets,0.1727,0.8273,0.18,0.8621,2
401810172,NBA,2025-12-02 03:00:00+00:00,Los Angeles Lakers,Phoenix Suns,0.6759,0.3241,0.7055,0.3383,4
401810174,NBA,2025-12-03 00:30:00+00:00,Toronto Raptors,Portland Trail Blazers,0.6592,0.3408,0.6878,0.3557,5
401810175,NBA,2025-12-03 01:00:00+00:00,Boston Celtics,New York Knicks,0.473,0.527,0.4937,0.5501,5
401810176,NBA,2025-12-03 01:00:00+00:00,New Orleans Pelicans,Minnesota Timberwolves,0.2538,0.7462,0.2636,0.7753,3
401810177,NBA,2025-12-03 01:00:00+00:00,San Antonio Spurs,Memphis Grizzlies,0.6429,0.3571,0.6703,0.3723,5
401810178,NBA,2025-12-03 04:00:00+00:00,Golden State Warriors,Oklahoma City Thunder,0.1751,0.8249,0.1829,0.8621,7
401810179,NBA,2025-12-04 00:00:00+00:00,Cleveland Cavaliers,Portland Trail Blazers,0.7656,0.2344,0.7968,0.2439,2
401810186,NBA,2025-12-04 01:00:00+00:00,Milwaukee Bucks,Detroit Pistons,0.4141,0.5859,0.431,0.6098,1
401810187,NBA,2025-12-04 01:30:00+00:00,Dallas Mavericks,Miami Heat,0.4018,0.5982,0.4186,0.6232,4
401810204,NBA,2025-12-06 02:30:00+00:00,Oklahoma City Thunder,Dallas Mavericks,0.8837,0.1163,0.9217,0.1213,2
401810217,NBA,2025-12-08 00:30:00+00:00,Philadelphia 76ers,Los Angeles Lakers,0.4042,0.5958,0.4215,0.6212,3
401810218,NBA,2025-12-08 01:00:00+00:00,Utah Jazz,Oklahoma City Thunder,0.1808,0.8192,0.1887,0.8547,1
401810220,NBA,2025-12-09 00:30:00+00:00,Minnesota Timberwolves,Phoenix Suns,0.7413,0.2587,0.7752,0.2705,2
401810221,NBA,2025-12-09 01:00:00+00:00,New Orleans Pelicans,San Antonio Spurs,0.2329,0.7671,0.2429,0.8,3
401809833,NBA,2025-12-09 23:00:00+00:00,Orlando Magic,Miami Heat,0.4733,0.5267,0.4947,0.5505,6
401809834,NBA,2025-12-10 01:30:00+00:00,Toronto Raptors,New York Knicks,0.3795,0.6205,0.3957,0.647,7
401809835,NBA,2025-12-11 00:30:00+00:00,Oklahoma City Thunder,Phoenix Suns,0.8767,0.1233,0.9162,0.1289,7
401809836,NBA,2025-12-11 03:00:00+00:00,Los Angeles Lakers,San Antonio Spurs,0.6583,0.3417,0.6885,0.3574,8
401836747,NBA,2025-12-12 01:00:00+00:00,Milwaukee Bucks,Boston Celtics,0.245,0.755,0.2558,0.7881,10
401836748,NBA,2025-12-12 01:00:00+00:00,New Orleans Pelicans,Portland Trail Blazers,0.3691,0.6309,0.3842,0.6566,10
401836749,NBA,2025-12-12 03:00:00+00:00,Sacramento Kings,Denver Nuggets,0.2192,0.7808,0.2286,0.8144,10
401836750,NBA,2025-12-13 00:00:00+00:00,Charlotte Hornets,Chicago Bulls,0.4212,0.5788,0.4394,0.6039,5
401836751,NBA,2025-12-13 00:00:00+00:00,Detroit Pistons,Atlanta Hawks,0.6789,0.3211,0.7101,0.3359,6
401836752,NBA,2025-12-13 00:00:00+00:00,Philadelphia 76ers,Indiana Pacers,0.6946,0.3054,0.7266,0.3195,6
401836753,NBA,2025-12-13 00:00:00+00:00,Washington Wizards,Cleveland Cavaliers,0.1349,0.8651,0.1407,0.9023,6
401836754,NBA,2025-12-13 01:00:00+00:00,Memphis Grizzlies,Utah Jazz,0.6675,0.3325,0.6975,0.3474,5
401836795,NBA,2025-12-13 01:30:00+00:00,Dallas Mavericks,Brooklyn Nets,0.7097,0.2903,0.7418,0.3034,6
401836796,NBA,2025-12-13 03:00:00+00:00,Golden State Warriors,Minnesota Timberwolves,0.6077,0.3923,0.6331,0.4088,9
401809837,NBA,2025-12-13 22:30:00+00:00,Orlando Magic,New York Knicks,0.3433,0.6567,0.3589,0.6864,7
401809838,NBA,2025-12-14 02:00:00+00:00,Oklahoma City Thunder,San Antonio Spurs,0.7802,0.2198,0.8149,0.2296,7
401836797,NBA,2025-12-14 20:00:00+00:00,Indiana Pacers,Washington Wizards,0.74,0.26,0.7733,0.2717,6
401836799,NBA,2025-12-14 20:30:00+00:00,Cleveland Cavaliers,Charlotte Hornets,0.7934,0.2066,0.8277,0.2155,6
401836798,NBA,2025-12-14 23:00:00+00:00,Atlanta Hawks,Philadelphia 76ers,0.6137,0.3863,0.6421,0.4041,4
401836800,NBA,2025-12-14 23:00:00+00:00,Brooklyn Nets,Milwaukee Bucks,0.4671,0.5329,0.4878,0.5566,6
401836801,NBA,2025-12-15 00:00:00+00:00,Minnesota Timberwolves,Sacramento Kings,0.8151,0.1849,0.8523,0.1933,6
401836804,NBA,2025-12-15 00:00:00+00:00,Chicago Bulls,New Orleans Pelicans,0.6389,0.3611,0.6667,0.3768,5
401839699,NBA,2025-12-15 01:00:00+00:00,Phoenix Suns,Los Angeles Lakers,0.4236,0.5764,0.4424,0.602,6
401836802,NBA,2025-12-15 02:00:00+00:00,Portland Trail Blazers,Golden State Warriors,0.3672,0.6328,0.383,0.6601,7
401836803,NBA,2025-12-16 00:00:00+00:00,Boston Celtics,Detroit Pistons,0.5267,0.4733,0.5511,0.4952,4
401839023,NBA,2025-12-16 00:30:00+00:00,Miami Heat,Toronto Raptors,0.6598,0.3402,0.6898,0.3557,5
401836805,NBA,2025-12-16 02:00:00+00:00,Utah Jazz,Dallas Mavericks,0.4545,0.5455,0.475,0.5701,7
401836806,NBA,2025-12-16 02:30:00+00:00,Denver Nuggets,Houston Rockets,0.5212,0.4788,0.5458,0.5013,8
401810222,NBA,2025-12-18 01:00:00+00:00,Chicago Bulls,Cleveland Cavaliers,0.3484,0.6516,0.3637,0.6804,8
401810223,NBA,2025-12-18 01:00:00+00:00,Minnesota Timberwolves,Memphis Grizzlies,0.715,0.285,0.7477,0.2981,8
401810226,NBA,2025-12-19 00:00:00+00:00,Charlotte Hornets,Atlanta Hawks,0.3501,0.6499,0.3653,0.6782,6
401810227,NBA,2025-12-19 00:00:00+00:00,Indiana Pacers,New York Knicks,0.392,0.608,0.4096,0.6354,5
401810228,NBA,2025-12-19 00:30:00+00:00,Brooklyn Nets,Miami Heat,0.3176,0.6824,0.332,0.7135,6
401810225,NBA,2025-12-19 01:00:00+00:00,San Antonio Spurs,Washington Wizards,0.8452,0.1548,0.8835,0.1619,5
401810229,NBA,2025-12-19 01:00:00+00:00,Milwaukee Bucks,Toronto Raptors,0.3351,0.6649,0.3509,0.6964,5
401810230,NBA,2025-12-19 01:00:00+00:00,New Orleans Pelicans,Houston Rockets,0.2184,0.7816,0.228,0.8158,5
401810231,NBA,2025-12-19 01:30:00+00:00,Dallas Mavericks,Detroit Pistons,0.3437,0.6563,0.3591,0.6858,6
401810232,NBA,2025-12-19 02:00:00+00:00,Denver Nuggets,Orlando Magic,0.7212,0.2788,0.7542,0.2916,5
401810234,NBA,2025-12-19 02:00:00+00:00,Utah Jazz,Los Angeles Lakers,0.3145,0.6855,0.3292,0.7174,5
401810235,NBA,2025-12-19 03:00:00+00:00,Portland Trail Blazers,Sacramento Kings,0.7458,0.2542,0.7796,0.2657,7
401810239,NBA,2025-12-20 00:30:00+00:00,Cleveland Cavaliers,Chicago Bulls,0.6861,0.3139,0.7169,0.328,2
401810244,NBA,2025-12-21 00:00:00+00:00,New Orleans Pelicans,Indiana Pacers,0.5696,0.4304,0.5935,0.4485,2
401810245,NBA,2025-12-21 00:30:00+00:00,Detroit Pistons,Charlotte Hornets,0.7789,0.2211,0.8097,0.2299,2
401810247,NBA,2025-12-21 01:30:00+00:00,Golden State Warriors,Phoenix Suns,0.648,0.352,0.6735,0.3658,4
401810249,NBA,2025-12-21 03:00:00+00:00,Sacramento Kings,Portland Trail Blazers,0.3718,0.6282,0.3873,0.6546,5
401810254,NBA,2025-12-22 00:00:00+00:00,Washington Wizards,San Antonio Spurs,0.1214,0.8786,0.1268,0.9175,3
401810255,NBA,2025-12-22 00:00:00+00:00,Minnesota Timberwolves,Milwaukee Bucks,0.841,0.159,0.8824,0.1669,3
401810256,NBA,2025-12-22 03:00:00+00:00,Sacramento Kings,Houston Rockets,0.166,0.834,0.1739,0.8739,7
401810260,NBA,2025-12-23 02:00:00+00:00,Denver Nuggets,Utah Jazz,0.8783,0.1217,0.9174,0.1271,4
401810261,NBA,2025-12-23 02:30:00+00:00,Oklahoma City Thunder,Memphis Grizzlies,0.8934,0.1066,0.9331,0.1114,6
401810262,NBA,2025-12-23 03:00:00+00:00,Golden State Warriors,Orlando Magic,0.6402,0.3598,0.6667,0.3746,10
401810263,NBA,2025-12-23 03:00:00+00:00,Portland Trail Blazers,Detroit Pistons,0.3235,0.6765,0.3373,0.7054,10
401810265,NBA,2025-12-24 00:00:00+00:00,Philadelphia 76ers,Brooklyn Nets,0.7806,0.2194,0.8153,0.2291,3
401810266,NBA,2025-12-24 00:30:00+00:00,Atlanta Hawks,Chicago Bulls,0.6015,0.3985,0.627,0.4154,4
401810269,NBA,2025-12-24 00:30:00+00:00,Miami Heat,Toronto Raptors,0.6057,0.3943,0.631,0.4107,2
401810271,NBA,2025-12-24 01:00:00+00:00,Minnesota Timberwolves,New York Knicks,0.6849,0.3151,0.7156,0.3293,4
401810272,NBA,2025-12-24 01:30:00+00:00,San Antonio Spurs,Oklahoma City Thunder,0.2932,0.7068,0.3061,0.738,4
401810273,NBA,2025-12-24 02:00:00+00:00,Phoenix Suns,Los Angeles Lakers,0.6163,0.3837,0.6421,0.3997,4
401810275,NBA,2025-12-24 03:00:00+00:00,Portland Trail Blazers,Orlando Magic,0.4522,0.5478,0.4718,0.5715,4
401810276,NBA,2025-12-24 03:00:00+00:00,Sacramento Kings,Detroit Pistons,0.2385,0.7615,0.2486,0.7937,4
401809238,NBA,2025-12-25 17:00:00+00:00,New York Knicks,Cleveland Cavaliers,0.6829,0.3171,0.7128,0.3309,10
401809239,NBA,2025-12-25 19:30:00+00:00,Oklahoma City Thunder,San Antonio Spurs,0.743,0.257,0.7759,0.2684,10
401809240,NBA,2025-12-25 22:17:00+00:00,Golden State Warriors,Dallas Mavericks,0.734,0.266,0.7664,0.2778,10
401809241,NBA,2025-12-26 01:00:00+00:00,Los Angeles Lakers,Houston Rockets,0.4445,0.5555,0.4637,0.5794,10
401809242,NBA,2025-12-26 03:30:00+00:00,Denver Nuggets,Minnesota Timberwolves,0.5675,0.4325,0.5914,0.4508,10
401810290,NBA,2025-12-28 01:00:00+00:00,Atlanta Hawks,New York Knicks,0.3671,0.6329,0.3829,0.6602,4
401810293,NBA,2025-12-28 01:00:00+00:00,Houston Rockets,Cleveland Cavaliers,0.6344,0.3656,0.6612,0.381,4
401810294,NBA,2025-12-28 01:00:00+00:00,Minnesota Timberwolves,Brooklyn Nets,0.7824,0.2176,0.8181,0.2275,4
401810295,NBA,2025-12-28 01:00:00+00:00,San Antonio Spurs,Utah Jazz,0.8905,0.1095,0.9324,0.1147,4
401810301,NBA,2025-12-29 02:30:00+00:00,Los Angeles Lakers,Sacramento Kings,0.8178,0.1822,0.8547,0.1905,5
401810302,NBA,2025-12-30 00:00:00+00:00,Charlotte Hornets,Milwaukee Bucks,0.4174,0.5826,0.4374,0.6106,5
401810303,NBA,2025-12-30 00:00:00+00:00,Washington Wizards,Phoenix Suns,0.2129,0.7871,0.2223,0.8219,3
401810304,NBA,2025-12-30 00:30:00+00:00,Brooklyn Nets,Golden State Warriors,0.3621,0.6379,0.3759,0.6623,1
401810305,NBA,2025-12-30 00:30:00+00:00,Miami Heat,Denver Nuggets,0.4293,0.5707,0.4485,0.5962,4
401810306,NBA,2025-12-30 00:30:00+00:00,Toronto Raptors,Orlando Magic,0.4655,0.5345,0.4857,0.5577,3
401810307,NBA,2025-12-30 01:00:00+00:00,Chicago Bulls,Minnesota Timberwolves,0.3652,0.6348,0.3807,0.6619,7
401810308,NBA,2025-12-30 01:00:00+00:00,Houston Rockets,Indiana Pacers,0.8557,0.1443,0.8956,0.151,3
401810309,NBA,2025-12-30 01:00:00+00:00,New Orleans Pelicans,New York Knicks,0.2223,0.7777,0.2325,0.8131,7
401810310,NBA,2025-12-30 01:00:00+00:00,Oklahoma City Thunder,Atlanta Hawks,0.8968,0.1032,0.9346,0.1075,1
401810311,NBA,2025-12-30 01:00:00+00:00,San Antonio Spurs,Cleveland Cavaliers,0.6168,0.3832,0.6442,0.4002,4
401810312,NBA,2025-12-30 03:30:00+00:00,Portland Trail Blazers,Dallas Mavericks,0.5221,0.4779,0.5462,0.4999,10
401810313,NBA,2025-12-31 01:00:00+00:00,Memphis Grizzlies,Philadelphia 76ers,0.4975,0.5025,0.5199,0.5252,2
401810314,NBA,2025-12-31 02:00:00+00:00,Utah Jazz,Boston Celtics,0.2769,0.7231,0.2891,0.7548,4
401810315,NBA,2025-12-31 03:30:00+00:00,Los Angeles Lakers,Detroit Pistons,0.4304,0.5696,0.4497,0.5953,7
401810321,NBA,2026-01-01 00:00:00+00:00,Chicago Bulls,New Orleans Pelicans,0.487,0.513,0.5089,0.5362,2
401810322,NBA,2026-01-01 00:00:00+00:00,San Antonio Spurs,New York Knicks,0.5472,0.4528,0.5694,0.4711,3
401810323,NBA,2026-01-01 00:30:00+00:00,Toronto Raptors,Denver Nuggets,0.6928,0.3072,0.7247,0.3214,4
401810324,NBA,2026-01-01 01:00:00+00:00,Milwaukee Bucks,Washington Wizards,0.8119,0.1881,0.8499,0.1969,3
401810325,NBA,2026-01-01 01:00:00+00:00,Oklahoma City Thunder,Portland Trail Blazers,0.8809,0.1191,0.9196,0.1243,4
401810329,NBA,2026-01-02 03:00:00+00:00,Sacramento Kings,Boston Celtics,0.238,0.762,0.2485,0.7956,10
401810331,NBA,2026-01-03 00:00:00+00:00,Indiana Pacers,San Antonio Spurs,0.3577,0.6423,0.3725,0.6689,2
401810333,NBA,2026-01-03 00:30:00+00:00,Cleveland Cavaliers,Denver Nuggets,0.8218,0.1782,0.8584,0.1862,4
401810334,NBA,2026-01-03 00:30:00+00:00,New York Knicks,Atlanta Hawks,0.7036,0.2964,0.7354,0.3098,4
401810335,NBA,2026-01-03 01:00:00+00:00,Chicago Bulls,Orlando Magic,0.3919,0.6081,0.4085,0.6337,5
401810337,NBA,2026-01-03 01:00:00+00:00,New Orleans Pelicans,Portland Trail Blazers,0.4844,0.5156,0.5064,0.5391,4
401810338,NBA,2026-01-03 02:00:00+00:00,Phoenix Suns,Sacramento Kings,0.8252,0.1748,0.8607,0.1823,5
401810339,NBA,2026-01-03 03:00:00+00:00,Golden State Warriors,Oklahoma City Thunder,0.2433,0.7567,0.2535,0.7885,6
401810340,NBA,2026-01-03 03:30:00+00:00,Los Angeles Lakers,Memphis Grizzlies,0.6156,0.3844,0.6406,0.4001,10
401810345,NBA,2026-01-04 01:00:00+00:00,San Antonio Spurs,Portland Trail Blazers,0.7147,0.2853,0.7463,0.298,3
401810346,NBA,2026-01-04 01:30:00+00:00,Dallas Mavericks,Houston Rockets,0.2879,0.7121,0.3012,0.7449,4
401810355,NBA,2026-01-05 02:00:00+00:00,Sacramento Kings,Milwaukee Bucks,0.321,0.679,0.3353,0.7092,3
401810356,NBA,2026-01-05 02:30:00+00:00,Los Angeles Lakers,Memphis Grizzlies,0.6845,0.3155,0.7143,0.3292,4
401810357,NBA,2026-01-06 00:00:00+00:00,Detroit Pistons,New York Knicks,0.4603,0.5397,0.4804,0.5633,3
401810358,NBA,2026-01-06 00:30:00+00:00,Boston Celtics,Chicago Bulls,0.7878,0.2122,0.8231,0.2216,4
401810360,NBA,2026-01-06 01:00:00+00:00,Houston Rockets,Phoenix Suns,0.705,0.295,0.7353,0.3077,1
401810361,NBA,2026-01-06 01:00:00+00:00,Oklahoma City Thunder,Charlotte Hornets,0.8948,0.1052,0.9346,0.1099,1
401810362,NBA,2026-01-06 01:30:00+00:00,Philadelphia 76ers,Denver Nuggets,0.784,0.216,0.8182,0.2254,4
401810364,NBA,2026-01-06 03:00:00+00:00,Portland Trail Blazers,Utah Jazz,0.6703,0.3297,0.7,0.3444,9
401810370,NBA,2026-01-07 04:00:00+00:00,Sacramento Kings,Dallas Mavericks,0.3525,0.6475,0.3671,0.6743,9
401810371,NBA,2026-01-08 00:00:00+00:00,Charlotte Hornets,Toronto Raptors,0.4611,0.5389,0.482,0.5634,2
401810372,NBA,2026-01-08 00:00:00+00:00,Detroit Pistons,Chicago Bulls,0.7904,0.2096,0.8197,0.2174,1
401810375,NBA,2026-01-08 00:00:00+00:00,Boston Celtics,Denver Nuggets,0.7616,0.2384,0.7969,0.2494,2
401810378,NBA,2026-01-08 02:30:00+00:00,San Antonio Spurs,Los Angeles Lakers,0.672,0.328,0.7018,0.3425,2
401810381,NBA,2026-01-08 03:00:00+00:00,Golden State Warriors,Milwaukee Bucks,0.6617,0.3383,0.6903,0.3529,8
401810382,NBA,2026-01-08 03:00:00+00:00,Portland Trail Blazers,Houston Rockets,0.3274,0.6726,0.3414,0.7012,8
401810383,NBA,2026-01-09 00:00:00+00:00,Charlotte Hornets,Indiana Pacers,0.6,0.4,0.625,0.4167,1
401810385,NBA,2026-01-09 01:00:00+00:00,Minnesota Timberwolves,Cleveland Cavaliers,0.5769,0.4231,0.6025,0.4419,3
401810386,NBA,2026-01-09 02:00:00+00:00,Utah Jazz,Dallas Mavericks,0.3459,0.6541,0.3597,0.6803,2
401810387,NBA,2026-01-10 00:00:00+00:00,Boston Celtics,Toronto Raptors,0.7297,0.2703,0.7634,0.2828,4
401810388,NBA,2026-01-10 00:00:00+00:00,Orlando Magic,Philadelphia 76ers,0.4781,0.5219,0.5005,0.5464,5
401810389,NBA,2026-01-10 00:00:00+00:00,Washington Wizards,New Orleans Pelicans,0.4782,0.5218,0.5,0.5455,3
401810391,NBA,2026-01-10 01:00:00+00:00,Memphis Grizzlies,Oklahoma City Thunder,0.3982,0.6018,0.4161,0.6289,3
401810392,NBA,2026-01-10 02:00:00+00:00,Denver Nuggets,Atlanta Hawks,0.5467,0.4533,0.5704,0.4729,6
401810393,NBA,2026-01-10 02:00:00+00:00,Phoenix Suns,New York Knicks,0.4591,0.5409,0.4787,0.564,5
401810394,NBA,2026-01-10 03:00:00+00:00,Golden State Warriors,Sacramento Kings,0.8344,0.1656,0.8729,0.1733,5
401810395,NBA,2026-01-10 03:00:00+00:00,Portland Trail Blazers,Houston Rockets,0.3356,0.6644,0.3513,0.6954,6
401810396,NBA,2026-01-10 03:30:00+00:00,Los Angeles Lakers,Milwaukee Bucks,0.5715,0.4285,0.5953,0.4463,8
401810398,NBA,2026-01-11 00:00:00+00:00,Indiana Pacers,Miami Heat,0.3067,0.6933,0.3205,0.7246,2
401810400,NBA,2026-01-11 01:00:00+00:00,Boston Celtics,San Antonio Spurs,0.5007,0.4993,0.5222,0.5208,2
401810401,NBA,2026-01-11 01:00:00+00:00,Chicago Bulls,Dallas Mavericks,0.5464,0.4536,0.5682,0.4717,2
401810402,NBA,2026-01-11 02:30:00+00:00,Utah Jazz,Charlotte Hornets,0.4035,0.5965,0.4202,0.6211,1
401810403,NBA,2026-01-11 20:00:00+00:00,Orlando Magic,New Orleans Pelicans,0.667,0.333,0.6969,0.3479,2
401810404,NBA,2026-01-11 20:30:00+00:00,Memphis Grizzlies,Brooklyn Nets,0.6201,0.3799,0.6452,0.3953,2
401810405,NBA,2026-01-11 23:00:00+00:00,Toronto Raptors,Philadelphia 76ers,0.3958,0.6042,0.4133,0.6309,2
401810406,NBA,2026-01-11 23:00:00+00:00,Portland Trail Blazers,New York Knicks,0.377,0.623,0.3923,0.6484,4
401810409,NBA,2026-01-12 01:00:00+00:00,Denver Nuggets,Milwaukee Bucks,0.4583,0.5417,0.4771,0.564,3
401810410,NBA,2026-01-12 01:00:00+00:00,Phoenix Suns,Washington Wizards,0.8585,0.1415,0.8969,0.1478,4
401810411,NBA,2026-01-12 01:30:00+00:00,Golden State Warriors,Atlanta Hawks,0.6657,0.3343,0.6957,0.3494,4
401810412,NBA,2026-01-12 02:00:00+00:00,Sacramento Kings,Houston Rockets,0.168,0.832,0.1756,0.8696,4
401810413,NBA,2026-01-13 00:00:00+00:00,Cleveland Cavaliers,Utah Jazz,0.8479,0.1521,0.885,0.1587,1
401810414,NBA,2026-01-13 00:30:00+00:00,Indiana Pacers,Boston Celtics,0.3018,0.6982,0.3155,0.7299,2
401810416,NBA,2026-01-13 01:30:00+00:00,Dallas Mavericks,Brooklyn Nets,0.6237,0.3763,0.6495,0.3918,3
401810417,NBA,2026-01-13 03:00:00+00:00,Sacramento Kings,Los Angeles Lakers,0.236,0.764,0.2463,0.7975,5
401810419,NBA,2026-01-14 00:30:00+00:00,Miami Heat,Phoenix Suns,0.4966,0.5034,0.5202,0.5273,4
401810420,NBA,2026-01-14 01:00:00+00:00,Houston Rockets,Chicago Bulls,0.8163,0.1837,0.8533,0.1921,5
401810422,NBA,2026-01-14 01:00:00+00:00,New Orleans Pelicans,Denver Nuggets,0.4098,0.5902,0.4282,0.6166,5
401810423,NBA,2026-01-14 01:00:00+00:00,Oklahoma City Thunder,San Antonio Spurs,0.6853,0.3147,0.7164,0.329,5
401810424,NBA,2026-01-14 03:30:00+00:00,Los Angeles Lakers,Atlanta Hawks,0.4933,0.5067,0.5162,0.5304,5
401810425,NBA,2026-01-14 04:00:00+00:00,Golden State Warriors,Portland Trail Blazers,0.7765,0.2235,0.8109,0.2335,6
401810426,NBA,2026-01-15 00:00:00+00:00,Indiana Pacers,Toronto Raptors,0.4522,0.5478,0.4717,0.5714,2
401810427,NBA,2026-01-15 00:00:00+00:00,Philadelphia 76ers,Cleveland Cavaliers,0.5189,0.4811,0.542,0.5025,2
401810431,NBA,2026-01-15 03:00:00+00:00,Sacramento Kings,New York Knicks,0.1985,0.8015,0.2071,0.8362,5
401810433,NBA,2026-01-15 19:00:00+00:00,Orlando Magic,Memphis Grizzlies,0.625,0.375,0.6516,0.3909,4
401810434,NBA,2026-01-16 00:00:00+00:00,Detroit Pistons,Phoenix Suns,0.6784,0.3216,0.7083,0.3358,5
401810435,NBA,2026-01-16 00:30:00+00:00,Miami Heat,Boston Celtics,0.4699,0.5301,0.4903,0.5531,5
401810436,NBA,2026-01-16 00:30:00+00:00,Houston Rockets,Oklahoma City Thunder,0.3662,0.6338,0.3812,0.6597,5
401810437,NBA,2026-01-16 01:00:00+00:00,San Antonio Spurs,Milwaukee Bucks,0.7137,0.2863,0.7463,0.2994,5
401810439,NBA,2026-01-16 03:00:00+00:00,Golden State Warriors,New York Knicks,0.5884,0.4116,0.612,0.4281,7
401810440,NBA,2026-01-16 03:00:00+00:00,Portland Trail Blazers,Atlanta Hawks,0.3816,0.6184,0.3973,0.6437,8
401810441,NBA,2026-01-16 03:30:00+00:00,Los Angeles Lakers,Charlotte Hornets,0.6372,0.3628,0.6623,0.3771,9
401810443,NBA,2026-01-17 00:00:00+00:00,Indiana Pacers,New Orleans Pelicans,0.5383,0.4617,0.5629,0.4828,4
401810444,NBA,2026-01-17 00:00:00+00:00,Philadelphia 76ers,Cleveland Cavaliers,0.5238,0.4762,0.5482,0.4985,4
401810442,NBA,2026-01-17 00:30:00+00:00,Brooklyn Nets,Chicago Bulls,0.5091,0.4909,0.5291,0.5102,1
401810446,NBA,2026-01-17 02:30:00+00:00,Houston Rockets,Minnesota Timberwolves,0.5995,0.4005,0.6251,0.4176,4
401810447,NBA,2026-01-17 03:00:00+00:00,Sacramento Kings,Washington Wizards,0.6799,0.3201,0.7093,0.3339,4
401810449,NBA,2026-01-18 00:30:00+00:00,Atlanta Hawks,Boston Celtics,0.4028,0.5972,0.4216,0.625,4
401810450,NBA,2026-01-18 00:30:00+00:00,Detroit Pistons,Indiana Pacers,0.841,0.159,0.8811,0.1666,4
401810452,NBA,2026-01-18 01:00:00+00:00,Miami Heat,Oklahoma City Thunder,0.253,0.747,0.2632,0.7772,3
401810454,NBA,2026-01-18 01:30:00+00:00,Golden State Warriors,Charlotte Hornets,0.6791,0.3209,0.7113,0.3361,5
401810455,NBA,2026-01-18 02:00:00+00:00,Denver Nuggets,Washington Wizards,0.822,0.178,0.8591,0.186,5
401810456,NBA,2026-01-18 03:00:00+00:00,Portland Trail Blazers,Los Angeles Lakers,0.5534,0.4466,0.5781,0.4665,5
401810457,NBA,2026-01-18 17:00:00+00:00,Memphis Grizzlies,Orlando Magic,0.3638,0.6362,0.3797,0.664,5
401810458,NBA,2026-01-19 00:00:00+00:00,Chicago Bulls,Brooklyn Nets,0.6629,0.3371,0.6933,0.3525,4
401810459,NBA,2026-01-19 00:00:00+00:00,Houston Rockets,New Orleans Pelicans,0.8394,0.1606,0.8772,0.1679,4
401810460,NBA,2026-01-19 01:00:00+00:00,Denver Nuggets,Charlotte Hornets,0.5709,0.4291,0.5941,0.4465,3
401810461,NBA,2026-01-19 02:00:00+00:00,Sacramento Kings,Portland Trail Blazers,0.5269,0.4731,0.5506,0.4943,3
401810462,NBA,2026-01-19 02:30:00+00:00,Los Angeles Lakers,Toronto Raptors,0.5215,0.4785,0.545,0.5,4
401810464,NBA,2026-01-20 00:00:00+00:00,Philadelphia 76ers,Indiana Pacers,0.732,0.268,0.7663,0.2805,2
401810465,NBA,2026-01-20 00:30:00+00:00,Brooklyn Nets,Phoenix Suns,0.3062,0.6938,0.3201,0.7252,2
401809250,NBA,2026-01-20 01:00:00+00:00,Detroit Pistons,Boston Celtics,0.5937,0.4063,0.6192,0.4238,4
401810467,NBA,2026-01-20 03:00:00+00:00,Golden State Warriors,Miami Heat,0.6828,0.3172,0.7144,0.3318,7
401810470,NBA,2026-01-21 01:00:00+00:00,Houston Rockets,San Antonio Spurs,0.5812,0.4188,0.6079,0.438,6
401810471,NBA,2026-01-21 02:00:00+00:00,Utah Jazz,Minnesota Timberwolves,0.2095,0.7905,0.2187,0.8254,6
401810472,NBA,2026-01-21 03:00:00+00:00,Denver Nuggets,Los Angeles Lakers,0.4727,0.5273,0.494,0.5511,4
401810473,NBA,2026-01-21 03:00:00+00:00,Golden State Warriors,Toronto Raptors,0.669,0.331,0.6993,0.346,5
401810474,NBA,2026-01-21 03:00:00+00:00,Sacramento Kings,Miami Heat,0.4428,0.5572,0.4626,0.5821,5
401810475,NBA,2026-01-22 00:00:00+00:00,Charlotte Hornets,Cleveland Cavaliers,0.4337,0.5663,0.4525,0.5908,4
401810476,NBA,2026-01-22 00:30:00+00:00,Boston Celtics,Indiana Pacers,0.793,0.207,0.8265,0.2157,4
401810477,NBA,2026-01-22 00:30:00+00:00,New York Knicks,Brooklyn Nets,0.8201,0.1799,0.8584,0.1883,2
401810478,NBA,2026-01-22 01:00:00+00:00,Memphis Grizzlies,Atlanta Hawks,0.5642,0.4358,0.5896,0.4554,5
401810480,NBA,2026-01-22 02:30:00+00:00,Milwaukee Bucks,Oklahoma City Thunder,0.2325,0.7675,0.2428,0.8013,5
401810481,NBA,2026-01-22 03:00:00+00:00,Sacramento Kings,Toronto Raptors,0.3475,0.6525,0.3625,0.6807,3
401810487,NBA,2026-01-23 02:00:00+00:00,Utah Jazz,San Antonio Spurs,0.1564,0.8436,0.1633,0.8811,2
401810489,NBA,2026-01-23 03:00:00+00:00,Portland Trail Blazers,Miami Heat,0.5493,0.4507,0.5715,0.469,4
401810490,NBA,2026-01-24 00:00:00+00:00,Detroit Pistons,Houston Rockets,0.584,0.416,0.6123,0.4362,3
401810491,NBA,2026-01-24 00:30:00+00:00,Atlanta Hawks,Phoenix Suns,0.4301,0.5699,0.4492,0.5953,3
401810492,NBA,2026-01-24 00:30:00+00:00,Brooklyn Nets,Boston Celtics,0.2675,0.7325,0.2798,0.7663,2
401810493,NBA,2026-01-24 00:30:00+00:00,Cleveland Cavaliers,Sacramento Kings,0.803,0.197,0.8368,0.2053,2
401810496,NBA,2026-01-24 01:00:00+00:00,Oklahoma City Thunder,Indiana Pacers,0.884,0.116,0.9259,0.1215,2
401810495,NBA,2026-01-24 02:30:00+00:00,Milwaukee Bucks,Denver Nuggets,0.6366,0.3634,0.6652,0.3798,3
401810497,NBA,2026-01-24 03:00:00+00:00,Portland Trail Blazers,Toronto Raptors,0.4359,0.5641,0.4545,0.5882,1
401810501,NBA,2026-01-25 00:00:00+00:00,Orlando Magic,Cleveland Cavaliers,0.4909,0.5091,0.5128,0.5319,2
401810502,NBA,2026-01-25 01:00:00+00:00,Chicago Bulls,Boston Celtics,0.3983,0.6017,0.4149,0.627,2
401810503,NBA,2026-01-25 01:30:00+00:00,Dallas Mavericks,Los Angeles Lakers,0.3969,0.6031,0.4133,0.628,4
401810504,NBA,2026-01-25 02:30:00+00:00,Utah Jazz,Miami Heat,0.3054,0.6946,0.3193,0.726,4
401810508,NBA,2026-01-26 00:00:00+00:00,Oklahoma City Thunder,Toronto Raptors,0.8173,0.1827,0.8547,0.1911,2
401810509,NBA,2026-01-26 00:00:00+00:00,San Antonio Spurs,New Orleans Pelicans,0.8256,0.1744,0.8622,0.1821,4
401810513,NBA,2026-01-27 00:00:00+00:00,Cleveland Cavaliers,Orlando Magic,0.6263,0.3737,0.6536,0.3899,2
401810515,NBA,2026-01-27 01:00:00+00:00,Boston Celtics,Portland Trail Blazers,0.7535,0.2465,0.7874,0.2576,3
401810516,NBA,2026-01-27 01:00:00+00:00,Chicago Bulls,Los Angeles Lakers,0.4625,0.5375,0.482,0.5603,2
401810517,NBA,2026-01-27 01:00:00+00:00,Houston Rockets,Memphis Grizzlies,0.7904,0.2096,0.8197,0.2174,1
401810518,NBA,2026-01-27 02:30:00+00:00,Minnesota Timberwolves,Golden State Warriors,0.7156,0.2844,0.7495,0.2979,7
401810520,NBA,2026-01-28 00:30:00+00:00,New York Knicks,Sacramento Kings,0.8356,0.1644,0.8757,0.1723,5
401810521,NBA,2026-01-28 01:00:00+00:00,Philadelphia 76ers,Milwaukee Bucks,0.7609,0.2391,0.7937,0.2494,5
401810522,NBA,2026-01-28 01:00:00+00:00,Oklahoma City Thunder,New Orleans Pelicans,0.8576,0.1424,0.8969,0.1489,4
401810523,NBA,2026-01-28 02:00:00+00:00,Denver Nuggets,Detroit Pistons,0.3358,0.6642,0.3511,0.6945,6
401810524,NBA,2026-01-28 02:00:00+00:00,Phoenix Suns,Brooklyn Nets,0.7315,0.2685,0.7655,0.2809,6
401810526,NBA,2026-01-29 00:00:00+00:00,Cleveland Cavaliers,Los Angeles Lakers,0.5547,0.4453,0.5789,0.4647,4
401810527,NBA,2026-01-29 00:00:00+00:00,Indiana Pacers,Chicago Bulls,0.4576,0.5424,0.4774,0.5658,4
401810528,NBA,2026-01-29 00:30:00+00:00,Boston Celtics,Atlanta Hawks,0.7173,0.2827,0.7463,0.2941,1
401810529,NBA,2026-01-29 00:30:00+00:00,Miami Heat,Orlando Magic,0.5515,0.4485,0.5736,0.4666,3
401810531,NBA,2026-01-29 01:00:00+00:00,Memphis Grizzlies,Charlotte Hornets,0.4745,0.5255,0.4962,0.5495,5
401810532,NBA,2026-01-29 01:30:00+00:00,Dallas Mavericks,Minnesota Timberwolves,0.2996,0.7004,0.3127,0.7312,5
401810533,NBA,2026-01-29 02:00:00+00:00,Utah Jazz,Golden State Warriors,0.2693,0.7307,0.2813,0.7634,2
401810534,NBA,2026-01-29 02:42:00+00:00,Houston Rockets,San Antonio Spurs,0.5685,0.4315,0.5942,0.4509,6
401810535,NBA,2026-01-30 00:00:00+00:00,Philadelphia 76ers,Sacramento Kings,0.7998,0.2002,0.8351,0.2091,4
401810536,NBA,2026-01-30 00:00:00+00:00,Washington Wizards,Milwaukee Bucks,0.4401,0.5599,0.4588,0.5837,3
401810537,NBA,2026-01-30 01:00:00+00:00,Atlanta Hawks,Houston Rockets,0.3795,0.6205,0.3966,0.6486,5
401850920,NBA,2026-01-30 01:00:00+00:00,Chicago Bulls,Miami Heat,0.5127,0.4873,0.5359,0.5094,3
401810539,NBA,2026-01-30 02:00:00+00:00,Denver Nuggets,Brooklyn Nets,0.712,0.288,0.7452,0.3014,5
401810540,NBA,2026-01-30 02:00:00+00:00,Phoenix Suns,Detroit Pistons,0.3859,0.6141,0.4034,0.6419,5
401810541,NBA,2026-01-30 02:30:00+00:00,Minnesota Timberwolves,Oklahoma City Thunder,0.3408,0.6592,0.3557,0.6878,5
401810542,NBA,2026-01-31 00:30:00+00:00,Orlando Magic,Toronto Raptors,0.5156,0.4844,0.5391,0.5064,2
401810545,NBA,2026-01-31 00:30:00+00:00,New York Knicks,Portland Trail Blazers,0.7045,0.2955,0.738,0.3096,2
401810546,NBA,2026-01-31 00:30:00+00:00,New Orleans Pelicans,Memphis Grizzlies,0.5389,0.4611,0.5634,0.482,2
401810551,NBA,2026-01-31 03:00:00+00:00,Golden State Warriors,Detroit Pistons,0.4804,0.5196,0.5033,0.5443,4
401810553,NBA,2026-02-01 00:00:00+00:00,Indiana Pacers,Atlanta Hawks,0.4811,0.5189,0.5025,0.542,2
401810554,NBA,2026-02-01 00:30:00+00:00,Philadelphia 76ers,New Orleans Pelicans,0.7485,0.2515,0.7782,0.2614,4
401810547,NBA,2026-02-01 01:00:00+00:00,Miami Heat,Chicago Bulls,0.6377,0.3623,0.6653,0.3779,3
401810555,NBA,2026-02-01 01:00:00+00:00,Memphis Grizzlies,Minnesota Timberwolves,0.2916,0.7084,0.3049,0.7408,6
401810556,NBA,2026-02-01 01:30:00+00:00,Houston Rockets,Dallas Mavericks,0.8101,0.1899,0.8475,0.1987,6
401810559,NBA,2026-02-01 23:00:00+00:00,Detroit Pistons,Brooklyn Nets,0.8568,0.1432,0.8929,0.1493,1
401810562,NBA,2026-02-01 23:00:00+00:00,Washington Wizards,Sacramento Kings,0.4359,0.5641,0.4545,0.5882,1
401810563,NBA,2026-02-02 00:00:00+00:00,New York Knicks,Los Angeles Lakers,0.6164,0.3836,0.641,0.3989,3
401810565,NBA,2026-02-02 02:00:00+00:00,Portland Trail Blazers,Cleveland Cavaliers,0.4221,0.5779,0.439,0.601,5
401810566,NBA,2026-02-02 02:30:00+00:00,Denver Nuggets,Oklahoma City Thunder,0.3711,0.6289,0.3873,0.6563,8
401810568,NBA,2026-02-03 00:00:00+00:00,Indiana Pacers,Houston Rockets,0.3376,0.6624,0.3534,0.6935,5
401810569,NBA,2026-02-03 00:30:00+00:00,Memphis Grizzlies,Minnesota Timberwolves,0.2939,0.7061,0.3062,0.7357,2
401810571,NBA,2026-02-04 00:00:00+00:00,Detroit Pistons,Denver Nuggets,0.6385,0.3615,0.6653,0.3767,5
401810573,NBA,2026-02-04 00:00:00+00:00,Washington Wizards,New York Knicks,0.1476,0.8524,0.1542,0.8909,4
401810574,NBA,2026-02-04 00:30:00+00:00,Brooklyn Nets,Los Angeles Lakers,0.2546,0.7454,0.2654,0.7767,4
401810575,NBA,2026-02-04 00:30:00+00:00,Miami Heat,Atlanta Hawks,0.6337,0.3663,0.6614,0.3823,4
401810576,NBA,2026-02-04 01:00:00+00:00,Dallas Mavericks,Boston Celtics,0.2845,0.7155,0.2977,0.7485,5
401810577,NBA,2026-02-04 01:00:00+00:00,Milwaukee Bucks,Chicago Bulls,0.4332,0.5668,0.4528,0.5925,5
401810578,NBA,2026-02-04 01:00:00+00:00,Oklahoma City Thunder,Orlando Magic,0.6948,0.3052,0.7268,0.3192,5
401810580,NBA,2026-02-04 04:00:00+00:00,Portland Trail Blazers,Phoenix Suns,0.4012,0.5988,0.4196,0.6263,7
401810586,NBA,2026-02-05 03:00:00+00:00,Sacramento Kings,Memphis Grizzlies,0.5557,0.4443,0.5815,0.4649,6
401810594,NBA,2026-02-06 03:00:00+00:00,Phoenix Suns,Golden State Warriors,0.6878,0.3122,0.7195,0.3265,7
401810595,NBA,2026-02-06 03:00:00+00:00,Los Angeles Lakers,Philadelphia 76ers,0.6103,0.3897,0.6371,0.4068,7
401810596,NBA,2026-02-07 00:30:00+00:00,Boston Celtics,Miami Heat,0.6978,0.3022,0.7283,0.3154,3
401810597,NBA,2026-02-07 00:30:00+00:00,Detroit Pistons,New York Knicks,0.5285,0.4715,0.5495,0.4902,1
401810598,NBA,2026-02-07 01:00:00+00:00,Milwaukee Bucks,Indiana Pacers,0.5136,0.4864,0.5376,0.5092,5
401810599,NBA,2026-02-07 01:00:00+00:00,Minnesota Timberwolves,New Orleans Pelicans,0.7947,0.2053,0.8292,0.2142,5
401810600,NBA,2026-02-07 03:00:00+00:00,Portland Trail Blazers,Memphis Grizzlies,0.705,0.295,0.7367,0.3082,4
401810606,NBA,2026-02-08 00:30:00+00:00,Atlanta Hawks,Charlotte Hornets,0.451,0.549,0.4695,0.5714,2
401810607,NBA,2026-02-08 01:00:00+00:00,Chicago Bulls,Denver Nuggets,0.3752,0.6248,0.3921,0.6528,5
401810608,NBA,2026-02-08 01:30:00+00:00,Los Angeles Lakers,Golden State Warriors,0.5821,0.4179,0.6089,0.4372,4
401810609,NBA,2026-02-08 02:00:00+00:00,Phoenix Suns,Philadelphia 76ers,0.5242,0.4758,0.5476,0.497,5
401810611,NBA,2026-02-08 03:00:00+00:00,Sacramento Kings,Cleveland Cavaliers,0.1899,0.8101,0.1987,0.8475,6
401810616,NBA,2026-02-10 00:00:00+00:00,Charlotte Hornets,Detroit Pistons,0.4375,0.5625,0.4581,0.5888,6
401810617,NBA,2026-02-10 00:30:00+00:00,Brooklyn Nets,Chicago Bulls,0.4244,0.5756,0.4434,0.6014,7
401810618,NBA,2026-02-10 00:30:00+00:00,Miami Heat,Utah Jazz,0.7365,0.2635,0.771,0.2758,7
401810619,NBA,2026-02-10 00:30:00+00:00,Orlando Magic,Milwaukee Bucks,0.7688,0.2312,0.8047,0.242,7
401810620,NBA,2026-02-10 01:00:00+00:00,Minnesota Timberwolves,Atlanta Hawks,0.6842,0.3158,0.7143,0.3298,9
401810621,NBA,2026-02-10 01:00:00+00:00,New Orleans Pelicans,Sacramento Kings,0.6751,0.3249,0.7044,0.3391,9
401810622,NBA,2026-02-10 02:00:00+00:00,Denver Nuggets,Cleveland Cavaliers,0.4898,0.5102,0.5129,0.5342,10
401810623,NBA,2026-02-10 03:00:00+00:00,Golden State Warriors,Memphis Grizzlies,0.7145,0.2855,0.7463,0.2982,10
401810624,NBA,2026-02-10 03:00:00+00:00,Los Angeles Lakers,Oklahoma City Thunder,0.3418,0.6582,0.3567,0.687,10
401810625,NBA,2026-02-10 03:00:00+00:00,Portland Trail Blazers,Philadelphia 76ers,0.4276,0.5724,0.4459,0.5968,10
401810626,NBA,2026-02-11 00:30:00+00:00,New York Knicks,Indiana Pacers,0.8111,0.1889,0.8475,0.1974,3
401810628,NBA,2026-02-11 02:00:00+00:00,Phoenix Suns,Dallas Mavericks,0.7107,0.2893,0.7435,0.3026,6
401810630,NBA,2026-02-12 00:00:00+00:00,Charlotte Hornets,Atlanta Hawks,0.6484,0.3516,0.6743,0.3656,3
401810631,NBA,2026-02-12 00:00:00+00:00,Cleveland Cavaliers,Washington Wizards,0.9,0.1,0.9405,0.1045,3
401810632,NBA,2026-02-12 00:00:00+00:00,Orlando Magic,Milwaukee Bucks,0.7893,0.2107,0.8265,0.2206,3
401810633,NBA,2026-02-12 00:30:00+00:00,Boston Celtics,Chicago Bulls,0.8238,0.1762,0.8603,0.184,4
401810634,NBA,2026-02-12 00:30:00+00:00,Brooklyn Nets,Indiana Pacers,0.6167,0.3833,0.641,0.3984,2
401810635,NBA,2026-02-12 00:30:00+00:00,Philadelphia 76ers,New York Knicks,0.47,0.53,0.4915,0.5542,4
401810636,NBA,2026-02-12 00:30:00+00:00,Toronto Raptors,Detroit Pistons,0.4605,0.5395,0.4809,0.5634,4
401810638,NBA,2026-02-12 01:00:00+00:00,Minnesota Timberwolves,Portland Trail Blazers,0.7027,0.2973,0.7353,0.3112,5
401810639,NBA,2026-02-12 01:00:00+00:00,New Orleans Pelicans,Miami Heat,0.5201,0.4799,0.5447,0.5025,5
401810640,NBA,2026-02-12 02:00:00+00:00,Phoenix Suns,Oklahoma City Thunder,0.3144,0.6856,0.329,0.7174,5
401810641,NBA,2026-02-12 02:00:00+00:00,Utah Jazz,Sacramento Kings,0.6773,0.3227,0.7073,0.337,5
401810642,NBA,2026-02-12 02:00:00+00:00,Denver Nuggets,Memphis Grizzlies,0.8344,0.1656,0.8722,0.1731,6
401810643,NBA,2026-02-12 03:00:00+00:00,Golden State Warriors,San Antonio Spurs,0.3428,0.6572,0.3583,0.6869,5
401810644,NBA,2026-02-13 00:30:00+00:00,Oklahoma City Thunder,Milwaukee Bucks,0.8458,0.1542,0.8811,0.1606,2
401810645,NBA,2026-02-13 02:00:00+00:00,Utah Jazz,Portland Trail Blazers,0.2818,0.7182,0.2943,0.7501,3
401810646,NBA,2026-02-13 03:00:00+00:00,Los Angeles Lakers,Dallas Mavericks,0.6853,0.3147,0.7169,0.3293,6
401810647,NBA,2026-02-20 00:00:00+00:00,Charlotte Hornets,Houston Rockets,0.3717,0.6283,0.3866,0.6536,9
401810648,NBA,2026-02-20 00:00:00+00:00,Cleveland Cavaliers,Brooklyn Nets,0.8817,0.1183,0.9203,0.1235,9
401810649,NBA,2026-02-20 00:00:00+00:00,Philadelphia 76ers,Atlanta Hawks,0.537,0.463,0.5607,0.4834,9
401810650,NBA,2026-02-20 00:00:00+00:00,Washington Wizards,Indiana Pacers,0.4043,0.5957,0.421,0.6204,9
401810651,NBA,2026-02-20 00:30:00+00:00,New York Knicks,Detroit Pistons,0.6187,0.3813,0.6439,0.3969,9
401810652,NBA,2026-02-20 01:00:00+00:00,Chicago Bulls,Toronto Raptors,0.3529,0.6471,0.3668,0.6727,9
401810653,NBA,2026-02-20 01:30:00+00:00,San Antonio Spurs,Phoenix Suns,0.7187,0.2813,0.7501,0.2936,9
401810654,NBA,2026-02-20 03:00:00+00:00,Golden State Warriors,Boston Celtics,0.3528,0.6472,0.3672,0.6738,9
401810655,NBA,2026-02-20 03:00:00+00:00,Sacramento Kings,Orlando Magic,0.239,0.761,0.2493,0.7937,9
401810657,NBA,2026-02-21 00:00:00+00:00,Charlotte Hornets,Cleveland Cavaliers,0.3723,0.6277,0.3876,0.6536,1
401810659,NBA,2026-02-21 00:00:00+00:00,Memphis Grizzlies,Utah Jazz,0.615,0.385,0.6432,0.4026,2
401810660,NBA,2026-02-21 00:30:00+00:00,Atlanta Hawks,Miami Heat,0.4177,0.5823,0.4348,0.6061,1
401810661,NBA,2026-02-21 00:30:00+00:00,Minnesota Timberwolves,Dallas Mavericks,0.8361,0.1639,0.8747,0.1714,3
401810662,NBA,2026-02-21 01:00:00+00:00,New Orleans Pelicans,Milwaukee Bucks,0.5845,0.4155,0.6117,0.4348,4
401810665,NBA,2026-02-21 03:00:00+00:00,Portland Trail Blazers,Denver Nuggets,0.4226,0.5774,0.441,0.6024,5
401810669,NBA,2026-02-22 01:00:00+00:00,Chicago Bulls,Detroit Pistons,0.2066,0.7934,0.2152,0.8265,3
401810670,NBA,2026-02-22 01:00:00+00:00,San Antonio Spurs,Sacramento Kings,0.9131,0.0869,0.9434,0.0898,2
401810671,NBA,2026-02-22 01:30:00+00:00,New York Knicks,Houston Rockets,0.565,0.435,0.591,0.455,5
401810678,NBA,2026-02-22 23:30:00+00:00,Los Angeles Lakers,Boston Celtics,0.4912,0.5088,0.5135,0.5319,4
401810679,NBA,2026-02-23 00:00:00+00:00,Minnesota Timberwolves,Philadelphia 76ers,0.7143,0.2857,0.7463,0.2985,1
401810681,NBA,2026-02-23 01:00:00+00:00,Phoenix Suns,Portland Trail Blazers,0.441,0.559,0.4587,0.5814,1
401810683,NBA,2026-02-24 00:00:00+00:00,Detroit Pistons,San Antonio Spurs,0.5471,0.4529,0.5698,0.4717,2
401810684,NBA,2026-02-24 01:00:00+00:00,Memphis Grizzlies,Sacramento Kings,0.6171,0.3829,0.6427,0.3988,5
401810685,NBA,2026-02-24 02:30:00+00:00,Houston Rockets,Utah Jazz,0.8755,0.1245,0.9112,0.1296,8
401810686,NBA,2026-02-25 00:00:00+00:00,Indiana Pacers,Philadelphia 76ers,0.2481,0.7519,0.2593,0.7859,4
401810687,NBA,2026-02-25 00:30:00+00:00,Atlanta Hawks,Washington Wizards,0.8441,0.1559,0.8837,0.1633,6
401810688,NBA,2026-02-25 00:30:00+00:00,Brooklyn Nets,Dallas Mavericks,0.4719,0.5281,0.4927,0.5513,5
401810689,NBA,2026-02-25 00:30:00+00:00,Toronto Raptors,Oklahoma City Thunder,0.4799,0.5201,0.5027,0.5448,5
401810690,NBA,2026-02-25 00:30:00+00:00,Cleveland Cavaliers,New York Knicks,0.5983,0.4017,0.6251,0.4197,6
401810691,NBA,2026-02-25 01:00:00+00:00,Chicago Bulls,Charlotte Hornets,0.2774,0.7226,0.2899,0.7553,5
401810692,NBA,2026-02-25 01:00:00+00:00,Milwaukee Bucks,Miami Heat,0.3452,0.6548,0.3608,0.6844,6
401810693,NBA,2026-02-25 01:00:00+00:00,New Orleans Pelicans,Golden State Warriors,0.4589,0.5411,0.4797,0.5655,6
401810694,NBA,2026-02-25 02:00:00+00:00,Phoenix Suns,Boston Celtics,0.3142,0.6858,0.3288,0.7178,6
401810696,NBA,2026-02-25 03:00:00+00:00,Portland Trail Blazers,Minnesota Timberwolves,0.3246,0.6754,0.3385,0.7043,6
401810695,NBA,2026-02-25 03:30:00+00:00,Los Angeles Lakers,Orlando Magic,0.6422,0.3578,0.6707,0.3736,7
401810697,NBA,2026-02-26 00:30:00+00:00,Detroit Pistons,Oklahoma City Thunder,0.6433,0.3567,0.6712,0.3722,4
401810698,NBA,2026-02-26 00:30:00+00:00,Toronto Raptors,San Antonio Spurs,0.328,0.672,0.3425,0.7018,2
401810699,NBA,2026-02-26 00:30:00+00:00,Memphis Grizzlies,Golden State Warriors,0.4127,0.5873,0.431,0.6135,1
401810700,NBA,2026-02-26 01:00:00+00:00,Houston Rockets,Sacramento Kings,0.8725,0.1275,0.9064,0.1325,3
401810701,NBA,2026-02-26 01:00:00+00:00,Milwaukee Bucks,Cleveland Cavaliers,0.2547,0.7453,0.2656,0.7772,3
401810702,NBA,2026-02-26 03:00:00+00:00,Denver Nuggets,Boston Celtics,0.5987,0.4013,0.6257,0.4195,6
401810703,NBA,2026-02-27 00:00:00+00:00,Indiana Pacers,Charlotte Hornets,0.1616,0.8384,0.1691,0.8772,3
401810704,NBA,2026-02-27 00:00:00+00:00,Philadelphia 76ers,Miami Heat,0.56,0.44,0.5848,0.4595,3
401810705,NBA,2026-02-27 00:30:00+00:00,Atlanta Hawks,Washington Wizards,0.8211,0.1789,0.8572,0.1867,3
401810706,NBA,2026-02-27 00:30:00+00:00,Brooklyn Nets,San Antonio Spurs,0.1451,0.8549,0.1515,0.8929,2
401810707,NBA,2026-02-27 00:30:00+00:00,Orlando Magic,Houston Rockets,0.4836,0.5164,0.5053,0.5397,3
401810710,NBA,2026-02-27 02:00:00+00:00,Phoenix Suns,Los Angeles Lakers,0.3656,0.6344,0.3817,0.6624,6
401810713,NBA,2026-02-28 00:00:00+00:00,Detroit Pistons,Cleveland Cavaliers,0.7143,0.2857,0.7463,0.2985,1
401810714,NBA,2026-02-28 00:30:00+00:00,Boston Celtics,Brooklyn Nets,0.9042,0.0958,0.9434,0.1,1
401810715,NBA,2026-02-28 01:00:00+00:00,Milwaukee Bucks,New York Knicks,0.2782,0.7218,0.2899,0.7519,1
401810716,NBA,2026-02-28 01:30:00+00:00,Dallas Mavericks,Memphis Grizzlies,0.6585,0.3415,0.6867,0.3562,3
401810717,NBA,2026-02-28 02:47:00+00:00,Oklahoma City Thunder,Denver Nuggets,0.7327,0.2673,0.7653,0.2792,3
401810720,NBA,2026-03-01 00:00:00+00:00,Washington Wizards,Toronto Raptors,0.1451,0.8549,0.1515,0.8929,1
401810721,NBA,2026-03-01 01:30:00+00:00,Golden State Warriors,Los Angeles Lakers,0.4151,0.5849,0.4327,0.6098,6
401810722,NBA,2026-03-01 02:30:00+00:00,Utah Jazz,New Orleans Pelicans,0.3192,0.6808,0.3337,0.7118,6
401810726,NBA,2026-03-01 20:30:00+00:00,Denver Nuggets,Minnesota Timberwolves,0.5341,0.4659,0.5567,0.4857,3
401810730,NBA,2026-03-01 23:00:00+00:00,Orlando Magic,Detroit Pistons,0.3255,0.6745,0.3398,0.7043,4
401810729,NBA,2026-03-02 01:00:00+00:00,Boston Celtics,Philadelphia 76ers,0.7368,0.2632,0.7716,0.2756,5
401810731,NBA,2026-03-02 01:00:00+00:00,Dallas Mavericks,Oklahoma City Thunder,0.1196,0.8804,0.1248,0.9192,5
401810733,NBA,2026-03-02 02:30:00+00:00,Los Angeles Lakers,Sacramento Kings,0.8487,0.1513,0.8869,0.1581,4
401810734,NBA,2026-03-03 00:00:00+00:00,Washington Wizards,Houston Rockets,0.1095,0.8905,0.1144,0.9303,2
401810736,NBA,2026-03-03 02:00:00+00:00,Utah Jazz,Denver Nuggets,0.1911,0.8089,0.1996,0.8452,3
401810738,NBA,2026-03-04 00:00:00+00:00,Charlotte Hornets,Dallas Mavericks,0.8004,0.1996,0.8334,0.2078,3
401810739,NBA,2026-03-04 00:00:00+00:00,Cleveland Cavaliers,Detroit Pistons,0.4799,0.5201,0.5017,0.5438,4
401810741,NBA,2026-03-04 00:30:00+00:00,Miami Heat,Brooklyn Nets,0.8477,0.1523,0.8881,0.1595,5
401810742,NBA,2026-03-04 00:30:00+00:00,Toronto Raptors,New York Knicks,0.4502,0.5498,0.4707,0.5749,6
401810743,NBA,2026-03-04 01:00:00+00:00,Philadelphia 76ers,San Antonio Spurs,0.3033,0.6967,0.3178,0.7301,5
401810744,NBA,2026-03-04 01:00:00+00:00,Chicago Bulls,Oklahoma City Thunder,0.1922,0.8078,0.2,0.8403,1
401810745,NBA,2026-03-04 01:00:00+00:00,Minnesota Timberwolves,Memphis Grizzlies,0.8637,0.1363,0.9009,0.1422,3
401810746,NBA,2026-03-04 03:30:00+00:00,Los Angeles Lakers,New Orleans Pelicans,0.7807,0.2193,0.8131,0.2283,3
401810747,NBA,2026-03-04 04:00:00+00:00,Sacramento Kings,Phoenix Suns,0.213,0.787,0.2223,0.8214,8
401810748,NBA,2026-03-05 00:00:00+00:00,New York Knicks,Oklahoma City Thunder,0.3941,0.6059,0.4112,0.6321,5
401810749,NBA,2026-03-05 00:30:00+00:00,Boston Celtics,Charlotte Hornets,0.6678,0.3322,0.697,0.3467,4
401810752,NBA,2026-03-05 02:30:00+00:00,Milwaukee Bucks,Atlanta Hawks,0.4989,0.5011,0.5224,0.5247,6
401810754,NBA,2026-03-06 00:00:00+00:00,Orlando Magic,Dallas Mavericks,0.7374,0.2626,0.7692,0.274,1
401810756,NBA,2026-03-06 00:30:00+00:00,Miami Heat,Brooklyn Nets,0.8467,0.1533,0.885,0.1603,2
401810757,NBA,2026-03-06 00:30:00+00:00,Houston Rockets,Golden State Warriors,0.7444,0.2556,0.7753,0.2662,3
401810758,NBA,2026-03-06 01:00:00+00:00,Minnesota Timberwolves,Toronto Raptors,0.6772,0.3228,0.7067,0.3368,4
401810759,NBA,2026-03-06 01:00:00+00:00,San Antonio Spurs,Detroit Pistons,0.5793,0.4207,0.6034,0.4383,4
401810760,NBA,2026-03-06 02:00:00+00:00,Phoenix Suns,Chicago Bulls,0.8036,0.1964,0.839,0.205,5
401810761,NBA,2026-03-06 03:00:00+00:00,Denver Nuggets,Los Angeles Lakers,0.6215,0.3785,0.6488,0.3951,6
401810762,NBA,2026-03-06 03:00:00+00:00,Sacramento Kings,New Orleans Pelicans,0.3916,0.6084,0.4096,0.6363,6
401810763,NBA,2026-03-07 00:00:00+00:00,Boston Celtics,Dallas Mavericks,0.8742,0.1258,0.9124,0.1313,5
401810764,NBA,2026-03-07 00:00:00+00:00,Charlotte Hornets,Miami Heat,0.6705,0.3295,0.7018,0.3448,2
401810765,NBA,2026-03-07 01:00:00+00:00,Houston Rockets,Portland Trail Blazers,0.7312,0.2688,0.7664,0.2817,2
401810766,NBA,2026-03-07 02:00:00+00:00,Denver Nuggets,New York Knicks,0.506,0.494,0.5303,0.5177,5
401810770,NBA,2026-03-07 20:00:00+00:00,Minnesota Timberwolves,Orlando Magic,0.7002,0.2998,0.7299,0.3125,1
401810771,NBA,2026-03-07 23:00:00+00:00,Detroit Pistons,Brooklyn Nets,0.8499,0.1501,0.885,0.1562,1
401810772,NBA,2026-03-07 23:00:00+00:00,Atlanta Hawks,Philadelphia 76ers,0.6399,0.3601,0.6681,0.3759,4
401810774,NBA,2026-03-08 01:00:00+00:00,Milwaukee Bucks,Utah Jazz,0.7904,0.2096,0.8197,0.2174,1
401810775,NBA,2026-03-08 01:30:00+00:00,Oklahoma City Thunder,Golden State Warriors,0.8513,0.1487,0.8903,0.1556,6
401810777,NBA,2026-03-08 19:30:00+00:00,Los Angeles Lakers,New York Knicks,0.4264,0.5736,0.4425,0.5952,1
401810782,NBA,2026-03-09 00:00:00+00:00,San Antonio Spurs,Houston Rockets,0.6196,0.3804,0.6452,0.3961,4
401810784,NBA,2026-03-09 01:00:00+00:00,Portland Trail Blazers,Indiana Pacers,0.7332,0.2668,0.7663,0.2788,4
401810785,NBA,2026-03-09 01:00:00+00:00,Sacramento Kings,Chicago Bulls,0.4009,0.5991,0.4176,0.6241,4
401810783,NBA,2026-03-09 02:00:00+00:00,Phoenix Suns,Charlotte Hornets,0.3915,0.6085,0.4086,0.6349,4
401810788,NBA,2026-03-09 23:30:00+00:00,Oklahoma City Thunder,Denver Nuggets,0.729,0.271,0.7614,0.2831,3
401810793,NBA,2026-03-10 23:30:00+00:00,Miami Heat,Washington Wizards,0.8856,0.1144,0.9217,0.1191,2
401810794,NBA,2026-03-10 23:30:00+00:00,Atlanta Hawks,Dallas Mavericks,0.7472,0.2528,0.7792,0.2637,3
401810795,NBA,2026-03-11 00:00:00+00:00,Houston Rockets,Toronto Raptors,0.6562,0.3438,0.687,0.3599,5
401810796,NBA,2026-03-11 00:00:00+00:00,Milwaukee Bucks,Phoenix Suns,0.4669,0.5331,0.4867,0.5556,4
401810797,NBA,2026-03-11 00:00:00+00:00,San Antonio Spurs,Boston Celtics,0.5857,0.4143,0.6121,0.4329,5
401810798,NBA,2026-03-11 02:00:00+00:00,Golden State Warriors,Chicago Bulls,0.6531,0.3469,0.6816,0.3621,4
401810799,NBA,2026-03-11 02:00:00+00:00,Portland Trail Blazers,Charlotte Hornets,0.4106,0.5894,0.4283,0.6147,7
401810800,NBA,2026-03-11 02:00:00+00:00,Sacramento Kings,Indiana Pacers,0.5991,0.4009,0.6251,0.4184,7
401810801,NBA,2026-03-11 03:00:00+00:00,Los Angeles Lakers,Minnesota Timberwolves,0.4625,0.5375,0.4827,0.5611,7
401810802,NBA,2026-03-11 23:30:00+00:00,Orlando Magic,Cleveland Cavaliers,0.4371,0.5629,0.4559,0.5871,3
401810805,NBA,2026-03-12 02:00:00+00:00,Denver Nuggets,Houston Rockets,0.6434,0.3566,0.6703,0.3715,5
401810808,NBA,2026-03-12 23:00:00+00:00,Detroit Pistons,Philadelphia 76ers,0.8702,0.1298,0.905,0.1349,2
401810812,NBA,2026-03-12 23:30:00+00:00,Miami Heat,Milwaukee Bucks,0.7002,0.2998,0.7299,0.3125,1
401810966,NBA,2026-03-13 00:00:00+00:00,Memphis Grizzlies,Dallas Mavericks,0.3877,0.6123,0.4032,0.6369,1
401810813,NBA,2026-03-13 01:00:00+00:00,San Antonio Spurs,Denver Nuggets,0.602,0.398,0.625,0.4132,1
401810814,NBA,2026-03-13 01:30:00+00:00,Oklahoma City Thunder,Boston Celtics,0.6862,0.3138,0.7174,0.328,5
401810815,NBA,2026-03-13 02:30:00+00:00,Los Angeles Lakers,Chicago Bulls,0.8,0.2,0.8364,0.2091,7
401810818,NBA,2026-03-13 23:30:00+00:00,Toronto Raptors,Phoenix Suns,0.602,0.398,0.625,0.4132,1
401810819,NBA,2026-03-14 00:00:00+00:00,Houston Rockets,New Orleans Pelicans,0.7002,0.2998,0.7299,0.3125,1
401810821,NBA,2026-03-14 02:00:00+00:00,Golden State Warriors,Minnesota Timberwolves,0.3206,0.6794,0.3353,0.7105,4
401810822,NBA,2026-03-14 02:00:00+00:00,Portland Trail Blazers,Utah Jazz,0.8461,0.1539,0.885,0.161,3
401810827,NBA,2026-03-15 00:00:00+00:00,Miami Heat,Orlando Magic,0.5754,0.4246,0.6012,0.4435,5
401810829,NBA,2026-03-15 00:30:00+00:00,Los Angeles Lakers,Denver Nuggets,0.4473,0.5527,0.4679,0.5781,5
401810836,NBA,2026-03-16 00:00:00+00:00,New York Knicks,Golden State Warriors,0.8435,0.1565,0.8798,0.1632,3
401810838,NBA,2026-03-16 23:00:00+00:00,Atlanta Hawks,Orlando Magic,0.5464,0.4536,0.5682,0.4718,3
401810844,NBA,2026-03-17 01:30:00+00:00,Houston Rockets,Los Angeles Lakers,0.5548,0.4452,0.5796,0.465,7
401810846,NBA,2026-03-17 23:00:00+00:00,Charlotte Hornets,Miami Heat,0.5975,0.4025,0.6211,0.4185,2
401810850,NBA,2026-03-18 00:00:00+00:00,Milwaukee Bucks,Cleveland Cavaliers,0.2267,0.7733,0.2364,0.8065,3
401810852,NBA,2026-03-18 02:00:00+00:00,Denver Nuggets,Philadelphia 76ers,0.8813,0.1187,0.9196,0.1239,4
401810854,NBA,2026-03-18 23:00:00+00:00,Boston Celtics,Golden State Warriors,0.815,0.185,0.8475,0.1923,1
401810857,NBA,2026-03-19 00:00:00+00:00,Chicago Bulls,Toronto Raptors,0.2854,0.7146,0.2986,0.7477,4
401810861,NBA,2026-03-19 00:30:00+00:00,Dallas Mavericks,Atlanta Hawks,0.2462,0.7538,0.2564,0.7854,3
401810862,NBA,2026-03-19 01:30:00+00:00,Houston Rockets,Los Angeles Lakers,0.5453,0.4547,0.5693,0.4748,6
401810870,NBA,2026-03-20 02:00:00+00:00,Sacramento Kings,Philadelphia 76ers,0.3901,0.6099,0.4083,0.6383,3
401810871,NBA,2026-03-20 23:30:00+00:00,Brooklyn Nets,New York Knicks,0.0805,0.9195,0.0833,0.9524,1
401810873,NBA,2026-03-21 00:00:00+00:00,Houston Rockets,Atlanta Hawks,0.6295,0.3705,0.6536,0.3846,1
401810875,NBA,2026-03-21 00:00:00+00:00,Minnesota Timberwolves,Portland Trail Blazers,0.5641,0.4359,0.5882,0.4545,1
401810879,NBA,2026-03-21 23:00:00+00:00,Orlando Magic,Los Angeles Lakers,0.4167,0.5833,0.4363,0.6107,4
401810880,NBA,2026-03-21 23:00:00+00:00,New Orleans Pelicans,Cleveland Cavaliers,0.3621,0.6379,0.3759,0.6623,1
401810883,NBA,2026-03-22 00:00:00+00:00,San Antonio Spurs,Indiana Pacers,0.9139,0.0861,0.9479,0.0893,2
401810885,NBA,2026-03-22 01:30:00+00:00,Utah Jazz,Philadelphia 76ers,0.3005,0.6995,0.3145,0.7321,5
401810890,NBA,2026-03-23 00:00:00+00:00,Boston Celtics,Minnesota Timberwolves,0.7567,0.2433,0.7874,0.2532,1
401810891,NBA,2026-03-23 01:00:00+00:00,Phoenix Suns,Toronto Raptors,0.4788,0.5212,0.502,0.5464,4
401810893,NBA,2026-03-23 23:00:00+00:00,Detroit Pistons,Los Angeles Lakers,0.4606,0.5394,0.4798,0.5619,2
401810894,NBA,2026-03-23 23:00:00+00:00,Orlando Magic,Indiana Pacers,0.8536,0.1464,0.8889,0.1525,2
401810895,NBA,2026-03-23 23:00:00+00:00,Philadelphia 76ers,Oklahoma City Thunder,0.1144,0.8856,0.1191,0.9217,2
401810896,NBA,2026-03-23 23:00:00+00:00,Miami Heat,San Antonio Spurs,0.3349,0.6651,0.3497,0.6944,3
401810897,NBA,2026-03-24 00:00:00+00:00,Chicago Bulls,Houston Rockets,0.2385,0.7615,0.2485,0.7937,2
401810898,NBA,2026-03-24 01:00:00+00:00,Utah Jazz,Toronto Raptors,0.1482,0.8518,0.1546,0.8889,2
401810899,NBA,2026-03-24 01:30:00+00:00,Dallas Mavericks,Golden State Warriors,0.445,0.555,0.4641,0.5788,6
401810900,NBA,2026-03-24 02:00:00+00:00,Portland Trail Blazers,Brooklyn Nets,0.8666,0.1334,0.9064,0.1396,6
401810903,NBA,2026-03-24 23:30:00+00:00,New York Knicks,New Orleans Pelicans,0.7512,0.2488,0.7813,0.2588,3
401810905,NBA,2026-03-25 03:00:00+00:00,Phoenix Suns,Denver Nuggets,0.3415,0.6585,0.3573,0.6889,6
401810906,NBA,2026-03-25 23:00:00+00:00,Detroit Pistons,Atlanta Hawks,0.5714,0.4286,0.5953,0.4466,2
401810907,NBA,2026-03-25 23:00:00+00:00,Indiana Pacers,Los Angeles Lakers,0.1754,0.8246,0.1818,0.8547,1
401810909,NBA,2026-03-25 23:30:00+00:00,Boston Celtics,Oklahoma City Thunder,0.4201,0.5799,0.4397,0.6071,4
401810910,NBA,2026-03-25 23:30:00+00:00,Cleveland Cavaliers,Miami Heat,0.5995,0.4005,0.6237,0.4167,3
401810913,NBA,2026-03-26 01:42:00+00:00,Minnesota Timberwolves,Houston Rockets,0.4721,0.5279,0.4937,0.5521,6
401810914,NBA,2026-03-26 02:00:00+00:00,Denver Nuggets,Dallas Mavericks,0.8614,0.1386,0.9009,0.145,3
401810916,NBA,2026-03-26 02:00:00+00:00,Portland Trail Blazers,Milwaukee Bucks,0.8308,0.1692,0.8696,0.1771,2
401810922,NBA,2026-03-27 23:30:00+00:00,Boston Celtics,Atlanta Hawks,0.6617,0.3383,0.6906,0.353,6
401810923,NBA,2026-03-27 23:30:00+00:00,Cleveland Cavaliers,Miami Heat,0.6591,0.3409,0.689,0.3564,6
401810925,NBA,2026-03-28 00:00:00+00:00,Oklahoma City Thunder,Chicago Bulls,0.9215,0.0785,0.9616,0.0819,6
401810927,NBA,2026-03-28 01:00:00+00:00,Denver Nuggets,Utah Jazz,0.9123,0.0877,0.9509,0.0914,6
401810928,NBA,2026-03-28 02:00:00+00:00,Golden State Warriors,Washington Wizards,0.8612,0.1388,0.8979,0.1448,8
401810929,NBA,2026-03-28 02:00:00+00:00,Portland Trail Blazers,Dallas Mavericks,0.7802,0.2198,0.8145,0.2295,9
401810930,NBA,2026-03-28 02:30:00+00:00,Los Angeles Lakers,Brooklyn Nets,0.9028,0.0972,0.9424,0.1015,9
401810933,NBA,2026-03-28 23:30:00+00:00,Atlanta Hawks,Sacramento Kings,0.8648,0.1352,0.9009,0.1408,1
401810936,NBA,2026-03-29 02:00:00+00:00,Phoenix Suns,Utah Jazz,0.8921,0.1079,0.9317,0.1127,6
401810938,NBA,2026-03-29 21:00:00+00:00,Indiana Pacers,Miami Heat,0.2342,0.7658,0.2447,0.8001,5
401810940,NBA,2026-03-29 22:00:00+00:00,Charlotte Hornets,Boston Celtics,0.5538,0.4462,0.5747,0.463,1
401810941,NBA,2026-03-29 22:00:00+00:00,Toronto Raptors,Orlando Magic,0.5553,0.4447,0.5802,0.4647,5
401810944,NBA,2026-03-29 23:30:00+00:00,Oklahoma City Thunder,New York Knicks,0.7512,0.2488,0.7834,0.2595,6
401810945,NBA,2026-03-30 02:00:00+00:00,Denver Nuggets,Golden State Warriors,0.8197,0.1803,0.8579,0.1886,7
401810946,NBA,2026-03-30 23:00:00+00:00,Miami Heat,Philadelphia 76ers,0.4922,0.5078,0.5143,0.5306,2
401810947,NBA,2026-03-30 23:30:00+00:00,Atlanta Hawks,Boston Celtics,0.4909,0.5091,0.5102,0.5291,1
401810948,NBA,2026-03-31 00:00:00+00:00,Memphis Grizzlies,Phoenix Suns,0.1388,0.8612,0.1445,0.8969,2
401810950,NBA,2026-03-31 00:30:00+00:00,Dallas Mavericks,Minnesota Timberwolves,0.3004,0.6996,0.314,0.7313,4
401810951,NBA,2026-03-31 01:00:00+00:00,Utah Jazz,Cleveland Cavaliers,0.0936,0.9064,0.0979,0.9479,4
401810952,NBA,2026-03-31 01:30:00+00:00,Oklahoma City Thunder,Detroit Pistons,0.8403,0.1597,0.8772,0.1667,1
401810953,NBA,2026-03-31 02:00:00+00:00,Los Angeles Lakers,Washington Wizards,0.8955,0.1045,0.9346,0.1091,8
401810954,NBA,2026-03-31 23:00:00+00:00,Orlando Magic,Phoenix Suns,0.5732,0.4268,0.5971,0.4447,2
401810955,NBA,2026-03-31 23:30:00+00:00,Brooklyn Nets,Charlotte Hornets,0.1028,0.8972,0.1071,0.9346,2
401810957,NBA,2026-04-01 00:00:00+00:00,Houston Rockets,New York Knicks,0.487,0.513,0.5089,0.5362,2
401810958,NBA,2026-04-01 02:30:00+00:00,Los Angeles Lakers,Cleveland Cavaliers,0.5292,0.4708,0.5525,0.4915,4
401810961,NBA,2026-04-01 23:30:00+00:00,Miami Heat,Boston Celtics,0.3611,0.6389,0.3769,0.6667,5
401810967,NBA,2026-04-02 01:00:00+00:00,Utah Jazz,Denver Nuggets,0.0891,0.9109,0.0932,0.9524,3
401810968,NBA,2026-04-02 02:00:00+00:00,Golden State Warriors,San Antonio Spurs,0.1455,0.8545,0.1523,0.8942,6
401810971,NBA,2026-04-03 01:30:00+00:00,Oklahoma City Thunder,Los Angeles Lakers,0.7307,0.2693,0.7646,0.2818,5
401810976,NBA,2026-04-03 23:00:00+00:00,Philadelphia 76ers,Minnesota Timberwolves,0.5501,0.4499,0.5714,0.4673,1
401810977,NBA,2026-04-03 23:30:00+00:00,Brooklyn Nets,Atlanta Hawks,0.1052,0.8948,0.1093,0.9303,2
401810978,NBA,2026-04-03 23:30:00+00:00,New York Knicks,Chicago Bulls,0.8997,0.1003,0.9346,0.1042,2
401810980,NBA,2026-04-04 00:00:00+00:00,Memphis Grizzlies,Toronto Raptors,0.1415,0.8585,0.1478,0.8969,4
401810981,NBA,2026-04-04 00:00:00+00:00,Milwaukee Bucks,Boston Celtics,0.0886,0.9114,0.0918,0.9434,2
401810982,NBA,2026-04-04 00:30:00+00:00,Dallas Mavericks,Orlando Magic,0.3039,0.6961,0.3175,0.7273,2
401810987,NBA,2026-04-05 19:30:00+00:00,Boston Celtics,Toronto Raptors,0.7782,0.2218,0.8131,0.2318,5
401810988,NBA,2026-04-05 19:30:00+00:00,Brooklyn Nets,Washington Wizards,0.6244,0.3756,0.6494,0.3906,1
401810989,NBA,2026-04-05 19:30:00+00:00,Chicago Bulls,Phoenix Suns,0.1987,0.8013,0.2076,0.8376,5
401810991,NBA,2026-04-05 22:00:00+00:00,Cleveland Cavaliers,Indiana Pacers,0.9227,0.0773,0.957,0.0801,2
401810992,NBA,2026-04-05 23:00:00+00:00,Minnesota Timberwolves,Charlotte Hornets,0.5157,0.4843,0.54,0.5071,5
401810993,NBA,2026-04-05 23:00:00+00:00,New Orleans Pelicans,Orlando Magic,0.3963,0.6037,0.4139,0.6307,5
401810994,NBA,2026-04-05 23:00:00+00:00,Oklahoma City Thunder,Utah Jazz,0.9372,0.0628,0.9785,0.0656,5
401810995,NBA,2026-04-05 23:30:00+00:00,Dallas Mavericks,Los Angeles Lakers,0.4042,0.5958,0.422,0.622,5
401810997,NBA,2026-04-06 02:00:00+00:00,Golden State Warriors,Houston Rockets,0.3942,0.6058,0.4104,0.6308,9
401810998,NBA,2026-04-06 23:00:00+00:00,Atlanta Hawks,New York Knicks,0.5048,0.4952,0.5282,0.5182,3
401811001,NBA,2026-04-07 00:00:00+00:00,San Antonio Spurs,Philadelphia 76ers,0.7408,0.2592,0.7741,0.2709,5
401811002,NBA,2026-04-07 01:00:00+00:00,Denver Nuggets,Portland Trail Blazers,0.7457,0.2543,0.7775,0.2652,8
401811006,NBA,2026-04-07 23:30:00+00:00,Toronto Raptors,Miami Heat,0.4757,0.5243,0.4977,0.5485,3
401811004,NBA,2026-04-08 00:00:00+00:00,Boston Celtics,Charlotte Hornets,0.6695,0.3305,0.6993,0.3453,3
401811009,NBA,2026-04-08 02:00:00+00:00,Golden State Warriors,Sacramento Kings,0.875,0.125,0.9125,0.1304,5
401811010,NBA,2026-04-08 02:30:00+00:00,Los Angeles Lakers,Oklahoma City Thunder,0.1085,0.8915,0.1136,0.9331,6
401811012,NBA,2026-04-08 03:00:00+00:00,Phoenix Suns,Houston Rockets,0.4873,0.5127,0.5103,0.5368,6
401811016,NBA,2026-04-09 01:30:00+00:00,San Antonio Spurs,Portland Trail Blazers,0.5867,0.4133,0.613,0.4319,7
401811025,NBA,2026-04-10 02:00:00+00:00,Golden State Warriors,Los Angeles Lakers,0.6444,0.3556,0.6711,0.3704,1
401811041,NBA,2026-04-12 22:00:00+00:00,Boston Celtics,Orlando Magic,0.2396,0.7604,0.2505,0.795,5
401811042,NBA,2026-04-12 22:00:00+00:00,Cleveland Cavaliers,Washington Wizards,0.8584,0.1416,0.8977,0.1481,5
401811043,NBA,2026-04-12 22:00:00+00:00,Indiana Pacers,Detroit Pistons,0.1617,0.8383,0.1692,0.8773,6
401811044,NBA,2026-04-12 22:00:00+00:00,Miami Heat,Atlanta Hawks,0.4201,0.5799,0.439,0.6061,5
401811045,NBA,2026-04-12 22:00:00+00:00,New York Knicks,Charlotte Hornets,0.2133,0.7867,0.2231,0.8227,5
401811046,NBA,2026-04-12 22:00:00+00:00,Philadelphia 76ers,Milwaukee Bucks,0.8826,0.1174,0.9217,0.1225,6
401811047,NBA,2026-04-12 22:00:00+00:00,Toronto Raptors,Brooklyn Nets,0.9354,0.0646,0.9747,0.0673,5
401811048,NBA,2026-04-13 00:30:00+00:00,Dallas Mavericks,Chicago Bulls,0.7076,0.2924,0.7408,0.3061,7
401811049,NBA,2026-04-13 00:30:00+00:00,Houston Rockets,Memphis Grizzlies,0.8535,0.1465,0.894,0.1534,7
401811050,NBA,2026-04-13 00:30:00+00:00,Minnesota Timberwolves,New Orleans Pelicans,0.7348,0.2652,0.768,0.2772,7
401811051,NBA,2026-04-13 00:30:00+00:00,Oklahoma City Thunder,Phoenix Suns,0.6628,0.3372,0.6938,0.353,6
401811052,NBA,2026-04-13 00:30:00+00:00,San Antonio Spurs,Denver Nuggets,0.7539,0.2461,0.7879,0.2572,7
401811053,NBA,2026-04-13 00:30:00+00:00,Los Angeles Lakers,Utah Jazz,0.8899,0.1101,0.9309,0.1151,7
401811055,NBA,2026-04-13 00:30:00+00:00,Portland Trail Blazers,Sacramento Kings,0.8953,0.1047,0.9358,0.1094,7
401866755,NBA,2026-04-14 23:30:00+00:00,Charlotte Hornets,Miami Heat,0.6613,0.3387,0.6907,0.3537,10
401866754,NBA,2026-04-15 02:00:00+00:00,Phoenix Suns,Portland Trail Blazers,0.5907,0.4093,0.6157,0.4266,9
401866757,NBA,2026-04-15 23:30:00+00:00,Philadelphia 76ers,Orlando Magic,0.5334,0.4666,0.5566,0.4868,10
401866758,NBA,2026-04-17 23:30:00+00:00,Orlando Magic,Charlotte Hornets,0.3993,0.6007,0.4158,0.6254,10
401866759,NBA,2026-04-18 02:00:00+00:00,Phoenix Suns,Golden State Warriors,0.5817,0.4183,0.6057,0.4356,10
401869187,NBA,2026-04-18 17:00:00+00:00,Cleveland Cavaliers,Toronto Raptors,0.7484,0.2516,0.7813,0.2627,10
401869188,NBA,2026-04-18 19:30:00+00:00,Denver Nuggets,Minnesota Timberwolves,0.6875,0.3125,0.7174,0.326,10
401869189,NBA,2026-04-18 22:00:00+00:00,New York Knicks,Atlanta Hawks,0.6617,0.3383,0.6911,0.3533,10
401869190,NBA,2026-04-19 00:30:00+00:00,Los Angeles Lakers,Houston Rockets,0.3495,0.6505,0.3642,0.6781,10
401869191,NBA,2026-04-19 17:00:00+00:00,Boston Celtics,Philadelphia 76ers,0.8511,0.1489,0.8897,0.1557,10
401869192,NBA,2026-04-19 19:30:00+00:00,Oklahoma City Thunder,Phoenix Suns,0.8763,0.1237,0.9158,0.1293,10
401869193,NBA,2026-04-19 22:30:00+00:00,Detroit Pistons,Orlando Magic,0.7517,0.2483,0.7844,0.2591,10
401869194,NBA,2026-04-20 01:00:00+00:00,San Antonio Spurs,Portland Trail Blazers,0.8103,0.1897,0.8475,0.1984,10
401869369,NBA,2026-04-20 23:00:00+00:00,Cleveland Cavaliers,Toronto Raptors,0.7492,0.2508,0.7825,0.262,10
401869387,NBA,2026-04-21 00:00:00+00:00,New York Knicks,Atlanta Hawks,0.6657,0.3343,0.6954,0.3492,10
401869395,NBA,2026-04-21 02:30:00+00:00,Denver Nuggets,Minnesota Timberwolves,0.6917,0.3083,0.7226,0.3221,10
401869396,NBA,2026-04-21 23:00:00+00:00,Boston Celtics,Philadelphia 76ers,0.8628,0.1372,0.9009,0.1433,10
401869378,NBA,2026-04-22 00:00:00+00:00,San Antonio Spurs,Portland Trail Blazers,0.833,0.167,0.8704,0.1745,10
401869397,NBA,2026-04-22 02:30:00+00:00,Los Angeles Lakers,Houston Rockets,0.3615,0.6385,0.3767,0.6654,10
401869411,NBA,2026-04-22 23:00:00+00:00,Detroit Pistons,Orlando Magic,0.7675,0.2325,0.802,0.243,10
401869368,NBA,2026-04-23 01:30:00+00:00,Oklahoma City Thunder,Phoenix Suns,0.9155,0.0845,0.9542,0.088,10
401869389,NBA,2026-04-23 23:00:00+00:00,Atlanta Hawks,New York Knicks,0.4903,0.5097,0.5131,0.5334,10
401869375,NBA,2026-04-24 00:00:00+00:00,Toronto Raptors,Cleveland Cavaliers,0.4205,0.5795,0.4377,0.6032,10
401869398,NBA,2026-04-24 01:30:00+00:00,Minnesota Timberwolves,Denver Nuggets,0.4548,0.5452,0.4743,0.5685,10
401869404,NBA,2026-04-24 23:00:00+00:00,Philadelphia 76ers,Boston Celtics,0.2826,0.7174,0.2949,0.7485,10
401869400,NBA,2026-04-25 00:00:00+00:00,Houston Rockets,Los Angeles Lakers,0.746,0.254,0.7789,0.2652,10
401869382,NBA,2026-04-25 02:30:00+00:00,Portland Trail Blazers,San Antonio Spurs,0.4436,0.5564,0.463,0.5809,10
401869414,NBA,2026-04-25 17:00:00+00:00,Orlando Magic,Detroit Pistons,0.4367,0.5633,0.4555,0.5876,10
401869370,NBA,2026-04-25 19:30:00+00:00,Phoenix Suns,Oklahoma City Thunder,0.227,0.773,0.237,0.8071,10
401869391,NBA,2026-04-25 22:00:00+00:00,Atlanta Hawks,New York Knicks,0.4609,0.5391,0.4811,0.5628,10
401869399,NBA,2026-04-26 00:30:00+00:00,Minnesota Timberwolves,Denver Nuggets,0.4725,0.5275,0.4937,0.5511,10
401869377,NBA,2026-04-26 17:00:00+00:00,Toronto Raptors,Cleveland Cavaliers,0.3997,0.6003,0.4165,0.6254,10
401869385,NBA,2026-04-26 19:30:00+00:00,Portland Trail Blazers,San Antonio Spurs,0.3436,0.6564,0.3583,0.6845,10
401869406,NBA,2026-04-26 23:00:00+00:00,Philadelphia 76ers,Boston Celtics,0.2828,0.7172,0.2954,0.7491,10
401869405,NBA,2026-04-27 01:30:00+00:00,Houston Rockets,Los Angeles Lakers,0.6275,0.3725,0.6537,0.3881,10
401869415,NBA,2026-04-28 00:00:00+00:00,Orlando Magic,Detroit Pistons,0.4308,0.5692,0.4489,0.5932,10
401869373,NBA,2026-04-28 01:30:00+00:00,Phoenix Suns,Oklahoma City Thunder,0.2017,0.7983,0.2105,0.8334,9
401869401,NBA,2026-04-28 02:30:00+00:00,Denver Nuggets,Minnesota Timberwolves,0.8,0.2,0.8354,0.2088,11
401869408,NBA,2026-04-28 23:00:00+00:00,Boston Celtics,Philadelphia 76ers,0.8111,0.1889,0.8482,0.1976,10
401869392,NBA,2026-04-29 00:00:00+00:00,New York Knicks,Atlanta Hawks,0.7038,0.2962,0.7353,0.3095,10
401869386,NBA,2026-04-29 01:30:00+00:00,San Antonio Spurs,Portland Trail Blazers,0.8318,0.1682,0.8681,0.1755,10
401869416,NBA,2026-04-29 23:00:00+00:00,Detroit Pistons,Orlando Magic,0.7695,0.2305,0.8039,0.2407,10
401869380,NBA,2026-04-29 23:30:00+00:00,Cleveland Cavaliers,Toronto Raptors,0.7566,0.2434,0.7894,0.2539,10
401869407,NBA,2026-04-30 02:00:00+00:00,Los Angeles Lakers,Houston Rockets,0.6195,0.3805,0.6444,0.3958,10
401869393,NBA,2026-04-30 23:00:00+00:00,Atlanta Hawks,New York Knicks,0.4448,0.5552,0.4642,0.5795,10
401869410,NBA,2026-05-01 00:00:00+00:00,Philadelphia 76ers,Boston Celtics,0.3295,0.6705,0.3437,0.6994,10
401869402,NBA,2026-05-01 01:30:00+00:00,Minnesota Timberwolves,Denver Nuggets,0.3332,0.6668,0.3479,0.6964,10
401869417,NBA,2026-05-01 23:00:00+00:00,Orlando Magic,Detroit Pistons,0.4045,0.5955,0.4213,0.6204,10
401869381,NBA,2026-05-01 23:30:00+00:00,Toronto Raptors,Cleveland Cavaliers,0.386,0.614,0.402,0.6394,10
401869409,NBA,2026-05-02 01:30:00+00:00,Houston Rockets,Los Angeles Lakers,0.6129,0.3871,0.6386,0.4034,10
401871159,NBA,2026-05-05 00:00:00+00:00,New York Knicks,Philadelphia 76ers,0.7131,0.2869,0.7446,0.2996,10
401871152,NBA,2026-05-05 01:30:00+00:00,San Antonio Spurs,Minnesota Timberwolves,0.8426,0.1574,0.8804,0.1645,10
401871333,NBA,2026-05-05 23:00:00+00:00,Detroit Pistons,Cleveland Cavaliers,0.5757,0.4243,0.5999,0.4422,10
401871326,NBA,2026-05-06 00:30:00+00:00,Oklahoma City Thunder,Los Angeles Lakers,0.8817,0.1183,0.9201,0.1235,10
401871160,NBA,2026-05-06 23:00:00+00:00,New York Knicks,Philadelphia 76ers,0.7036,0.2964,0.7348,0.3096,10
401871153,NBA,2026-05-07 01:30:00+00:00,San Antonio Spurs,Minnesota Timberwolves,0.7692,0.2308,0.8039,0.2412,10
401871334,NBA,2026-05-07 23:00:00+00:00,Detroit Pistons,Cleveland Cavaliers,0.5907,0.4093,0.6148,0.426,10
401871327,NBA,2026-05-08 01:30:00+00:00,Oklahoma City Thunder,Los Angeles Lakers,0.865,0.135,0.9026,0.1408,10
401871161,NBA,2026-05-08 23:00:00+00:00,Philadelphia 76ers,New York Knicks,0.5193,0.4807,0.5429,0.5026,10
401871154,NBA,2026-05-09 01:30:00+00:00,Minnesota Timberwolves,San Antonio Spurs,0.3605,0.6395,0.3753,0.6658,10
401871335,NBA,2026-05-09 19:00:00+00:00,Cleveland Cavaliers,Detroit Pistons,0.6168,0.3832,0.6423,0.3991,10
401871328,NBA,2026-05-10 00:30:00+00:00,Los Angeles Lakers,Oklahoma City Thunder,0.2414,0.7586,0.2518,0.7912,10
401871162,NBA,2026-05-10 19:30:00+00:00,Philadelphia 76ers,New York Knicks,0.4829,0.5171,0.5051,0.5409,10
401871155,NBA,2026-05-10 23:30:00+00:00,Minnesota Timberwolves,San Antonio Spurs,0.3738,0.6262,0.3893,0.6523,10
401871336,NBA,2026-05-12 00:00:00+00:00,Cleveland Cavaliers,Detroit Pistons,0.594,0.406,0.6185,0.4228,10
401871329,NBA,2026-05-12 02:30:00+00:00,Los Angeles Lakers,Oklahoma City Thunder,0.1957,0.8043,0.2045,0.8404,10
401871156,NBA,2026-05-13 00:00:00+00:00,San Antonio Spurs,Minnesota Timberwolves,0.7734,0.2266,0.8078,0.2366,10
401871337,NBA,2026-05-14 00:00:00+00:00,Detroit Pistons,Cleveland Cavaliers,0.6039,0.3961,0.629,0.4126,10
401871338,NBA,2026-05-15 23:00:00+00:00,Cleveland Cavaliers,Detroit Pistons,0.6042,0.3958,0.6294,0.4124,10
401871157,NBA,2026-05-16 01:30:00+00:00,Minnesota Timberwolves,San Antonio Spurs,0.3602,0.6398,0.3754,0.6667,10
401873197,NBA,2026-05-19 00:30:00+00:00,Oklahoma City Thunder,San Antonio Spurs,0.6849,0.3151,0.7144,0.3287,10
401873341,NBA,2026-05-20 00:00:00+00:00,New York Knicks,Cleveland Cavaliers,0.6982,0.3018,0.7294,0.3153,10
401873198,NBA,2026-05-21 00:30:00+00:00,Oklahoma City Thunder,San Antonio Spurs,0.6817,0.3183,0.7113,0.3321,10
401873342,NBA,2026-05-22 00:00:00+00:00,New York Knicks,Cleveland Cavaliers,0.6719,0.3281,0.7008,0.3423,10
401873199,NBA,2026-05-23 00:30:00+00:00,San Antonio Spurs,Oklahoma City Thunder,0.5335,0.4665,0.5572,0.4872,10
401873343,NBA,2026-05-24 00:00:00+00:00,Cleveland Cavaliers,New York Knicks,0.5529,0.4471,0.5771,0.4667,10
401873200,NBA,2026-05-25 00:00:00+00:00,San Antonio Spurs,Oklahoma City Thunder,0.5586,0.4414,0.5828,0.4605,10
401873344,NBA,2026-05-26 00:00:00+00:00,Cleveland Cavaliers,New York Knicks,0.4488,0.5512,0.4684,0.5751,10
401873201,NBA,2026-05-27 00:30:00+00:00,Oklahoma City Thunder,San Antonio Spurs,0.6313,0.3687,0.6576,0.3841,10
401873202,NBA,2026-05-29 00:30:00+00:00,San Antonio Spurs,Oklahoma City Thunder,0.5927,0.4073,0.6177,0.4245,10
401873203,NBA,2026-05-31 00:00:00+00:00,Oklahoma City Thunder,San Antonio Spurs,0.5809,0.4191,0.605,0.4365,10
401859963,NBA,2026-06-04 00:30:00+00:00,San Antonio Spurs,New York Knicks,0.6286,0.3714,0.6554,0.3872,10
401859964,NBA,2026-06-06 00:30:00+00:00,San Antonio Spurs,New York Knicks,0.6661,0.3339,0.6955,0.3486,10
401859965,NBA,2026-06-09 00:30:00+00:00,New York Knicks,San Antonio Spurs,0.5436,0.4564,0.5672,0.4762,10
401859966,NBA,2026-06-11 00:30:00+00:00,New York Knicks,San Antonio Spurs,0.537,0.463,0.5609,0.4836,10
401859967,NBA,2026-06-14 00:30:00+00:00,San Antonio Spurs,New York Knicks,0.634,0.366,0.6606,0.3813,10
401772510,NFL,2025-09-05 00:20:00+00:00,Philadelphia Eagles,Dallas Cowboys,0.7808,0.2192,0.8156,0.2289,11
401772714,NFL,2025-09-06 00:00:00+00:00,Los Angeles Chargers,Kansas City Chiefs,0.3992,0.6008,0.4158,0.6258,11
401772830,NFL,2025-09-07 17:00:00+00:00,Atlanta Falcons,Tampa Bay Buccaneers,0.4853,0.5147,0.5089,0.5397,8
401772829,NFL,2025-09-07 17:00:00+00:00,Cleveland Browns,Cincinnati Bengals,0.3235,0.6765,0.3379,0.7067,11
401772719,NFL,2025-09-07 17:00:00+00:00,Indianapolis Colts,Miami Dolphins,0.5058,0.4942,0.5303,0.5182,8
401772720,NFL,2025-09-07 17:00:00+00:00,New England Patriots,Las Vegas Raiders,0.5607,0.4393,0.5849,0.4583,11
401772718,NFL,2025-09-07 17:00:00+00:00,New Orleans Saints,Arizona Cardinals,0.2889,0.7111,0.3018,0.7428,11
401772721,NFL,2025-09-07 17:00:00+00:00,New York Jets,Pittsburgh Steelers,0.4207,0.5793,0.4392,0.6048,11
401772827,NFL,2025-09-07 17:00:00+00:00,Washington Commanders,New York Giants,0.6997,0.3003,0.73,0.3133,11
401772828,NFL,2025-09-07 17:00:00+00:00,Jacksonville Jaguars,Carolina Panthers,0.635,0.365,0.6619,0.3804,11
401772832,NFL,2025-09-07 20:05:00+00:00,Denver Broncos,Tennessee Titans,0.7798,0.2202,0.8137,0.2298,11
401772831,NFL,2025-09-07 20:05:00+00:00,Seattle Seahawks,San Francisco 49ers,0.4792,0.5208,0.5017,0.5452,11
401772722,NFL,2025-09-07 20:25:00+00:00,Green Bay Packers,Detroit Lions,0.548,0.452,0.5713,0.4713,11
401772723,NFL,2025-09-07 20:25:00+00:00,Los Angeles Rams,Houston Texans,0.5997,0.4003,0.624,0.4164,11
401772918,NFL,2025-09-08 00:20:00+00:00,Buffalo Bills,Baltimore Ravens,0.4748,0.5252,0.4967,0.5495,10
401772810,NFL,2025-09-09 00:15:00+00:00,Chicago Bears,Minnesota Vikings,0.4786,0.5214,0.5014,0.5462,11
401772936,NFL,2025-09-12 00:15:00+00:00,Green Bay Packers,Washington Commanders,0.6162,0.3838,0.6415,0.3995,11
401772725,NFL,2025-09-14 17:00:00+00:00,Cincinnati Bengals,Jacksonville Jaguars,0.6218,0.3782,0.6473,0.3937,10
401772834,NFL,2025-09-14 17:00:00+00:00,Dallas Cowboys,New York Giants,0.6786,0.3214,0.7089,0.3357,10
401772835,NFL,2025-09-14 17:00:00+00:00,Detroit Lions,Chicago Bears,0.7138,0.2862,0.7463,0.2993,10
401772724,NFL,2025-09-14 17:00:00+00:00,Tennessee Titans,Los Angeles Rams,0.3171,0.6829,0.3315,0.7138,10
401772728,NFL,2025-09-14 17:00:00+00:00,Miami Dolphins,New England Patriots,0.5429,0.4571,0.5666,0.4772,10
401772833,NFL,2025-09-14 17:00:00+00:00,New Orleans Saints,San Francisco 49ers,0.4015,0.5985,0.4185,0.6239,10
401772727,NFL,2025-09-14 17:00:00+00:00,New York Jets,Buffalo Bills,0.2894,0.7106,0.3025,0.7426,10
401772836,NFL,2025-09-14 17:00:00+00:00,Pittsburgh Steelers,Seattle Seahawks,0.5992,0.4008,0.6235,0.417,10
401772726,NFL,2025-09-14 17:00:00+00:00,Baltimore Ravens,Cleveland Browns,0.8584,0.1416,0.8977,0.1481,10
401772729,NFL,2025-09-14 20:05:00+00:00,Indianapolis Colts,Denver Broncos,0.4726,0.5274,0.4945,0.5517,10
401772730,NFL,2025-09-14 20:05:00+00:00,Arizona Cardinals,Carolina Panthers,0.7246,0.2754,0.7566,0.2876,11
401772837,NFL,2025-09-14 20:25:00+00:00,Kansas City Chiefs,Philadelphia Eagles,0.4774,0.5226,0.4998,0.5471,10
401772919,NFL,2025-09-15 00:20:00+00:00,Minnesota Vikings,Atlanta Falcons,0.6096,0.3904,0.6342,0.4062,11
401772715,NFL,2025-09-15 23:00:00+00:00,Houston Texans,Tampa Bay Buccaneers,0.5699,0.4301,0.5937,0.4481,11
401772811,NFL,2025-09-16 02:00:00+00:00,Las Vegas Raiders,Los Angeles Chargers,0.3764,0.6236,0.392,0.6495,11
401772937,NFL,2025-09-19 00:15:00+00:00,Buffalo Bills,Miami Dolphins,0.8562,0.1438,0.8943,0.1502,11
401772842,NFL,2025-09-21 17:00:00+00:00,Cleveland Browns,Green Bay Packers,0.2183,0.7817,0.2279,0.8162,11
401772733,NFL,2025-09-21 17:00:00+00:00,Tennessee Titans,Indianapolis Colts,0.3504,0.6496,0.3651,0.677,11
401772731,NFL,2025-09-21 17:00:00+00:00,Minnesota Vikings,Cincinnati Bengals,0.5873,0.4127,0.6122,0.4302,11
401772732,NFL,2025-09-21 17:00:00+00:00,New England Patriots,Pittsburgh Steelers,0.4606,0.5394,0.4806,0.5628,11
401772839,NFL,2025-09-21 17:00:00+00:00,Philadelphia Eagles,Los Angeles Rams,0.626,0.374,0.6518,0.3895,11
401772840,NFL,2025-09-21 17:00:00+00:00,Tampa Bay Buccaneers,New York Jets,0.7279,0.2721,0.7597,0.284,11
401772841,NFL,2025-09-21 17:00:00+00:00,Washington Commanders,Las Vegas Raiders,0.5789,0.4211,0.6032,0.4388,11
401772838,NFL,2025-09-21 17:00:00+00:00,Carolina Panthers,Atlanta Falcons,0.327,0.673,0.3416,0.703,11
401772734,NFL,2025-09-21 17:00:00+00:00,Jacksonville Jaguars,Houston Texans,0.5314,0.4686,0.5553,0.4897,11
401772735,NFL,2025-09-21 20:05:00+00:00,Los Angeles Chargers,Denver Broncos,0.5814,0.4186,0.6052,0.4357,11
401772736,NFL,2025-09-21 20:05:00+00:00,Seattle Seahawks,New Orleans Saints,0.7633,0.2367,0.7978,0.2474,11
401772844,NFL,2025-09-21 20:25:00+00:00,Chicago Bears,Dallas Cowboys,0.4767,0.5233,0.4989,0.5477,10
401772843,NFL,2025-09-21 20:25:00+00:00,San Francisco 49ers,Arizona Cardinals,0.5459,0.4541,0.5698,0.4739,11
401772920,NFL,2025-09-22 00:20:00+00:00,New York Giants,Kansas City Chiefs,0.2736,0.7264,0.286,0.7592,11
401772812,NFL,2025-09-23 00:15:00+00:00,Baltimore Ravens,Detroit Lions,0.671,0.329,0.7002,0.3434,11
401772938,NFL,2025-09-26 00:15:00+00:00,Arizona Cardinals,Seattle Seahawks,0.4677,0.5323,0.4886,0.5562,11
401772632,NFL,2025-09-28 13:30:00+00:00,Pittsburgh Steelers,Minnesota Vikings,0.4344,0.5656,0.4536,0.5905,11
401772739,NFL,2025-09-28 17:00:00+00:00,Atlanta Falcons,Washington Commanders,0.5439,0.4561,0.5683,0.4766,11
401772740,NFL,2025-09-28 17:00:00+00:00,Buffalo Bills,New Orleans Saints,0.8985,0.1015,0.9379,0.1059,11
401772846,NFL,2025-09-28 17:00:00+00:00,Detroit Lions,Cleveland Browns,0.8145,0.1855,0.8528,0.1942,11
401772847,NFL,2025-09-28 17:00:00+00:00,New England Patriots,Carolina Panthers,0.6818,0.3182,0.712,0.3323,11
401772737,NFL,2025-09-28 17:00:00+00:00,New York Giants,Los Angeles Chargers,0.2786,0.7214,0.2912,0.754,11
401772845,NFL,2025-09-28 17:00:00+00:00,Tampa Bay Buccaneers,Philadelphia Eagles,0.3697,0.6303,0.385,0.6564,11
401772738,NFL,2025-09-28 17:00:00+00:00,Houston Texans,Tennessee Titans,0.759,0.241,0.7927,0.2517,11
401772849,NFL,2025-09-28 20:05:00+00:00,Los Angeles Rams,Indianapolis Colts,0.6275,0.3725,0.6529,0.3875,11
401772848,NFL,2025-09-28 20:05:00+00:00,San Francisco 49ers,Jacksonville Jaguars,0.6177,0.3823,0.6441,0.3986,11
401772741,NFL,2025-09-28 20:25:00+00:00,Kansas City Chiefs,Baltimore Ravens,0.4296,0.5704,0.4476,0.5943,11
401772742,NFL,2025-09-28 20:25:00+00:00,Las Vegas Raiders,Chicago Bears,0.5192,0.4808,0.5443,0.5039,8
401772813,NFL,2025-09-29 23:15:00+00:00,Miami Dolphins,New York Jets,0.5773,0.4227,0.6011,0.4401,11
401772716,NFL,2025-09-30 00:15:00+00:00,Denver Broncos,Cincinnati Bengals,0.7843,0.2157,0.8185,0.2251,11
401772939,NFL,2025-10-03 00:15:00+00:00,Los Angeles Rams,San Francisco 49ers,0.7679,0.2321,0.8024,0.2426,11
401772633,NFL,2025-10-05 13:30:00+00:00,Cleveland Browns,Minnesota Vikings,0.3621,0.6379,0.3771,0.6643,11
401772851,NFL,2025-10-05 17:00:00+00:00,Indianapolis Colts,Las Vegas Raiders,0.7311,0.2689,0.7645,0.2811,11
401772744,NFL,2025-10-05 17:00:00+00:00,New Orleans Saints,New York Giants,0.5377,0.4623,0.5616,0.4828,11
401772850,NFL,2025-10-05 17:00:00+00:00,New York Jets,Dallas Cowboys,0.4651,0.5349,0.4868,0.5599,11
401772745,NFL,2025-10-05 17:00:00+00:00,Philadelphia Eagles,Denver Broncos,0.6605,0.3395,0.6901,0.3548,11
401772852,NFL,2025-10-05 17:00:00+00:00,Carolina Panthers,Miami Dolphins,0.48,0.52,0.503,0.5449,11
401772743,NFL,2025-10-05 17:00:00+00:00,Baltimore Ravens,Houston Texans,0.4656,0.5344,0.4868,0.5587,11
401772747,NFL,2025-10-05 20:05:00+00:00,Arizona Cardinals,Tennessee Titans,0.7763,0.2237,0.8112,0.2338,11
401772746,NFL,2025-10-05 20:05:00+00:00,Seattle Seahawks,Tampa Bay Buccaneers,0.6309,0.3691,0.6568,0.3842,11
401772854,NFL,2025-10-05 20:25:00+00:00,Cincinnati Bengals,Detroit Lions,0.183,0.817,0.1914,0.8547,11
401772853,NFL,2025-10-05 20:25:00+00:00,Los Angeles Chargers,Washington Commanders,0.5868,0.4132,0.6119,0.4309,11
401772922,NFL,2025-10-06 00:20:00+00:00,Buffalo Bills,New England Patriots,0.7827,0.2173,0.8179,0.227,11
401772814,NFL,2025-10-07 00:15:00+00:00,Jacksonville Jaguars,Kansas City Chiefs,0.3674,0.6326,0.3823,0.6583,11
401772940,NFL,2025-10-10 00:15:00+00:00,New York Giants,Philadelphia Eagles,0.2315,0.7685,0.2418,0.8026,10
401772634,NFL,2025-10-12 13:30:00+00:00,New York Jets,Denver Broncos,0.2379,0.7621,0.2488,0.7969,10
401772856,NFL,2025-10-12 17:00:00+00:00,Indianapolis Colts,Arizona Cardinals,0.7388,0.2612,0.7741,0.2737,10
401772750,NFL,2025-10-12 17:00:00+00:00,Miami Dolphins,Los Angeles Chargers,0.3517,0.6483,0.3667,0.6758,10
401772751,NFL,2025-10-12 17:00:00+00:00,New Orleans Saints,New England Patriots,0.3715,0.6285,0.3869,0.6545,10
401772748,NFL,2025-10-12 17:00:00+00:00,Pittsburgh Steelers,Cleveland Browns,0.7049,0.2951,0.7364,0.3083,10
401772858,NFL,2025-10-12 17:00:00+00:00,Carolina Panthers,Dallas Cowboys,0.4023,0.5977,0.4199,0.6239,10
401772857,NFL,2025-10-12 17:00:00+00:00,Jacksonville Jaguars,Seattle Seahawks,0.4968,0.5032,0.5209,0.5276,7
401772855,NFL,2025-10-12 17:00:00+00:00,Baltimore Ravens,Los Angeles Rams,0.242,0.758,0.2526,0.7912,10
401772859,NFL,2025-10-12 20:05:00+00:00,Las Vegas Raiders,Tennessee Titans,0.6645,0.3355,0.695,0.3509,10
401772752,NFL,2025-10-12 20:25:00+00:00,Green Bay Packers,Cincinnati Bengals,0.8874,0.1126,0.926,0.1175,10
401772749,NFL,2025-10-12 20:25:00+00:00,Tampa Bay Buccaneers,San Francisco 49ers,0.6157,0.3843,0.6415,0.4004,10
401772923,NFL,2025-10-13 00:20:00+00:00,Kansas City Chiefs,Detroit Lions,0.5553,0.4447,0.5796,0.4641,11
401772815,NFL,2025-10-13 23:15:00+00:00,Atlanta Falcons,Buffalo Bills,0.3552,0.6448,0.3699,0.6716,11
401772717,NFL,2025-10-14 00:15:00+00:00,Washington Commanders,Chicago Bears,0.6806,0.3194,0.7112,0.3337,11
401772941,NFL,2025-10-17 00:15:00+00:00,Cincinnati Bengals,Pittsburgh Steelers,0.3112,0.6888,0.3253,0.72,11
401772635,NFL,2025-10-19 13:30:00+00:00,Jacksonville Jaguars,Los Angeles Rams,0.403,0.597,0.4197,0.6219,11
401772861,NFL,2025-10-19 17:00:00+00:00,Chicago Bears,New Orleans Saints,0.6628,0.3372,0.6924,0.3522,11
401772754,NFL,2025-10-19 17:00:00+00:00,Cleveland Browns,Miami Dolphins,0.5691,0.4309,0.5934,0.4493,11
401772755,NFL,2025-10-19 17:00:00+00:00,Tennessee Titans,New England Patriots,0.2674,0.7326,0.2797,0.7661,11
401772753,NFL,2025-10-19 17:00:00+00:00,Kansas City Chiefs,Las Vegas Raiders,0.8617,0.1383,0.901,0.1445,11
401772862,NFL,2025-10-19 17:00:00+00:00,Minnesota Vikings,Philadelphia Eagles,0.4601,0.5399,0.4809,0.5642,11
401772860,NFL,2025-10-19 17:00:00+00:00,New York Jets,Carolina Panthers,0.4811,0.5189,0.504,0.5436,10
401772757,NFL,2025-10-19 20:05:00+00:00,Denver Broncos,New York Giants,0.7535,0.2465,0.7864,0.2572,11
401772756,NFL,2025-10-19 20:05:00+00:00,Los Angeles Chargers,Indianapolis Colts,0.5436,0.4564,0.5676,0.4766,11
401772864,NFL,2025-10-19 20:25:00+00:00,Dallas Cowboys,Washington Commanders,0.5238,0.4762,0.5487,0.4988,10
401772863,NFL,2025-10-19 20:25:00+00:00,Arizona Cardinals,Green Bay Packers,0.2439,0.7561,0.2553,0.7914,8
401772924,NFL,2025-10-20 00:20:00+00:00,San Francisco 49ers,Atlanta Falcons,0.5446,0.4554,0.5686,0.4755,11
401772816,NFL,2025-10-20 23:00:00+00:00,Detroit Lions,Tampa Bay Buccaneers,0.7073,0.2927,0.7388,0.3057,11
401772826,NFL,2025-10-21 02:00:00+00:00,Seattle Seahawks,Houston Texans,0.6121,0.3879,0.6378,0.4041,11
401772942,NFL,2025-10-24 00:15:00+00:00,Los Angeles Chargers,Minnesota Vikings,0.6175,0.3825,0.6434,0.3985,11
401772760,NFL,2025-10-26 17:00:00+00:00,Atlanta Falcons,Miami Dolphins,0.7715,0.2285,0.8053,0.2385,11
401772758,NFL,2025-10-26 17:00:00+00:00,Cincinnati Bengals,New York Jets,0.7198,0.2802,0.7519,0.2928,11
401772868,NFL,2025-10-26 17:00:00+00:00,New England Patriots,Cleveland Browns,0.7516,0.2484,0.7847,0.2593,11
401772867,NFL,2025-10-26 17:00:00+00:00,Philadelphia Eagles,New York Giants,0.7553,0.2447,0.7892,0.2557,11
401772865,NFL,2025-10-26 17:00:00+00:00,Carolina Panthers,Buffalo Bills,0.2382,0.7618,0.2491,0.7966,11
401772759,NFL,2025-10-26 17:00:00+00:00,Baltimore Ravens,Chicago Bears,0.5534,0.4466,0.5793,0.4674,7
401772866,NFL,2025-10-26 17:00:00+00:00,Houston Texans,San Francisco 49ers,0.5446,0.4554,0.5683,0.4753,11
401772869,NFL,2025-10-26 20:05:00+00:00,New Orleans Saints,Tampa Bay Buccaneers,0.3475,0.6525,0.3622,0.68,11
401772762,NFL,2025-10-26 20:25:00+00:00,Denver Broncos,Dallas Cowboys,0.6172,0.3828,0.6433,0.399,11
401772761,NFL,2025-10-26 20:25:00+00:00,Indianapolis Colts,Tennessee Titans,0.8953,0.1047,0.937,0.1096,11
401772925,NFL,2025-10-27 00:20:00+00:00,Pittsburgh Steelers,Green Bay Packers,0.4069,0.5931,0.4243,0.6184,11
401772817,NFL,2025-10-28 00:15:00+00:00,Kansas City Chiefs,Washington Commanders,0.848,0.152,0.8886,0.1592,11
401772943,NFL,2025-10-31 00:15:00+00:00,Miami Dolphins,Baltimore Ravens,0.2188,0.7812,0.2286,0.8161,11
401772765,NFL,2025-11-02 18:00:00+00:00,Cincinnati Bengals,Chicago Bears,0.4233,0.5767,0.4407,0.6005,11
401772871,NFL,2025-11-02 18:00:00+00:00,Detroit Lions,Minnesota Vikings,0.7952,0.2048,0.8303,0.2138,11
401772872,NFL,2025-11-02 18:00:00+00:00,Green Bay Packers,Carolina Panthers,0.8658,0.1342,0.9054,0.1403,11
401772764,NFL,2025-11-02 18:00:00+00:00,Tennessee Titans,Los Angeles Chargers,0.1935,0.8065,0.2023,0.843,11
401772763,NFL,2025-11-02 18:00:00+00:00,New England Patriots,Atlanta Falcons,0.6712,0.3288,0.7012,0.3435,11
401772767,NFL,2025-11-02 18:00:00+00:00,New York Giants,San Francisco 49ers,0.4321,0.5679,0.4509,0.5927,11
401772766,NFL,2025-11-02 18:00:00+00:00,Pittsburgh Steelers,Indianapolis Colts,0.3836,0.6164,0.3995,0.6419,11
401772870,NFL,2025-11-02 18:00:00+00:00,Houston Texans,Denver Broncos,0.5454,0.4546,0.5695,0.4746,11
401772873,NFL,2025-11-02 21:05:00+00:00,Las Vegas Raiders,Jacksonville Jaguars,0.4341,0.5659,0.4532,0.5909,11
401772874,NFL,2025-11-02 21:05:00+00:00,Los Angeles Rams,New Orleans Saints,0.8816,0.1184,0.9221,0.1238,11
401772768,NFL,2025-11-02 21:25:00+00:00,Buffalo Bills,Kansas City Chiefs,0.4574,0.5426,0.4773,0.5662,11
401772926,NFL,2025-11-03 01:20:00+00:00,Washington Commanders,Seattle Seahawks,0.4119,0.5881,0.4295,0.6132,11
401772818,NFL,2025-11-04 01:15:00+00:00,Dallas Cowboys,Arizona Cardinals,0.6065,0.3935,0.6319,0.41,11
401772944,NFL,2025-11-07 01:15:00+00:00,Denver Broncos,Las Vegas Raiders,0.8023,0.1977,0.8379,0.2064,11
401772636,NFL,2025-11-09 14:30:00+00:00,Indianapolis Colts,Atlanta Falcons,0.7225,0.2775,0.7545,0.2899,11
401772875,NFL,2025-11-09 18:00:00+00:00,Chicago Bears,New York Giants,0.6601,0.3399,0.6889,0.3547,11
401772771,NFL,2025-11-09 18:00:00+00:00,Miami Dolphins,Buffalo Bills,0.1913,0.8087,0.2,0.8457,11
401772876,NFL,2025-11-09 18:00:00+00:00,Minnesota Vikings,Baltimore Ravens,0.3413,0.6587,0.3562,0.6876,11
401772769,NFL,2025-11-09 18:00:00+00:00,New York Jets,Cleveland Browns,0.4571,0.5429,0.4769,0.5665,11
401772772,NFL,2025-11-09 18:00:00+00:00,Tampa Bay Buccaneers,New England Patriots,0.5691,0.4309,0.5933,0.4492,11
401772877,NFL,2025-11-09 18:00:00+00:00,Carolina Panthers,New Orleans Saints,0.6843,0.3157,0.7148,0.3298,11
401772770,NFL,2025-11-09 18:00:00+00:00,Houston Texans,Jacksonville Jaguars,0.493,0.507,0.5168,0.5314,10
401772773,NFL,2025-11-09 21:05:00+00:00,Seattle Seahawks,Arizona Cardinals,0.7358,0.2642,0.7693,0.2763,11
401772879,NFL,2025-11-09 21:25:00+00:00,San Francisco 49ers,Los Angeles Rams,0.3123,0.6877,0.3265,0.719,11
401772878,NFL,2025-11-09 21:25:00+00:00,Washington Commanders,Detroit Lions,0.2122,0.7878,0.2215,0.8222,11
401772927,NFL,2025-11-10 01:20:00+00:00,Los Angeles Chargers,Pittsburgh Steelers,0.5783,0.4217,0.6025,0.4394,11
401772630,NFL,2025-11-11 01:15:00+00:00,Green Bay Packers,Philadelphia Eagles,0.5143,0.4857,0.539,0.5091,11
401772945,NFL,2025-11-14 01:15:00+00:00,New England Patriots,New York Jets,0.8608,0.1392,0.9002,0.1455,11
401772631,NFL,2025-11-16 14:30:00+00:00,Miami Dolphins,Washington Commanders,0.5747,0.4253,0.5985,0.4429,11
401772882,NFL,2025-11-16 18:00:00+00:00,Atlanta Falcons,Carolina Panthers,0.6372,0.3628,0.6639,0.3781,11
401772776,NFL,2025-11-16 18:00:00+00:00,Buffalo Bills,Tampa Bay Buccaneers,0.7029,0.2971,0.7349,0.3106,11
401772881,NFL,2025-11-16 18:00:00+00:00,Tennessee Titans,Houston Texans,0.2966,0.7034,0.3099,0.7349,11
401772880,NFL,2025-11-16 18:00:00+00:00,Minnesota Vikings,Chicago Bears,0.5782,0.4218,0.6024,0.4396,11
401772883,NFL,2025-11-16 18:00:00+00:00,New York Giants,Green Bay Packers,0.2491,0.7509,0.26,0.7837,11
401772774,NFL,2025-11-16 18:00:00+00:00,Pittsburgh Steelers,Cincinnati Bengals,0.68,0.32,0.7097,0.334,11
401772775,NFL,2025-11-16 18:00:00+00:00,Jacksonville Jaguars,Los Angeles Chargers,0.4082,0.5918,0.4258,0.6173,11
401772884,NFL,2025-11-16 21:05:00+00:00,Los Angeles Rams,Seattle Seahawks,0.6129,0.3871,0.6385,0.4033,11
401772885,NFL,2025-11-16 21:05:00+00:00,Arizona Cardinals,San Francisco 49ers,0.3952,0.6048,0.4112,0.6294,11
401772777,NFL,2025-11-16 21:25:00+00:00,Cleveland Browns,Baltimore Ravens,0.2143,0.7857,0.2237,0.8203,11
401772778,NFL,2025-11-16 21:25:00+00:00,Denver Broncos,Kansas City Chiefs,0.3511,0.6489,0.3657,0.6757,11
401772928,NFL,2025-11-17 01:20:00+00:00,Philadelphia Eagles,Detroit Lions,0.5731,0.4269,0.5969,0.4447,11
401772819,NFL,2025-11-18 01:15:00+00:00,Las Vegas Raiders,Dallas Cowboys,0.3745,0.6255,0.3901,0.6517,11
401772946,NFL,2025-11-21 01:15:00+00:00,Houston Texans,Buffalo Bills,0.2887,0.7113,0.3017,0.7433,11
401772780,NFL,2025-11-23 18:00:00+00:00,Chicago Bears,Pittsburgh Steelers,0.5675,0.4325,0.5924,0.4514,11
401772781,NFL,2025-11-23 18:00:00+00:00,Cincinnati Bengals,New England Patriots,0.2315,0.7685,0.2419,0.803,11
401772888,NFL,2025-11-23 18:00:00+00:00,Detroit Lions,New York Giants,0.8586,0.1414,0.8972,0.1478,11
401772887,NFL,2025-11-23 18:00:00+00:00,Green Bay Packers,Minnesota Vikings,0.7148,0.2852,0.7469,0.298,11
401772886,NFL,2025-11-23 18:00:00+00:00,Tennessee Titans,Seattle Seahawks,0.1284,0.8716,0.134,0.9099,11
401772779,NFL,2025-11-23 18:00:00+00:00,Kansas City Chiefs,Indianapolis Colts,0.6226,0.3774,0.6482,0.393,11
401772782,NFL,2025-11-23 18:00:00+00:00,Baltimore Ravens,New York Jets,0.8883,0.1117,0.9275,0.1167,11
401772784,NFL,2025-11-23 21:05:00+00:00,Las Vegas Raiders,Cleveland Browns,0.6404,0.3596,0.6671,0.3746,11
401772783,NFL,2025-11-23 21:05:00+00:00,Arizona Cardinals,Jacksonville Jaguars,0.4279,0.5721,0.4458,0.596,11
401772890,NFL,2025-11-23 21:25:00+00:00,Dallas Cowboys,Philadelphia Eagles,0.3927,0.6073,0.4092,0.6326,11
401772889,NFL,2025-11-23 21:25:00+00:00,New Orleans Saints,Atlanta Falcons,0.5493,0.4507,0.573,0.4701,11
401772929,NFL,2025-11-24 01:20:00+00:00,Los Angeles Rams,Tampa Bay Buccaneers,0.7482,0.2518,0.7802,0.2626,11
401772820,NFL,2025-11-25 01:15:00+00:00,San Francisco 49ers,Carolina Panthers,0.7586,0.2414,0.7926,0.2522,11
401772891,NFL,2025-11-27 18:00:00+00:00,Detroit Lions,Green Bay Packers,0.5732,0.4268,0.5972,0.4446,11
401772694,NFL,2025-11-27 21:30:00+00:00,Dallas Cowboys,Kansas City Chiefs,0.3823,0.6177,0.398,0.6429,11
401772930,NFL,2025-11-28 01:20:00+00:00,Baltimore Ravens,Cincinnati Bengals,0.7491,0.2509,0.7819,0.2619,11
401772621,NFL,2025-11-28 20:00:00+00:00,Philadelphia Eagles,Chicago Bears,0.7376,0.2624,0.7704,0.2741,11
401772785,NFL,2025-11-30 18:00:00+00:00,Cleveland Browns,San Francisco 49ers,0.3163,0.6837,0.3301,0.7135,11
401772786,NFL,2025-11-30 18:00:00+00:00,Tennessee Titans,Jacksonville Jaguars,0.2904,0.7096,0.3035,0.7414,11
401772787,NFL,2025-11-30 18:00:00+00:00,Indianapolis Colts,Houston Texans,0.6258,0.3742,0.6514,0.3895,11
401772892,NFL,2025-11-30 18:00:00+00:00,Miami Dolphins,New Orleans Saints,0.6914,0.3086,0.7214,0.322,11
401772893,NFL,2025-11-30 18:00:00+00:00,New York Jets,Atlanta Falcons,0.4277,0.5723,0.4454,0.5959,11
401772895,NFL,2025-11-30 18:00:00+00:00,Tampa Bay Buccaneers,Arizona Cardinals,0.6337,0.3663,0.66,0.3815,11
401772896,NFL,2025-11-30 21:05:00+00:00,Seattle Seahawks,Minnesota Vikings,0.8502,0.1498,0.8886,0.1566,11
401772789,NFL,2025-11-30 21:25:00+00:00,Pittsburgh Steelers,Buffalo Bills,0.3904,0.6096,0.4071,0.6357,11
401772788,NFL,2025-11-30 21:25:00+00:00,Los Angeles Chargers,Las Vegas Raiders,0.8109,0.1891,0.8476,0.1976,11
401772931,NFL,2025-12-01 01:20:00+00:00,Washington Commanders,Denver Broncos,0.2834,0.7166,0.2959,0.748,11
401772821,NFL,2025-12-02 01:15:00+00:00,New England Patriots,New York Giants,0.756,0.244,0.7892,0.2548,11
401772947,NFL,2025-12-05 01:15:00+00:00,Detroit Lions,Dallas Cowboys,0.5957,0.4043,0.6212,0.4217,11
401772900,NFL,2025-12-07 18:00:00+00:00,Atlanta Falcons,Seattle Seahawks,0.2597,0.7403,0.2713,0.7736,11
401772902,NFL,2025-12-07 18:00:00+00:00,Buffalo Bills,Cincinnati Bengals,0.7046,0.2954,0.7358,0.3085,11
401772898,NFL,2025-12-07 18:00:00+00:00,Cleveland Browns,Tennessee Titans,0.6489,0.3511,0.6758,0.3656,11
401772899,NFL,2025-12-07 18:00:00+00:00,Minnesota Vikings,Washington Commanders,0.4769,0.5231,0.4992,0.5476,11
401772790,NFL,2025-12-07 18:00:00+00:00,New York Jets,Miami Dolphins,0.4204,0.5796,0.4383,0.6042,11
401772792,NFL,2025-12-07 18:00:00+00:00,Tampa Bay Buccaneers,New Orleans Saints,0.7817,0.2183,0.8161,0.228,11
401772793,NFL,2025-12-07 18:00:00+00:00,Jacksonville Jaguars,Indianapolis Colts,0.4603,0.5397,0.4805,0.5632,11
401772791,NFL,2025-12-07 18:00:00+00:00,Baltimore Ravens,Pittsburgh Steelers,0.7058,0.2942,0.7374,0.3074,11
401772794,NFL,2025-12-07 21:05:00+00:00,Las Vegas Raiders,Denver Broncos,0.2297,0.7703,0.2396,0.8036,11
401772897,NFL,2025-12-07 21:25:00+00:00,Green Bay Packers,Chicago Bears,0.7296,0.2704,0.7623,0.2826,11
401772932,NFL,2025-12-08 01:20:00+00:00,Kansas City Chiefs,Houston Texans,0.6443,0.3557,0.6708,0.3704,11
401772822,NFL,2025-12-09 01:15:00+00:00,Los Angeles Chargers,Philadelphia Eagles,0.4523,0.5477,0.4718,0.5712,11
401772948,NFL,2025-12-12 01:15:00+00:00,Tampa Bay Buccaneers,Atlanta Falcons,0.6772,0.3228,0.7066,0.3367,11
401772904,NFL,2025-12-14 18:00:00+00:00,Chicago Bears,Cleveland Browns,0.7601,0.2399,0.7932,0.2503,11
401772796,NFL,2025-12-14 18:00:00+00:00,Cincinnati Bengals,Baltimore Ravens,0.4231,0.5769,0.4407,0.6008,11
401772798,NFL,2025-12-14 18:00:00+00:00,Kansas City Chiefs,Los Angeles Chargers,0.699,0.301,0.7306,0.3146,11
401772795,NFL,2025-12-14 18:00:00+00:00,New England Patriots,Buffalo Bills,0.4816,0.5184,0.5044,0.543,11
401772905,NFL,2025-12-14 18:00:00+00:00,New York Giants,Washington Commanders,0.5652,0.4348,0.5889,0.4531,11
401772906,NFL,2025-12-14 18:00:00+00:00,Philadelphia Eagles,Las Vegas Raiders,0.8575,0.1425,0.8966,0.1491,11
401772797,NFL,2025-12-14 18:00:00+00:00,Jacksonville Jaguars,New York Jets,0.8696,0.1304,0.9076,0.1362,11
401772903,NFL,2025-12-14 18:00:00+00:00,Houston Texans,Arizona Cardinals,0.8038,0.1962,0.8398,0.205,11
401772800,NFL,2025-12-14 21:25:00+00:00,Denver Broncos,Green Bay Packers,0.4758,0.5242,0.4976,0.5483,11
401772909,NFL,2025-12-14 21:25:00+00:00,Los Angeles Rams,Detroit Lions,0.6924,0.3076,0.7233,0.3214,11
401772908,NFL,2025-12-14 21:25:00+00:00,New Orleans Saints,Carolina Panthers,0.4113,0.5887,0.4284,0.6133,11
401772907,NFL,2025-12-14 21:25:00+00:00,San Francisco 49ers,Tennessee Titans,0.8597,0.1403,0.8993,0.1467,10
401772799,NFL,2025-12-14 21:25:00+00:00,Seattle Seahawks,Indianapolis Colts,0.8749,0.1251,0.9137,0.1306,11
401772933,NFL,2025-12-15 01:20:00+00:00,Dallas Cowboys,Minnesota Vikings,0.7038,0.2962,0.7349,0.3093,11
401772823,NFL,2025-12-16 01:15:00+00:00,Pittsburgh Steelers,Miami Dolphins,0.6127,0.3873,0.6381,0.4034,11
401772949,NFL,2025-12-19 01:15:00+00:00,Seattle Seahawks,Los Angeles Rams,0.5289,0.4711,0.553,0.4925,11
401772612,NFL,2025-12-20 22:00:00+00:00,Washington Commanders,Philadelphia Eagles,0.2649,0.7351,0.2766,0.7677,11
401772613,NFL,2025-12-21 01:20:00+00:00,Chicago Bears,Green Bay Packers,0.5352,0.4648,0.5587,0.4852,11
401772802,NFL,2025-12-21 18:00:00+00:00,Cleveland Browns,Buffalo Bills,0.1775,0.8225,0.1854,0.8595,11
401772910,NFL,2025-12-21 18:00:00+00:00,Dallas Cowboys,Los Angeles Chargers,0.5442,0.4558,0.5677,0.4755,11
401772803,NFL,2025-12-21 18:00:00+00:00,Tennessee Titans,Kansas City Chiefs,0.4164,0.5836,0.4342,0.6086,11
401772934,NFL,2025-12-21 18:00:00+00:00,Miami Dolphins,Cincinnati Bengals,0.3469,0.6531,0.3614,0.6803,11
401772801,NFL,2025-12-21 18:00:00+00:00,New Orleans Saints,New York Jets,0.7058,0.2942,0.7373,0.3073,11
401772911,NFL,2025-12-21 18:00:00+00:00,New York Giants,Minnesota Vikings,0.4349,0.5651,0.4538,0.5897,11
401772912,NFL,2025-12-21 18:00:00+00:00,Carolina Panthers,Tampa Bay Buccaneers,0.415,0.585,0.4321,0.6092,11
401772913,NFL,2025-12-21 21:05:00+00:00,Denver Broncos,Jacksonville Jaguars,0.6205,0.3795,0.6467,0.3956,11
401772914,NFL,2025-12-21 21:05:00+00:00,Arizona Cardinals,Atlanta Falcons,0.4196,0.5804,0.4376,0.6052,11
401772806,NFL,2025-12-21 21:25:00+00:00,Detroit Lions,Pittsburgh Steelers,0.7372,0.2628,0.7704,0.2746,11
401772805,NFL,2025-12-21 21:25:00+00:00,Houston Texans,Las Vegas Raiders,0.8836,0.1164,0.9238,0.1217,11
401772804,NFL,2025-12-22 01:20:00+00:00,Baltimore Ravens,New England Patriots,0.6015,0.3985,0.6268,0.4153,11
401772824,NFL,2025-12-23 01:15:00+00:00,Indianapolis Colts,San Francisco 49ers,0.3115,0.6885,0.3256,0.7195,11
401772710,NFL,2025-12-25 18:00:00+00:00,Washington Commanders,Dallas Cowboys,0.2266,0.7734,0.2367,0.8078,11
401772711,NFL,2025-12-25 21:30:00+00:00,Minnesota Vikings,Detroit Lions,0.2532,0.7468,0.2638,0.7783,11
401772622,NFL,2025-12-26 01:15:00+00:00,Kansas City Chiefs,Denver Broncos,0.1238,0.8762,0.1293,0.9152,11
401772951,NFL,2025-12-27 21:30:00+00:00,Los Angeles Chargers,Houston Texans,0.5367,0.4633,0.5604,0.4838,11
401772953,NFL,2025-12-28 01:00:00+00:00,Green Bay Packers,Baltimore Ravens,0.6356,0.3644,0.6623,0.3796,11
401772954,NFL,2025-12-28 18:00:00+00:00,Cincinnati Bengals,Arizona Cardinals,0.7399,0.2601,0.7736,0.2719,11
401772807,NFL,2025-12-28 18:00:00+00:00,Cleveland Browns,Pittsburgh Steelers,0.3884,0.6116,0.4045,0.637,11
401772809,NFL,2025-12-28 18:00:00+00:00,Tennessee Titans,New Orleans Saints,0.4292,0.5708,0.447,0.5944,11
401772915,NFL,2025-12-28 18:00:00+00:00,Indianapolis Colts,Jacksonville Jaguars,0.308,0.692,0.3219,0.7233,11
401772916,NFL,2025-12-28 18:00:00+00:00,Miami Dolphins,Tampa Bay Buccaneers,0.3089,0.6911,0.3229,0.7224,11
401772808,NFL,2025-12-28 18:00:00+00:00,New York Jets,New England Patriots,0.1302,0.8698,0.1361,0.9092,11
401772952,NFL,2025-12-28 18:00:00+00:00,Carolina Panthers,Seattle Seahawks,0.2572,0.7428,0.2684,0.7753,11
401772950,NFL,2025-12-28 21:05:00+00:00,Las Vegas Raiders,New York Giants,0.435,0.565,0.4541,0.5898,11
401772917,NFL,2025-12-28 21:25:00+00:00,Buffalo Bills,Philadelphia Eagles,0.5221,0.4779,0.5467,0.5005,11
401772935,NFL,2025-12-29 01:20:00+00:00,San Francisco 49ers,Chicago Bears,0.6182,0.3818,0.6442,0.3978,11
401772825,NFL,2025-12-30 01:15:00+00:00,Atlanta Falcons,Los Angeles Rams,0.2366,0.7634,0.2471,0.7973,11
401772969,NFL,2026-01-03 21:30:00+00:00,Tampa Bay Buccaneers,Carolina Panthers,0.5801,0.4199,0.6045,0.4376,11
401772961,NFL,2026-01-04 01:00:00+00:00,San Francisco 49ers,Seattle Seahawks,0.4424,0.5576,0.4616,0.5818,11
401772966,NFL,2026-01-04 18:00:00+00:00,Atlanta Falcons,New Orleans Saints,0.6237,0.3763,0.6494,0.3918,11
401772964,NFL,2026-01-04 18:00:00+00:00,Cincinnati Bengals,Cleveland Browns,0.762,0.238,0.796,0.2486,11
401772968,NFL,2026-01-04 18:00:00+00:00,Minnesota Vikings,Green Bay Packers,0.785,0.215,0.8205,0.2248,11
401772963,NFL,2026-01-04 18:00:00+00:00,New York Giants,Dallas Cowboys,0.3753,0.6247,0.3906,0.6502,11
401772970,NFL,2026-01-04 18:00:00+00:00,Jacksonville Jaguars,Tennessee Titans,0.8541,0.1459,0.8943,0.1527,11
401772962,NFL,2026-01-04 18:00:00+00:00,Houston Texans,Indianapolis Colts,0.8215,0.1785,0.8574,0.1863,11
401772967,NFL,2026-01-04 21:25:00+00:00,Buffalo Bills,New York Jets,0.7762,0.2238,0.8107,0.2337,11
401772965,NFL,2026-01-04 21:25:00+00:00,Chicago Bears,Detroit Lions,0.6062,0.3938,0.6319,0.4105,11
401772956,NFL,2026-01-04 21:25:00+00:00,Denver Broncos,Los Angeles Chargers,0.8727,0.1273,0.9114,0.133,11
401772957,NFL,2026-01-04 21:25:00+00:00,Las Vegas Raiders,Kansas City Chiefs,0.306,0.694,0.3196,0.7247,11
401772955,NFL,2026-01-04 21:25:00+00:00,Los Angeles Rams,Arizona Cardinals,0.7719,0.2281,0.8096,0.2392,11
401772958,NFL,2026-01-04 21:25:00+00:00,New England Patriots,Miami Dolphins,0.8341,0.1659,0.8724,0.1735,11
401772959,NFL,2026-01-04 21:25:00+00:00,Philadelphia Eagles,Washington Commanders,0.6473,0.3527,0.6737,0.3671,11
401772960,NFL,2026-01-05 01:20:00+00:00,Pittsburgh Steelers,Baltimore Ravens,0.3559,0.6441,0.3705,0.6704,11
401772979,NFL,2026-01-10 21:30:00+00:00,Carolina Panthers,Los Angeles Rams,0.1777,0.8223,0.1855,0.8587,11
401772981,NFL,2026-01-11 01:00:00+00:00,Chicago Bears,Green Bay Packers,0.466,0.534,0.4866,0.5575,11
401772977,NFL,2026-01-11 18:00:00+00:00,Jacksonville Jaguars,Buffalo Bills,0.5161,0.4839,0.541,0.5071,8
401772980,NFL,2026-01-11 21:30:00+00:00,Philadelphia Eagles,San Francisco 49ers,0.6997,0.3003,0.7314,0.314,11
401772978,NFL,2026-01-12 01:15:00+00:00,New England Patriots,Los Angeles Chargers,0.6344,0.3656,0.6611,0.3809,11
401772976,NFL,2026-01-13 01:15:00+00:00,Pittsburgh Steelers,Houston Texans,0.4138,0.5862,0.4314,0.6112,11
401772982,NFL,2026-01-17 21:30:00+00:00,Denver Broncos,Buffalo Bills,0.5185,0.4815,0.5435,0.5047,11
401772984,NFL,2026-01-18 01:00:00+00:00,Seattle Seahawks,San Francisco 49ers,0.7379,0.2621,0.7714,0.274,11
401772983,NFL,2026-01-18 20:00:00+00:00,New England Patriots,Houston Texans,0.6163,0.3837,0.6414,0.3994,11
401772985,NFL,2026-01-18 23:30:00+00:00,Chicago Bears,Los Angeles Rams,0.3604,0.6396,0.3752,0.6659,11
401801798,NHL,2025-10-07 21:00:00+00:00,Florida Panthers,Chicago Blackhawks,0.7084,0.2916,0.7381,0.3038,10
401801799,NHL,2025-10-08 00:00:00+00:00,New York Rangers,Pittsburgh Penguins,0.6591,0.3409,0.6893,0.3566,11
401801800,NHL,2025-10-08 02:30:00+00:00,Los Angeles Kings,Colorado Avalanche,0.4992,0.5008,0.5227,0.5244,11
401802356,NHL,2025-10-08 23:30:00+00:00,Washington Capitals,Boston Bruins,0.6275,0.3725,0.6534,0.3878,11
401802357,NHL,2025-10-09 02:00:00+00:00,Edmonton Oilers,Calgary Flames,0.6608,0.3392,0.6902,0.3543,11
401802358,NHL,2025-10-09 02:00:00+00:00,Vegas Golden Knights,Los Angeles Kings,0.6406,0.3594,0.6675,0.3745,11
401802359,NHL,2025-10-09 23:00:00+00:00,Boston Bruins,Chicago Blackhawks,0.5942,0.4058,0.6204,0.4236,9
401802360,NHL,2025-10-09 23:00:00+00:00,Buffalo Sabres,New York Rangers,0.4886,0.5114,0.5113,0.5351,10
401802362,NHL,2025-10-09 23:00:00+00:00,Tampa Bay Lightning,Ottawa Senators,0.6,0.4,0.6259,0.4173,10
401802363,NHL,2025-10-09 23:00:00+00:00,Florida Panthers,Philadelphia Flyers,0.6369,0.3631,0.6632,0.3781,10
401802364,NHL,2025-10-09 23:00:00+00:00,Pittsburgh Penguins,New York Islanders,0.4707,0.5293,0.4916,0.5529,10
401802365,NHL,2025-10-09 23:30:00+00:00,Carolina Hurricanes,New Jersey Devils,0.5879,0.4121,0.6132,0.4298,10
401802367,NHL,2025-10-10 00:00:00+00:00,Nashville Predators,Columbus Blue Jackets,0.5348,0.4652,0.5581,0.4855,10
401802368,NHL,2025-10-10 00:00:00+00:00,Winnipeg Jets,Dallas Stars,0.4928,0.5072,0.5158,0.5309,10
401802369,NHL,2025-10-10 01:00:00+00:00,Colorado Avalanche,Utah Mammoth,0.6123,0.3877,0.6383,0.4041,10
401802370,NHL,2025-10-10 02:00:00+00:00,Vancouver Canucks,Calgary Flames,0.6449,0.3551,0.6722,0.37,9
401802371,NHL,2025-10-10 02:00:00+00:00,San Jose Sharks,Vegas Golden Knights,0.3729,0.6271,0.3887,0.6536,9
401802372,NHL,2025-10-10 02:00:00+00:00,Seattle Kraken,Anaheim Ducks,0.534,0.466,0.5575,0.4865,10
401802373,NHL,2025-10-11 17:30:00+00:00,Winnipeg Jets,Los Angeles Kings,0.5409,0.4591,0.5641,0.4788,9
401802375,NHL,2025-10-11 23:00:00+00:00,Boston Bruins,Buffalo Sabres,0.5106,0.4894,0.5347,0.5125,10
401802376,NHL,2025-10-11 23:00:00+00:00,Detroit Red Wings,Toronto Maple Leafs,0.4197,0.5803,0.4367,0.6039,10
401802377,NHL,2025-10-11 23:00:00+00:00,Tampa Bay Lightning,New Jersey Devils,0.5647,0.4353,0.5893,0.4543,10
401802378,NHL,2025-10-11 23:00:00+00:00,Florida Panthers,Ottawa Senators,0.5751,0.4249,0.5993,0.4427,10
401802379,NHL,2025-10-11 23:00:00+00:00,New York Islanders,Washington Capitals,0.4858,0.5142,0.5082,0.5379,10
401802380,NHL,2025-10-11 23:00:00+00:00,Pittsburgh Penguins,New York Rangers,0.4338,0.5662,0.4526,0.5907,10
401802381,NHL,2025-10-11 23:00:00+00:00,Carolina Hurricanes,Philadelphia Flyers,0.6984,0.3016,0.7289,0.3148,10
401802383,NHL,2025-10-12 00:00:00+00:00,Nashville Predators,Utah Mammoth,0.4865,0.5135,0.5089,0.5372,10
401802384,NHL,2025-10-12 00:00:00+00:00,Minnesota Wild,Columbus Blue Jackets,0.5943,0.4057,0.6187,0.4224,10
401802385,NHL,2025-10-12 01:00:00+00:00,Colorado Avalanche,Dallas Stars,0.546,0.454,0.5693,0.4733,10
401802386,NHL,2025-10-12 02:00:00+00:00,Edmonton Oilers,Vancouver Canucks,0.6056,0.3944,0.631,0.4109,10
401802387,NHL,2025-10-12 02:00:00+00:00,San Jose Sharks,Anaheim Ducks,0.4761,0.5239,0.4977,0.5477,10
401802388,NHL,2025-10-12 02:00:00+00:00,Seattle Kraken,Vegas Golden Knights,0.3953,0.6047,0.4117,0.6299,10
401802389,NHL,2025-10-12 23:00:00+00:00,New York Rangers,Washington Capitals,0.5127,0.4873,0.5381,0.5114,7
401802390,NHL,2025-10-13 16:30:00+00:00,Buffalo Sabres,Colorado Avalanche,0.4111,0.5889,0.4291,0.6146,8
401802391,NHL,2025-10-13 17:00:00+00:00,Boston Bruins,Tampa Bay Lightning,0.4178,0.5822,0.4356,0.607,9
401802392,NHL,2025-10-13 17:00:00+00:00,Ottawa Senators,Nashville Predators,0.6089,0.3911,0.6362,0.4087,9
401802393,NHL,2025-10-13 17:00:00+00:00,New York Islanders,Winnipeg Jets,0.4831,0.5169,0.5051,0.5405,9
401802394,NHL,2025-10-13 18:00:00+00:00,Toronto Maple Leafs,Detroit Red Wings,0.6288,0.3712,0.6556,0.387,9
401802395,NHL,2025-10-13 23:00:00+00:00,Philadelphia Flyers,Florida Panthers,0.4343,0.5657,0.4532,0.5904,11
401802396,NHL,2025-10-13 23:00:00+00:00,Columbus Blue Jackets,New Jersey Devils,0.455,0.545,0.4748,0.5687,11
401802398,NHL,2025-10-14 00:00:00+00:00,Minnesota Wild,Los Angeles Kings,0.5347,0.4653,0.5583,0.4857,11
401802399,NHL,2025-10-14 00:30:00+00:00,Chicago Blackhawks,Utah Mammoth,0.4122,0.5878,0.4298,0.6129,11
401802400,NHL,2025-10-14 23:00:00+00:00,Toronto Maple Leafs,Nashville Predators,0.6543,0.3457,0.6858,0.3624,7
401802402,NHL,2025-10-14 23:00:00+00:00,New York Rangers,Edmonton Oilers,0.4503,0.5497,0.4697,0.5733,11
401802403,NHL,2025-10-14 23:00:00+00:00,Washington Capitals,Tampa Bay Lightning,0.5273,0.4727,0.5527,0.4954,7
401802404,NHL,2025-10-15 01:00:00+00:00,Calgary Flames,Vegas Golden Knights,0.4096,0.5904,0.427,0.6156,11
401802405,NHL,2025-10-15 01:50:00+00:00,Dallas Stars,Minnesota Wild,0.6314,0.3686,0.6581,0.3841,10
401802406,NHL,2025-10-15 02:00:00+00:00,San Jose Sharks,Carolina Hurricanes,0.3152,0.6848,0.3288,0.7144,11
401802407,NHL,2025-10-15 02:30:00+00:00,Anaheim Ducks,Pittsburgh Penguins,0.5691,0.4309,0.5934,0.4494,11
401802408,NHL,2025-10-15 23:00:00+00:00,Buffalo Sabres,Ottawa Senators,0.4791,0.5209,0.501,0.5447,10
401802409,NHL,2025-10-15 23:00:00+00:00,Detroit Red Wings,Florida Panthers,0.433,0.567,0.4522,0.5921,11
401802411,NHL,2025-10-16 01:30:00+00:00,Utah Mammoth,Calgary Flames,0.6598,0.3402,0.6916,0.3565,8
401802412,NHL,2025-10-16 23:00:00+00:00,Toronto Maple Leafs,New York Rangers,0.5807,0.4193,0.6052,0.4369,11
401802414,NHL,2025-10-16 23:00:00+00:00,Ottawa Senators,Seattle Kraken,0.5762,0.4238,0.6009,0.4421,11
401802415,NHL,2025-10-16 23:00:00+00:00,New Jersey Devils,Florida Panthers,0.5921,0.4079,0.6177,0.4255,11
401802417,NHL,2025-10-16 23:00:00+00:00,Philadelphia Flyers,Winnipeg Jets,0.4443,0.5557,0.4635,0.5796,11
401802418,NHL,2025-10-16 23:00:00+00:00,Columbus Blue Jackets,Colorado Avalanche,0.4075,0.5925,0.426,0.6194,11
401802416,NHL,2025-10-16 23:30:00+00:00,New York Islanders,Edmonton Oilers,0.3945,0.6055,0.4114,0.6315,11
401802419,NHL,2025-10-17 00:00:00+00:00,Dallas Stars,Vancouver Canucks,0.6351,0.3649,0.6615,0.3801,11
401802420,NHL,2025-10-17 02:00:00+00:00,Vegas Golden Knights,Boston Bruins,0.6699,0.3301,0.6998,0.3449,11
401802421,NHL,2025-10-17 02:00:00+00:00,Anaheim Ducks,Carolina Hurricanes,0.3853,0.6147,0.4018,0.641,11
401802422,NHL,2025-10-17 02:00:00+00:00,Los Angeles Kings,Pittsburgh Penguins,0.6508,0.3492,0.6792,0.3645,11
401802423,NHL,2025-10-17 23:00:00+00:00,Detroit Red Wings,Tampa Bay Lightning,0.4187,0.5813,0.436,0.6055,11
401802424,NHL,2025-10-17 23:00:00+00:00,Washington Capitals,Minnesota Wild,0.5314,0.4686,0.555,0.4895,11
401802425,NHL,2025-10-18 00:30:00+00:00,Chicago Blackhawks,Vancouver Canucks,0.4351,0.5649,0.4543,0.5899,11
401802426,NHL,2025-10-18 01:00:00+00:00,Utah Mammoth,San Jose Sharks,0.6945,0.3055,0.7247,0.3188,11
401802427,NHL,2025-10-18 17:00:00+00:00,Buffalo Sabres,Florida Panthers,0.4234,0.5766,0.4422,0.6023,9
401802428,NHL,2025-10-18 19:00:00+00:00,Ottawa Senators,New York Islanders,0.5847,0.4153,0.6104,0.4336,9
401802429,NHL,2025-10-18 19:30:00+00:00,New Jersey Devils,Edmonton Oilers,0.5031,0.4969,0.5265,0.52,9
401802430,NHL,2025-10-18 23:00:00+00:00,Toronto Maple Leafs,Seattle Kraken,0.6543,0.3457,0.6833,0.3611,10
401802432,NHL,2025-10-18 23:00:00+00:00,Philadelphia Flyers,Minnesota Wild,0.5025,0.4975,0.5277,0.5225,7
401802433,NHL,2025-10-18 23:00:00+00:00,Columbus Blue Jackets,Tampa Bay Lightning,0.4886,0.5114,0.5132,0.5372,7
401802435,NHL,2025-10-18 23:00:00+00:00,Winnipeg Jets,Nashville Predators,0.625,0.375,0.6516,0.3909,10
401802436,NHL,2025-10-19 01:00:00+00:00,Colorado Avalanche,Boston Bruins,0.6852,0.3148,0.7159,0.3289,10
401802437,NHL,2025-10-19 01:00:00+00:00,Los Angeles Kings,Carolina Hurricanes,0.446,0.554,0.4659,0.5786,9
401802438,NHL,2025-10-19 02:00:00+00:00,Vegas Golden Knights,Calgary Flames,0.6738,0.3262,0.703,0.3403,10
401802439,NHL,2025-10-19 02:00:00+00:00,San Jose Sharks,Pittsburgh Penguins,0.4402,0.5598,0.4593,0.5842,10
401802440,NHL,2025-10-19 16:30:00+00:00,Washington Capitals,Vancouver Canucks,0.5884,0.4116,0.6138,0.4293,8
401802441,NHL,2025-10-19 19:00:00+00:00,Detroit Red Wings,Edmonton Oilers,0.4417,0.5583,0.4627,0.5849,7
401802442,NHL,2025-10-19 23:00:00+00:00,Chicago Blackhawks,Anaheim Ducks,0.4616,0.5384,0.4818,0.562,10
401802443,NHL,2025-10-19 23:00:00+00:00,Utah Mammoth,Boston Bruins,0.6552,0.3448,0.6866,0.3612,8
401802444,NHL,2025-10-20 23:00:00+00:00,New York Rangers,Minnesota Wild,0.5389,0.4611,0.5628,0.4816,11
401802445,NHL,2025-10-20 23:00:00+00:00,Philadelphia Flyers,Seattle Kraken,0.5483,0.4517,0.5721,0.4712,11
401802447,NHL,2025-10-21 01:30:00+00:00,Calgary Flames,Winnipeg Jets,0.4265,0.5735,0.4449,0.5983,11
401802448,NHL,2025-10-21 02:00:00+00:00,Vegas Golden Knights,Carolina Hurricanes,0.5194,0.4806,0.5433,0.5026,11
401802449,NHL,2025-10-21 23:00:00+00:00,Toronto Maple Leafs,New Jersey Devils,0.5245,0.4755,0.548,0.4969,10
401802450,NHL,2025-10-21 23:00:00+00:00,Ottawa Senators,Edmonton Oilers,0.4476,0.5524,0.4672,0.5764,10
401802451,NHL,2025-10-21 23:00:00+00:00,New York Islanders,San Jose Sharks,0.6594,0.3406,0.6883,0.3555,10
401802452,NHL,2025-10-21 23:00:00+00:00,Pittsburgh Penguins,Vancouver Canucks,0.4949,0.5051,0.5183,0.529,10
401802453,NHL,2025-10-21 23:00:00+00:00,Washington Capitals,Seattle Kraken,0.6966,0.3034,0.73,0.318,7
401802454,NHL,2025-10-21 23:30:00+00:00,Boston Bruins,Florida Panthers,0.4213,0.5787,0.4393,0.6036,10
401802456,NHL,2025-10-22 00:00:00+00:00,Nashville Predators,Anaheim Ducks,0.5442,0.4558,0.568,0.4757,10
401802457,NHL,2025-10-22 00:00:00+00:00,Dallas Stars,Columbus Blue Jackets,0.6438,0.3562,0.6713,0.3714,11
401802458,NHL,2025-10-22 02:00:00+00:00,Utah Mammoth,Colorado Avalanche,0.4405,0.5595,0.46,0.5843,11
401802459,NHL,2025-10-22 23:00:00+00:00,New Jersey Devils,Minnesota Wild,0.5446,0.4554,0.5699,0.4765,8
401802460,NHL,2025-10-22 23:30:00+00:00,Buffalo Sabres,Detroit Red Wings,0.5171,0.4829,0.5412,0.5054,11
401802464,NHL,2025-10-23 22:45:00+00:00,Tampa Bay Lightning,Chicago Blackhawks,0.7253,0.2747,0.7583,0.2872,10
401802462,NHL,2025-10-23 23:00:00+00:00,Boston Bruins,Anaheim Ducks,0.5255,0.4745,0.5493,0.4961,10
401802463,NHL,2025-10-23 23:00:00+00:00,Ottawa Senators,Philadelphia Flyers,0.5923,0.4077,0.6181,0.4255,10
401802465,NHL,2025-10-23 23:00:00+00:00,Florida Panthers,Pittsburgh Penguins,0.6459,0.3541,0.673,0.3689,10
401802466,NHL,2025-10-23 23:00:00+00:00,New York Islanders,Detroit Red Wings,0.5604,0.4396,0.587,0.4604,7
401802467,NHL,2025-10-23 23:00:00+00:00,New York Rangers,San Jose Sharks,0.71,0.29,0.7405,0.3025,10
401802469,NHL,2025-10-24 00:00:00+00:00,Nashville Predators,Vancouver Canucks,0.5055,0.4945,0.5293,0.5177,10
401802471,NHL,2025-10-24 00:00:00+00:00,Winnipeg Jets,Seattle Kraken,0.666,0.334,0.6953,0.3487,9
401802470,NHL,2025-10-24 01:00:00+00:00,Dallas Stars,Los Angeles Kings,0.5886,0.4114,0.614,0.4291,10
401802472,NHL,2025-10-24 01:00:00+00:00,Colorado Avalanche,Carolina Hurricanes,0.5384,0.4616,0.5614,0.4814,10
401802474,NHL,2025-10-24 23:00:00+00:00,Buffalo Sabres,Toronto Maple Leafs,0.4716,0.5284,0.4927,0.552,11
401802475,NHL,2025-10-24 23:00:00+00:00,New Jersey Devils,San Jose Sharks,0.7451,0.2549,0.7796,0.2668,7
401802476,NHL,2025-10-24 23:00:00+00:00,Columbus Blue Jackets,Washington Capitals,0.487,0.513,0.5098,0.537,11
401802477,NHL,2025-10-25 00:00:00+00:00,Winnipeg Jets,Calgary Flames,0.5917,0.4083,0.619,0.4272,8
401802478,NHL,2025-10-25 16:30:00+00:00,Philadelphia Flyers,New York Islanders,0.5141,0.4859,0.5396,0.5099,2
401802479,NHL,2025-10-25 19:00:00+00:00,Boston Bruins,Colorado Avalanche,0.3836,0.6164,0.4012,0.6445,6
401802480,NHL,2025-10-25 21:00:00+00:00,Tampa Bay Lightning,Anaheim Ducks,0.6349,0.3651,0.6621,0.3807,9
401802483,NHL,2025-10-25 21:00:00+00:00,Toronto Maple Leafs,Buffalo Sabres,0.6157,0.3843,0.6446,0.4023,7
401802481,NHL,2025-10-25 22:00:00+00:00,Florida Panthers,Vegas Golden Knights,0.4911,0.5089,0.5138,0.5325,10
401802482,NHL,2025-10-25 22:00:00+00:00,Minnesota Wild,Utah Mammoth,0.5305,0.4695,0.554,0.4903,10
401802485,NHL,2025-10-25 23:00:00+00:00,Pittsburgh Penguins,Columbus Blue Jackets,0.5127,0.4873,0.5385,0.5117,7
401802486,NHL,2025-10-25 23:00:00+00:00,Washington Capitals,Ottawa Senators,0.5355,0.4645,0.5605,0.4862,7
401802488,NHL,2025-10-26 00:00:00+00:00,Nashville Predators,Los Angeles Kings,0.4571,0.5429,0.4768,0.5663,10
401802489,NHL,2025-10-26 00:00:00+00:00,Dallas Stars,Carolina Hurricanes,0.5166,0.4834,0.5404,0.5057,10
401802490,NHL,2025-10-26 02:00:00+00:00,Seattle Kraken,Edmonton Oilers,0.3848,0.6152,0.4009,0.6411,11
401802491,NHL,2025-10-26 17:00:00+00:00,New Jersey Devils,Colorado Avalanche,0.5412,0.4588,0.5658,0.4796,4
401802492,NHL,2025-10-26 21:00:00+00:00,Tampa Bay Lightning,Vegas Golden Knights,0.5452,0.4548,0.5711,0.4763,7
401802493,NHL,2025-10-26 22:00:00+00:00,Minnesota Wild,San Jose Sharks,0.6649,0.3351,0.6972,0.3514,7
401802494,NHL,2025-10-26 22:00:00+00:00,Winnipeg Jets,Utah Mammoth,0.609,0.391,0.6388,0.4101,7
401802495,NHL,2025-10-26 23:00:00+00:00,Chicago Blackhawks,Los Angeles Kings,0.4349,0.5651,0.4558,0.5923,7
401802496,NHL,2025-10-26 23:00:00+00:00,Nashville Predators,Dallas Stars,0.4073,0.5927,0.4267,0.621,7
401802497,NHL,2025-10-27 00:00:00+00:00,Calgary Flames,New York Rangers,0.448,0.552,0.4672,0.5758,10
401802498,NHL,2025-10-27 02:00:00+00:00,Vancouver Canucks,Edmonton Oilers,0.442,0.558,0.4627,0.5841,8
401802500,NHL,2025-10-27 23:30:00+00:00,Ottawa Senators,Boston Bruins,0.6079,0.3921,0.6331,0.4083,10
401802501,NHL,2025-10-28 22:00:00+00:00,Philadelphia Flyers,Pittsburgh Penguins,0.5858,0.4142,0.6137,0.434,7
401802502,NHL,2025-10-28 22:00:00+00:00,Toronto Maple Leafs,Calgary Flames,0.6419,0.3581,0.6688,0.3731,11
401802506,NHL,2025-10-28 22:30:00+00:00,Carolina Hurricanes,Vegas Golden Knights,0.5636,0.4364,0.5883,0.4556,11
401802503,NHL,2025-10-28 22:45:00+00:00,Buffalo Sabres,Columbus Blue Jackets,0.5192,0.4808,0.543,0.5028,11
401802504,NHL,2025-10-28 23:00:00+00:00,Florida Panthers,Anaheim Ducks,0.6209,0.3791,0.6476,0.3954,11
401802505,NHL,2025-10-28 23:15:00+00:00,Boston Bruins,New York Islanders,0.453,0.547,0.4744,0.5729,7
401802507,NHL,2025-10-28 23:45:00+00:00,Nashville Predators,Tampa Bay Lightning,0.4154,0.5846,0.4333,0.6099,11
401802508,NHL,2025-10-29 00:00:00+00:00,Minnesota Wild,Winnipeg Jets,0.5,0.5,0.5236,0.5236,11
401802511,NHL,2025-10-29 00:45:00+00:00,Chicago Blackhawks,Ottawa Senators,0.4447,0.5553,0.466,0.5819,8
401802510,NHL,2025-10-29 00:50:00+00:00,Dallas Stars,Washington Capitals,0.5632,0.4368,0.588,0.456,11
401802512,NHL,2025-10-29 01:00:00+00:00,Colorado Avalanche,New Jersey Devils,0.5812,0.4188,0.6058,0.4365,11
401802513,NHL,2025-10-29 01:30:00+00:00,Edmonton Oilers,Utah Mammoth,0.5827,0.4173,0.6075,0.435,11
401802514,NHL,2025-10-29 02:00:00+00:00,Vancouver Canucks,New York Rangers,0.4771,0.5229,0.4988,0.5467,11
401802516,NHL,2025-10-29 03:00:00+00:00,San Jose Sharks,Los Angeles Kings,0.3674,0.6326,0.3825,0.6587,11
401802517,NHL,2025-10-29 23:30:00+00:00,Columbus Blue Jackets,Toronto Maple Leafs,0.4906,0.5094,0.5155,0.5352,8
401802518,NHL,2025-10-30 23:00:00+00:00,Boston Bruins,Buffalo Sabres,0.5034,0.4966,0.5272,0.5201,11
401802519,NHL,2025-10-30 23:00:00+00:00,Ottawa Senators,Calgary Flames,0.5932,0.4068,0.6194,0.4248,11
401802520,NHL,2025-10-30 23:00:00+00:00,Tampa Bay Lightning,Dallas Stars,0.5628,0.4372,0.5879,0.4567,11
401802521,NHL,2025-10-30 23:00:00+00:00,Philadelphia Flyers,Nashville Predators,0.5682,0.4318,0.5921,0.4499,11
401802522,NHL,2025-10-30 23:30:00+00:00,Carolina Hurricanes,New York Islanders,0.6597,0.3403,0.6884,0.3551,11
401802524,NHL,2025-10-31 00:00:00+00:00,Minnesota Wild,Pittsburgh Penguins,0.6039,0.3961,0.6297,0.413,11
401802525,NHL,2025-10-31 00:00:00+00:00,Winnipeg Jets,Chicago Blackhawks,0.6828,0.3172,0.7122,0.3309,11
401802526,NHL,2025-10-31 01:00:00+00:00,Edmonton Oilers,New York Rangers,0.601,0.399,0.6268,0.4161,11
401802527,NHL,2025-10-31 02:00:00+00:00,San Jose Sharks,New Jersey Devils,0.3344,0.6656,0.3491,0.695,11
401802528,NHL,2025-10-31 02:30:00+00:00,Los Angeles Kings,Detroit Red Wings,0.5772,0.4228,0.6011,0.4404,11
401802529,NHL,2025-10-31 20:00:00+00:00,Vegas Golden Knights,Colorado Avalanche,0.5005,0.4995,0.5229,0.5219,8
401802530,NHL,2025-10-31 23:00:00+00:00,Washington Capitals,New York Islanders,0.6641,0.3359,0.6952,0.3516,8
401802531,NHL,2025-11-01 02:00:00+00:00,Anaheim Ducks,Detroit Red Wings,0.5451,0.4549,0.5699,0.4757,8
401802532,NHL,2025-11-01 17:00:00+00:00,Boston Bruins,Carolina Hurricanes,0.3792,0.6208,0.3957,0.6477,9
401802533,NHL,2025-11-01 19:00:00+00:00,Winnipeg Jets,Pittsburgh Penguins,0.6259,0.3741,0.653,0.3904,10
401802534,NHL,2025-11-01 19:30:00+00:00,Nashville Predators,Calgary Flames,0.5438,0.4562,0.5682,0.4767,10
401802535,NHL,2025-11-01 20:00:00+00:00,San Jose Sharks,Colorado Avalanche,0.339,0.661,0.3556,0.6934,7
401802536,NHL,2025-11-01 22:00:00+00:00,Florida Panthers,Dallas Stars,0.5412,0.4588,0.5651,0.4791,10
401802537,NHL,2025-11-01 23:00:00+00:00,Buffalo Sabres,Washington Capitals,0.5,0.5,0.5252,0.5252,7
401802539,NHL,2025-11-01 23:00:00+00:00,Philadelphia Flyers,Toronto Maple Leafs,0.4635,0.5365,0.4838,0.56,10
401802541,NHL,2025-11-01 23:00:00+00:00,Minnesota Wild,Vancouver Canucks,0.6016,0.3984,0.6289,0.4165,10
401802542,NHL,2025-11-02 01:00:00+00:00,Los Angeles Kings,New Jersey Devils,0.4922,0.5078,0.515,0.5315,11
401802543,NHL,2025-11-02 02:00:00+00:00,Edmonton Oilers,Chicago Blackhawks,0.7141,0.2859,0.7459,0.2986,11
401802544,NHL,2025-11-02 02:00:00+00:00,Seattle Kraken,New York Rangers,0.4632,0.5368,0.4836,0.5605,11
401802545,NHL,2025-11-02 20:30:00+00:00,Utah Mammoth,Tampa Bay Lightning,0.4848,0.5152,0.5069,0.5387,9
401802546,NHL,2025-11-02 22:00:00+00:00,New York Islanders,Columbus Blue Jackets,0.5593,0.4407,0.5852,0.461,8
401802547,NHL,2025-11-03 00:00:00+00:00,Philadelphia Flyers,Calgary Flames,0.5641,0.4359,0.5906,0.4563,8
401802548,NHL,2025-11-03 01:00:00+00:00,Anaheim Ducks,New Jersey Devils,0.4523,0.5477,0.4738,0.5737,8
401802549,NHL,2025-11-03 01:00:00+00:00,San Jose Sharks,Detroit Red Wings,0.3794,0.6206,0.3967,0.6489,8
401802550,NHL,2025-11-04 00:30:00+00:00,Toronto Maple Leafs,Pittsburgh Penguins,0.6165,0.3835,0.6427,0.3998,11
401802552,NHL,2025-11-04 01:30:00+00:00,Nashville Predators,Vancouver Canucks,0.5227,0.4773,0.5462,0.4988,10
401802553,NHL,2025-11-04 03:00:00+00:00,Seattle Kraken,Chicago Blackhawks,0.5833,0.4167,0.6075,0.434,11
401802554,NHL,2025-11-05 00:00:00+00:00,Buffalo Sabres,Utah Mammoth,0.4614,0.5386,0.4819,0.5625,11
401802556,NHL,2025-11-05 00:00:00+00:00,New York Islanders,Boston Bruins,0.5913,0.4087,0.617,0.4264,11
401802557,NHL,2025-11-05 00:00:00+00:00,New York Rangers,Carolina Hurricanes,0.4642,0.5358,0.4845,0.5591,11
401802558,NHL,2025-11-05 01:00:00+00:00,Dallas Stars,Edmonton Oilers,0.5521,0.4479,0.5778,0.4687,8
401802559,NHL,2025-11-05 01:00:00+00:00,Minnesota Wild,Nashville Predators,0.6695,0.3305,0.7012,0.3461,8
401802560,NHL,2025-11-05 02:30:00+00:00,Colorado Avalanche,Tampa Bay Lightning,0.5693,0.4307,0.5941,0.4495,11
401802561,NHL,2025-11-05 03:00:00+00:00,Vegas Golden Knights,Detroit Red Wings,0.6278,0.3722,0.6537,0.3876,11
401802562,NHL,2025-11-05 03:00:00+00:00,Anaheim Ducks,Florida Panthers,0.4358,0.5642,0.455,0.5889,11
401802563,NHL,2025-11-05 03:30:00+00:00,Los Angeles Kings,Winnipeg Jets,0.5261,0.4739,0.5498,0.4953,11
401802564,NHL,2025-11-06 00:00:00+00:00,Toronto Maple Leafs,Utah Mammoth,0.6011,0.3989,0.629,0.4174,8
401802566,NHL,2025-11-06 02:30:00+00:00,Calgary Flames,Columbus Blue Jackets,0.4902,0.5098,0.5127,0.5332,11
401802567,NHL,2025-11-06 03:00:00+00:00,Vancouver Canucks,Chicago Blackhawks,0.6072,0.3928,0.6331,0.4095,11
401802568,NHL,2025-11-06 03:00:00+00:00,Seattle Kraken,San Jose Sharks,0.6018,0.3982,0.6273,0.4151,11
401802569,NHL,2025-11-07 00:00:00+00:00,Boston Bruins,Ottawa Senators,0.4567,0.5433,0.4766,0.5671,11
401802573,NHL,2025-11-07 00:00:00+00:00,Carolina Hurricanes,Minnesota Wild,0.6258,0.3742,0.6521,0.3899,11
401802572,NHL,2025-11-07 00:30:00+00:00,Pittsburgh Penguins,Washington Capitals,0.4895,0.5105,0.5139,0.5359,8
401802574,NHL,2025-11-07 01:00:00+00:00,Nashville Predators,Philadelphia Flyers,0.5052,0.4948,0.5287,0.5177,11
401802575,NHL,2025-11-07 01:00:00+00:00,Dallas Stars,Anaheim Ducks,0.6272,0.3728,0.6537,0.3886,11
401802576,NHL,2025-11-07 03:00:00+00:00,Vegas Golden Knights,Tampa Bay Lightning,0.539,0.461,0.5626,0.4811,11
401802577,NHL,2025-11-07 03:00:00+00:00,Los Angeles Kings,Florida Panthers,0.5139,0.4861,0.5377,0.5086,11
401802578,NHL,2025-11-08 00:00:00+00:00,Detroit Red Wings,New York Rangers,0.5056,0.4944,0.5293,0.5175,11
401802579,NHL,2025-11-08 00:00:00+00:00,New York Islanders,Minnesota Wild,0.5301,0.4699,0.5557,0.4927,8
401802580,NHL,2025-11-08 02:00:00+00:00,Calgary Flames,Chicago Blackhawks,0.5756,0.4244,0.6003,0.4426,11
401802581,NHL,2025-11-08 03:00:00+00:00,San Jose Sharks,Winnipeg Jets,0.3686,0.6314,0.3836,0.6572,11
401802582,NHL,2025-11-08 17:30:00+00:00,New Jersey Devils,Pittsburgh Penguins,0.6643,0.3357,0.6957,0.3515,4
401802583,NHL,2025-11-08 18:00:00+00:00,Philadelphia Flyers,Ottawa Senators,0.4898,0.5102,0.5113,0.5327,7
401802584,NHL,2025-11-08 20:30:00+00:00,Nashville Predators,Dallas Stars,0.399,0.601,0.4171,0.6282,9
401802585,NHL,2025-11-09 00:00:00+00:00,Toronto Maple Leafs,Boston Bruins,0.6216,0.3784,0.6494,0.3953,9
401802587,NHL,2025-11-09 00:00:00+00:00,Tampa Bay Lightning,Washington Capitals,0.5757,0.4243,0.6009,0.4428,9
401802588,NHL,2025-11-09 00:00:00+00:00,New York Rangers,New York Islanders,0.6021,0.3979,0.6312,0.4172,7
401802589,NHL,2025-11-09 00:00:00+00:00,Carolina Hurricanes,Buffalo Sabres,0.6905,0.3095,0.7208,0.323,9
401802591,NHL,2025-11-09 03:00:00+00:00,Edmonton Oilers,Colorado Avalanche,0.4955,0.5045,0.5187,0.5282,11
401802592,NHL,2025-11-09 03:00:00+00:00,Vancouver Canucks,Columbus Blue Jackets,0.516,0.484,0.5398,0.5063,11
401802593,NHL,2025-11-09 03:00:00+00:00,Vegas Golden Knights,Anaheim Ducks,0.6442,0.3558,0.6712,0.3708,11
401802594,NHL,2025-11-09 03:00:00+00:00,San Jose Sharks,Florida Panthers,0.32,0.68,0.3352,0.7124,8
401802595,NHL,2025-11-09 18:00:00+00:00,Detroit Red Wings,Chicago Blackhawks,0.6195,0.3805,0.6485,0.3983,4
401802596,NHL,2025-11-09 19:00:00+00:00,Pittsburgh Penguins,Los Angeles Kings,0.4105,0.5895,0.4285,0.6152,5
401802597,NHL,2025-11-10 00:00:00+00:00,Toronto Maple Leafs,Carolina Hurricanes,0.4714,0.5286,0.4939,0.5538,8
401802598,NHL,2025-11-10 00:00:00+00:00,Ottawa Senators,Utah Mammoth,0.5233,0.4767,0.5487,0.4998,8
401802599,NHL,2025-11-10 00:00:00+00:00,Dallas Stars,Seattle Kraken,0.6821,0.3179,0.7143,0.3329,8
401802600,NHL,2025-11-10 01:00:00+00:00,Minnesota Wild,Calgary Flames,0.6111,0.3889,0.6367,0.4052,11
401802601,NHL,2025-11-10 03:00:00+00:00,Vancouver Canucks,Colorado Avalanche,0.3944,0.6056,0.4126,0.6335,8
401802602,NHL,2025-11-10 03:00:00+00:00,Anaheim Ducks,Winnipeg Jets,0.4416,0.5584,0.4625,0.585,8
401802603,NHL,2025-11-11 00:00:00+00:00,New Jersey Devils,New York Islanders,0.6096,0.3904,0.6352,0.4067,11
401802604,NHL,2025-11-11 00:00:00+00:00,New York Rangers,Nashville Predators,0.6138,0.3862,0.64,0.4027,11
401802605,NHL,2025-11-11 01:30:00+00:00,Edmonton Oilers,Columbus Blue Jackets,0.6202,0.3798,0.6468,0.3962,11
401802606,NHL,2025-11-11 03:00:00+00:00,Vegas Golden Knights,Florida Panthers,0.5685,0.4315,0.593,0.45,11
401802607,NHL,2025-11-12 00:00:00+00:00,Boston Bruins,Toronto Maple Leafs,0.4492,0.5508,0.4685,0.5745,11
401802609,NHL,2025-11-12 00:00:00+00:00,Ottawa Senators,Dallas Stars,0.4806,0.5194,0.5026,0.5432,11
401802610,NHL,2025-11-12 00:00:00+00:00,Carolina Hurricanes,Washington Capitals,0.5973,0.4027,0.6226,0.4198,11
401802612,NHL,2025-11-12 01:00:00+00:00,Minnesota Wild,San Jose Sharks,0.6589,0.3411,0.6885,0.3564,11
401802613,NHL,2025-11-12 02:30:00+00:00,Colorado Avalanche,Anaheim Ducks,0.6669,0.3331,0.6962,0.3478,11
401802614,NHL,2025-11-12 03:00:00+00:00,Vancouver Canucks,Winnipeg Jets,0.4636,0.5364,0.4841,0.5601,11
401802615,NHL,2025-11-12 03:00:00+00:00,Seattle Kraken,Columbus Blue Jackets,0.5249,0.4751,0.5503,0.4981,8
401802616,NHL,2025-11-13 00:00:00+00:00,Tampa Bay Lightning,New York Rangers,0.5807,0.4193,0.6055,0.4372,11
401802617,NHL,2025-11-13 00:30:00+00:00,Philadelphia Flyers,Edmonton Oilers,0.4427,0.5573,0.4621,0.5818,11
401802618,NHL,2025-11-13 02:00:00+00:00,Utah Mammoth,Buffalo Sabres,0.624,0.376,0.6506,0.3921,11
401802619,NHL,2025-11-13 02:30:00+00:00,Chicago Blackhawks,New Jersey Devils,0.4165,0.5835,0.4344,0.6086,11
401802620,NHL,2025-11-14 00:00:00+00:00,Toronto Maple Leafs,Los Angeles Kings,0.4979,0.5021,0.5223,0.5267,8
401802622,NHL,2025-11-14 00:00:00+00:00,Ottawa Senators,Boston Bruins,0.6025,0.3975,0.6283,0.4146,11
401802623,NHL,2025-11-14 00:00:00+00:00,Detroit Red Wings,Anaheim Ducks,0.5356,0.4644,0.5607,0.4861,8
401802624,NHL,2025-11-14 00:00:00+00:00,Florida Panthers,Washington Capitals,0.5583,0.4417,0.5828,0.4611,11
401802625,NHL,2025-11-14 00:30:00+00:00,Columbus Blue Jackets,Edmonton Oilers,0.4671,0.5329,0.4888,0.5576,8
401802626,NHL,2025-11-14 02:00:00+00:00,Colorado Avalanche,Buffalo Sabres,0.7221,0.2779,0.7562,0.291,8
401802627,NHL,2025-11-14 02:00:00+00:00,Calgary Flames,San Jose Sharks,0.5892,0.4108,0.6137,0.4279,11
401802628,NHL,2025-11-14 03:00:00+00:00,Vegas Golden Knights,New York Islanders,0.6289,0.3711,0.6556,0.3869,11
401802629,NHL,2025-11-14 03:00:00+00:00,Seattle Kraken,Winnipeg Jets,0.4302,0.5698,0.4487,0.5943,11
401802630,NHL,2025-11-14 19:00:00+00:00,Nashville Predators,Pittsburgh Penguins,0.4896,0.5104,0.5125,0.5343,10
401802631,NHL,2025-11-15 00:00:00+00:00,Carolina Hurricanes,Vancouver Canucks,0.6934,0.3066,0.7242,0.3202,11
401802633,NHL,2025-11-15 02:00:00+00:00,Utah Mammoth,New York Islanders,0.6432,0.3568,0.6729,0.3733,8
401802634,NHL,2025-11-15 22:00:00+00:00,Florida Panthers,Tampa Bay Lightning,0.5495,0.4505,0.5763,0.4724,7
401802635,NHL,2025-11-15 23:00:00+00:00,Minnesota Wild,Anaheim Ducks,0.5532,0.4468,0.578,0.4669,9
401802637,NHL,2025-11-16 00:00:00+00:00,Ottawa Senators,Los Angeles Kings,0.522,0.478,0.5457,0.4997,9
401802638,NHL,2025-11-16 00:00:00+00:00,Detroit Red Wings,Buffalo Sabres,0.6009,0.3991,0.6273,0.4166,9
401802639,NHL,2025-11-16 00:00:00+00:00,Washington Capitals,New Jersey Devils,0.5677,0.4323,0.5926,0.4512,9
401802640,NHL,2025-11-16 00:00:00+00:00,Carolina Hurricanes,Edmonton Oilers,0.5302,0.4698,0.554,0.4908,9
401802641,NHL,2025-11-16 00:00:00+00:00,Columbus Blue Jackets,New York Rangers,0.4915,0.5085,0.5143,0.532,9
401802642,NHL,2025-11-16 00:00:00+00:00,Chicago Blackhawks,Toronto Maple Leafs,0.4512,0.5488,0.4705,0.5723,9
401802644,NHL,2025-11-16 01:00:00+00:00,Dallas Stars,Philadelphia Flyers,0.6724,0.3276,0.7038,0.3428,7
401802645,NHL,2025-11-16 03:00:00+00:00,Calgary Flames,Winnipeg Jets,0.4505,0.5495,0.47,0.5733,11
401802646,NHL,2025-11-16 03:00:00+00:00,Seattle Kraken,San Jose Sharks,0.5742,0.4258,0.5982,0.4436,11
401802647,NHL,2025-11-16 14:00:00+00:00,Pittsburgh Penguins,Nashville Predators,0.5306,0.4694,0.557,0.4927,5
401802648,NHL,2025-11-16 22:00:00+00:00,Tampa Bay Lightning,Vancouver Canucks,0.6015,0.3985,0.6307,0.418,8
401802649,NHL,2025-11-16 23:00:00+00:00,Minnesota Wild,Vegas Golden Knights,0.4681,0.5319,0.4907,0.5574,8
401802650,NHL,2025-11-17 00:00:00+00:00,New York Rangers,Detroit Red Wings,0.5745,0.4255,0.6007,0.4449,8
401802651,NHL,2025-11-17 02:00:00+00:00,Colorado Avalanche,New York Islanders,0.694,0.306,0.7247,0.3195,11
401802652,NHL,2025-11-18 00:00:00+00:00,Boston Bruins,Carolina Hurricanes,0.382,0.618,0.3981,0.6441,11
401802653,NHL,2025-11-18 00:00:00+00:00,Buffalo Sabres,Edmonton Oilers,0.4119,0.5881,0.4295,0.6132,11
401802654,NHL,2025-11-18 00:00:00+00:00,Florida Panthers,Vancouver Canucks,0.7121,0.2879,0.7463,0.3017,8
401802655,NHL,2025-11-18 00:00:00+00:00,Washington Capitals,Los Angeles Kings,0.5488,0.4512,0.5728,0.4709,11
401802657,NHL,2025-11-18 03:00:00+00:00,Anaheim Ducks,Utah Mammoth,0.4852,0.5148,0.5073,0.5383,11
401802659,NHL,2025-11-19 00:00:00+00:00,Detroit Red Wings,Seattle Kraken,0.5954,0.4046,0.6212,0.4221,11
401802660,NHL,2025-11-19 00:00:00+00:00,Tampa Bay Lightning,New Jersey Devils,0.5969,0.4031,0.6223,0.4202,11
401802661,NHL,2025-11-19 01:00:00+00:00,Dallas Stars,New York Islanders,0.5994,0.4006,0.6258,0.4183,11
401802662,NHL,2025-11-19 01:00:00+00:00,Winnipeg Jets,Columbus Blue Jackets,0.6274,0.3726,0.6534,0.3881,11
401802663,NHL,2025-11-19 01:30:00+00:00,Chicago Blackhawks,Calgary Flames,0.5043,0.4957,0.5276,0.5187,11
401802664,NHL,2025-11-19 03:00:00+00:00,Vegas Golden Knights,New York Rangers,0.5881,0.4119,0.6166,0.4319,8
401802665,NHL,2025-11-19 03:00:00+00:00,San Jose Sharks,Utah Mammoth,0.4347,0.5653,0.455,0.5918,8
401802666,NHL,2025-11-20 00:00:00+00:00,Washington Capitals,Edmonton Oilers,0.5124,0.4876,0.536,0.51,10
401802667,NHL,2025-11-20 00:30:00+00:00,Buffalo Sabres,Calgary Flames,0.5985,0.4015,0.626,0.4199,8
401802668,NHL,2025-11-20 02:30:00+00:00,Minnesota Wild,Carolina Hurricanes,0.4226,0.5774,0.4405,0.6019,11
401802669,NHL,2025-11-20 03:00:00+00:00,Anaheim Ducks,Boston Bruins,0.5985,0.4015,0.624,0.4187,11
401802670,NHL,2025-11-21 00:00:00+00:00,Toronto Maple Leafs,Columbus Blue Jackets,0.5175,0.4825,0.5415,0.5049,11
401802672,NHL,2025-11-21 00:00:00+00:00,Detroit Red Wings,New York Islanders,0.5468,0.4532,0.5707,0.473,11
401802674,NHL,2025-11-21 00:00:00+00:00,Florida Panthers,New Jersey Devils,0.5702,0.4298,0.5954,0.4488,10
401802673,NHL,2025-11-21 00:30:00+00:00,Tampa Bay Lightning,Edmonton Oilers,0.5807,0.4193,0.6087,0.4395,7
401802676,NHL,2025-11-21 01:00:00+00:00,Chicago Blackhawks,Seattle Kraken,0.5083,0.4917,0.5318,0.5144,11
401802677,NHL,2025-11-21 02:00:00+00:00,Colorado Avalanche,New York Rangers,0.6495,0.3505,0.6767,0.3651,11
401802678,NHL,2025-11-21 02:00:00+00:00,Utah Mammoth,Vegas Golden Knights,0.4922,0.5078,0.5153,0.5317,11
401802679,NHL,2025-11-21 03:00:00+00:00,Vancouver Canucks,Dallas Stars,0.4172,0.5828,0.4348,0.6075,11
401802680,NHL,2025-11-21 03:00:00+00:00,Anaheim Ducks,Ottawa Senators,0.4622,0.5378,0.484,0.5631,8
401802681,NHL,2025-11-21 03:00:00+00:00,San Jose Sharks,Los Angeles Kings,0.3931,0.6069,0.4101,0.633,11
401802682,NHL,2025-11-22 00:00:00+00:00,Buffalo Sabres,Chicago Blackhawks,0.615,0.385,0.6428,0.4024,7
401802683,NHL,2025-11-22 00:00:00+00:00,Pittsburgh Penguins,Minnesota Wild,0.4984,0.5016,0.5216,0.525,11
401802684,NHL,2025-11-22 01:00:00+00:00,Winnipeg Jets,Carolina Hurricanes,0.4688,0.5312,0.4893,0.5545,11
401802685,NHL,2025-11-22 03:30:00+00:00,Los Angeles Kings,Boston Bruins,0.6157,0.3843,0.6436,0.4018,7
401802686,NHL,2025-11-22 18:00:00+00:00,Detroit Red Wings,Columbus Blue Jackets,0.5573,0.4427,0.5804,0.4611,7
401802689,NHL,2025-11-23 00:00:00+00:00,Florida Panthers,Edmonton Oilers,0.5477,0.4523,0.5715,0.472,11
401802690,NHL,2025-11-23 00:00:00+00:00,Philadelphia Flyers,New Jersey Devils,0.478,0.522,0.4997,0.5457,11
401802691,NHL,2025-11-23 00:00:00+00:00,Pittsburgh Penguins,Seattle Kraken,0.5137,0.4863,0.5388,0.51,8
401802692,NHL,2025-11-23 00:00:00+00:00,Washington Capitals,Tampa Bay Lightning,0.5243,0.4757,0.5482,0.4974,11
401802693,NHL,2025-11-23 00:00:00+00:00,San Jose Sharks,Ottawa Senators,0.4119,0.5881,0.4298,0.6136,11
401802694,NHL,2025-11-23 01:00:00+00:00,Nashville Predators,Colorado Avalanche,0.3421,0.6579,0.3571,0.6868,11
401802695,NHL,2025-11-23 02:00:00+00:00,Utah Mammoth,New York Rangers,0.5388,0.4612,0.5627,0.4817,11
401802696,NHL,2025-11-23 03:00:00+00:00,Calgary Flames,Dallas Stars,0.4206,0.5794,0.4384,0.6039,11
401802697,NHL,2025-11-23 03:00:00+00:00,Anaheim Ducks,Vegas Golden Knights,0.4477,0.5523,0.4674,0.5766,11
401802698,NHL,2025-11-23 18:00:00+00:00,Buffalo Sabres,Carolina Hurricanes,0.3853,0.6147,0.4024,0.6419,5
401802699,NHL,2025-11-23 21:00:00+00:00,Winnipeg Jets,Minnesota Wild,0.53,0.47,0.5538,0.4911,10
401802700,NHL,2025-11-23 22:00:00+00:00,New York Islanders,Seattle Kraken,0.5937,0.4063,0.6217,0.4254,8
401802701,NHL,2025-11-24 00:00:00+00:00,Chicago Blackhawks,Colorado Avalanche,0.3534,0.6466,0.3697,0.6764,8
401802702,NHL,2025-11-24 01:00:00+00:00,San Jose Sharks,Boston Bruins,0.4502,0.5498,0.47,0.5739,11
401802703,NHL,2025-11-24 02:00:00+00:00,Vancouver Canucks,Calgary Flames,0.5859,0.4141,0.6146,0.4344,8
401802704,NHL,2025-11-25 00:00:00+00:00,Tampa Bay Lightning,Philadelphia Flyers,0.6052,0.3948,0.6339,0.4135,8
401802705,NHL,2025-11-25 00:00:00+00:00,New Jersey Devils,Detroit Red Wings,0.5679,0.4321,0.5928,0.4511,11
401802707,NHL,2025-11-25 00:00:00+00:00,Washington Capitals,Columbus Blue Jackets,0.5996,0.4004,0.6254,0.4177,11
401802708,NHL,2025-11-25 01:00:00+00:00,Nashville Predators,Florida Panthers,0.4224,0.5776,0.4401,0.6018,11
401802709,NHL,2025-11-25 02:00:00+00:00,Utah Mammoth,Vegas Golden Knights,0.4879,0.5121,0.5105,0.5358,11
401802710,NHL,2025-11-25 02:00:00+00:00,Los Angeles Kings,Ottawa Senators,0.5785,0.4215,0.6035,0.4398,11
401802711,NHL,2025-11-26 02:00:00+00:00,Edmonton Oilers,Dallas Stars,0.5635,0.4365,0.5875,0.4551,9
401802712,NHL,2025-11-27 00:00:00+00:00,Detroit Red Wings,Nashville Predators,0.5896,0.4104,0.6149,0.4281,11
401802713,NHL,2025-11-27 00:00:00+00:00,Tampa Bay Lightning,Calgary Flames,0.6288,0.3712,0.6552,0.3868,11
401802714,NHL,2025-11-27 00:00:00+00:00,Florida Panthers,Philadelphia Flyers,0.6074,0.3926,0.6334,0.4095,11
401802716,NHL,2025-11-27 00:00:00+00:00,New York Islanders,Boston Bruins,0.5942,0.4058,0.6201,0.4235,11
401802717,NHL,2025-11-27 00:00:00+00:00,Pittsburgh Penguins,Buffalo Sabres,0.5216,0.4784,0.5457,0.5005,11
401802718,NHL,2025-11-27 00:00:00+00:00,Washington Capitals,Winnipeg Jets,0.5874,0.4126,0.6125,0.4302,11
401802719,NHL,2025-11-27 00:00:00+00:00,Carolina Hurricanes,New York Rangers,0.6229,0.3771,0.6483,0.3925,11
401802720,NHL,2025-11-27 00:00:00+00:00,Columbus Blue Jackets,Toronto Maple Leafs,0.5272,0.4728,0.5509,0.4941,11
401802721,NHL,2025-11-27 01:30:00+00:00,Chicago Blackhawks,Minnesota Wild,0.4461,0.5539,0.4653,0.5778,11
401802722,NHL,2025-11-27 02:00:00+00:00,Colorado Avalanche,San Jose Sharks,0.7567,0.2433,0.7892,0.2537,11
401802724,NHL,2025-11-27 03:00:00+00:00,Vegas Golden Knights,Ottawa Senators,0.6018,0.3982,0.6272,0.415,11
401802725,NHL,2025-11-27 03:00:00+00:00,Anaheim Ducks,Vancouver Canucks,0.5892,0.4108,0.6143,0.4283,11
401802726,NHL,2025-11-27 03:00:00+00:00,Seattle Kraken,Dallas Stars,0.4391,0.5609,0.4599,0.5874,8
401802728,NHL,2025-11-28 17:00:00+00:00,Detroit Red Wings,Tampa Bay Lightning,0.4729,0.5271,0.4939,0.5505,7
401802727,NHL,2025-11-28 18:00:00+00:00,Boston Bruins,New York Rangers,0.4614,0.5386,0.4814,0.5619,9
401802729,NHL,2025-11-28 20:30:00+00:00,Minnesota Wild,Colorado Avalanche,0.3973,0.6027,0.4142,0.6282,10
401802731,NHL,2025-11-28 21:00:00+00:00,Florida Panthers,Calgary Flames,0.6388,0.3612,0.6659,0.3766,10
401802732,NHL,2025-11-28 21:00:00+00:00,New York Islanders,Philadelphia Flyers,0.5608,0.4392,0.5859,0.4588,10
401802735,NHL,2025-11-28 21:00:00+00:00,Anaheim Ducks,Los Angeles Kings,0.4856,0.5144,0.5084,0.5386,10
401802736,NHL,2025-11-28 21:00:00+00:00,San Jose Sharks,Vancouver Canucks,0.4822,0.5178,0.5049,0.5421,10
401802737,NHL,2025-11-28 22:00:00+00:00,Washington Capitals,Toronto Maple Leafs,0.5723,0.4277,0.5967,0.446,10
401802738,NHL,2025-11-28 22:00:00+00:00,Carolina Hurricanes,Winnipeg Jets,0.6592,0.3408,0.6879,0.3556,10
401802739,NHL,2025-11-29 00:00:00+00:00,Columbus Blue Jackets,Pittsburgh Penguins,0.5691,0.4309,0.5943,0.45,10
401802740,NHL,2025-11-29 01:00:00+00:00,Chicago Blackhawks,Nashville Predators,0.5041,0.4959,0.5277,0.5192,11
401802741,NHL,2025-11-29 01:00:00+00:00,Dallas Stars,Utah Mammoth,0.5685,0.4315,0.5934,0.4505,11
401802742,NHL,2025-11-29 19:00:00+00:00,New York Rangers,Tampa Bay Lightning,0.5096,0.4904,0.5341,0.5141,6
401802744,NHL,2025-11-29 21:00:00+00:00,Seattle Kraken,Edmonton Oilers,0.4103,0.5897,0.4275,0.6144,9
401802745,NHL,2025-11-30 00:00:00+00:00,Boston Bruins,Detroit Red Wings,0.4393,0.5607,0.4607,0.588,7
401802746,NHL,2025-11-30 00:00:00+00:00,New Jersey Devils,Philadelphia Flyers,0.5853,0.4147,0.6107,0.4327,9
401802747,NHL,2025-11-30 00:00:00+00:00,Pittsburgh Penguins,Toronto Maple Leafs,0.4691,0.5309,0.4918,0.5564,7
401802748,NHL,2025-11-30 00:00:00+00:00,Nashville Predators,Winnipeg Jets,0.4691,0.5309,0.4913,0.556,7
401802750,NHL,2025-11-30 01:00:00+00:00,Minnesota Wild,Buffalo Sabres,0.5928,0.4072,0.6181,0.4246,10
401802751,NHL,2025-11-30 03:00:00+00:00,Vegas Golden Knights,San Jose Sharks,0.7374,0.2626,0.7699,0.2742,11
401802752,NHL,2025-11-30 03:00:00+00:00,Los Angeles Kings,Vancouver Canucks,0.62,0.38,0.6456,0.3956,11
401802753,NHL,2025-11-30 18:00:00+00:00,New York Islanders,Washington Capitals,0.4672,0.5328,0.487,0.5552,8
401802754,NHL,2025-11-30 20:30:00+00:00,Chicago Blackhawks,Anaheim Ducks,0.4679,0.5321,0.4876,0.5545,8
401802755,NHL,2025-11-30 22:00:00+00:00,Carolina Hurricanes,Calgary Flames,0.6885,0.3115,0.7184,0.325,9
401802756,NHL,2025-11-30 23:00:00+00:00,Dallas Stars,Ottawa Senators,0.5719,0.4281,0.596,0.4463,10
401802757,NHL,2025-12-02 00:00:00+00:00,New Jersey Devils,Columbus Blue Jackets,0.5866,0.4134,0.6115,0.431,11
401802758,NHL,2025-12-02 00:00:00+00:00,Philadelphia Flyers,Pittsburgh Penguins,0.5795,0.4205,0.6045,0.4387,11
401802759,NHL,2025-12-02 00:30:00+00:00,Buffalo Sabres,Winnipeg Jets,0.5108,0.4892,0.5345,0.512,11
401802761,NHL,2025-12-02 03:00:00+00:00,San Jose Sharks,Utah Mammoth,0.4218,0.5782,0.4395,0.6025,11
401802763,NHL,2025-12-03 00:00:00+00:00,Detroit Red Wings,Boston Bruins,0.6372,0.3628,0.6645,0.3784,10
401802765,NHL,2025-12-03 00:00:00+00:00,New York Islanders,Tampa Bay Lightning,0.4458,0.5542,0.4656,0.5788,10
401802766,NHL,2025-12-03 00:00:00+00:00,New York Rangers,Dallas Stars,0.4554,0.5446,0.4754,0.5685,10
401802764,NHL,2025-12-03 00:30:00+00:00,Florida Panthers,Toronto Maple Leafs,0.5966,0.4034,0.6227,0.421,10
401802767,NHL,2025-12-03 01:00:00+00:00,Nashville Predators,Calgary Flames,0.5229,0.4771,0.5468,0.4988,10
401802768,NHL,2025-12-03 02:00:00+00:00,Colorado Avalanche,Vancouver Canucks,0.7319,0.2681,0.7645,0.28,11
401802769,NHL,2025-12-03 02:00:00+00:00,Edmonton Oilers,Minnesota Wild,0.59,0.41,0.6153,0.4276,11
401802770,NHL,2025-12-03 03:00:00+00:00,Vegas Golden Knights,Chicago Blackhawks,0.7135,0.2865,0.7448,0.2991,11
401802771,NHL,2025-12-03 03:30:00+00:00,Los Angeles Kings,Washington Capitals,0.5281,0.4719,0.5517,0.4929,11
401802772,NHL,2025-12-04 00:00:00+00:00,New Jersey Devils,Dallas Stars,0.5131,0.4869,0.5388,0.5112,8
401802774,NHL,2025-12-04 00:30:00+00:00,Philadelphia Flyers,Buffalo Sabres,0.5207,0.4793,0.5447,0.5015,11
401802775,NHL,2025-12-04 03:00:00+00:00,Anaheim Ducks,Utah Mammoth,0.501,0.499,0.5248,0.5229,11
401802776,NHL,2025-12-04 03:00:00+00:00,San Jose Sharks,Washington Capitals,0.4336,0.5664,0.4537,0.5927,8
401802778,NHL,2025-12-05 00:00:00+00:00,Ottawa Senators,New York Rangers,0.581,0.419,0.6055,0.4368,11
401802779,NHL,2025-12-05 00:00:00+00:00,Tampa Bay Lightning,Pittsburgh Penguins,0.6462,0.3538,0.6732,0.3686,11
401802780,NHL,2025-12-05 00:00:00+00:00,Florida Panthers,Nashville Predators,0.6528,0.3472,0.6809,0.3622,11
401802781,NHL,2025-12-05 00:00:00+00:00,New York Islanders,Colorado Avalanche,0.3648,0.6352,0.3801,0.6619,11
401802782,NHL,2025-12-05 00:00:00+00:00,Carolina Hurricanes,Toronto Maple Leafs,0.6427,0.3573,0.6696,0.3722,11
401802783,NHL,2025-12-05 00:30:00+00:00,Columbus Blue Jackets,Detroit Red Wings,0.5319,0.4681,0.5554,0.4887,11
401802784,NHL,2025-12-05 02:00:00+00:00,Calgary Flames,Minnesota Wild,0.4692,0.5308,0.4899,0.5543,11
401802785,NHL,2025-12-05 02:00:00+00:00,Edmonton Oilers,Seattle Kraken,0.6722,0.3278,0.7012,0.342,11
401802786,NHL,2025-12-05 03:00:00+00:00,Los Angeles Kings,Chicago Blackhawks,0.6671,0.3329,0.6963,0.3475,11
401802787,NHL,2025-12-06 00:00:00+00:00,New Jersey Devils,Vegas Golden Knights,0.462,0.538,0.4824,0.5618,11
401802788,NHL,2025-12-06 00:00:00+00:00,Winnipeg Jets,Buffalo Sabres,0.5514,0.4486,0.5755,0.4681,11
401802789,NHL,2025-12-06 01:00:00+00:00,Dallas Stars,San Jose Sharks,0.7104,0.2896,0.7413,0.3023,11
401802790,NHL,2025-12-06 02:00:00+00:00,Vancouver Canucks,Utah Mammoth,0.4614,0.5386,0.4815,0.5621,11
401802791,NHL,2025-12-06 03:00:00+00:00,Anaheim Ducks,Washington Capitals,0.4443,0.5557,0.4639,0.5802,11
401802792,NHL,2025-12-06 17:30:00+00:00,New York Rangers,Colorado Avalanche,0.3916,0.6084,0.4076,0.6332,6
401802793,NHL,2025-12-06 20:30:00+00:00,Florida Panthers,Columbus Blue Jackets,0.6009,0.3991,0.6265,0.4161,8
401802794,NHL,2025-12-07 00:00:00+00:00,Boston Bruins,New Jersey Devils,0.4813,0.5187,0.5052,0.5445,7
401802797,NHL,2025-12-07 00:00:00+00:00,Tampa Bay Lightning,New York Islanders,0.6285,0.3715,0.6586,0.3892,7
401802798,NHL,2025-12-07 00:00:00+00:00,Carolina Hurricanes,Nashville Predators,0.6746,0.3254,0.7043,0.3398,10
401802799,NHL,2025-12-07 00:00:00+00:00,Calgary Flames,Utah Mammoth,0.5094,0.4906,0.5353,0.5156,7
401802800,NHL,2025-12-07 02:00:00+00:00,Los Angeles Kings,Chicago Blackhawks,0.6557,0.3443,0.6841,0.3592,10
401802801,NHL,2025-12-07 03:00:00+00:00,Edmonton Oilers,Winnipeg Jets,0.6449,0.3551,0.6746,0.3714,8
401802802,NHL,2025-12-07 03:00:00+00:00,Vancouver Canucks,Minnesota Wild,0.4423,0.5577,0.463,0.5839,7
401802803,NHL,2025-12-07 03:00:00+00:00,Seattle Kraken,Detroit Red Wings,0.4767,0.5233,0.4983,0.5471,11
401802804,NHL,2025-12-07 18:00:00+00:00,Philadelphia Flyers,Colorado Avalanche,0.4191,0.5809,0.438,0.6072,4
401802805,NHL,2025-12-07 22:00:00+00:00,Florida Panthers,New York Islanders,0.5996,0.4004,0.625,0.4173,6
401802806,NHL,2025-12-07 22:00:00+00:00,Carolina Hurricanes,San Jose Sharks,0.7215,0.2785,0.7528,0.2906,6
401802807,NHL,2025-12-07 23:00:00+00:00,Dallas Stars,Pittsburgh Penguins,0.6363,0.3637,0.6628,0.3789,9
401802809,NHL,2025-12-08 00:00:00+00:00,New York Rangers,Vegas Golden Knights,0.4178,0.5822,0.4357,0.6072,7
401802810,NHL,2025-12-08 00:00:00+00:00,Washington Capitals,Columbus Blue Jackets,0.6418,0.3582,0.6699,0.3738,7
401802811,NHL,2025-12-08 01:00:00+00:00,Anaheim Ducks,Chicago Blackhawks,0.6405,0.3595,0.6692,0.3757,7
401802812,NHL,2025-12-09 00:30:00+00:00,Toronto Maple Leafs,Tampa Bay Lightning,0.5274,0.4726,0.5526,0.4951,8
401802813,NHL,2025-12-09 02:00:00+00:00,Utah Mammoth,Los Angeles Kings,0.5112,0.4888,0.5349,0.5115,11
401802814,NHL,2025-12-09 02:00:00+00:00,Calgary Flames,Buffalo Sabres,0.5028,0.4972,0.5267,0.5209,11
401802815,NHL,2025-12-09 03:00:00+00:00,Vancouver Canucks,Detroit Red Wings,0.4715,0.5285,0.4928,0.5523,11
401802816,NHL,2025-12-09 03:00:00+00:00,Seattle Kraken,Minnesota Wild,0.4569,0.5431,0.4767,0.5667,11
401802818,NHL,2025-12-10 00:00:00+00:00,Ottawa Senators,New Jersey Devils,0.5534,0.4466,0.5781,0.4665,11
401802819,NHL,2025-12-10 00:00:00+00:00,New York Islanders,Vegas Golden Knights,0.4482,0.5518,0.4679,0.5761,11
401802820,NHL,2025-12-10 00:00:00+00:00,Philadelphia Flyers,San Jose Sharks,0.6141,0.3859,0.6403,0.4024,11
401802821,NHL,2025-12-10 00:00:00+00:00,Pittsburgh Penguins,Anaheim Ducks,0.5183,0.4817,0.5421,0.5038,11
401802822,NHL,2025-12-10 00:30:00+00:00,Carolina Hurricanes,Columbus Blue Jackets,0.6562,0.3438,0.6842,0.3584,11
401802824,NHL,2025-12-10 01:00:00+00:00,Winnipeg Jets,Dallas Stars,0.4476,0.5524,0.4671,0.5766,11
401802825,NHL,2025-12-10 02:00:00+00:00,Edmonton Oilers,Buffalo Sabres,0.6601,0.3399,0.6915,0.3561,8
401802826,NHL,2025-12-10 02:30:00+00:00,Nashville Predators,Colorado Avalanche,0.3331,0.6669,0.3472,0.695,11
401802827,NHL,2025-12-11 00:30:00+00:00,Chicago Blackhawks,New York Rangers,0.4411,0.5589,0.4602,0.5832,10
401802828,NHL,2025-12-11 01:30:00+00:00,Calgary Flames,Detroit Red Wings,0.5005,0.4995,0.5231,0.522,10
401802829,NHL,2025-12-11 02:00:00+00:00,Utah Mammoth,Florida Panthers,0.4979,0.5021,0.5206,0.525,10
401802830,NHL,2025-12-11 03:00:00+00:00,Seattle Kraken,Los Angeles Kings,0.429,0.571,0.4469,0.5949,11
401802831,NHL,2025-12-12 00:00:00+00:00,Toronto Maple Leafs,San Jose Sharks,0.6465,0.3535,0.6726,0.3678,10
401802832,NHL,2025-12-12 00:00:00+00:00,New Jersey Devils,Tampa Bay Lightning,0.46,0.54,0.4794,0.5628,10
401802833,NHL,2025-12-12 00:00:00+00:00,New York Islanders,Anaheim Ducks,0.5348,0.4652,0.5575,0.4849,10
401802834,NHL,2025-12-12 00:00:00+00:00,Philadelphia Flyers,Vegas Golden Knights,0.4297,0.5703,0.4471,0.5935,10
401802836,NHL,2025-12-12 00:00:00+00:00,Washington Capitals,Carolina Hurricanes,0.498,0.502,0.5209,0.525,10
401802837,NHL,2025-12-12 00:00:00+00:00,Columbus Blue Jackets,Ottawa Senators,0.4922,0.5078,0.5145,0.5308,10
401802839,NHL,2025-12-12 01:00:00+00:00,Minnesota Wild,Dallas Stars,0.4439,0.5561,0.4629,0.5799,10
401802840,NHL,2025-12-12 01:00:00+00:00,Winnipeg Jets,Boston Bruins,0.5823,0.4177,0.6051,0.4341,10
401802842,NHL,2025-12-12 02:00:00+00:00,Edmonton Oilers,Detroit Red Wings,0.6392,0.3608,0.6674,0.3766,7
401802841,NHL,2025-12-12 02:30:00+00:00,Colorado Avalanche,Florida Panthers,0.6712,0.3288,0.7014,0.3435,7
401802843,NHL,2025-12-12 03:00:00+00:00,Vancouver Canucks,Buffalo Sabres,0.4826,0.5174,0.505,0.5414,11
401802845,NHL,2025-12-13 02:00:00+00:00,Utah Mammoth,Seattle Kraken,0.6182,0.3818,0.6445,0.398,11
401802846,NHL,2025-12-13 17:30:00+00:00,New Jersey Devils,Anaheim Ducks,0.5459,0.4541,0.5681,0.4726,7
401802847,NHL,2025-12-13 19:00:00+00:00,Minnesota Wild,Ottawa Senators,0.5144,0.4856,0.5371,0.507,7
401802848,NHL,2025-12-13 20:00:00+00:00,Pittsburgh Penguins,San Jose Sharks,0.5983,0.4017,0.6231,0.4183,7
401802849,NHL,2025-12-13 20:30:00+00:00,New York Islanders,Tampa Bay Lightning,0.457,0.543,0.4756,0.565,7
401802850,NHL,2025-12-14 00:00:00+00:00,Toronto Maple Leafs,Edmonton Oilers,0.4849,0.5151,0.5069,0.5384,9
401802852,NHL,2025-12-14 00:00:00+00:00,Philadelphia Flyers,Carolina Hurricanes,0.4183,0.5817,0.4358,0.6061,9
401802853,NHL,2025-12-14 00:00:00+00:00,Columbus Blue Jackets,Vegas Golden Knights,0.4298,0.5702,0.4474,0.5937,9
401802854,NHL,2025-12-14 00:00:00+00:00,Winnipeg Jets,Washington Capitals,0.4644,0.5356,0.4844,0.5587,8
401802855,NHL,2025-12-14 01:00:00+00:00,Chicago Blackhawks,Detroit Red Wings,0.3979,0.6021,0.4161,0.6296,7
401802856,NHL,2025-12-14 01:00:00+00:00,Dallas Stars,Florida Panthers,0.5686,0.4314,0.5918,0.449,9
401802857,NHL,2025-12-14 02:00:00+00:00,Colorado Avalanche,Nashville Predators,0.7427,0.2573,0.7764,0.269,11
401802858,NHL,2025-12-14 03:00:00+00:00,Los Angeles Kings,Calgary Flames,0.6187,0.3813,0.645,0.3976,11
401802859,NHL,2025-12-14 17:30:00+00:00,New Jersey Devils,Vancouver Canucks,0.5767,0.4233,0.6012,0.4412,3
401802860,NHL,2025-12-14 20:00:00+00:00,Pittsburgh Penguins,Utah Mammoth,0.4392,0.5608,0.4593,0.5865,4
401802861,NHL,2025-12-14 22:00:00+00:00,Carolina Hurricanes,Philadelphia Flyers,0.6657,0.3343,0.6974,0.3501,5
401802862,NHL,2025-12-14 23:00:00+00:00,Minnesota Wild,Boston Bruins,0.5787,0.4213,0.6029,0.4388,11
401802864,NHL,2025-12-15 01:00:00+00:00,Seattle Kraken,Buffalo Sabres,0.4736,0.5264,0.4952,0.5504,11
401802865,NHL,2025-12-16 00:00:00+00:00,Tampa Bay Lightning,Florida Panthers,0.5645,0.4355,0.5902,0.4555,7
401802866,NHL,2025-12-16 00:00:00+00:00,New York Rangers,Anaheim Ducks,0.5404,0.4596,0.5642,0.4798,11
401802867,NHL,2025-12-16 00:30:00+00:00,Winnipeg Jets,Ottawa Senators,0.547,0.453,0.5704,0.4724,11
401802869,NHL,2025-12-16 01:00:00+00:00,Dallas Stars,Los Angeles Kings,0.5652,0.4348,0.5902,0.4541,11
401802870,NHL,2025-12-17 00:00:00+00:00,Boston Bruins,Utah Mammoth,0.4908,0.5092,0.5137,0.533,11
401802871,NHL,2025-12-17 00:00:00+00:00,Toronto Maple Leafs,Chicago Blackhawks,0.6705,0.3295,0.6998,0.3439,11
401802873,NHL,2025-12-17 00:00:00+00:00,Detroit Red Wings,New York Islanders,0.5434,0.4566,0.5671,0.4765,11
401802874,NHL,2025-12-17 00:00:00+00:00,New York Rangers,Vancouver Canucks,0.5591,0.4409,0.5853,0.4615,8
401802876,NHL,2025-12-17 00:00:00+00:00,Columbus Blue Jackets,Anaheim Ducks,0.5626,0.4374,0.5891,0.458,8
401802875,NHL,2025-12-17 00:30:00+00:00,Pittsburgh Penguins,Edmonton Oilers,0.4346,0.5654,0.4534,0.5899,11
401802877,NHL,2025-12-17 01:00:00+00:00,Minnesota Wild,Washington Capitals,0.5282,0.4718,0.5517,0.4928,11
401802878,NHL,2025-12-17 03:00:00+00:00,San Jose Sharks,Calgary Flames,0.4543,0.5457,0.474,0.5694,11
401802879,NHL,2025-12-17 03:00:00+00:00,Seattle Kraken,Colorado Avalanche,0.2997,0.7003,0.3131,0.7315,11
401802880,NHL,2025-12-18 00:00:00+00:00,Florida Panthers,Los Angeles Kings,0.5528,0.4472,0.5793,0.4687,8
401802881,NHL,2025-12-18 00:30:00+00:00,Detroit Red Wings,Utah Mammoth,0.5355,0.4645,0.5607,0.4864,8
401802883,NHL,2025-12-18 01:00:00+00:00,Nashville Predators,Carolina Hurricanes,0.3808,0.6192,0.397,0.6456,11
401802884,NHL,2025-12-18 03:00:00+00:00,Vegas Golden Knights,New Jersey Devils,0.6226,0.3774,0.6491,0.3935,11
401802885,NHL,2025-12-19 00:00:00+00:00,Boston Bruins,Edmonton Oilers,0.4397,0.5603,0.4589,0.5848,9
401802888,NHL,2025-12-19 00:00:00+00:00,Ottawa Senators,Pittsburgh Penguins,0.6127,0.3873,0.6384,0.4035,9
401802889,NHL,2025-12-19 00:00:00+00:00,Tampa Bay Lightning,Los Angeles Kings,0.6255,0.3745,0.6529,0.3909,6
401802890,NHL,2025-12-19 00:00:00+00:00,Washington Capitals,Toronto Maple Leafs,0.5918,0.4082,0.6192,0.4271,6
401802891,NHL,2025-12-19 00:00:00+00:00,Columbus Blue Jackets,Minnesota Wild,0.4755,0.5245,0.4962,0.5475,9
401802886,NHL,2025-12-19 00:30:00+00:00,Buffalo Sabres,Philadelphia Flyers,0.5544,0.4456,0.5782,0.4647,9
401802893,NHL,2025-12-19 02:00:00+00:00,Calgary Flames,Seattle Kraken,0.6023,0.3977,0.6283,0.4148,11
401802894,NHL,2025-12-19 03:00:00+00:00,San Jose Sharks,Dallas Stars,0.3437,0.6563,0.3583,0.6842,11
401802895,NHL,2025-12-20 00:00:00+00:00,Florida Panthers,Carolina Hurricanes,0.4707,0.5293,0.4916,0.5528,11
401802896,NHL,2025-12-20 00:00:00+00:00,New York Islanders,Vancouver Canucks,0.5626,0.4374,0.5873,0.4567,11
401802897,NHL,2025-12-20 02:00:00+00:00,Colorado Avalanche,Winnipeg Jets,0.6818,0.3182,0.7103,0.3315,10
401802898,NHL,2025-12-20 02:00:00+00:00,Utah Mammoth,New Jersey Devils,0.5536,0.4464,0.5781,0.4662,11
401802899,NHL,2025-12-20 03:00:00+00:00,Anaheim Ducks,Dallas Stars,0.4957,0.5043,0.5199,0.5289,7
401802900,NHL,2025-12-20 17:30:00+00:00,New York Rangers,Philadelphia Flyers,0.5561,0.4439,0.5828,0.4653,5
401802901,NHL,2025-12-20 17:30:00+00:00,Washington Capitals,Detroit Red Wings,0.6048,0.3952,0.63,0.4118,8
401802902,NHL,2025-12-20 20:00:00+00:00,Ottawa Senators,Chicago Blackhawks,0.6875,0.3125,0.7175,0.3262,10
401802903,NHL,2025-12-20 20:00:00+00:00,Minnesota Wild,Edmonton Oilers,0.5265,0.4735,0.5501,0.4947,10
401802904,NHL,2025-12-20 22:00:00+00:00,Buffalo Sabres,New York Islanders,0.5755,0.4245,0.6023,0.4443,8
401802906,NHL,2025-12-21 00:00:00+00:00,Boston Bruins,Vancouver Canucks,0.5902,0.4098,0.6182,0.4292,8
401802908,NHL,2025-12-21 00:00:00+00:00,Tampa Bay Lightning,Carolina Hurricanes,0.5002,0.4998,0.525,0.5246,8
401802909,NHL,2025-12-21 00:00:00+00:00,Nashville Predators,Toronto Maple Leafs,0.4718,0.5282,0.4928,0.5517,11
401802910,NHL,2025-12-21 03:00:00+00:00,Calgary Flames,Vegas Golden Knights,0.4643,0.5357,0.4837,0.5581,9
401802911,NHL,2025-12-21 03:00:00+00:00,Anaheim Ducks,Columbus Blue Jackets,0.5125,0.4875,0.5353,0.5093,9
401802912,NHL,2025-12-21 03:00:00+00:00,San Jose Sharks,Seattle Kraken,0.5099,0.4901,0.5334,0.5126,10
401802913,NHL,2025-12-21 18:00:00+00:00,Detroit Red Wings,Washington Capitals,0.4948,0.5052,0.5191,0.5301,6
401802914,NHL,2025-12-21 23:00:00+00:00,Minnesota Wild,Colorado Avalanche,0.3888,0.6112,0.4055,0.6374,9
401802915,NHL,2025-12-22 00:00:00+00:00,Boston Bruins,Ottawa Senators,0.4536,0.5464,0.4743,0.5714,7
401802916,NHL,2025-12-22 00:00:00+00:00,New Jersey Devils,Buffalo Sabres,0.5744,0.4256,0.5994,0.4442,7
401802918,NHL,2025-12-22 00:00:00+00:00,Nashville Predators,New York Rangers,0.4851,0.5149,0.5085,0.5398,7
401802919,NHL,2025-12-22 00:00:00+00:00,Dallas Stars,Toronto Maple Leafs,0.6405,0.3595,0.668,0.375,7
401802920,NHL,2025-12-22 00:00:00+00:00,Utah Mammoth,Winnipeg Jets,0.5227,0.4773,0.5456,0.4982,10
401802921,NHL,2025-12-22 01:00:00+00:00,Edmonton Oilers,Vegas Golden Knights,0.5888,0.4112,0.6157,0.43,7
401802923,NHL,2025-12-23 00:30:00+00:00,Philadelphia Flyers,Vancouver Canucks,0.5486,0.4514,0.5718,0.4704,10
401802924,NHL,2025-12-23 03:00:00+00:00,Anaheim Ducks,Seattle Kraken,0.6324,0.3676,0.6592,0.3831,11
401802925,NHL,2025-12-23 03:00:00+00:00,Los Angeles Kings,Columbus Blue Jackets,0.6184,0.3816,0.6446,0.3978,11
401802926,NHL,2025-12-23 21:00:00+00:00,Toronto Maple Leafs,Pittsburgh Penguins,0.5651,0.4349,0.588,0.4526,9
401802930,NHL,2025-12-23 23:30:00+00:00,Detroit Red Wings,Dallas Stars,0.4628,0.5372,0.4821,0.5597,9
401802927,NHL,2025-12-24 00:00:00+00:00,Washington Capitals,New York Rangers,0.6003,0.3997,0.6246,0.4159,9
401802929,NHL,2025-12-24 00:00:00+00:00,Ottawa Senators,Buffalo Sabres,0.5849,0.4151,0.6086,0.432,9
401802931,NHL,2025-12-24 00:00:00+00:00,New York Islanders,New Jersey Devils,0.48,0.52,0.5015,0.5432,9
401802932,NHL,2025-12-24 00:00:00+00:00,Carolina Hurricanes,Florida Panthers,0.5775,0.4225,0.6004,0.4392,9
401802933,NHL,2025-12-24 01:00:00+00:00,Minnesota Wild,Nashville Predators,0.6385,0.3615,0.6646,0.3763,10
401802934,NHL,2025-12-24 02:00:00+00:00,Chicago Blackhawks,Philadelphia Flyers,0.4664,0.5336,0.4875,0.5578,7
401802935,NHL,2025-12-24 02:00:00+00:00,Colorado Avalanche,Utah Mammoth,0.6973,0.3027,0.7268,0.3155,10
401802936,NHL,2025-12-24 02:00:00+00:00,Edmonton Oilers,Calgary Flames,0.6259,0.3741,0.6507,0.389,10
401802937,NHL,2025-12-24 03:00:00+00:00,Vegas Golden Knights,San Jose Sharks,0.6852,0.3148,0.7144,0.3282,9
401802938,NHL,2025-12-24 03:00:00+00:00,Los Angeles Kings,Seattle Kraken,0.6808,0.3192,0.7093,0.3325,9
401802939,NHL,2025-12-27 23:00:00+00:00,New York Islanders,New York Rangers,0.5189,0.4811,0.5427,0.5032,11
401802940,NHL,2025-12-28 00:00:00+00:00,Buffalo Sabres,Boston Bruins,0.5645,0.4355,0.5893,0.4546,11
401802941,NHL,2025-12-28 00:00:00+00:00,Toronto Maple Leafs,Ottawa Senators,0.4918,0.5082,0.5146,0.5317,11
401802942,NHL,2025-12-28 00:00:00+00:00,Florida Panthers,Tampa Bay Lightning,0.5008,0.4992,0.5245,0.5229,11
401802943,NHL,2025-12-28 00:00:00+00:00,New Jersey Devils,Washington Capitals,0.5278,0.4722,0.5514,0.4934,11
401802944,NHL,2025-12-28 00:00:00+00:00,Carolina Hurricanes,Detroit Red Wings,0.6248,0.3752,0.6502,0.3905,11
401802945,NHL,2025-12-28 00:00:00+00:00,Winnipeg Jets,Minnesota Wild,0.4895,0.5105,0.512,0.534,11
401802947,NHL,2025-12-28 01:00:00+00:00,Dallas Stars,Chicago Blackhawks,0.7473,0.2527,0.7786,0.2632,11
401802948,NHL,2025-12-28 02:00:00+00:00,Los Angeles Kings,Anaheim Ducks,0.5604,0.4396,0.5852,0.459,11
401802949,NHL,2025-12-28 03:00:00+00:00,Calgary Flames,Edmonton Oilers,0.4582,0.5418,0.4782,0.5654,11
401802950,NHL,2025-12-28 03:00:00+00:00,Vancouver Canucks,San Jose Sharks,0.5677,0.4323,0.5922,0.451,11
401802951,NHL,2025-12-28 03:00:00+00:00,Vegas Golden Knights,Colorado Avalanche,0.4334,0.5666,0.4522,0.5911,11
401802954,NHL,2025-12-28 22:00:00+00:00,Columbus Blue Jackets,New York Islanders,0.5636,0.4364,0.5894,0.4563,6
401802952,NHL,2025-12-29 00:00:00+00:00,Detroit Red Wings,Toronto Maple Leafs,0.5512,0.4488,0.5767,0.4696,7
401802955,NHL,2025-12-29 00:00:00+00:00,Chicago Blackhawks,Pittsburgh Penguins,0.411,0.589,0.4297,0.6159,7
401802956,NHL,2025-12-29 01:00:00+00:00,Seattle Kraken,Philadelphia Flyers,0.4573,0.5427,0.4766,0.5656,10
401802958,NHL,2025-12-30 00:00:00+00:00,Florida Panthers,Washington Capitals,0.55,0.45,0.5742,0.4697,11
401802959,NHL,2025-12-30 00:00:00+00:00,Carolina Hurricanes,New York Rangers,0.6147,0.3853,0.6407,0.4017,11
401802957,NHL,2025-12-30 00:30:00+00:00,Ottawa Senators,Columbus Blue Jackets,0.6518,0.3482,0.681,0.3639,7
401802960,NHL,2025-12-30 00:30:00+00:00,Winnipeg Jets,Edmonton Oilers,0.4696,0.5304,0.4903,0.5537,11
401802962,NHL,2025-12-30 02:00:00+00:00,Colorado Avalanche,Los Angeles Kings,0.6756,0.3244,0.7038,0.3379,11
401802963,NHL,2025-12-30 02:00:00+00:00,Utah Mammoth,Nashville Predators,0.5864,0.4136,0.612,0.4315,11
401802964,NHL,2025-12-30 02:00:00+00:00,Calgary Flames,Boston Bruins,0.5512,0.4488,0.5754,0.4685,11
401802965,NHL,2025-12-30 03:00:00+00:00,Vegas Golden Knights,Minnesota Wild,0.5294,0.4706,0.5528,0.4915,10
401802966,NHL,2025-12-30 03:00:00+00:00,Anaheim Ducks,San Jose Sharks,0.637,0.363,0.6635,0.3782,11
401802967,NHL,2025-12-30 03:00:00+00:00,Seattle Kraken,Vancouver Canucks,0.4787,0.5213,0.4999,0.5445,9
401802968,NHL,2025-12-31 00:00:00+00:00,Toronto Maple Leafs,New Jersey Devils,0.499,0.501,0.5237,0.5257,8
401802970,NHL,2025-12-31 00:00:00+00:00,Pittsburgh Penguins,Carolina Hurricanes,0.4686,0.5314,0.4905,0.5563,8
401802971,NHL,2025-12-31 01:30:00+00:00,Chicago Blackhawks,New York Islanders,0.4256,0.5744,0.4438,0.5988,10
401802972,NHL,2025-12-31 03:00:00+00:00,Vancouver Canucks,Philadelphia Flyers,0.4689,0.5311,0.4913,0.5566,8
401802973,NHL,2025-12-31 17:30:00+00:00,Washington Capitals,New York Rangers,0.6008,0.3992,0.6301,0.4187,4
401802974,NHL,2025-12-31 20:00:00+00:00,Vegas Golden Knights,Nashville Predators,0.6541,0.3459,0.6835,0.3614,6
401802975,NHL,2025-12-31 21:00:00+00:00,Anaheim Ducks,Tampa Bay Lightning,0.4447,0.5553,0.4633,0.5785,8
401802976,NHL,2025-12-31 21:00:00+00:00,San Jose Sharks,Minnesota Wild,0.3836,0.6164,0.3996,0.642,8
401802977,NHL,2025-12-31 23:30:00+00:00,Detroit Red Wings,Winnipeg Jets,0.5471,0.4529,0.5697,0.4715,9
401802978,NHL,2026-01-01 00:00:00+00:00,Columbus Blue Jackets,New Jersey Devils,0.51,0.49,0.533,0.5121,9
401802979,NHL,2026-01-01 01:00:00+00:00,Dallas Stars,Buffalo Sabres,0.604,0.396,0.629,0.4124,9
401802981,NHL,2026-01-01 02:30:00+00:00,Calgary Flames,Philadelphia Flyers,0.5635,0.4365,0.5893,0.4565,7
401802982,NHL,2026-01-01 02:30:00+00:00,Edmonton Oilers,Boston Bruins,0.6429,0.3571,0.6695,0.3719,10
401802983,NHL,2026-01-01 18:00:00+00:00,Ottawa Senators,Washington Capitals,0.5669,0.4331,0.5947,0.4543,6
401802984,NHL,2026-01-01 20:00:00+00:00,New York Islanders,Utah Mammoth,0.5204,0.4796,0.5435,0.5008,8
401802985,NHL,2026-01-02 00:00:00+00:00,Toronto Maple Leafs,Winnipeg Jets,0.5662,0.4338,0.5913,0.453,7
401802986,NHL,2026-01-02 00:00:00+00:00,Pittsburgh Penguins,Detroit Red Wings,0.5409,0.4591,0.565,0.4796,7
401802990,NHL,2026-01-02 00:00:00+00:00,Los Angeles Kings,Tampa Bay Lightning,0.5544,0.4456,0.58,0.4662,7
401802988,NHL,2026-01-02 01:30:00+00:00,Chicago Blackhawks,Dallas Stars,0.3792,0.6208,0.3956,0.6477,7
401802989,NHL,2026-01-02 03:00:00+00:00,Seattle Kraken,Nashville Predators,0.5096,0.4904,0.5342,0.5141,7
401802992,NHL,2026-01-03 01:00:00+00:00,Florida Panthers,New York Rangers,0.5698,0.4302,0.5936,0.4482,10
401802993,NHL,2026-01-03 03:30:00+00:00,Vancouver Canucks,Seattle Kraken,0.6347,0.3653,0.6624,0.3812,6
401802994,NHL,2026-01-03 03:30:00+00:00,Anaheim Ducks,Minnesota Wild,0.4588,0.5412,0.4787,0.5647,11
401802995,NHL,2026-01-03 17:00:00+00:00,Detroit Red Wings,Pittsburgh Penguins,0.5824,0.4176,0.6098,0.4372,4
401802996,NHL,2026-01-03 20:00:00+00:00,New Jersey Devils,Utah Mammoth,0.5436,0.4564,0.5671,0.4762,11
401802997,NHL,2026-01-03 20:00:00+00:00,Columbus Blue Jackets,Buffalo Sabres,0.5002,0.4998,0.5237,0.5233,11
401802998,NHL,2026-01-03 20:30:00+00:00,Edmonton Oilers,Philadelphia Flyers,0.6198,0.3802,0.6464,0.3965,11
401803000,NHL,2026-01-03 21:00:00+00:00,San Jose Sharks,Tampa Bay Lightning,0.3702,0.6298,0.3858,0.6564,11
401803001,NHL,2026-01-04 00:00:00+00:00,Ottawa Senators,Winnipeg Jets,0.5579,0.4421,0.5827,0.4617,11
401803002,NHL,2026-01-04 00:00:00+00:00,New York Islanders,Toronto Maple Leafs,0.5067,0.4933,0.5315,0.5174,7
401803003,NHL,2026-01-04 00:00:00+00:00,Washington Capitals,Chicago Blackhawks,0.7372,0.2628,0.7718,0.2752,7
401803004,NHL,2026-01-04 00:00:00+00:00,Carolina Hurricanes,Colorado Avalanche,0.4376,0.5624,0.4569,0.5873,11
401803005,NHL,2026-01-04 00:00:00+00:00,Calgary Flames,Nashville Predators,0.5424,0.4576,0.5659,0.4775,11
401803006,NHL,2026-01-04 02:00:00+00:00,Los Angeles Kings,Minnesota Wild,0.5567,0.4433,0.5825,0.4638,7
401803007,NHL,2026-01-04 03:00:00+00:00,Vancouver Canucks,Boston Bruins,0.4869,0.5131,0.5106,0.5381,7
401803009,NHL,2026-01-04 20:00:00+00:00,Columbus Blue Jackets,Pittsburgh Penguins,0.5457,0.4543,0.5715,0.4757,8
401803010,NHL,2026-01-04 22:00:00+00:00,Florida Panthers,Colorado Avalanche,0.4763,0.5237,0.4989,0.5485,7
401803011,NHL,2026-01-05 00:00:00+00:00,New Jersey Devils,Carolina Hurricanes,0.4803,0.5197,0.5027,0.544,7
401803012,NHL,2026-01-05 00:00:00+00:00,Chicago Blackhawks,Vegas Golden Knights,0.3011,0.6989,0.3148,0.7307,7
401803013,NHL,2026-01-06 00:00:00+00:00,New York Rangers,Utah Mammoth,0.5346,0.4654,0.5584,0.4861,11
401803014,NHL,2026-01-06 00:00:00+00:00,Washington Capitals,Anaheim Ducks,0.5714,0.4286,0.5961,0.4471,10
401803015,NHL,2026-01-06 00:30:00+00:00,Ottawa Senators,Detroit Red Wings,0.58,0.42,0.6041,0.4375,11
401803016,NHL,2026-01-06 02:30:00+00:00,Calgary Flames,Seattle Kraken,0.5898,0.4102,0.6156,0.4282,11
401803017,NHL,2026-01-06 03:30:00+00:00,Los Angeles Kings,Minnesota Wild,0.5038,0.4962,0.5275,0.5194,11
401803018,NHL,2026-01-07 00:00:00+00:00,Buffalo Sabres,Vancouver Canucks,0.6191,0.3809,0.6452,0.3969,11
401803019,NHL,2026-01-07 00:00:00+00:00,Tampa Bay Lightning,Colorado Avalanche,0.4721,0.5279,0.4931,0.5514,11
401803021,NHL,2026-01-07 00:00:00+00:00,Philadelphia Flyers,Anaheim Ducks,0.5792,0.4208,0.6052,0.4396,8
401803022,NHL,2026-01-07 00:00:00+00:00,Carolina Hurricanes,Dallas Stars,0.544,0.456,0.5676,0.4758,11
401803020,NHL,2026-01-07 00:30:00+00:00,New York Islanders,New Jersey Devils,0.4813,0.5187,0.5033,0.5425,11
401803023,NHL,2026-01-07 00:30:00+00:00,Toronto Maple Leafs,Florida Panthers,0.465,0.535,0.4853,0.5584,11
401803024,NHL,2026-01-07 01:00:00+00:00,Winnipeg Jets,Vegas Golden Knights,0.4961,0.5039,0.5194,0.5276,11
401803025,NHL,2026-01-07 02:00:00+00:00,Edmonton Oilers,Nashville Predators,0.6033,0.3967,0.6291,0.4136,11
401803026,NHL,2026-01-07 03:00:00+00:00,San Jose Sharks,Columbus Blue Jackets,0.4679,0.5321,0.4884,0.5553,11
401803027,NHL,2026-01-07 03:00:00+00:00,Seattle Kraken,Boston Bruins,0.4701,0.5299,0.4921,0.5546,6
401803028,NHL,2026-01-08 00:00:00+00:00,Washington Capitals,Dallas Stars,0.5662,0.4338,0.5931,0.4543,8
401803031,NHL,2026-01-08 02:30:00+00:00,Utah Mammoth,Ottawa Senators,0.531,0.469,0.5545,0.4897,11
401803032,NHL,2026-01-08 03:30:00+00:00,Los Angeles Kings,San Jose Sharks,0.7103,0.2897,0.7448,0.3037,7
401803033,NHL,2026-01-09 00:00:00+00:00,Boston Bruins,Calgary Flames,0.5776,0.4224,0.6024,0.4406,7
401803035,NHL,2026-01-09 00:00:00+00:00,Detroit Red Wings,Vancouver Canucks,0.596,0.404,0.6209,0.4209,10
401803036,NHL,2026-01-09 00:00:00+00:00,New York Rangers,Buffalo Sabres,0.4853,0.5147,0.5067,0.5375,10
401803037,NHL,2026-01-09 00:00:00+00:00,Philadelphia Flyers,Toronto Maple Leafs,0.5364,0.4636,0.5596,0.4837,10
401803038,NHL,2026-01-09 00:00:00+00:00,Pittsburgh Penguins,New Jersey Devils,0.5064,0.4936,0.5291,0.5158,10
401803039,NHL,2026-01-09 00:00:00+00:00,Carolina Hurricanes,Anaheim Ducks,0.6533,0.3467,0.6799,0.3608,10
401803040,NHL,2026-01-09 01:00:00+00:00,Nashville Predators,New York Islanders,0.5205,0.4795,0.5439,0.5011,10
401803041,NHL,2026-01-09 01:00:00+00:00,Winnipeg Jets,Edmonton Oilers,0.4878,0.5122,0.5114,0.5369,7
401803042,NHL,2026-01-09 02:00:00+00:00,Colorado Avalanche,Ottawa Senators,0.69,0.31,0.7218,0.3242,7
401803043,NHL,2026-01-09 03:00:00+00:00,Vegas Golden Knights,Columbus Blue Jackets,0.6208,0.3792,0.6452,0.3941,10
401803044,NHL,2026-01-09 03:00:00+00:00,Seattle Kraken,Minnesota Wild,0.4137,0.5863,0.4309,0.6106,10
401803045,NHL,2026-01-10 01:00:00+00:00,Chicago Blackhawks,Washington Capitals,0.4251,0.5749,0.4442,0.6006,6
401803046,NHL,2026-01-10 01:00:00+00:00,Winnipeg Jets,Los Angeles Kings,0.4652,0.5348,0.4866,0.5594,6
401803048,NHL,2026-01-10 18:00:00+00:00,Boston Bruins,New York Rangers,0.5344,0.4656,0.5569,0.4852,7
401803049,NHL,2026-01-10 20:30:00+00:00,Pittsburgh Penguins,Calgary Flames,0.5773,0.4227,0.601,0.44,10
401803050,NHL,2026-01-10 21:00:00+00:00,Colorado Avalanche,Columbus Blue Jackets,0.7135,0.2865,0.7448,0.299,10
401803051,NHL,2026-01-10 21:00:00+00:00,San Jose Sharks,Dallas Stars,0.3822,0.6178,0.3984,0.644,10
401803052,NHL,2026-01-11 00:00:00+00:00,Buffalo Sabres,Anaheim Ducks,0.5835,0.4165,0.6078,0.4339,11
401803053,NHL,2026-01-11 00:00:00+00:00,Toronto Maple Leafs,Vancouver Canucks,0.6048,0.3952,0.6336,0.414,8
401803055,NHL,2026-01-11 00:00:00+00:00,Ottawa Senators,Florida Panthers,0.5081,0.4919,0.5336,0.5166,8
401803056,NHL,2026-01-11 00:00:00+00:00,Philadelphia Flyers,Tampa Bay Lightning,0.4217,0.5783,0.4391,0.6021,11
401803057,NHL,2026-01-11 00:00:00+00:00,Carolina Hurricanes,Seattle Kraken,0.7103,0.2897,0.7418,0.3025,11
401803058,NHL,2026-01-11 01:00:00+00:00,Nashville Predators,Chicago Blackhawks,0.6406,0.3594,0.6707,0.3763,8
401803059,NHL,2026-01-11 01:00:00+00:00,Minnesota Wild,New York Islanders,0.612,0.388,0.6376,0.4042,11
401803060,NHL,2026-01-11 03:00:00+00:00,Edmonton Oilers,Los Angeles Kings,0.61,0.39,0.6357,0.4064,9
401803062,NHL,2026-01-11 19:00:00+00:00,Winnipeg Jets,New Jersey Devils,0.5236,0.4764,0.5481,0.4986,6
401803063,NHL,2026-01-11 22:00:00+00:00,Boston Bruins,Pittsburgh Penguins,0.4941,0.5059,0.5174,0.5298,7
401803064,NHL,2026-01-12 00:00:00+00:00,Nashville Predators,Washington Capitals,0.4358,0.5642,0.4551,0.5893,7
401803065,NHL,2026-01-12 00:00:00+00:00,Utah Mammoth,Columbus Blue Jackets,0.6163,0.3837,0.6434,0.4005,7
401803066,NHL,2026-01-12 01:00:00+00:00,San Jose Sharks,Vegas Golden Knights,0.3989,0.6011,0.4151,0.6254,10
401803067,NHL,2026-01-13 00:00:00+00:00,Buffalo Sabres,Florida Panthers,0.5056,0.4944,0.5304,0.5186,7
401803068,NHL,2026-01-13 00:00:00+00:00,Detroit Red Wings,Carolina Hurricanes,0.4265,0.5735,0.4435,0.5964,10
401803069,NHL,2026-01-13 00:00:00+00:00,New York Rangers,Seattle Kraken,0.5591,0.4409,0.5832,0.4598,10
401803070,NHL,2026-01-13 00:00:00+00:00,Philadelphia Flyers,Tampa Bay Lightning,0.421,0.579,0.4392,0.604,7
401803072,NHL,2026-01-13 01:00:00+00:00,Minnesota Wild,New Jersey Devils,0.6178,0.3822,0.6433,0.3979,10
401803073,NHL,2026-01-13 01:30:00+00:00,Chicago Blackhawks,Edmonton Oilers,0.3961,0.6039,0.4121,0.6282,10
401803074,NHL,2026-01-13 03:00:00+00:00,Colorado Avalanche,Toronto Maple Leafs,0.687,0.313,0.7167,0.3266,11
401803075,NHL,2026-01-13 03:00:00+00:00,Los Angeles Kings,Dallas Stars,0.4795,0.5205,0.5014,0.5442,10
401803076,NHL,2026-01-14 00:00:00+00:00,Ottawa Senators,Vancouver Canucks,0.666,0.334,0.6959,0.349,7
401803077,NHL,2026-01-14 00:00:00+00:00,Pittsburgh Penguins,Tampa Bay Lightning,0.464,0.536,0.4848,0.5601,7
401803079,NHL,2026-01-14 00:00:00+00:00,Columbus Blue Jackets,Calgary Flames,0.5609,0.4391,0.5846,0.4576,10
401803080,NHL,2026-01-14 00:30:00+00:00,Boston Bruins,Detroit Red Wings,0.5295,0.4705,0.5539,0.4922,7
401803082,NHL,2026-01-14 01:00:00+00:00,Nashville Predators,Edmonton Oilers,0.4914,0.5086,0.5151,0.5332,7
401803083,NHL,2026-01-14 01:00:00+00:00,Winnipeg Jets,New York Islanders,0.5534,0.4466,0.5771,0.4656,10
401803084,NHL,2026-01-14 03:00:00+00:00,Utah Mammoth,Toronto Maple Leafs,0.5751,0.4249,0.5979,0.4417,10
401803085,NHL,2026-01-14 03:00:00+00:00,Anaheim Ducks,Dallas Stars,0.4893,0.5107,0.5119,0.5343,10
401803086,NHL,2026-01-15 00:00:00+00:00,New Jersey Devils,Seattle Kraken,0.5893,0.4107,0.6151,0.4287,11
401803087,NHL,2026-01-15 00:30:00+00:00,Buffalo Sabres,Philadelphia Flyers,0.5773,0.4227,0.6015,0.4404,11
401803088,NHL,2026-01-15 00:30:00+00:00,New York Rangers,Ottawa Senators,0.5139,0.4861,0.5395,0.5103,8
401803089,NHL,2026-01-15 03:00:00+00:00,Los Angeles Kings,Vegas Golden Knights,0.4995,0.5005,0.5222,0.5233,10
401803092,NHL,2026-01-16 00:00:00+00:00,Pittsburgh Penguins,Philadelphia Flyers,0.5752,0.4248,0.5999,0.443,7
401803093,NHL,2026-01-16 00:00:00+00:00,Washington Capitals,San Jose Sharks,0.6367,0.3633,0.6628,0.3782,9
401803094,NHL,2026-01-16 00:00:00+00:00,Columbus Blue Jackets,Vancouver Canucks,0.6082,0.3918,0.6334,0.408,9
401803090,NHL,2026-01-16 01:00:00+00:00,Boston Bruins,Seattle Kraken,0.603,0.397,0.6302,0.4148,7
401803095,NHL,2026-01-16 01:00:00+00:00,Minnesota Wild,Winnipeg Jets,0.5915,0.4085,0.617,0.4262,9
401803096,NHL,2026-01-16 01:30:00+00:00,Chicago Blackhawks,Calgary Flames,0.5055,0.4945,0.5282,0.5167,9
401803097,NHL,2026-01-16 02:00:00+00:00,Utah Mammoth,Dallas Stars,0.4991,0.5009,0.522,0.5238,10
401803098,NHL,2026-01-16 02:00:00+00:00,Edmonton Oilers,New York Islanders,0.6166,0.3834,0.6416,0.399,10
401803099,NHL,2026-01-16 02:30:00+00:00,Vegas Golden Knights,Toronto Maple Leafs,0.5552,0.4448,0.581,0.4655,7
401803100,NHL,2026-01-17 00:00:00+00:00,Detroit Red Wings,San Jose Sharks,0.6746,0.3254,0.7042,0.3397,7
401803101,NHL,2026-01-17 00:00:00+00:00,Carolina Hurricanes,Florida Panthers,0.5964,0.4036,0.6223,0.4212,7
401803103,NHL,2026-01-17 02:00:00+00:00,Colorado Avalanche,Nashville Predators,0.7252,0.2748,0.7559,0.2865,10
401803104,NHL,2026-01-17 03:30:00+00:00,Los Angeles Kings,Anaheim Ducks,0.5952,0.4048,0.6209,0.4224,11
401803105,NHL,2026-01-17 17:30:00+00:00,Buffalo Sabres,Minnesota Wild,0.4982,0.5018,0.5227,0.5263,3
401803106,NHL,2026-01-17 18:00:00+00:00,Philadelphia Flyers,New York Rangers,0.5598,0.4402,0.5872,0.4618,3
401803107,NHL,2026-01-17 20:00:00+00:00,Calgary Flames,New York Islanders,0.496,0.504,0.5183,0.5267,7
401803108,NHL,2026-01-17 22:00:00+00:00,Utah Mammoth,Seattle Kraken,0.6134,0.3866,0.6387,0.4026,7
401803110,NHL,2026-01-18 00:00:00+00:00,New Jersey Devils,Carolina Hurricanes,0.4899,0.5101,0.514,0.5352,7
401803111,NHL,2026-01-18 00:00:00+00:00,Pittsburgh Penguins,Columbus Blue Jackets,0.5474,0.4526,0.5712,0.4722,10
401803112,NHL,2026-01-18 00:00:00+00:00,Washington Capitals,Florida Panthers,0.555,0.445,0.5805,0.4655,7
401803113,NHL,2026-01-18 00:00:00+00:00,Winnipeg Jets,Toronto Maple Leafs,0.5385,0.4615,0.5622,0.4817,10
401803114,NHL,2026-01-18 01:00:00+00:00,Chicago Blackhawks,Boston Bruins,0.4766,0.5234,0.4981,0.5471,10
401803115,NHL,2026-01-18 03:00:00+00:00,Vancouver Canucks,Edmonton Oilers,0.3785,0.6215,0.3941,0.6471,11
401803116,NHL,2026-01-18 03:00:00+00:00,Vegas Golden Knights,Nashville Predators,0.6806,0.3194,0.7114,0.3339,7
401803117,NHL,2026-01-18 03:00:00+00:00,Anaheim Ducks,Los Angeles Kings,0.4953,0.5047,0.5194,0.5292,7
401803118,NHL,2026-01-18 19:00:00+00:00,Dallas Stars,Tampa Bay Lightning,0.5054,0.4946,0.5278,0.5166,8
401803119,NHL,2026-01-18 22:00:00+00:00,Detroit Red Wings,Ottawa Senators,0.5626,0.4374,0.5881,0.4572,7
401803121,NHL,2026-01-19 18:30:00+00:00,Carolina Hurricanes,Buffalo Sabres,0.6433,0.3567,0.6723,0.3728,4
401803122,NHL,2026-01-19 21:00:00+00:00,Colorado Avalanche,Washington Capitals,0.647,0.353,0.6739,0.3676,10
401803123,NHL,2026-01-19 22:00:00+00:00,Seattle Kraken,Pittsburgh Penguins,0.479,0.521,0.5003,0.5442,10
401803124,NHL,2026-01-19 23:00:00+00:00,Florida Panthers,San Jose Sharks,0.6344,0.3656,0.6598,0.3802,10
401803125,NHL,2026-01-20 00:30:00+00:00,Toronto Maple Leafs,Minnesota Wild,0.5293,0.4707,0.552,0.4908,10
401803126,NHL,2026-01-20 01:00:00+00:00,Vegas Golden Knights,Philadelphia Flyers,0.648,0.352,0.6753,0.3669,11
401803127,NHL,2026-01-20 01:30:00+00:00,Chicago Blackhawks,Winnipeg Jets,0.4423,0.5577,0.4619,0.5824,11
401803128,NHL,2026-01-20 02:00:00+00:00,Calgary Flames,New Jersey Devils,0.4666,0.5334,0.4874,0.5573,11
401803129,NHL,2026-01-20 03:00:00+00:00,Vancouver Canucks,New York Islanders,0.4335,0.5665,0.4521,0.5908,11
401803130,NHL,2026-01-20 03:00:00+00:00,Anaheim Ducks,New York Rangers,0.56,0.44,0.5845,0.4593,11
401803132,NHL,2026-01-21 00:00:00+00:00,Tampa Bay Lightning,San Jose Sharks,0.7155,0.2845,0.7479,0.2974,7
401803133,NHL,2026-01-21 00:00:00+00:00,Columbus Blue Jackets,Ottawa Senators,0.5003,0.4997,0.5228,0.5222,10
401803134,NHL,2026-01-21 00:30:00+00:00,Dallas Stars,Boston Bruins,0.6095,0.3905,0.6342,0.4064,10
401803135,NHL,2026-01-21 01:00:00+00:00,Nashville Predators,Buffalo Sabres,0.5511,0.4489,0.5757,0.4689,7
401803137,NHL,2026-01-21 03:00:00+00:00,Edmonton Oilers,New Jersey Devils,0.5923,0.4077,0.6169,0.4247,10
401803138,NHL,2026-01-21 03:00:00+00:00,Los Angeles Kings,New York Rangers,0.6203,0.3797,0.6448,0.3947,10
401803139,NHL,2026-01-22 00:00:00+00:00,Toronto Maple Leafs,Detroit Red Wings,0.5177,0.4823,0.5409,0.5039,10
401803140,NHL,2026-01-22 02:00:00+00:00,Colorado Avalanche,Anaheim Ducks,0.714,0.286,0.7439,0.2979,9
401803141,NHL,2026-01-22 02:00:00+00:00,Utah Mammoth,Philadelphia Flyers,0.6052,0.3948,0.6295,0.4106,9
401803142,NHL,2026-01-22 02:30:00+00:00,Calgary Flames,Pittsburgh Penguins,0.477,0.523,0.4986,0.5467,11
401803144,NHL,2026-01-22 02:30:00+00:00,Seattle Kraken,New York Islanders,0.4819,0.5181,0.5042,0.5422,11
401803143,NHL,2026-01-22 03:00:00+00:00,Vancouver Canucks,Washington Capitals,0.4176,0.5824,0.4355,0.6073,10
401803145,NHL,2026-01-23 00:00:00+00:00,Boston Bruins,Vegas Golden Knights,0.447,0.553,0.466,0.5765,10
401803147,NHL,2026-01-23 00:00:00+00:00,Carolina Hurricanes,Chicago Blackhawks,0.7211,0.2789,0.7508,0.2904,10
401803148,NHL,2026-01-23 00:00:00+00:00,Columbus Blue Jackets,Dallas Stars,0.4729,0.5271,0.4949,0.5517,7
401803149,NHL,2026-01-23 01:00:00+00:00,Nashville Predators,Ottawa Senators,0.4952,0.5048,0.5174,0.5275,10
401803150,NHL,2026-01-23 01:00:00+00:00,Winnipeg Jets,Florida Panthers,0.4959,0.5041,0.5187,0.5272,10
401803151,NHL,2026-01-23 02:00:00+00:00,Edmonton Oilers,Pittsburgh Penguins,0.6301,0.3699,0.658,0.3863,7
401803152,NHL,2026-01-23 02:30:00+00:00,Minnesota Wild,Detroit Red Wings,0.5947,0.4053,0.6223,0.4241,7
401803153,NHL,2026-01-24 00:00:00+00:00,Toronto Maple Leafs,Vegas Golden Knights,0.4923,0.5077,0.5163,0.5325,7
401803154,NHL,2026-01-24 00:00:00+00:00,Chicago Blackhawks,Tampa Bay Lightning,0.3165,0.6835,0.3315,0.7159,7
401803156,NHL,2026-01-24 02:00:00+00:00,Colorado Avalanche,Philadelphia Flyers,0.7213,0.2787,0.7506,0.29,9
401803157,NHL,2026-01-24 02:00:00+00:00,Calgary Flames,Washington Capitals,0.4348,0.5652,0.4528,0.5887,9
401809940,NBA,2025-10-23 01:00:00+00:00,Utah Jazz,LA Clippers,0.2189,0.7811,0.2283,0.8144,10
401809954,NBA,2025-10-25 02:30:00+00:00,LA Clippers,Phoenix Suns,0.7867,0.2133,0.8211,0.2226,10
401809967,NBA,2025-10-27 01:00:00+00:00,LA Clippers,Portland Trail Blazers,0.728,0.272,0.7617,0.2846,7
401809982,NBA,2025-10-29 03:00:00+00:00,Golden State Warriors,LA Clippers,0.5206,0.4794,0.5446,0.5015,6
401809509,NBA,2025-11-01 02:30:00+00:00,LA Clippers,New Orleans Pelicans,0.8005,0.1995,0.8365,0.2085,9
401810025,NBA,2025-11-05 04:00:00+00:00,LA Clippers,Oklahoma City Thunder,0.3561,0.6439,0.3712,0.6712,5
401810037,NBA,2025-11-07 02:00:00+00:00,Phoenix Suns,LA Clippers,0.5436,0.4564,0.5658,0.4751,4
401810079,NBA,2025-11-13 03:30:00+00:00,LA Clippers,Denver Nuggets,0.4511,0.5489,0.4713,0.5735,5
401809788,NBA,2025-11-15 01:30:00+00:00,Dallas Mavericks,LA Clippers,0.395,0.605,0.4126,0.632,4
401810098,NBA,2025-11-18 00:00:00+00:00,Philadelphia 76ers,LA Clippers,0.6303,0.3697,0.6557,0.3846,2
401810119,NBA,2025-11-21 00:00:00+00:00,Orlando Magic,LA Clippers,0.6225,0.3775,0.6494,0.3937,1
401809801,NBA,2025-11-26 04:00:00+00:00,Los Angeles Lakers,LA Clippers,0.6708,0.3292,0.7004,0.3437,9
401809821,NBA,2025-11-29 03:00:00+00:00,LA Clippers,Memphis Grizzlies,0.6915,0.3085,0.7216,0.322,10
401836746,NBA,2025-12-12 01:00:00+00:00,Houston Rockets,LA Clippers,0.7663,0.2337,0.8,0.244,10
401836807,NBA,2025-12-16 03:30:00+00:00,LA Clippers,Memphis Grizzlies,0.5744,0.4256,0.5993,0.4441,8
401810224,NBA,2025-12-19 01:00:00+00:00,Oklahoma City Thunder,LA Clippers,0.8976,0.1024,0.9381,0.107,5
401810250,NBA,2025-12-21 03:30:00+00:00,LA Clippers,Los Angeles Lakers,0.408,0.592,0.426,0.6181,5
401810277,NBA,2025-12-24 03:30:00+00:00,LA Clippers,Houston Rockets,0.2922,0.7078,0.3054,0.7397,5
401810286,NBA,2025-12-27 03:00:00+00:00,Portland Trail Blazers,LA Clippers,0.4608,0.5392,0.4814,0.5634,4
401810300,NBA,2025-12-29 02:00:00+00:00,LA Clippers,Detroit Pistons,0.4128,0.5872,0.4319,0.6143,5
401810316,NBA,2025-12-31 04:00:00+00:00,LA Clippers,Sacramento Kings,0.7725,0.2275,0.8071,0.2377,10
401810330,NBA,2026-01-02 03:30:00+00:00,LA Clippers,Utah Jazz,0.8149,0.1851,0.8511,0.1933,10
401810348,NBA,2026-01-04 03:30:00+00:00,LA Clippers,Boston Celtics,0.4955,0.5045,0.5193,0.5288,5
401810363,NBA,2026-01-06 03:00:00+00:00,LA Clippers,Golden State Warriors,0.5211,0.4789,0.5451,0.5009,9
401810377,NBA,2026-01-08 00:30:00+00:00,New York Knicks,LA Clippers,0.6627,0.3373,0.6897,0.351,2
401810390,NBA,2026-01-10 00:30:00+00:00,Brooklyn Nets,LA Clippers,0.4372,0.5628,0.457,0.5883,5
401810418,NBA,2026-01-13 03:30:00+00:00,LA Clippers,Charlotte Hornets,0.6301,0.3699,0.656,0.3851,9
401810432,NBA,2026-01-15 03:30:00+00:00,LA Clippers,Washington Wizards,0.822,0.178,0.8577,0.1857,5
401810445,NBA,2026-01-17 00:30:00+00:00,Toronto Raptors,LA Clippers,0.4705,0.5295,0.4919,0.5536,3
401810469,NBA,2026-01-21 01:00:00+00:00,Chicago Bulls,LA Clippers,0.5199,0.4801,0.5436,0.5021,4
401810488,NBA,2026-01-23 03:00:00+00:00,LA Clippers,Los Angeles Lakers,0.5082,0.4918,0.5312,0.5141,3
401810511,NBA,2026-01-26 02:00:00+00:00,LA Clippers,Brooklyn Nets,0.767,0.233,0.8014,0.2434,5
401810525,NBA,2026-01-28 03:00:00+00:00,Utah Jazz,LA Clippers,0.2306,0.7694,0.2412,0.8048,7
401810564,NBA,2026-02-02 01:00:00+00:00,Phoenix Suns,LA Clippers,0.5085,0.4915,0.5315,0.5137,4
401810570,NBA,2026-02-03 03:00:00+00:00,LA Clippers,Philadelphia 76ers,0.562,0.438,0.5869,0.4575,5
401810587,NBA,2026-02-05 03:30:00+00:00,LA Clippers,Cleveland Cavaliers,0.4755,0.5245,0.4967,0.548,6
401810601,NBA,2026-02-07 03:00:00+00:00,Sacramento Kings,LA Clippers,0.3973,0.6027,0.415,0.6296,6
401810656,NBA,2026-02-20 03:30:00+00:00,LA Clippers,Denver Nuggets,0.3817,0.6183,0.3969,0.6429,9
401810664,NBA,2026-02-21 03:15:00+00:00,Los Angeles Lakers,LA Clippers,0.6875,0.3125,0.7185,0.3266,5
401810682,NBA,2026-02-23 02:00:00+00:00,LA Clippers,Orlando Magic,0.6064,0.3936,0.632,0.4103,4
401810712,NBA,2026-02-27 03:00:00+00:00,LA Clippers,Minnesota Timberwolves,0.3752,0.6248,0.3918,0.6524,6
401810732,NBA,2026-03-02 02:00:00+00:00,LA Clippers,New Orleans Pelicans,0.6858,0.3142,0.7156,0.3279,4
401810737,NBA,2026-03-03 03:00:00+00:00,Golden State Warriors,LA Clippers,0.4982,0.5018,0.5218,0.5256,3
401810768,NBA,2026-03-07 02:30:00+00:00,San Antonio Spurs,LA Clippers,0.7258,0.2742,0.7586,0.2866,6
401810773,NBA,2026-03-08 01:00:00+00:00,Memphis Grizzlies,LA Clippers,0.2827,0.7173,0.2941,0.7463,1
401810790,NBA,2026-03-10 02:00:00+00:00,LA Clippers,New York Knicks,0.4361,0.5639,0.4558,0.5894,7
401810807,NBA,2026-03-12 02:30:00+00:00,LA Clippers,Minnesota Timberwolves,0.5152,0.4848,0.5395,0.5077,5
401810823,NBA,2026-03-14 02:30:00+00:00,LA Clippers,Chicago Bulls,0.7987,0.2013,0.8264,0.2083,1
401810860,NBA,2026-03-19 00:00:00+00:00,New Orleans Pelicans,LA Clippers,0.5286,0.4714,0.5525,0.4927,4
401810884,NBA,2026-03-22 00:30:00+00:00,Dallas Mavericks,LA Clippers,0.288,0.712,0.3008,0.7435,2
401810901,NBA,2026-03-24 02:30:00+00:00,LA Clippers,Milwaukee Bucks,0.8485,0.1515,0.886,0.1582,8
401810959,NBA,2026-04-01 03:00:00+00:00,LA Clippers,Portland Trail Blazers,0.6342,0.3658,0.6612,0.3814,8
401810974,NBA,2026-04-03 02:30:00+00:00,LA Clippers,San Antonio Spurs,0.3901,0.6099,0.4073,0.6369,2
401810996,NBA,2026-04-06 01:00:00+00:00,Sacramento Kings,LA Clippers,0.1732,0.8268,0.1811,0.8646,6
401811011,NBA,2026-04-08 02:30:00+00:00,LA Clippers,Dallas Mavericks,0.8099,0.1901,0.8476,0.1989,6
401811038,NBA,2026-04-11 02:00:00+00:00,Portland Trail Blazers,LA Clippers,0.532,0.468,0.5546,0.4879,3
401811054,NBA,2026-04-13 00:30:00+00:00,LA Clippers,Golden State Warriors,0.6818,0.3182,0.7139,0.3332,6
401866756,NBA,2026-04-16 02:00:00+00:00,LA Clippers,Golden State Warriors,0.6549,0.3451,0.6824,0.3596,9
401802355,NHL,2025-10-08 23:00:00+00:00,Toronto Maple Leafs,Montreal Canadiens,0.5971,0.4029,0.6229,0.4203,11
401802361,NHL,2025-10-09 23:00:00+00:00,Detroit Red Wings,Montreal Canadiens,0.5438,0.4562,0.5668,0.4755,9
401802366,NHL,2025-10-10 00:00:00+00:00,St. Louis Blues,Minnesota Wild,0.5298,0.4702,0.5535,0.4912,10
401802374,NHL,2025-10-11 20:00:00+00:00,Calgary Flames,St. Louis Blues,0.4768,0.5232,0.4983,0.5468,9
401802382,NHL,2025-10-11 23:00:00+00:00,Chicago Blackhawks,Montreal Canadiens,0.4318,0.5682,0.4503,0.5926,10
401802397,NHL,2025-10-13 23:30:00+00:00,Vancouver Canucks,St. Louis Blues,0.5473,0.4527,0.571,0.4723,11
401802401,NHL,2025-10-14 23:00:00+00:00,Montreal Canadiens,Seattle Kraken,0.5895,0.4105,0.6137,0.4273,11
401802410,NHL,2025-10-16 01:30:00+00:00,St. Louis Blues,Chicago Blackhawks,0.6686,0.3314,0.6976,0.3457,11
401802413,NHL,2025-10-16 23:00:00+00:00,Montreal Canadiens,Nashville Predators,0.5907,0.4093,0.616,0.4268,11
401802431,NHL,2025-10-18 23:00:00+00:00,Montreal Canadiens,New York Rangers,0.5115,0.4885,0.5351,0.5112,10
401802434,NHL,2025-10-18 23:00:00+00:00,St. Louis Blues,Dallas Stars,0.4518,0.5482,0.4718,0.5725,10
401802446,NHL,2025-10-20 23:30:00+00:00,Montreal Canadiens,Buffalo Sabres,0.571,0.429,0.5951,0.4471,11
401802455,NHL,2025-10-22 00:00:00+00:00,St. Louis Blues,Los Angeles Kings,0.5436,0.4564,0.567,0.476,10
401802461,NHL,2025-10-23 00:30:00+00:00,Calgary Flames,Montreal Canadiens,0.4648,0.5352,0.4857,0.5593,11
401802468,NHL,2025-10-24 00:00:00+00:00,St. Louis Blues,Utah Mammoth,0.523,0.477,0.5468,0.4987,10
401802473,NHL,2025-10-24 01:00:00+00:00,Edmonton Oilers,Montreal Canadiens,0.6721,0.3279,0.7043,0.3437,7
401802484,NHL,2025-10-25 23:00:00+00:00,Detroit Red Wings,St. Louis Blues,0.5075,0.4925,0.5312,0.5155,10
401802487,NHL,2025-10-25 23:00:00+00:00,Vancouver Canucks,Montreal Canadiens,0.5118,0.4882,0.5356,0.5108,10
401802499,NHL,2025-10-27 23:00:00+00:00,Pittsburgh Penguins,St. Louis Blues,0.4802,0.5198,0.5024,0.5438,10
401802509,NHL,2025-10-29 00:15:00+00:00,St. Louis Blues,Detroit Red Wings,0.5165,0.4835,0.5418,0.5071,8
401802515,NHL,2025-10-29 02:30:00+00:00,Seattle Kraken,Montreal Canadiens,0.4657,0.5343,0.4868,0.5584,11
401802523,NHL,2025-10-31 00:00:00+00:00,St. Louis Blues,Vancouver Canucks,0.569,0.431,0.5931,0.4493,11
401802538,NHL,2025-11-01 23:00:00+00:00,Montreal Canadiens,Ottawa Senators,0.5392,0.4608,0.5632,0.4813,10
401802540,NHL,2025-11-01 23:00:00+00:00,Columbus Blue Jackets,St. Louis Blues,0.5448,0.4552,0.5692,0.4756,10
401802551,NHL,2025-11-04 01:30:00+00:00,St. Louis Blues,Edmonton Oilers,0.4337,0.5663,0.4526,0.5909,11
401802555,NHL,2025-11-05 00:00:00+00:00,Montreal Canadiens,Philadelphia Flyers,0.5914,0.4086,0.617,0.4262,11
401802565,NHL,2025-11-06 00:30:00+00:00,Washington Capitals,St. Louis Blues,0.5849,0.4151,0.6096,0.4326,11
401802570,NHL,2025-11-07 00:00:00+00:00,Buffalo Sabres,St. Louis Blues,0.5478,0.4522,0.5742,0.474,7
401802571,NHL,2025-11-07 00:00:00+00:00,New Jersey Devils,Montreal Canadiens,0.5903,0.4097,0.6158,0.4274,11
401802586,NHL,2025-11-09 00:00:00+00:00,Montreal Canadiens,Utah Mammoth,0.5143,0.4857,0.5382,0.5083,9
401802590,NHL,2025-11-09 00:00:00+00:00,St. Louis Blues,Seattle Kraken,0.5895,0.4105,0.6152,0.4285,9
401802608,NHL,2025-11-12 00:00:00+00:00,Montreal Canadiens,Los Angeles Kings,0.5182,0.4818,0.542,0.504,11
401802611,NHL,2025-11-12 01:00:00+00:00,St. Louis Blues,Calgary Flames,0.5767,0.4233,0.6012,0.4413,11
401802621,NHL,2025-11-14 00:00:00+00:00,Montreal Canadiens,Dallas Stars,0.4881,0.5119,0.5108,0.5357,11
401802632,NHL,2025-11-15 01:00:00+00:00,St. Louis Blues,Philadelphia Flyers,0.5595,0.4405,0.5839,0.4597,11
401802636,NHL,2025-11-16 00:00:00+00:00,Montreal Canadiens,Boston Bruins,0.5975,0.4025,0.6236,0.4201,9
401802643,NHL,2025-11-16 01:00:00+00:00,St. Louis Blues,Vegas Golden Knights,0.4345,0.5655,0.4547,0.5918,7
401802656,NHL,2025-11-18 00:30:00+00:00,Columbus Blue Jackets,Montreal Canadiens,0.5337,0.4663,0.5574,0.487,11
401802658,NHL,2025-11-19 00:00:00+00:00,Toronto Maple Leafs,St. Louis Blues,0.547,0.453,0.5707,0.4726,11
401802671,NHL,2025-11-21 00:00:00+00:00,Montreal Canadiens,Washington Capitals,0.5361,0.4639,0.5621,0.4864,7
401802675,NHL,2025-11-21 00:00:00+00:00,Philadelphia Flyers,St. Louis Blues,0.533,0.467,0.5568,0.4878,11
401802687,NHL,2025-11-22 20:30:00+00:00,New York Islanders,St. Louis Blues,0.5432,0.4568,0.5673,0.4771,9
401802688,NHL,2025-11-23 00:00:00+00:00,Montreal Canadiens,Toronto Maple Leafs,0.5575,0.4425,0.5841,0.4636,8
401802706,NHL,2025-11-25 00:00:00+00:00,New York Rangers,St. Louis Blues,0.5624,0.4376,0.5877,0.4573,11
401802715,NHL,2025-11-27 00:00:00+00:00,New Jersey Devils,St. Louis Blues,0.5722,0.4278,0.5966,0.4462,11
401802723,NHL,2025-11-27 02:30:00+00:00,Utah Mammoth,Montreal Canadiens,0.5614,0.4386,0.5861,0.4579,11
401802733,NHL,2025-11-28 21:00:00+00:00,St. Louis Blues,Ottawa Senators,0.4981,0.5019,0.5213,0.5253,10
401802734,NHL,2025-11-28 21:00:00+00:00,Vegas Golden Knights,Montreal Canadiens,0.6251,0.3749,0.6512,0.3906,10
401802743,NHL,2025-11-29 20:00:00+00:00,Colorado Avalanche,Montreal Canadiens,0.6685,0.3315,0.6996,0.3469,6
401802749,NHL,2025-11-30 01:00:00+00:00,St. Louis Blues,Utah Mammoth,0.5241,0.4759,0.5489,0.4985,8
401802760,NHL,2025-12-02 01:00:00+00:00,St. Louis Blues,Anaheim Ducks,0.582,0.418,0.6076,0.4364,10
401802762,NHL,2025-12-03 00:00:00+00:00,Montreal Canadiens,Ottawa Senators,0.4999,0.5001,0.5234,0.5237,10
401802773,NHL,2025-12-04 00:30:00+00:00,Montreal Canadiens,Winnipeg Jets,0.4978,0.5022,0.5229,0.5274,8
401802777,NHL,2025-12-05 00:00:00+00:00,Boston Bruins,St. Louis Blues,0.4533,0.5467,0.4744,0.5722,8
401802795,NHL,2025-12-07 00:00:00+00:00,Toronto Maple Leafs,Montreal Canadiens,0.5461,0.4539,0.5699,0.4736,10
401802796,NHL,2025-12-07 00:00:00+00:00,Ottawa Senators,St. Louis Blues,0.5822,0.4178,0.6077,0.4361,10
401802808,NHL,2025-12-08 00:00:00+00:00,Montreal Canadiens,St. Louis Blues,0.5521,0.4479,0.5773,0.4683,7
401802817,NHL,2025-12-10 00:00:00+00:00,Montreal Canadiens,Tampa Bay Lightning,0.5283,0.4717,0.5534,0.4942,8
401802823,NHL,2025-12-10 01:00:00+00:00,St. Louis Blues,Boston Bruins,0.5776,0.4224,0.604,0.4417,8
401802835,NHL,2025-12-12 00:30:00+00:00,Pittsburgh Penguins,Montreal Canadiens,0.5271,0.4729,0.5499,0.4934,10
401802838,NHL,2025-12-12 01:00:00+00:00,Nashville Predators,St. Louis Blues,0.5106,0.4894,0.5334,0.5112,10
401802844,NHL,2025-12-13 01:00:00+00:00,St. Louis Blues,Chicago Blackhawks,0.5742,0.4258,0.6003,0.4452,8
401802851,NHL,2025-12-14 00:00:00+00:00,New York Rangers,Montreal Canadiens,0.5616,0.4384,0.586,0.4574,9
401802863,NHL,2025-12-15 00:00:00+00:00,Montreal Canadiens,Edmonton Oilers,0.4653,0.5347,0.4861,0.5587,7
401802868,NHL,2025-12-16 01:00:00+00:00,St. Louis Blues,Nashville Predators,0.5319,0.4681,0.5554,0.4887,11
401802872,NHL,2025-12-17 00:00:00+00:00,Montreal Canadiens,Philadelphia Flyers,0.5577,0.4423,0.5827,0.4621,11
401802882,NHL,2025-12-18 01:00:00+00:00,St. Louis Blues,Winnipeg Jets,0.4267,0.5733,0.4444,0.5972,11
401802887,NHL,2025-12-19 00:00:00+00:00,Montreal Canadiens,Chicago Blackhawks,0.6268,0.3732,0.6522,0.3882,9
401802892,NHL,2025-12-19 01:00:00+00:00,St. Louis Blues,New York Rangers,0.4386,0.5614,0.4592,0.5877,6
401802905,NHL,2025-12-20 23:00:00+00:00,Florida Panthers,St. Louis Blues,0.6152,0.3848,0.6431,0.4023,8
401802907,NHL,2025-12-21 00:00:00+00:00,Montreal Canadiens,Pittsburgh Penguins,0.5659,0.4341,0.5905,0.453,11
401802917,NHL,2025-12-22 00:00:00+00:00,Pittsburgh Penguins,Montreal Canadiens,0.5107,0.4893,0.5357,0.5133,7
401802922,NHL,2025-12-23 00:00:00+00:00,Tampa Bay Lightning,St. Louis Blues,0.6727,0.3273,0.7003,0.3408,10
401802928,NHL,2025-12-24 00:00:00+00:00,Boston Bruins,Montreal Canadiens,0.5208,0.4792,0.5442,0.5006,9
401802946,NHL,2025-12-28 01:00:00+00:00,St. Louis Blues,Nashville Predators,0.5133,0.4867,0.5375,0.5096,11
401802953,NHL,2025-12-28 22:00:00+00:00,Tampa Bay Lightning,Montreal Canadiens,0.5837,0.4163,0.6105,0.4355,6
401802961,NHL,2025-12-30 01:00:00+00:00,St. Louis Blues,Buffalo Sabres,0.4907,0.5093,0.5132,0.5327,11
401802969,NHL,2025-12-31 00:00:00+00:00,Florida Panthers,Montreal Canadiens,0.5673,0.4327,0.5939,0.4531,8
401802980,NHL,2026-01-01 02:00:00+00:00,Colorado Avalanche,St. Louis Blues,0.7437,0.2563,0.7746,0.267,9
401802987,NHL,2026-01-02 00:00:00+00:00,Carolina Hurricanes,Montreal Canadiens,0.6388,0.3612,0.6641,0.3756,10
401802991,NHL,2026-01-02 20:00:00+00:00,St. Louis Blues,Vegas Golden Knights,0.4253,0.5747,0.444,0.5999,7
401802999,NHL,2026-01-03 21:00:00+00:00,St. Louis Blues,Montreal Canadiens,0.4664,0.5336,0.4878,0.5581,7
401803008,NHL,2026-01-04 19:00:00+00:00,Dallas Stars,Montreal Canadiens,0.6583,0.3417,0.6909,0.3585,8
401803029,NHL,2026-01-08 00:30:00+00:00,Montreal Canadiens,Calgary Flames,0.5828,0.4172,0.6071,0.4346,11
401803030,NHL,2026-01-08 02:30:00+00:00,Chicago Blackhawks,St. Louis Blues,0.4743,0.5257,0.4956,0.5493,11
401803034,NHL,2026-01-09 00:00:00+00:00,Montreal Canadiens,Florida Panthers,0.4408,0.5592,0.461,0.5849,7
401803047,NHL,2026-01-10 02:00:00+00:00,Utah Mammoth,St. Louis Blues,0.6074,0.3926,0.6322,0.4085,10
401803054,NHL,2026-01-11 00:00:00+00:00,Montreal Canadiens,Detroit Red Wings,0.5604,0.4396,0.5854,0.4592,11
401803061,NHL,2026-01-11 03:00:00+00:00,Vegas Golden Knights,St. Louis Blues,0.6897,0.3103,0.7195,0.3237,9
401803071,NHL,2026-01-13 00:30:00+00:00,Montreal Canadiens,Vancouver Canucks,0.6207,0.3793,0.6461,0.3949,10
401803078,NHL,2026-01-14 00:00:00+00:00,Washington Capitals,Montreal Canadiens,0.6133,0.3867,0.6411,0.4043,7
401803081,NHL,2026-01-14 00:30:00+00:00,St. Louis Blues,Carolina Hurricanes,0.4189,0.5811,0.4373,0.6066,7
401803091,NHL,2026-01-16 00:00:00+00:00,Buffalo Sabres,Montreal Canadiens,0.5137,0.4863,0.5383,0.5097,7
401803102,NHL,2026-01-17 01:00:00+00:00,St. Louis Blues,Tampa Bay Lightning,0.379,0.621,0.3945,0.6465,10
401803109,NHL,2026-01-18 00:00:00+00:00,Ottawa Senators,Montreal Canadiens,0.5394,0.4606,0.5634,0.4811,10
401803120,NHL,2026-01-19 01:00:00+00:00,Edmonton Oilers,St. Louis Blues,0.598,0.402,0.6239,0.4195,7
401803131,NHL,2026-01-21 00:00:00+00:00,Montreal Canadiens,Minnesota Wild,0.565,0.435,0.5908,0.4549,7
401803136,NHL,2026-01-21 01:00:00+00:00,Winnipeg Jets,St. Louis Blues,0.5513,0.4487,0.576,0.4688,7
401803146,NHL,2026-01-23 00:00:00+00:00,Montreal Canadiens,Buffalo Sabres,0.5512,0.4488,0.5745,0.4678,10
401803155,NHL,2026-01-24 01:00:00+00:00,Dallas Stars,St. Louis Blues,0.6142,0.3858,0.6417,0.4031,7
401803163,NHL,2026-01-25 00:00:00+00:00,Boston Bruins,Montreal Canadiens,0.5256,0.4744,0.5485,0.4951,9
401803167,NHL,2026-01-25 01:00:00+00:00,St. Louis Blues,Los Angeles Kings,0.4395,0.5605,0.4597,0.5863,7
401803183,NHL,2026-01-28 00:00:00+00:00,Montreal Canadiens,Vegas Golden Knights,0.4825,0.5175,0.5041,0.5406,10
401803187,NHL,2026-01-28 01:00:00+00:00,St. Louis Blues,Dallas Stars,0.4165,0.5835,0.4339,0.608,10
401803196,NHL,2026-01-30 00:00:00+00:00,Montreal Canadiens,Colorado Avalanche,0.4552,0.5448,0.4759,0.5697,7
401803203,NHL,2026-01-30 01:00:00+00:00,St. Louis Blues,Florida Panthers,0.4106,0.5894,0.428,0.6144,9
401803216,NHL,2026-02-01 00:00:00+00:00,Buffalo Sabres,Montreal Canadiens,0.5506,0.4494,0.5741,0.4687,10
401803219,NHL,2026-02-01 00:00:00+00:00,St. Louis Blues,Columbus Blue Jackets,0.5187,0.4813,0.5431,0.504,7
401803230,NHL,2026-02-03 00:30:00+00:00,Minnesota Wild,Montreal Canadiens,0.5657,0.4343,0.5902,0.4531,11
401803231,NHL,2026-02-03 01:00:00+00:00,Nashville Predators,St. Louis Blues,0.5792,0.4208,0.6035,0.4386,11
401803246,NHL,2026-02-05 00:00:00+00:00,Winnipeg Jets,Montreal Canadiens,0.4997,0.5003,0.5225,0.523,10
401803250,NHL,2026-02-05 02:30:00+00:00,Dallas Stars,St. Louis Blues,0.6744,0.3256,0.7034,0.3395,10
401803270,NHL,2026-02-27 00:00:00+00:00,Montreal Canadiens,New York Islanders,0.5774,0.4226,0.6,0.4392,9
401803276,NHL,2026-02-27 01:00:00+00:00,St. Louis Blues,Seattle Kraken,0.563,0.437,0.5878,0.4562,7
401803294,NHL,2026-02-28 22:00:00+00:00,St. Louis Blues,New Jersey Devils,0.4974,0.5026,0.5197,0.5251,9
401803291,NHL,2026-03-01 00:00:00+00:00,Montreal Canadiens,Washington Capitals,0.5835,0.4165,0.6093,0.4348,7
401803302,NHL,2026-03-01 22:00:00+00:00,Minnesota Wild,St. Louis Blues,0.6798,0.3202,0.7109,0.3348,6
401803320,NHL,2026-03-04 03:00:00+00:00,San Jose Sharks,Montreal Canadiens,0.4546,0.5454,0.4727,0.5672,9
401803325,NHL,2026-03-05 03:00:00+00:00,Seattle Kraken,St. Louis Blues,0.5636,0.4364,0.5876,0.455,10
401803338,NHL,2026-03-07 02:00:00+00:00,Anaheim Ducks,Montreal Canadiens,0.5013,0.4987,0.5236,0.5209,9
401803340,NHL,2026-03-07 03:00:00+00:00,San Jose Sharks,St. Louis Blues,0.5518,0.4482,0.5746,0.4668,10
401803348,NHL,2026-03-08 00:00:00+00:00,Los Angeles Kings,Montreal Canadiens,0.5487,0.4513,0.5731,0.4714,7
401803357,NHL,2026-03-09 01:00:00+00:00,Anaheim Ducks,St. Louis Blues,0.6054,0.3946,0.6298,0.4104,10
401803365,NHL,2026-03-10 23:00:00+00:00,Montreal Canadiens,Toronto Maple Leafs,0.6052,0.3948,0.6298,0.4109,10
401803370,NHL,2026-03-10 23:30:00+00:00,St. Louis Blues,New York Islanders,0.4697,0.5303,0.4891,0.5522,10
401803376,NHL,2026-03-11 23:30:00+00:00,Ottawa Senators,Montreal Canadiens,0.5792,0.4208,0.6035,0.4384,7
401803384,NHL,2026-03-12 23:00:00+00:00,Carolina Hurricanes,St. Louis Blues,0.7159,0.2841,0.7458,0.2959,10
401803393,NHL,2026-03-14 00:00:00+00:00,St. Louis Blues,Edmonton Oilers,0.4099,0.5901,0.4276,0.6157,7
401803399,NHL,2026-03-14 23:00:00+00:00,Montreal Canadiens,San Jose Sharks,0.6194,0.3806,0.644,0.3956,10
401803408,NHL,2026-03-15 19:00:00+00:00,Winnipeg Jets,St. Louis Blues,0.5419,0.4581,0.5657,0.4783,6
401803410,NHL,2026-03-15 23:00:00+00:00,Montreal Canadiens,Anaheim Ducks,0.5713,0.4287,0.5958,0.4471,7
401803420,NHL,2026-03-17 23:00:00+00:00,Montreal Canadiens,Boston Bruins,0.603,0.397,0.629,0.414,7
401803432,NHL,2026-03-19 01:30:00+00:00,Calgary Flames,St. Louis Blues,0.4759,0.5241,0.4965,0.5468,10
401803436,NHL,2026-03-19 23:00:00+00:00,Detroit Red Wings,Montreal Canadiens,0.4999,0.5001,0.5222,0.5225,10
401803456,NHL,2026-03-21 23:00:00+00:00,Montreal Canadiens,New York Islanders,0.5605,0.4395,0.5841,0.4579,10
401803458,NHL,2026-03-21 23:00:00+00:00,Vancouver Canucks,St. Louis Blues,0.4546,0.5454,0.4733,0.568,10
401803472,NHL,2026-03-24 23:00:00+00:00,Montreal Canadiens,Carolina Hurricanes,0.4458,0.5542,0.4645,0.5774,10
401803479,NHL,2026-03-25 00:00:00+00:00,St. Louis Blues,Washington Capitals,0.4884,0.5116,0.51,0.5342,10
401803488,NHL,2026-03-26 23:00:00+00:00,Montreal Canadiens,Columbus Blue Jackets,0.5325,0.4675,0.5547,0.4869,10
401803494,NHL,2026-03-27 00:00:00+00:00,St. Louis Blues,San Jose Sharks,0.5558,0.4442,0.5791,0.4628,10
401803511,NHL,2026-03-28 23:00:00+00:00,St. Louis Blues,Toronto Maple Leafs,0.5648,0.4352,0.5883,0.4533,10
401803512,NHL,2026-03-28 23:00:00+00:00,Nashville Predators,Montreal Canadiens,0.4695,0.5305,0.4896,0.5531,10
401803520,NHL,2026-03-29 21:00:00+00:00,Carolina Hurricanes,Montreal Canadiens,0.614,0.386,0.6421,0.4037,4
401803528,NHL,2026-03-31 02:00:00+00:00,San Jose Sharks,St. Louis Blues,0.4995,0.5005,0.5219,0.523,10
401803531,NHL,2026-03-31 23:00:00+00:00,Tampa Bay Lightning,Montreal Canadiens,0.6067,0.3933,0.6336,0.4107,6
401803540,NHL,2026-04-02 01:00:00+00:00,Los Angeles Kings,St. Louis Blues,0.5697,0.4303,0.5932,0.4481,8
401803546,NHL,2026-04-02 23:00:00+00:00,New York Rangers,Montreal Canadiens,0.4279,0.5721,0.4448,0.5946,10
401803557,NHL,2026-04-04 02:00:00+00:00,Anaheim Ducks,St. Louis Blues,0.5548,0.4452,0.5781,0.4638,10
401803563,NHL,2026-04-04 23:00:00+00:00,New Jersey Devils,Montreal Canadiens,0.4774,0.5226,0.4981,0.5453,10
401803577,NHL,2026-04-05 23:00:00+00:00,Montreal Canadiens,New Jersey Devils,0.5847,0.4153,0.6117,0.4345,6
401803579,NHL,2026-04-06 01:45:00+00:00,Colorado Avalanche,St. Louis Blues,0.6726,0.3274,0.6999,0.3407,9
401803584,NHL,2026-04-07 23:00:00+00:00,Montreal Canadiens,Florida Panthers,0.6531,0.3469,0.6786,0.3605,10
401803589,NHL,2026-04-08 00:00:00+00:00,St. Louis Blues,Colorado Avalanche,0.4154,0.5846,0.4324,0.6085,10
401803599,NHL,2026-04-09 23:00:00+00:00,Montreal Canadiens,Tampa Bay Lightning,0.4878,0.5122,0.5095,0.5351,10
401803604,NHL,2026-04-10 00:00:00+00:00,St. Louis Blues,Winnipeg Jets,0.5015,0.4985,0.524,0.5209,10
401803617,NHL,2026-04-11 21:00:00+00:00,Chicago Blackhawks,St. Louis Blues,0.4575,0.5425,0.4757,0.5642,8
401803622,NHL,2026-04-11 23:00:00+00:00,Montreal Canadiens,Columbus Blue Jackets,0.563,0.437,0.5869,0.4554,10
401803628,NHL,2026-04-12 22:00:00+00:00,New York Islanders,Montreal Canadiens,0.4987,0.5013,0.5222,0.525,6
401803637,NHL,2026-04-14 00:00:00+00:00,St. Louis Blues,Minnesota Wild,0.4547,0.5453,0.4736,0.5679,10
401803645,NHL,2026-04-14 23:00:00+00:00,Philadelphia Flyers,Montreal Canadiens,0.4611,0.5389,0.4813,0.5624,6
401803650,NHL,2026-04-15 01:30:00+00:00,St. Louis Blues,Pittsburgh Penguins,0.5,0.5,0.5236,0.5236,6
401803660,NHL,2026-04-16 23:30:00+00:00,Utah Mammoth,St. Louis Blues,0.5163,0.4837,0.5389,0.5049,8
401869718,NHL,2026-04-19 21:45:00+00:00,Tampa Bay Lightning,Montreal Canadiens,0.6283,0.3717,0.6544,0.3871,11
401869769,NHL,2026-04-21 23:00:00+00:00,Tampa Bay Lightning,Montreal Canadiens,0.6268,0.3732,0.6524,0.3885,11
401869771,NHL,2026-04-24 23:00:00+00:00,Montreal Canadiens,Tampa Bay Lightning,0.4807,0.5193,0.5021,0.5425,11
401869773,NHL,2026-04-26 23:00:00+00:00,Montreal Canadiens,Tampa Bay Lightning,0.4842,0.5158,0.5058,0.5387,11
401869775,NHL,2026-04-29 23:00:00+00:00,Tampa Bay Lightning,Montreal Canadiens,0.6056,0.3944,0.6304,0.4105,11
401869777,NHL,2026-05-01 23:00:00+00:00,Montreal Canadiens,Tampa Bay Lightning,0.4919,0.5081,0.5143,0.5312,11
401871404,NHL,2026-05-06 23:00:00+00:00,Buffalo Sabres,Montreal Canadiens,0.5433,0.4567,0.5656,0.4754,11
401871405,NHL,2026-05-08 23:00:00+00:00,Buffalo Sabres,Montreal Canadiens,0.5522,0.4478,0.5757,0.4669,11
401871406,NHL,2026-05-10 23:00:00+00:00,Montreal Canadiens,Buffalo Sabres,0.5318,0.4682,0.5548,0.4885,11
401871407,NHL,2026-05-12 23:00:00+00:00,Montreal Canadiens,Buffalo Sabres,0.5533,0.4467,0.5765,0.4654,11
401871408,NHL,2026-05-14 23:00:00+00:00,Buffalo Sabres,Montreal Canadiens,0.5219,0.4781,0.5449,0.4991,11
401871409,NHL,2026-05-17 00:00:00+00:00,Montreal Canadiens,Buffalo Sabres,0.6013,0.3987,0.6261,0.4151,11
401873383,NHL,2026-05-22 00:00:00+00:00,Carolina Hurricanes,Montreal Canadiens,0.6411,0.3589,0.6671,0.3735,11
401873384,NHL,2026-05-23 23:00:00+00:00,Carolina Hurricanes,Montreal Canadiens,0.6458,0.3542,0.672,0.3686,11
401873385,NHL,2026-05-26 00:00:00+00:00,Montreal Canadiens,Carolina Hurricanes,0.4478,0.5522,0.4666,0.5754,11
401873386,NHL,2026-05-28 00:00:00+00:00,Montreal Canadiens,Carolina Hurricanes,0.4323,0.5677,0.4504,0.5915,11
401873387,NHL,2026-05-30 00:00:00+00:00,Carolina Hurricanes,Montreal Canadiens,0.672,0.328,0.6998,0.3416,11
401754516,CFB,2025-08-23 23:30:00+00:00,Hawai'i Rainbow Warriors,Stanford Cardinal,0.548,0.452,0.5718,0.4716,11
401760358,CFB,2025-08-30 02:30:00+00:00,San José State Spartans,Central Michigan Chippewas,0.8089,0.1911,0.8455,0.1998,11
401756849,CFB,2025-08-31 02:30:00+00:00,Arizona Wildcats,Hawai'i Rainbow Warriors,0.8517,0.1483,0.893,0.1555,10
401752702,CFB,2025-09-13 17:00:00+00:00,Missouri Tigers,Louisiana Ragin' Cajuns,0.9418,0.0582,0.9833,0.0608,10
401761610,CFB,2025-09-20 19:30:00+00:00,Eastern Michigan Eagles,Louisiana Ragin' Cajuns,0.4565,0.5435,0.4769,0.5679,10
401760374,CFB,2025-09-21 03:59:00+00:00,Hawai'i Rainbow Warriors,Fresno State Bulldogs,0.4202,0.5798,0.4375,0.6035,10
401761615,CFB,2025-09-28 00:00:00+00:00,Louisiana Ragin' Cajuns,Marshall Thundering Herd,0.4761,0.5239,0.4984,0.5485,9
401761625,CFB,2025-10-11 16:00:00+00:00,James Madison Dukes,Louisiana Ragin' Cajuns,0.8736,0.1264,0.9116,0.1319,10
401761638,CFB,2025-10-25 23:00:00+00:00,Troy Trojans,Louisiana Ragin' Cajuns,0.737,0.263,0.7705,0.2749,10
401761642,CFB,2025-11-01 19:30:00+00:00,South Alabama Jaguars,Louisiana Ragin' Cajuns,0.6159,0.3841,0.6419,0.4003,10
401761648,CFB,2025-11-08 22:00:00+00:00,Louisiana Ragin' Cajuns,Texas State Bobcats,0.4251,0.5749,0.4431,0.5992,11
401761655,CFB,2025-11-21 00:30:00+00:00,Arkansas State Red Wolves,Louisiana Ragin' Cajuns,0.5607,0.4393,0.5858,0.459,11
401761665,CFB,2025-11-29 20:00:00+00:00,Louisiana Ragin' Cajuns,UL Monroe Warhawks,0.7512,0.2488,0.7836,0.2595,11
401815982,MLB,2026-07-01 22:40:00+00:00,Philadelphia Phillies,Pittsburgh Pirates,0.555,0.445,0.5753,0.4613,6
401815983,MLB,2026-07-01 23:15:00+00:00,Atlanta Braves,St. Louis Cardinals,0.5448,0.4552,0.5651,0.4721,6
401815989,MLB,2026-07-01 23:40:00+00:00,Kansas City Royals,Tampa Bay Rays,0.4393,0.5607,0.4556,0.5815,6
401815986,MLB,2026-07-02 00:00:00+00:00,Milwaukee Brewers,Cincinnati Reds,0.5915,0.4085,0.6125,0.423,7
401815987,MLB,2026-07-02 00:10:00+00:00,Houston Astros,Minnesota Twins,0.5325,0.4675,0.552,0.4847,6
401815990,MLB,2026-07-02 00:40:00+00:00,Colorado Rockies,Miami Marlins,0.4104,0.5896,0.4264,0.6126,8
401815991,MLB,2026-07-02 01:40:00+00:00,Athletics,Los Angeles Dodgers,0.3916,0.6084,0.4093,0.6359,3
401815992,MLB,2026-07-02 01:40:00+00:00,Arizona Diamondbacks,San Francisco Giants,0.5196,0.4804,0.5419,0.501,9
401810233,NBA,2025-12-19 02:00:00+00:00,Phoenix Suns,Golden State Warriors,0.438,0.562,0.4579,0.5876,5
401802730,NHL,2025-11-28 21:00:00+00:00,Buffalo Sabres,New Jersey Devils,0.4791,0.5209,0.5008,0.5444,10
401803158,NHL,2026-01-24 03:00:00+00:00,Vancouver Canucks,New Jersey Devils,0.4225,0.5775,0.4391,0.6003,10
401803159,NHL,2026-01-24 03:00:00+00:00,San Jose Sharks,New York Rangers,0.5468,0.4532,0.5695,0.472,10
401803160,NHL,2026-01-24 03:00:00+00:00,Seattle Kraken,Anaheim Ducks,0.516,0.484,0.5391,0.5056,10
401803161,NHL,2026-01-24 18:00:00+00:00,New York Islanders,Buffalo Sabres,0.531,0.469,0.5558,0.4908,5
401803162,NHL,2026-01-24 18:30:00+00:00,Nashville Predators,Utah Mammoth,0.4972,0.5028,0.5216,0.5275,5
401803164,NHL,2026-01-25 00:00:00+00:00,Ottawa Senators,Carolina Hurricanes,0.4588,0.5412,0.478,0.564,9
401803165,NHL,2026-01-25 00:00:00+00:00,Columbus Blue Jackets,Tampa Bay Lightning,0.466,0.534,0.487,0.5582,6
401803166,NHL,2026-01-25 00:00:00+00:00,Winnipeg Jets,Detroit Red Wings,0.5404,0.4596,0.5633,0.4791,9
401803168,NHL,2026-01-25 02:00:00+00:00,Minnesota Wild,Florida Panthers,0.5423,0.4577,0.565,0.4768,9
401803169,NHL,2026-01-25 03:00:00+00:00,Edmonton Oilers,Washington Capitals,0.6113,0.3887,0.6382,0.4058,7
401803170,NHL,2026-01-25 18:30:00+00:00,Toronto Maple Leafs,Colorado Avalanche,0.3979,0.6021,0.4142,0.6268,7
401803171,NHL,2026-01-25 20:00:00+00:00,Seattle Kraken,New Jersey Devils,0.4759,0.5241,0.4966,0.5469,7
401803172,NHL,2026-01-25 22:00:00+00:00,Ottawa Senators,Vegas Golden Knights,0.4478,0.5522,0.4684,0.5775,6
401803173,NHL,2026-01-25 23:00:00+00:00,Vancouver Canucks,Pittsburgh Penguins,0.4318,0.5682,0.4494,0.5914,9
401803174,NHL,2026-01-26 00:00:00+00:00,Chicago Blackhawks,Florida Panthers,0.4351,0.5649,0.4553,0.5912,6
401803175,NHL,2026-01-26 01:00:00+00:00,Calgary Flames,Anaheim Ducks,0.5171,0.4829,0.5403,0.5045,9
401803176,NHL,2026-01-27 00:00:00+00:00,Tampa Bay Lightning,Utah Mammoth,0.6137,0.3863,0.6393,0.4025,9
401803177,NHL,2026-01-27 00:00:00+00:00,New York Rangers,Boston Bruins,0.4766,0.5234,0.4973,0.5462,9
401803178,NHL,2026-01-27 00:00:00+00:00,Philadelphia Flyers,New York Islanders,0.5054,0.4946,0.528,0.5167,9
401803180,NHL,2026-01-27 01:30:00+00:00,Edmonton Oilers,Anaheim Ducks,0.6938,0.3062,0.7263,0.3206,7
401803181,NHL,2026-01-28 00:00:00+00:00,Boston Bruins,Nashville Predators,0.5096,0.4904,0.534,0.5139,7
401803182,NHL,2026-01-28 00:00:00+00:00,Toronto Maple Leafs,Buffalo Sabres,0.5096,0.4904,0.5326,0.5126,10
401803184,NHL,2026-01-28 00:00:00+00:00,Detroit Red Wings,Los Angeles Kings,0.5493,0.4507,0.5725,0.4698,10
401803185,NHL,2026-01-28 00:00:00+00:00,Florida Panthers,Utah Mammoth,0.6095,0.3905,0.637,0.4082,7
401803186,NHL,2026-01-28 00:00:00+00:00,New Jersey Devils,Winnipeg Jets,0.5323,0.4677,0.555,0.4876,10
401803188,NHL,2026-01-28 01:00:00+00:00,Minnesota Wild,Chicago Blackhawks,0.6769,0.3231,0.7048,0.3364,10
401803189,NHL,2026-01-28 03:00:00+00:00,Vancouver Canucks,San Jose Sharks,0.4672,0.5328,0.4877,0.5562,11
401803190,NHL,2026-01-28 03:00:00+00:00,Seattle Kraken,Washington Capitals,0.4428,0.5572,0.4623,0.5817,11
401803193,NHL,2026-01-29 00:00:00+00:00,New York Islanders,New York Rangers,0.5695,0.4305,0.5931,0.4483,9
401803191,NHL,2026-01-29 00:30:00+00:00,Columbus Blue Jackets,Philadelphia Flyers,0.5413,0.4587,0.5663,0.4799,5
401803192,NHL,2026-01-29 00:30:00+00:00,Ottawa Senators,Colorado Avalanche,0.401,0.599,0.417,0.623,9
401803194,NHL,2026-01-30 00:00:00+00:00,Boston Bruins,Philadelphia Flyers,0.5928,0.4072,0.6201,0.426,7
401803195,NHL,2026-01-30 00:00:00+00:00,Buffalo Sabres,Los Angeles Kings,0.5389,0.4611,0.5626,0.4814,9
401803198,NHL,2026-01-30 00:00:00+00:00,Tampa Bay Lightning,Winnipeg Jets,0.6423,0.3577,0.6692,0.3726,9
401803199,NHL,2026-01-30 00:00:00+00:00,New Jersey Devils,Nashville Predators,0.5614,0.4386,0.586,0.4579,9
401803200,NHL,2026-01-30 00:00:00+00:00,New York Rangers,New York Islanders,0.4782,0.5218,0.5009,0.5466,7
401803201,NHL,2026-01-30 00:00:00+00:00,Pittsburgh Penguins,Chicago Blackhawks,0.6276,0.3724,0.6537,0.3878,9
401803202,NHL,2026-01-30 00:00:00+00:00,Carolina Hurricanes,Utah Mammoth,0.6247,0.3753,0.65,0.3905,9
401803197,NHL,2026-01-30 00:30:00+00:00,Detroit Red Wings,Washington Capitals,0.5275,0.4725,0.5509,0.4935,9
401803204,NHL,2026-01-30 01:00:00+00:00,Minnesota Wild,Calgary Flames,0.6574,0.3426,0.6857,0.3573,8
401803205,NHL,2026-01-30 02:00:00+00:00,Edmonton Oilers,San Jose Sharks,0.6637,0.3363,0.6919,0.3505,9
401803206,NHL,2026-01-30 03:00:00+00:00,Vancouver Canucks,Anaheim Ducks,0.4427,0.5573,0.4614,0.5808,10
401803207,NHL,2026-01-30 03:00:00+00:00,Vegas Golden Knights,Dallas Stars,0.5515,0.4485,0.5751,0.4678,10
401803208,NHL,2026-01-30 03:00:00+00:00,Seattle Kraken,Toronto Maple Leafs,0.4972,0.5028,0.5201,0.5258,10
401803209,NHL,2026-01-31 01:30:00+00:00,Chicago Blackhawks,Columbus Blue Jackets,0.438,0.562,0.4576,0.5873,7
401803210,NHL,2026-01-31 17:30:00+00:00,Philadelphia Flyers,Los Angeles Kings,0.5029,0.4971,0.5277,0.5215,5
401803211,NHL,2026-01-31 18:00:00+00:00,Detroit Red Wings,Colorado Avalanche,0.4264,0.5736,0.4436,0.5968,7
401803212,NHL,2026-01-31 20:30:00+00:00,Pittsburgh Penguins,New York Rangers,0.6309,0.3691,0.6562,0.384,10
401803213,NHL,2026-01-31 21:00:00+00:00,Florida Panthers,Winnipeg Jets,0.5932,0.4068,0.6206,0.4256,7
401803214,NHL,2026-01-31 21:00:00+00:00,Calgary Flames,San Jose Sharks,0.5161,0.4839,0.5389,0.5052,10
401803215,NHL,2026-01-31 22:00:00+00:00,Washington Capitals,Carolina Hurricanes,0.4023,0.5977,0.4201,0.6243,7
401803217,NHL,2026-02-01 00:00:00+00:00,Ottawa Senators,New Jersey Devils,0.5713,0.4287,0.597,0.448,7
401803218,NHL,2026-02-01 00:00:00+00:00,New York Islanders,Nashville Predators,0.5437,0.4563,0.5668,0.4757,10
401803220,NHL,2026-02-01 00:00:00+00:00,Vancouver Canucks,Toronto Maple Leafs,0.4261,0.5739,0.4436,0.5975,10
401803221,NHL,2026-02-01 02:00:00+00:00,Utah Mammoth,Dallas Stars,0.5076,0.4924,0.5306,0.5148,10
401803222,NHL,2026-02-01 03:00:00+00:00,Edmonton Oilers,Minnesota Wild,0.5537,0.4463,0.5774,0.4654,10
401803223,NHL,2026-02-01 03:00:00+00:00,Vegas Golden Knights,Seattle Kraken,0.6477,0.3523,0.6735,0.3663,10
401803225,NHL,2026-02-01 20:00:00+00:00,Carolina Hurricanes,Los Angeles Kings,0.6297,0.3703,0.658,0.3869,4
401803224,NHL,2026-02-01 23:30:00+00:00,Tampa Bay Lightning,Boston Bruins,0.6622,0.3378,0.6911,0.3525,10
401803226,NHL,2026-02-02 02:30:00+00:00,Anaheim Ducks,Vegas Golden Knights,0.4703,0.5297,0.4901,0.5519,10
401803227,NHL,2026-02-03 00:00:00+00:00,Florida Panthers,Buffalo Sabres,0.5499,0.4501,0.5732,0.4691,10
401803228,NHL,2026-02-03 00:00:00+00:00,Pittsburgh Penguins,Ottawa Senators,0.5134,0.4866,0.5363,0.5084,10
401803229,NHL,2026-02-03 00:00:00+00:00,Washington Capitals,New York Islanders,0.5475,0.4525,0.5702,0.4713,10
401803232,NHL,2026-02-03 01:30:00+00:00,Chicago Blackhawks,San Jose Sharks,0.4927,0.5073,0.5158,0.5311,11
401803233,NHL,2026-02-03 01:30:00+00:00,Dallas Stars,Winnipeg Jets,0.6053,0.3947,0.6312,0.4116,11
401803234,NHL,2026-02-03 02:00:00+00:00,Colorado Avalanche,Detroit Red Wings,0.6583,0.3417,0.6863,0.3562,11
401803235,NHL,2026-02-03 02:30:00+00:00,Utah Mammoth,Vancouver Canucks,0.6945,0.3055,0.7247,0.3187,11
401803236,NHL,2026-02-03 03:00:00+00:00,Calgary Flames,Toronto Maple Leafs,0.4736,0.5264,0.495,0.5503,11
401803238,NHL,2026-02-04 00:00:00+00:00,New Jersey Devils,Columbus Blue Jackets,0.5245,0.4755,0.5495,0.4983,7
401803240,NHL,2026-02-04 00:00:00+00:00,Philadelphia Flyers,Washington Capitals,0.5474,0.4526,0.572,0.4731,7
401803241,NHL,2026-02-04 00:00:00+00:00,Carolina Hurricanes,Ottawa Senators,0.662,0.338,0.6924,0.3536,7
401803237,NHL,2026-02-04 00:30:00+00:00,Tampa Bay Lightning,Buffalo Sabres,0.6676,0.3324,0.6988,0.348,7
401803239,NHL,2026-02-04 00:30:00+00:00,New York Islanders,Pittsburgh Penguins,0.5408,0.4592,0.5655,0.4802,7
401803242,NHL,2026-02-04 01:30:00+00:00,Edmonton Oilers,Toronto Maple Leafs,0.6347,0.3653,0.6609,0.3804,9
401803243,NHL,2026-02-04 03:00:00+00:00,Anaheim Ducks,Seattle Kraken,0.5721,0.4279,0.5953,0.4453,10
401803244,NHL,2026-02-05 00:00:00+00:00,Florida Panthers,Boston Bruins,0.5631,0.4369,0.5867,0.4552,10
401803245,NHL,2026-02-05 00:00:00+00:00,Columbus Blue Jackets,Chicago Blackhawks,0.5743,0.4257,0.5979,0.4432,10
401803247,NHL,2026-02-05 01:00:00+00:00,Nashville Predators,Minnesota Wild,0.4651,0.5349,0.4852,0.5581,10
401803248,NHL,2026-02-05 02:00:00+00:00,Colorado Avalanche,San Jose Sharks,0.7082,0.2918,0.7365,0.3035,10
401803249,NHL,2026-02-05 02:00:00+00:00,Utah Mammoth,Detroit Red Wings,0.5651,0.4349,0.589,0.4533,10
401803251,NHL,2026-02-05 03:00:00+00:00,Calgary Flames,Edmonton Oilers,0.4568,0.5432,0.4759,0.566,10
401803252,NHL,2026-02-05 03:00:00+00:00,Vegas Golden Knights,Vancouver Canucks,0.709,0.291,0.7381,0.3029,10
401803253,NHL,2026-02-05 03:00:00+00:00,Los Angeles Kings,Seattle Kraken,0.6438,0.3562,0.6699,0.3706,10
401803254,NHL,2026-02-06 00:00:00+00:00,Buffalo Sabres,Pittsburgh Penguins,0.5477,0.4523,0.5705,0.4711,10
401803256,NHL,2026-02-06 00:00:00+00:00,New Jersey Devils,New York Islanders,0.5023,0.4977,0.5264,0.5216,7
401803257,NHL,2026-02-06 00:00:00+00:00,New York Rangers,Carolina Hurricanes,0.3327,0.6673,0.3467,0.6954,10
401803258,NHL,2026-02-06 00:00:00+00:00,Philadelphia Flyers,Ottawa Senators,0.455,0.545,0.474,0.5676,10
401803259,NHL,2026-02-06 00:00:00+00:00,Washington Capitals,Nashville Predators,0.6183,0.3817,0.6459,0.3987,7
401803255,NHL,2026-02-06 00:30:00+00:00,Tampa Bay Lightning,Florida Panthers,0.6503,0.3497,0.6797,0.3655,7
401803260,NHL,2026-02-06 03:00:00+00:00,Vegas Golden Knights,Los Angeles Kings,0.571,0.429,0.5964,0.448,7
401803261,NHL,2026-02-26 00:00:00+00:00,New Jersey Devils,Buffalo Sabres,0.5093,0.4907,0.5323,0.5129,11
401803262,NHL,2026-02-26 00:00:00+00:00,Washington Capitals,Philadelphia Flyers,0.5749,0.4251,0.5987,0.4426,11
401803263,NHL,2026-02-26 00:30:00+00:00,Tampa Bay Lightning,Toronto Maple Leafs,0.6542,0.3458,0.6812,0.3602,11
401803264,NHL,2026-02-26 01:00:00+00:00,Dallas Stars,Seattle Kraken,0.5939,0.4061,0.6187,0.423,11
401803265,NHL,2026-02-26 02:00:00+00:00,Utah Mammoth,Colorado Avalanche,0.4673,0.5327,0.4873,0.5554,11
401803266,NHL,2026-02-26 03:00:00+00:00,Vancouver Canucks,Winnipeg Jets,0.4642,0.5358,0.4838,0.5584,11
401803267,NHL,2026-02-26 03:20:00+00:00,Los Angeles Kings,Vegas Golden Knights,0.5821,0.4179,0.6058,0.4348,10
401803268,NHL,2026-02-26 03:30:00+00:00,Anaheim Ducks,Edmonton Oilers,0.4905,0.5095,0.5127,0.5326,11
401803269,NHL,2026-02-27 00:00:00+00:00,Boston Bruins,Columbus Blue Jackets,0.5114,0.4886,0.5337,0.5099,9
401803271,NHL,2026-02-27 00:00:00+00:00,Ottawa Senators,Detroit Red Wings,0.5616,0.4384,0.5852,0.4569,9
401803272,NHL,2026-02-27 00:00:00+00:00,Florida Panthers,Toronto Maple Leafs,0.5962,0.4038,0.6218,0.4211,7
401803273,NHL,2026-02-27 00:00:00+00:00,Pittsburgh Penguins,New Jersey Devils,0.5564,0.4436,0.5815,0.4636,7
401803274,NHL,2026-02-27 00:00:00+00:00,Carolina Hurricanes,Tampa Bay Lightning,0.5808,0.4192,0.6056,0.4371,7
401803275,NHL,2026-02-27 01:00:00+00:00,New York Rangers,Philadelphia Flyers,0.5255,0.4745,0.5481,0.4949,10
401803277,NHL,2026-02-27 01:00:00+00:00,Nashville Predators,Chicago Blackhawks,0.6101,0.3899,0.6343,0.4053,10
401803278,NHL,2026-02-27 02:00:00+00:00,Colorado Avalanche,Minnesota Wild,0.5811,0.4189,0.6061,0.437,7
401803279,NHL,2026-02-27 03:00:00+00:00,San Jose Sharks,Calgary Flames,0.538,0.462,0.5609,0.4816,10
401803280,NHL,2026-02-27 03:30:00+00:00,Los Angeles Kings,Edmonton Oilers,0.5016,0.4984,0.5241,0.5209,10
401803281,NHL,2026-02-28 00:00:00+00:00,Florida Panthers,Buffalo Sabres,0.5316,0.4684,0.5551,0.4892,7
401803282,NHL,2026-02-28 00:00:00+00:00,Washington Capitals,Vegas Golden Knights,0.5108,0.4892,0.5352,0.5124,7
401803283,NHL,2026-02-28 02:00:00+00:00,Utah Mammoth,Minnesota Wild,0.5505,0.4495,0.5748,0.4692,7
401803284,NHL,2026-02-28 03:00:00+00:00,Anaheim Ducks,Winnipeg Jets,0.5389,0.4611,0.5616,0.4805,10
401803285,NHL,2026-02-28 17:30:00+00:00,New York Rangers,Pittsburgh Penguins,0.4878,0.5122,0.5113,0.5368,3
401803286,NHL,2026-02-28 20:20:00+00:00,Philadelphia Flyers,Boston Bruins,0.5257,0.4743,0.5492,0.4954,5
401803287,NHL,2026-02-28 21:00:00+00:00,San Jose Sharks,Edmonton Oilers,0.4158,0.5842,0.4349,0.611,6
401803288,NHL,2026-02-28 23:00:00+00:00,Columbus Blue Jackets,New York Islanders,0.5468,0.4532,0.569,0.4715,9
401803289,NHL,2026-02-28 23:00:00+00:00,Colorado Avalanche,Chicago Blackhawks,0.7379,0.2621,0.7687,0.2731,9
401803290,NHL,2026-03-01 00:00:00+00:00,Toronto Maple Leafs,Ottawa Senators,0.492,0.508,0.5133,0.5301,9
401803292,NHL,2026-03-01 00:00:00+00:00,Tampa Bay Lightning,Buffalo Sabres,0.6692,0.3308,0.6981,0.3451,7
401803293,NHL,2026-03-01 00:00:00+00:00,Carolina Hurricanes,Detroit Red Wings,0.6201,0.3799,0.6453,0.3954,9
401803295,NHL,2026-03-01 00:00:00+00:00,Los Angeles Kings,Calgary Flames,0.5922,0.4078,0.6173,0.425,9
401803296,NHL,2026-03-01 01:00:00+00:00,Dallas Stars,Nashville Predators,0.5836,0.4164,0.6073,0.4334,10
401803297,NHL,2026-03-01 03:00:00+00:00,Seattle Kraken,Vancouver Canucks,0.596,0.404,0.6196,0.42,10
401803298,NHL,2026-03-01 18:00:00+00:00,Pittsburgh Penguins,Vegas Golden Knights,0.4085,0.5915,0.4269,0.6182,4
401803300,NHL,2026-03-01 21:00:00+00:00,Utah Mammoth,Chicago Blackhawks,0.704,0.296,0.7346,0.3088,6
401803301,NHL,2026-03-01 21:00:00+00:00,San Jose Sharks,Winnipeg Jets,0.4643,0.5357,0.4848,0.5593,6
401803299,NHL,2026-03-01 23:30:00+00:00,New York Islanders,Florida Panthers,0.4478,0.5522,0.4681,0.5772,7
401803303,NHL,2026-03-02 01:00:00+00:00,Anaheim Ducks,Calgary Flames,0.6029,0.3971,0.6297,0.4148,7
401803306,NHL,2026-03-02 19:00:00+00:00,Nashville Predators,Detroit Red Wings,0.5,0.5,0.5222,0.5222,8
401803304,NHL,2026-03-03 00:00:00+00:00,New York Rangers,Columbus Blue Jackets,0.4603,0.5397,0.4794,0.5622,10
401803305,NHL,2026-03-03 00:30:00+00:00,Toronto Maple Leafs,Philadelphia Flyers,0.5453,0.4547,0.5677,0.4734,10
401803307,NHL,2026-03-03 03:00:00+00:00,Vancouver Canucks,Dallas Stars,0.3692,0.6308,0.3841,0.6564,11
401803308,NHL,2026-03-03 03:00:00+00:00,Seattle Kraken,Carolina Hurricanes,0.3774,0.6226,0.3923,0.6471,11
401803309,NHL,2026-03-03 03:30:00+00:00,Los Angeles Kings,Colorado Avalanche,0.386,0.614,0.402,0.6396,11
401803310,NHL,2026-03-04 00:00:00+00:00,Boston Bruins,Pittsburgh Penguins,0.5204,0.4796,0.5429,0.5004,9
401803311,NHL,2026-03-04 00:00:00+00:00,Buffalo Sabres,Vegas Golden Knights,0.5281,0.4719,0.5505,0.4919,9
401803312,NHL,2026-03-04 00:00:00+00:00,New Jersey Devils,Florida Panthers,0.4999,0.5001,0.5224,0.5227,9
401803313,NHL,2026-03-04 00:00:00+00:00,Washington Capitals,Utah Mammoth,0.533,0.467,0.5549,0.4862,9
401803314,NHL,2026-03-04 00:00:00+00:00,Columbus Blue Jackets,Nashville Predators,0.5688,0.4312,0.5935,0.4498,6
401803315,NHL,2026-03-04 01:00:00+00:00,Winnipeg Jets,Chicago Blackhawks,0.5919,0.4081,0.6158,0.4246,9
401803316,NHL,2026-03-04 02:00:00+00:00,Calgary Flames,Dallas Stars,0.4705,0.5295,0.4923,0.5541,6
401803317,NHL,2026-03-04 02:00:00+00:00,Edmonton Oilers,Ottawa Senators,0.5459,0.4541,0.568,0.4725,9
401803318,NHL,2026-03-04 02:30:00+00:00,Minnesota Wild,Tampa Bay Lightning,0.4664,0.5336,0.4859,0.556,9
401803319,NHL,2026-03-04 03:00:00+00:00,Anaheim Ducks,Colorado Avalanche,0.4122,0.5878,0.4293,0.6121,5
401803321,NHL,2026-03-05 00:00:00+00:00,Detroit Red Wings,Vegas Golden Knights,0.5476,0.4524,0.5715,0.4721,7
401803322,NHL,2026-03-05 00:00:00+00:00,New Jersey Devils,Toronto Maple Leafs,0.5082,0.4918,0.5323,0.5151,7
401803323,NHL,2026-03-05 03:00:00+00:00,Vancouver Canucks,Carolina Hurricanes,0.3037,0.6963,0.3168,0.7262,10
401803324,NHL,2026-03-05 03:00:00+00:00,Anaheim Ducks,New York Islanders,0.4985,0.5015,0.522,0.5251,7
401803326,NHL,2026-03-06 00:00:00+00:00,New York Rangers,Toronto Maple Leafs,0.5,0.5,0.5236,0.5236,7
401803327,NHL,2026-03-06 00:00:00+00:00,Philadelphia Flyers,Utah Mammoth,0.4709,0.5291,0.4912,0.5519,10
401803328,NHL,2026-03-06 00:00:00+00:00,Pittsburgh Penguins,Buffalo Sabres,0.4912,0.5088,0.5132,0.5314,10
401803329,NHL,2026-03-06 00:00:00+00:00,Columbus Blue Jackets,Florida Panthers,0.5078,0.4922,0.5306,0.5142,10
401803330,NHL,2026-03-06 01:00:00+00:00,Nashville Predators,Boston Bruins,0.5075,0.4925,0.5303,0.5145,10
401803331,NHL,2026-03-06 01:00:00+00:00,Winnipeg Jets,Tampa Bay Lightning,0.3795,0.6205,0.3946,0.6452,10
401803332,NHL,2026-03-06 02:00:00+00:00,Calgary Flames,Ottawa Senators,0.4131,0.5869,0.4294,0.6102,10
401803333,NHL,2026-03-06 02:30:00+00:00,Los Angeles Kings,New York Islanders,0.5674,0.4326,0.5923,0.4515,7
401803334,NHL,2026-03-07 00:00:00+00:00,Detroit Red Wings,Florida Panthers,0.5726,0.4274,0.5974,0.4459,7
401803335,NHL,2026-03-07 01:00:00+00:00,Dallas Stars,Colorado Avalanche,0.486,0.514,0.5077,0.537,10
401803336,NHL,2026-03-07 01:30:00+00:00,Chicago Blackhawks,Vancouver Canucks,0.5669,0.4331,0.5904,0.4511,10
401803337,NHL,2026-03-07 02:00:00+00:00,Edmonton Oilers,Carolina Hurricanes,0.4878,0.5122,0.5093,0.5348,10
401803339,NHL,2026-03-07 03:00:00+00:00,Vegas Golden Knights,Minnesota Wild,0.5125,0.4875,0.5357,0.5095,10
401803341,NHL,2026-03-07 17:30:00+00:00,Boston Bruins,Washington Capitals,0.5141,0.4859,0.5385,0.5089,6
401803342,NHL,2026-03-07 20:00:00+00:00,New Jersey Devils,New York Rangers,0.6205,0.3795,0.648,0.3964,6
401803343,NHL,2026-03-07 22:30:00+00:00,Buffalo Sabres,Nashville Predators,0.6254,0.3746,0.6525,0.3909,6
401803344,NHL,2026-03-07 22:30:00+00:00,Pittsburgh Penguins,Philadelphia Flyers,0.5563,0.4437,0.5823,0.4644,6
401803345,NHL,2026-03-08 00:00:00+00:00,Toronto Maple Leafs,Tampa Bay Lightning,0.3947,0.6053,0.4108,0.6299,9
401803346,NHL,2026-03-08 00:00:00+00:00,Columbus Blue Jackets,Utah Mammoth,0.4987,0.5013,0.5206,0.5233,9
401803347,NHL,2026-03-08 00:00:00+00:00,Winnipeg Jets,Vancouver Canucks,0.6858,0.3142,0.7158,0.328,7
401803349,NHL,2026-03-08 03:00:00+00:00,Calgary Flames,Carolina Hurricanes,0.3928,0.6072,0.4097,0.6332,6
401803350,NHL,2026-03-08 03:00:00+00:00,San Jose Sharks,New York Islanders,0.4484,0.5516,0.4682,0.576,6
401803351,NHL,2026-03-08 03:00:00+00:00,Seattle Kraken,Ottawa Senators,0.4425,0.5575,0.4611,0.5809,10
401803352,NHL,2026-03-08 18:00:00+00:00,Colorado Avalanche,Minnesota Wild,0.6025,0.3975,0.6289,0.4149,2
401803353,NHL,2026-03-08 20:30:00+00:00,Pittsburgh Penguins,Boston Bruins,0.5378,0.4622,0.5625,0.4834,6
401803354,NHL,2026-03-08 22:00:00+00:00,Buffalo Sabres,Tampa Bay Lightning,0.4864,0.5136,0.5093,0.5378,7
401803355,NHL,2026-03-08 22:00:00+00:00,Dallas Stars,Chicago Blackhawks,0.6856,0.3144,0.7167,0.3286,7
401803356,NHL,2026-03-08 23:00:00+00:00,New Jersey Devils,Detroit Red Wings,0.5155,0.4845,0.5398,0.5073,7
401803358,NHL,2026-03-09 01:45:00+00:00,Vegas Golden Knights,Edmonton Oilers,0.5117,0.4883,0.5348,0.5102,10
401857755,NHL,2026-03-09 20:00:00+00:00,Columbus Blue Jackets,Los Angeles Kings,0.5283,0.4717,0.553,0.4937,5
401803359,NHL,2026-03-09 23:00:00+00:00,Philadelphia Flyers,New York Rangers,0.5794,0.4206,0.6025,0.4373,10
401803360,NHL,2026-03-09 23:00:00+00:00,Washington Capitals,Calgary Flames,0.6302,0.3698,0.6549,0.3844,10
401803361,NHL,2026-03-10 00:30:00+00:00,Chicago Blackhawks,Utah Mammoth,0.3705,0.6295,0.3854,0.655,10
401803362,NHL,2026-03-10 01:00:00+00:00,Vancouver Canucks,Ottawa Senators,0.3379,0.6621,0.3522,0.6902,10
401803363,NHL,2026-03-10 23:00:00+00:00,Boston Bruins,Los Angeles Kings,0.5789,0.4211,0.6029,0.4387,7
401803364,NHL,2026-03-10 23:00:00+00:00,Buffalo Sabres,San Jose Sharks,0.6493,0.3507,0.6749,0.3645,10
401803366,NHL,2026-03-10 23:00:00+00:00,Tampa Bay Lightning,Columbus Blue Jackets,0.6834,0.3166,0.7108,0.3293,10
401803367,NHL,2026-03-10 23:00:00+00:00,Florida Panthers,Detroit Red Wings,0.5356,0.4644,0.558,0.4838,10
401803368,NHL,2026-03-10 23:00:00+00:00,New York Rangers,Calgary Flames,0.5378,0.4622,0.561,0.4822,7
401803369,NHL,2026-03-10 23:00:00+00:00,Carolina Hurricanes,Pittsburgh Penguins,0.6668,0.3332,0.6945,0.3471,10
401803371,NHL,2026-03-11 00:00:00+00:00,Dallas Stars,Vegas Golden Knights,0.5754,0.4246,0.5982,0.4414,10
401803372,NHL,2026-03-11 00:00:00+00:00,Minnesota Wild,Utah Mammoth,0.6058,0.3942,0.6324,0.4116,7
401803373,NHL,2026-03-11 00:30:00+00:00,Winnipeg Jets,Anaheim Ducks,0.5363,0.4637,0.559,0.4834,10
401803374,NHL,2026-03-11 02:00:00+00:00,Colorado Avalanche,Edmonton Oilers,0.615,0.385,0.6398,0.4006,10
401803375,NHL,2026-03-11 02:00:00+00:00,Seattle Kraken,Nashville Predators,0.5252,0.4748,0.5478,0.4952,10
401803377,NHL,2026-03-11 23:30:00+00:00,Philadelphia Flyers,Washington Capitals,0.4931,0.5069,0.5152,0.5297,10
401803378,NHL,2026-03-12 23:00:00+00:00,Boston Bruins,San Jose Sharks,0.6084,0.3916,0.6326,0.4071,10
401803379,NHL,2026-03-12 23:00:00+00:00,Buffalo Sabres,Washington Capitals,0.6402,0.3598,0.6679,0.3754,7
401803380,NHL,2026-03-12 23:00:00+00:00,Toronto Maple Leafs,Anaheim Ducks,0.4965,0.5035,0.5188,0.5261,10
401803381,NHL,2026-03-12 23:00:00+00:00,Tampa Bay Lightning,Detroit Red Wings,0.6558,0.3442,0.6831,0.3586,10
401803382,NHL,2026-03-12 23:00:00+00:00,Florida Panthers,Columbus Blue Jackets,0.5138,0.4862,0.5365,0.5077,10
401803383,NHL,2026-03-12 23:00:00+00:00,New Jersey Devils,Calgary Flames,0.6164,0.3836,0.6415,0.3993,10
401803385,NHL,2026-03-13 00:00:00+00:00,Dallas Stars,Edmonton Oilers,0.5456,0.4544,0.568,0.4731,10
401803386,NHL,2026-03-13 00:00:00+00:00,Minnesota Wild,Philadelphia Flyers,0.6836,0.3164,0.7143,0.3307,7
401803387,NHL,2026-03-13 00:00:00+00:00,Winnipeg Jets,New York Rangers,0.5953,0.4047,0.6201,0.4215,10
401803388,NHL,2026-03-13 01:00:00+00:00,Utah Mammoth,Chicago Blackhawks,0.6723,0.3277,0.6998,0.341,10
401803389,NHL,2026-03-13 02:00:00+00:00,Vancouver Canucks,Nashville Predators,0.4182,0.5818,0.4346,0.6046,10
401803390,NHL,2026-03-13 02:00:00+00:00,Vegas Golden Knights,Pittsburgh Penguins,0.5876,0.4124,0.6121,0.4297,10
401803391,NHL,2026-03-13 02:00:00+00:00,Seattle Kraken,Colorado Avalanche,0.3572,0.6428,0.3713,0.6681,10
401803392,NHL,2026-03-13 23:00:00+00:00,New York Islanders,Los Angeles Kings,0.5614,0.4386,0.5845,0.4567,10
401803394,NHL,2026-03-14 17:00:00+00:00,Ottawa Senators,Anaheim Ducks,0.5997,0.4003,0.6259,0.4178,5
401803395,NHL,2026-03-14 19:00:00+00:00,Washington Capitals,Boston Bruins,0.5491,0.4509,0.5736,0.471,5
401803396,NHL,2026-03-14 20:00:00+00:00,Winnipeg Jets,Colorado Avalanche,0.3877,0.6123,0.4047,0.6392,6
401803397,NHL,2026-03-14 22:00:00+00:00,Minnesota Wild,New York Rangers,0.6788,0.3212,0.707,0.3346,9
401803398,NHL,2026-03-14 23:00:00+00:00,Buffalo Sabres,Toronto Maple Leafs,0.6679,0.3321,0.6955,0.3459,10
401803400,NHL,2026-03-14 23:00:00+00:00,Tampa Bay Lightning,Carolina Hurricanes,0.5492,0.4508,0.5722,0.4696,10
401803401,NHL,2026-03-14 23:00:00+00:00,New Jersey Devils,Los Angeles Kings,0.5693,0.4307,0.5933,0.4488,7
401803402,NHL,2026-03-14 23:00:00+00:00,New York Islanders,Calgary Flames,0.6014,0.3986,0.6273,0.4158,7
401803403,NHL,2026-03-14 23:30:00+00:00,Philadelphia Flyers,Columbus Blue Jackets,0.467,0.533,0.4864,0.5553,10
401803404,NHL,2026-03-15 00:00:00+00:00,Dallas Stars,Detroit Red Wings,0.6017,0.3983,0.6259,0.4143,10
401803405,NHL,2026-03-15 01:00:00+00:00,Utah Mammoth,Pittsburgh Penguins,0.573,0.427,0.5961,0.4442,10
401803406,NHL,2026-03-15 02:00:00+00:00,Vancouver Canucks,Seattle Kraken,0.4582,0.5418,0.4774,0.5644,10
401803407,NHL,2026-03-15 02:00:00+00:00,Vegas Golden Knights,Chicago Blackhawks,0.6733,0.3267,0.7008,0.3401,10
401803409,NHL,2026-03-15 21:00:00+00:00,Ottawa Senators,San Jose Sharks,0.6483,0.3517,0.6749,0.3661,6
401803411,NHL,2026-03-15 23:30:00+00:00,Minnesota Wild,Toronto Maple Leafs,0.6867,0.3133,0.7166,0.327,7
401803412,NHL,2026-03-16 00:00:00+00:00,Edmonton Oilers,Nashville Predators,0.6196,0.3804,0.6458,0.3964,7
401803413,NHL,2026-03-16 00:00:00+00:00,Seattle Kraken,Florida Panthers,0.4589,0.5411,0.4793,0.5651,7
401803414,NHL,2026-03-16 23:00:00+00:00,Detroit Red Wings,Calgary Flames,0.6208,0.3792,0.6453,0.3941,10
401803415,NHL,2026-03-16 23:00:00+00:00,New Jersey Devils,Boston Bruins,0.5206,0.4794,0.5433,0.5004,10
401803416,NHL,2026-03-16 23:00:00+00:00,New York Rangers,Los Angeles Kings,0.4743,0.5257,0.495,0.5486,10
401803417,NHL,2026-03-17 00:00:00+00:00,Dallas Stars,Utah Mammoth,0.5938,0.4062,0.6189,0.4233,10
401803418,NHL,2026-03-17 01:50:00+00:00,Colorado Avalanche,Pittsburgh Penguins,0.6669,0.3331,0.6936,0.3465,10
401803419,NHL,2026-03-17 23:00:00+00:00,Toronto Maple Leafs,New York Islanders,0.4506,0.5494,0.4694,0.5722,10
401803421,NHL,2026-03-17 23:00:00+00:00,Columbus Blue Jackets,Carolina Hurricanes,0.4485,0.5515,0.4674,0.5748,10
401803423,NHL,2026-03-17 23:30:00+00:00,Chicago Blackhawks,Minnesota Wild,0.3815,0.6185,0.397,0.6436,10
401803422,NHL,2026-03-18 00:00:00+00:00,Winnipeg Jets,Nashville Predators,0.552,0.448,0.5751,0.4667,10
401803424,NHL,2026-03-18 01:00:00+00:00,Edmonton Oilers,San Jose Sharks,0.614,0.386,0.6405,0.4026,7
401803425,NHL,2026-03-18 02:00:00+00:00,Vancouver Canucks,Florida Panthers,0.436,0.564,0.454,0.5873,10
401803426,NHL,2026-03-18 02:00:00+00:00,Vegas Golden Knights,Buffalo Sabres,0.537,0.463,0.56,0.4827,10
401803427,NHL,2026-03-18 02:00:00+00:00,Seattle Kraken,Tampa Bay Lightning,0.3726,0.6274,0.387,0.6515,10
401803428,NHL,2026-03-18 23:00:00+00:00,New York Rangers,New Jersey Devils,0.4898,0.5102,0.5117,0.5329,9
401803429,NHL,2026-03-18 23:00:00+00:00,Carolina Hurricanes,Pittsburgh Penguins,0.6074,0.3926,0.6337,0.4096,7
401803430,NHL,2026-03-18 23:30:00+00:00,Washington Capitals,Ottawa Senators,0.4899,0.5101,0.5115,0.5326,9
401803431,NHL,2026-03-19 01:30:00+00:00,Colorado Avalanche,Dallas Stars,0.5809,0.4191,0.6044,0.436,10
401803433,NHL,2026-03-19 02:00:00+00:00,Anaheim Ducks,Philadelphia Flyers,0.5812,0.4188,0.6047,0.4358,10
401803434,NHL,2026-03-19 23:00:00+00:00,Boston Bruins,Winnipeg Jets,0.5646,0.4354,0.5877,0.4532,10
401803435,NHL,2026-03-19 23:00:00+00:00,Ottawa Senators,New York Islanders,0.5642,0.4358,0.5892,0.4552,7
401803437,NHL,2026-03-19 23:00:00+00:00,Columbus Blue Jackets,New York Rangers,0.6611,0.3389,0.6917,0.3546,7
401803439,NHL,2026-03-19 23:30:00+00:00,Minnesota Wild,Chicago Blackhawks,0.684,0.316,0.7113,0.3285,10
401803438,NHL,2026-03-20 00:00:00+00:00,Nashville Predators,Seattle Kraken,0.5495,0.4505,0.5725,0.4694,10
401803440,NHL,2026-03-20 01:00:00+00:00,Edmonton Oilers,Florida Panthers,0.5765,0.4235,0.5996,0.4404,10
401803441,NHL,2026-03-20 02:00:00+00:00,Vancouver Canucks,Tampa Bay Lightning,0.284,0.716,0.2958,0.7457,10
401803442,NHL,2026-03-20 02:00:00+00:00,Vegas Golden Knights,Utah Mammoth,0.5504,0.4496,0.5732,0.4682,10
401803443,NHL,2026-03-20 02:00:00+00:00,San Jose Sharks,Buffalo Sabres,0.4323,0.5677,0.4502,0.5912,10
401803444,NHL,2026-03-20 02:30:00+00:00,Los Angeles Kings,Philadelphia Flyers,0.5948,0.4052,0.6206,0.4228,7
401803445,NHL,2026-03-20 23:00:00+00:00,Toronto Maple Leafs,Carolina Hurricanes,0.3471,0.6529,0.3606,0.6785,10
401803446,NHL,2026-03-20 23:00:00+00:00,Washington Capitals,New Jersey Devils,0.544,0.456,0.5666,0.4749,10
401803447,NHL,2026-03-21 00:30:00+00:00,Chicago Blackhawks,Colorado Avalanche,0.3027,0.6973,0.3166,0.7294,7
401803448,NHL,2026-03-21 01:00:00+00:00,Calgary Flames,Florida Panthers,0.4886,0.5114,0.5117,0.5356,7
401803449,NHL,2026-03-21 02:00:00+00:00,Utah Mammoth,Anaheim Ducks,0.5261,0.4739,0.5504,0.4958,7
401803450,NHL,2026-03-21 17:00:00+00:00,Pittsburgh Penguins,Winnipeg Jets,0.5824,0.4176,0.6077,0.4357,5
401803451,NHL,2026-03-21 18:00:00+00:00,Nashville Predators,Vegas Golden Knights,0.4612,0.5388,0.481,0.5619,5
401803452,NHL,2026-03-21 20:00:00+00:00,Minnesota Wild,Dallas Stars,0.4763,0.5237,0.4965,0.5458,8
401803453,NHL,2026-03-21 20:00:00+00:00,Los Angeles Kings,Buffalo Sabres,0.48,0.52,0.5007,0.5425,8
401803454,NHL,2026-03-21 20:00:00+00:00,San Jose Sharks,Philadelphia Flyers,0.5148,0.4852,0.5374,0.5064,8
401803455,NHL,2026-03-21 21:00:00+00:00,Columbus Blue Jackets,Seattle Kraken,0.604,0.396,0.628,0.4117,8
401803457,NHL,2026-03-21 23:00:00+00:00,Ottawa Senators,Toronto Maple Leafs,0.6925,0.3075,0.7226,0.3208,7
401803459,NHL,2026-03-22 00:00:00+00:00,Detroit Red Wings,Boston Bruins,0.5313,0.4687,0.5535,0.4884,10
401803460,NHL,2026-03-22 02:00:00+00:00,Edmonton Oilers,Tampa Bay Lightning,0.4349,0.5651,0.4529,0.5886,10
401803461,NHL,2026-03-22 16:00:00+00:00,New York Rangers,Winnipeg Jets,0.5335,0.4665,0.5572,0.4872,3
401803462,NHL,2026-03-22 16:30:00+00:00,Washington Capitals,Colorado Avalanche,0.424,0.576,0.4426,0.6012,3
401803463,NHL,2026-03-22 19:00:00+00:00,Pittsburgh Penguins,Carolina Hurricanes,0.4272,0.5728,0.4462,0.5983,5
401803464,NHL,2026-03-22 19:00:00+00:00,Chicago Blackhawks,Nashville Predators,0.5047,0.4953,0.5287,0.5188,5
401803465,NHL,2026-03-22 23:00:00+00:00,New York Islanders,Columbus Blue Jackets,0.5019,0.4981,0.526,0.522,7
401803466,NHL,2026-03-22 23:00:00+00:00,Dallas Stars,Vegas Golden Knights,0.5729,0.4271,0.5966,0.4448,8
401803467,NHL,2026-03-23 00:00:00+00:00,Calgary Flames,Tampa Bay Lightning,0.379,0.621,0.3954,0.6477,7
401803468,NHL,2026-03-23 00:00:00+00:00,Anaheim Ducks,Buffalo Sabres,0.5248,0.4752,0.5475,0.4957,10
401803469,NHL,2026-03-23 01:00:00+00:00,Utah Mammoth,Los Angeles Kings,0.6059,0.3941,0.6306,0.4102,10
401803470,NHL,2026-03-23 23:30:00+00:00,New York Rangers,Ottawa Senators,0.3744,0.6256,0.3895,0.6508,9
401803471,NHL,2026-03-24 23:00:00+00:00,Boston Bruins,Toronto Maple Leafs,0.6308,0.3692,0.6554,0.3837,10
401803473,NHL,2026-03-24 23:00:00+00:00,Detroit Red Wings,Ottawa Senators,0.5083,0.4917,0.5321,0.5148,6
401803474,NHL,2026-03-24 23:00:00+00:00,Florida Panthers,Seattle Kraken,0.5574,0.4426,0.5808,0.4611,10
401803475,NHL,2026-03-24 23:00:00+00:00,New York Islanders,Chicago Blackhawks,0.6402,0.3598,0.6655,0.3741,10
401803476,NHL,2026-03-24 23:00:00+00:00,Philadelphia Flyers,Columbus Blue Jackets,0.45,0.55,0.4687,0.5729,10
401803477,NHL,2026-03-24 23:00:00+00:00,Pittsburgh Penguins,Colorado Avalanche,0.4093,0.5907,0.4262,0.615,10
401803478,NHL,2026-03-24 23:30:00+00:00,Tampa Bay Lightning,Minnesota Wild,0.6109,0.3891,0.6384,0.4066,6
401803480,NHL,2026-03-25 00:00:00+00:00,Nashville Predators,San Jose Sharks,0.5684,0.4316,0.5918,0.4493,10
401803481,NHL,2026-03-25 00:00:00+00:00,Dallas Stars,New Jersey Devils,0.6056,0.3944,0.6302,0.4104,10
401803482,NHL,2026-03-25 00:00:00+00:00,Winnipeg Jets,Vegas Golden Knights,0.4581,0.5419,0.4772,0.5644,10
401803484,NHL,2026-03-25 01:00:00+00:00,Calgary Flames,Los Angeles Kings,0.4257,0.5743,0.4428,0.5974,10
401803483,NHL,2026-03-25 01:30:00+00:00,Utah Mammoth,Edmonton Oilers,0.5508,0.4492,0.5738,0.468,10
401803485,NHL,2026-03-25 02:00:00+00:00,Vancouver Canucks,Anaheim Ducks,0.3869,0.6131,0.4025,0.6379,10
401803486,NHL,2026-03-25 23:30:00+00:00,Buffalo Sabres,Boston Bruins,0.6173,0.3827,0.6434,0.3989,7
401803487,NHL,2026-03-25 23:30:00+00:00,Toronto Maple Leafs,New York Rangers,0.4948,0.5052,0.5187,0.5296,7
401803489,NHL,2026-03-26 23:00:00+00:00,Ottawa Senators,Pittsburgh Penguins,0.5774,0.4226,0.5999,0.439,10
401803490,NHL,2026-03-26 23:00:00+00:00,Tampa Bay Lightning,Seattle Kraken,0.716,0.284,0.7464,0.296,10
401803491,NHL,2026-03-26 23:00:00+00:00,Florida Panthers,Minnesota Wild,0.4334,0.5666,0.4515,0.5904,10
401803492,NHL,2026-03-26 23:00:00+00:00,New York Islanders,Dallas Stars,0.4649,0.5351,0.4846,0.5578,10
401803493,NHL,2026-03-26 23:00:00+00:00,Philadelphia Flyers,Chicago Blackhawks,0.604,0.396,0.6282,0.4119,10
401803495,NHL,2026-03-27 00:00:00+00:00,Nashville Predators,New Jersey Devils,0.5091,0.4909,0.532,0.5129,10
401803496,NHL,2026-03-27 00:00:00+00:00,Winnipeg Jets,Colorado Avalanche,0.3727,0.6273,0.3872,0.6516,10
401803497,NHL,2026-03-27 01:00:00+00:00,Utah Mammoth,Washington Capitals,0.578,0.422,0.6006,0.4385,10
401803498,NHL,2026-03-27 01:00:00+00:00,Calgary Flames,Anaheim Ducks,0.435,0.565,0.4529,0.5883,10
401803499,NHL,2026-03-27 01:30:00+00:00,Vegas Golden Knights,Edmonton Oilers,0.5555,0.4445,0.5787,0.463,10
401803500,NHL,2026-03-27 02:00:00+00:00,Vancouver Canucks,Los Angeles Kings,0.3918,0.6082,0.4076,0.6326,10
401803501,NHL,2026-03-27 23:00:00+00:00,Buffalo Sabres,Detroit Red Wings,0.5857,0.4143,0.6115,0.4325,7
401803502,NHL,2026-03-27 23:00:00+00:00,New York Rangers,Chicago Blackhawks,0.5914,0.4086,0.6178,0.4269,7
401803503,NHL,2026-03-28 17:00:00+00:00,Tampa Bay Lightning,Ottawa Senators,0.6112,0.3888,0.639,0.4065,4
401803504,NHL,2026-03-28 17:00:00+00:00,New York Islanders,Florida Panthers,0.6117,0.3883,0.6396,0.4061,4
401803505,NHL,2026-03-28 19:30:00+00:00,Edmonton Oilers,Anaheim Ducks,0.5656,0.4344,0.5891,0.4524,8
401803506,NHL,2026-03-28 21:00:00+00:00,Boston Bruins,Minnesota Wild,0.4763,0.5237,0.497,0.5465,8
401803507,NHL,2026-03-28 21:00:00+00:00,Pittsburgh Penguins,Dallas Stars,0.4675,0.5325,0.4883,0.5561,6
401803508,NHL,2026-03-28 21:00:00+00:00,Carolina Hurricanes,New Jersey Devils,0.6553,0.3447,0.6827,0.3591,8
401803509,NHL,2026-03-28 21:00:00+00:00,Columbus Blue Jackets,San Jose Sharks,0.6439,0.3561,0.6701,0.3706,8
401803510,NHL,2026-03-28 21:30:00+00:00,Buffalo Sabres,Seattle Kraken,0.633,0.367,0.6609,0.3832,6
401803513,NHL,2026-03-28 23:00:00+00:00,Colorado Avalanche,Winnipeg Jets,0.703,0.297,0.7321,0.3093,10
401803514,NHL,2026-03-29 00:00:00+00:00,Detroit Red Wings,Philadelphia Flyers,0.5566,0.4434,0.582,0.4636,7
401803515,NHL,2026-03-29 01:00:00+00:00,Los Angeles Kings,Utah Mammoth,0.5022,0.4978,0.525,0.5203,10
401803516,NHL,2026-03-29 02:00:00+00:00,Calgary Flames,Vancouver Canucks,0.6002,0.3998,0.6242,0.4159,10
401803517,NHL,2026-03-29 02:30:00+00:00,Vegas Golden Knights,Washington Capitals,0.584,0.416,0.6076,0.4328,10
401803518,NHL,2026-03-29 17:00:00+00:00,New York Rangers,Florida Panthers,0.5781,0.4219,0.6024,0.4396,2
401803519,NHL,2026-03-29 21:00:00+00:00,Tampa Bay Lightning,Nashville Predators,0.6365,0.3635,0.6617,0.3778,7
401803521,NHL,2026-03-29 21:00:00+00:00,Columbus Blue Jackets,Boston Bruins,0.5847,0.4153,0.6117,0.4344,4
401803522,NHL,2026-03-29 23:00:00+00:00,New Jersey Devils,Chicago Blackhawks,0.5962,0.4038,0.6233,0.4222,6
401803523,NHL,2026-03-29 23:00:00+00:00,Philadelphia Flyers,Dallas Stars,0.4218,0.5782,0.4399,0.603,6
401803524,NHL,2026-03-30 23:00:00+00:00,New York Islanders,Pittsburgh Penguins,0.5358,0.4642,0.5596,0.4848,7
401803525,NHL,2026-03-31 00:30:00+00:00,Colorado Avalanche,Calgary Flames,0.7478,0.2522,0.7783,0.2624,10
401803526,NHL,2026-03-31 02:00:00+00:00,Vegas Golden Knights,Vancouver Canucks,0.7399,0.2601,0.7705,0.2709,10
401803527,NHL,2026-03-31 02:00:00+00:00,Anaheim Ducks,Toronto Maple Leafs,0.6341,0.3659,0.6588,0.3801,10
401803529,NHL,2026-03-31 23:00:00+00:00,Boston Bruins,Dallas Stars,0.4745,0.5255,0.4949,0.548,10
401803530,NHL,2026-03-31 23:00:00+00:00,Buffalo Sabres,New York Islanders,0.6363,0.3637,0.6645,0.3798,6
401803532,NHL,2026-03-31 23:00:00+00:00,Florida Panthers,Ottawa Senators,0.4003,0.5997,0.4167,0.6242,9
401803533,NHL,2026-03-31 23:00:00+00:00,New York Rangers,New Jersey Devils,0.4711,0.5289,0.4909,0.5512,9
401803534,NHL,2026-03-31 23:00:00+00:00,Pittsburgh Penguins,Detroit Red Wings,0.5026,0.4974,0.5263,0.5209,6
401803535,NHL,2026-03-31 23:00:00+00:00,Washington Capitals,Philadelphia Flyers,0.5488,0.4512,0.5715,0.4698,9
401803536,NHL,2026-03-31 23:30:00+00:00,Columbus Blue Jackets,Carolina Hurricanes,0.4657,0.5343,0.4858,0.5572,10
401803537,NHL,2026-04-01 00:30:00+00:00,Chicago Blackhawks,Winnipeg Jets,0.4296,0.5704,0.447,0.5935,10
401803538,NHL,2026-04-01 01:00:00+00:00,Edmonton Oilers,Seattle Kraken,0.6199,0.3801,0.6444,0.3951,10
401803539,NHL,2026-04-02 00:30:00+00:00,Colorado Avalanche,Vancouver Canucks,0.7778,0.2222,0.813,0.2323,9
401803541,NHL,2026-04-02 01:00:00+00:00,San Jose Sharks,Anaheim Ducks,0.4949,0.5051,0.5174,0.5279,8
401803542,NHL,2026-04-02 23:00:00+00:00,Ottawa Senators,Buffalo Sabres,0.5247,0.4753,0.5471,0.4956,10
401803543,NHL,2026-04-02 23:00:00+00:00,Tampa Bay Lightning,Pittsburgh Penguins,0.6095,0.3905,0.6338,0.4061,10
401803544,NHL,2026-04-02 23:00:00+00:00,Florida Panthers,Boston Bruins,0.4326,0.5674,0.4503,0.5907,10
401803547,NHL,2026-04-02 23:00:00+00:00,Philadelphia Flyers,Detroit Red Wings,0.5103,0.4897,0.5328,0.5113,10
401803548,NHL,2026-04-02 23:00:00+00:00,Carolina Hurricanes,Columbus Blue Jackets,0.6207,0.3793,0.6456,0.3945,10
401803545,NHL,2026-04-02 23:30:00+00:00,New Jersey Devils,Washington Capitals,0.5226,0.4774,0.5453,0.4981,10
401803549,NHL,2026-04-03 00:00:00+00:00,Dallas Stars,Winnipeg Jets,0.6159,0.3841,0.6407,0.3997,10
401803550,NHL,2026-04-03 00:00:00+00:00,Minnesota Wild,Vancouver Canucks,0.7684,0.2316,0.8037,0.2422,7
401803551,NHL,2026-04-03 01:00:00+00:00,Edmonton Oilers,Chicago Blackhawks,0.6826,0.3174,0.7098,0.3301,10
401803552,NHL,2026-04-03 02:00:00+00:00,Vegas Golden Knights,Calgary Flames,0.6877,0.3123,0.7164,0.3254,10
401803553,NHL,2026-04-03 02:00:00+00:00,San Jose Sharks,Toronto Maple Leafs,0.5209,0.4791,0.5456,0.5018,7
401803554,NHL,2026-04-03 02:00:00+00:00,Seattle Kraken,Utah Mammoth,0.4546,0.5454,0.4733,0.5679,10
401803555,NHL,2026-04-03 02:30:00+00:00,Los Angeles Kings,Nashville Predators,0.5336,0.4664,0.5573,0.4871,7
401803556,NHL,2026-04-03 23:00:00+00:00,New York Islanders,Philadelphia Flyers,0.5867,0.4133,0.6106,0.4301,9
401803558,NHL,2026-04-04 16:30:00+00:00,New York Rangers,Detroit Red Wings,0.4573,0.5427,0.4771,0.5663,5
401803559,NHL,2026-04-04 17:00:00+00:00,Ottawa Senators,Minnesota Wild,0.5151,0.4849,0.539,0.5073,5
401803560,NHL,2026-04-04 19:00:00+00:00,Dallas Stars,Colorado Avalanche,0.4988,0.5012,0.5212,0.5236,8
401803561,NHL,2026-04-04 21:00:00+00:00,Tampa Bay Lightning,Boston Bruins,0.6153,0.3847,0.6402,0.4002,10
401803562,NHL,2026-04-04 21:00:00+00:00,Pittsburgh Penguins,Florida Panthers,0.6529,0.3471,0.6785,0.3607,10
401803564,NHL,2026-04-04 23:00:00+00:00,Washington Capitals,Buffalo Sabres,0.4933,0.5067,0.5153,0.5292,10
401803565,NHL,2026-04-04 23:00:00+00:00,Carolina Hurricanes,New York Islanders,0.6744,0.3256,0.705,0.3404,7
401803566,NHL,2026-04-04 23:00:00+00:00,Columbus Blue Jackets,Winnipeg Jets,0.5601,0.4399,0.5835,0.4583,10
401803567,NHL,2026-04-04 23:00:00+00:00,Vancouver Canucks,Utah Mammoth,0.3476,0.6524,0.3613,0.678,10
401803568,NHL,2026-04-04 23:00:00+00:00,Los Angeles Kings,Toronto Maple Leafs,0.6212,0.3788,0.6465,0.3942,10
401803569,NHL,2026-04-05 02:00:00+00:00,Edmonton Oilers,Vegas Golden Knights,0.5126,0.4874,0.5356,0.5092,10
401803570,NHL,2026-04-05 02:00:00+00:00,Anaheim Ducks,Calgary Flames,0.5783,0.4217,0.6035,0.44,7
401803571,NHL,2026-04-05 02:00:00+00:00,San Jose Sharks,Nashville Predators,0.5105,0.4895,0.5331,0.5111,10
401803572,NHL,2026-04-05 02:00:00+00:00,Seattle Kraken,Chicago Blackhawks,0.607,0.393,0.631,0.4086,10
401803573,NHL,2026-04-05 17:00:00+00:00,Detroit Red Wings,Minnesota Wild,0.4817,0.5183,0.5043,0.5426,3
401803574,NHL,2026-04-05 19:00:00+00:00,Pittsburgh Penguins,Florida Panthers,0.6577,0.3423,0.6869,0.3574,5
401803575,NHL,2026-04-05 19:30:00+00:00,Philadelphia Flyers,Boston Bruins,0.565,0.435,0.5903,0.4546,5
401803576,NHL,2026-04-05 21:00:00+00:00,Ottawa Senators,Carolina Hurricanes,0.4712,0.5288,0.4923,0.5526,6
401803578,NHL,2026-04-05 23:00:00+00:00,New York Rangers,Washington Capitals,0.4967,0.5033,0.5204,0.5273,6
401803580,NHL,2026-04-06 23:00:00+00:00,Buffalo Sabres,Tampa Bay Lightning,0.4897,0.5103,0.5118,0.5334,10
401803581,NHL,2026-04-06 23:30:00+00:00,Winnipeg Jets,Seattle Kraken,0.6054,0.3946,0.6295,0.4104,10
401803582,NHL,2026-04-07 02:00:00+00:00,San Jose Sharks,Chicago Blackhawks,0.5895,0.4105,0.6136,0.4272,10
401803583,NHL,2026-04-07 02:30:00+00:00,Los Angeles Kings,Nashville Predators,0.5529,0.4471,0.5758,0.4657,10
401803585,NHL,2026-04-07 23:00:00+00:00,Ottawa Senators,Tampa Bay Lightning,0.5483,0.4517,0.5732,0.4722,7
401803586,NHL,2026-04-07 23:00:00+00:00,Detroit Red Wings,Columbus Blue Jackets,0.5237,0.4763,0.5464,0.4971,10
401803587,NHL,2026-04-07 23:00:00+00:00,New Jersey Devils,Philadelphia Flyers,0.529,0.471,0.5513,0.4908,10
401803588,NHL,2026-04-07 23:00:00+00:00,Carolina Hurricanes,Boston Bruins,0.6191,0.3809,0.644,0.3963,10
401803590,NHL,2026-04-08 00:00:00+00:00,Dallas Stars,Calgary Flames,0.6813,0.3187,0.7087,0.3315,10
401803591,NHL,2026-04-08 00:00:00+00:00,Minnesota Wild,Seattle Kraken,0.6843,0.3157,0.7143,0.3295,7
401803592,NHL,2026-04-08 01:30:00+00:00,Utah Mammoth,Edmonton Oilers,0.5395,0.4605,0.5622,0.4799,10
401803593,NHL,2026-04-08 02:00:00+00:00,Vancouver Canucks,Vegas Golden Knights,0.3198,0.6802,0.3333,0.7088,10
401803594,NHL,2026-04-08 02:00:00+00:00,Anaheim Ducks,Nashville Predators,0.57,0.43,0.5948,0.4488,7
401803595,NHL,2026-04-08 23:00:00+00:00,New York Rangers,Buffalo Sabres,0.4205,0.5795,0.4372,0.6025,9
401803596,NHL,2026-04-08 23:30:00+00:00,Toronto Maple Leafs,Washington Capitals,0.4253,0.5747,0.4424,0.5977,9
401803597,NHL,2026-04-09 02:00:00+00:00,San Jose Sharks,Edmonton Oilers,0.4721,0.5279,0.493,0.5512,7
401803603,NHL,2026-04-09 22:45:00+00:00,New York Islanders,Toronto Maple Leafs,0.6496,0.3504,0.6777,0.3656,7
401803598,NHL,2026-04-09 23:00:00+00:00,Buffalo Sabres,Columbus Blue Jackets,0.5439,0.4561,0.5677,0.4762,7
401803600,NHL,2026-04-09 23:00:00+00:00,Ottawa Senators,Florida Panthers,0.6923,0.3077,0.7211,0.3205,10
401803601,NHL,2026-04-09 23:00:00+00:00,Detroit Red Wings,Philadelphia Flyers,0.5356,0.4644,0.5582,0.484,10
401803602,NHL,2026-04-09 23:00:00+00:00,New Jersey Devils,Pittsburgh Penguins,0.4984,0.5016,0.5209,0.5242,10
401803606,NHL,2026-04-10 00:30:00+00:00,Chicago Blackhawks,Carolina Hurricanes,0.3348,0.6652,0.3482,0.6917,10
401803605,NHL,2026-04-10 01:00:00+00:00,Dallas Stars,Minnesota Wild,0.5304,0.4696,0.5529,0.4896,10
401803607,NHL,2026-04-10 01:00:00+00:00,Colorado Avalanche,Calgary Flames,0.7364,0.2636,0.7669,0.2746,10
401803608,NHL,2026-04-10 01:00:00+00:00,Utah Mammoth,Nashville Predators,0.5971,0.4029,0.6216,0.4195,10
401803609,NHL,2026-04-10 02:00:00+00:00,Anaheim Ducks,San Jose Sharks,0.6023,0.3977,0.6284,0.415,7
401803610,NHL,2026-04-10 02:00:00+00:00,Seattle Kraken,Vegas Golden Knights,0.3797,0.6203,0.395,0.6453,10
401803611,NHL,2026-04-10 02:30:00+00:00,Los Angeles Kings,Vancouver Canucks,0.7036,0.2964,0.7326,0.3087,10
401803612,NHL,2026-04-11 16:30:00+00:00,Boston Bruins,Tampa Bay Lightning,0.4701,0.5299,0.4907,0.5531,5
401803613,NHL,2026-04-11 17:00:00+00:00,New York Islanders,Ottawa Senators,0.4774,0.5226,0.4988,0.5461,5
401803614,NHL,2026-04-11 19:00:00+00:00,Pittsburgh Penguins,Washington Capitals,0.5391,0.4609,0.5607,0.4794,8
401803615,NHL,2026-04-11 20:00:00+00:00,Los Angeles Kings,Edmonton Oilers,0.5064,0.4936,0.5288,0.5155,8
401803616,NHL,2026-04-11 21:00:00+00:00,Detroit Red Wings,New Jersey Devils,0.5669,0.4331,0.5905,0.4511,8
401803618,NHL,2026-04-11 21:00:00+00:00,Nashville Predators,Minnesota Wild,0.4573,0.5427,0.4754,0.5643,8
401803619,NHL,2026-04-11 21:00:00+00:00,Dallas Stars,New York Rangers,0.6346,0.3654,0.6597,0.3798,8
401803620,NHL,2026-04-11 21:00:00+00:00,Utah Mammoth,Carolina Hurricanes,0.4993,0.5007,0.5216,0.523,8
401803621,NHL,2026-04-11 23:00:00+00:00,Toronto Maple Leafs,Florida Panthers,0.5443,0.4557,0.567,0.4747,10
401803623,NHL,2026-04-11 23:00:00+00:00,Winnipeg Jets,Philadelphia Flyers,0.5418,0.4582,0.564,0.477,10
401803624,NHL,2026-04-11 23:00:00+00:00,Seattle Kraken,Calgary Flames,0.5663,0.4337,0.5901,0.4518,10
401803625,NHL,2026-04-12 00:00:00+00:00,Colorado Avalanche,Vegas Golden Knights,0.5526,0.4474,0.5759,0.4662,11
401803626,NHL,2026-04-12 02:00:00+00:00,San Jose Sharks,Vancouver Canucks,0.663,0.337,0.6906,0.3511,11
401803627,NHL,2026-04-12 19:00:00+00:00,Washington Capitals,Pittsburgh Penguins,0.5345,0.4655,0.5587,0.4866,2
401803629,NHL,2026-04-12 22:00:00+00:00,Columbus Blue Jackets,Boston Bruins,0.5555,0.4445,0.5803,0.4644,6
401803630,NHL,2026-04-12 23:00:00+00:00,New Jersey Devils,Ottawa Senators,0.4398,0.5602,0.4591,0.5848,6
401803631,NHL,2026-04-13 00:00:00+00:00,Anaheim Ducks,Vancouver Canucks,0.7225,0.2775,0.7552,0.29,7
401803632,NHL,2026-04-13 01:00:00+00:00,Calgary Flames,Utah Mammoth,0.4019,0.5981,0.4196,0.6245,7
401803633,NHL,2026-04-13 23:00:00+00:00,Tampa Bay Lightning,Detroit Red Wings,0.6337,0.3663,0.6584,0.3806,10
401803634,NHL,2026-04-13 23:00:00+00:00,Florida Panthers,New York Rangers,0.4997,0.5003,0.5219,0.5226,10
401803635,NHL,2026-04-13 23:00:00+00:00,Philadelphia Flyers,Carolina Hurricanes,0.4911,0.5089,0.5131,0.5317,10
401803636,NHL,2026-04-13 23:30:00+00:00,Toronto Maple Leafs,Dallas Stars,0.4023,0.5977,0.4189,0.6224,10
401803638,NHL,2026-04-14 00:00:00+00:00,Nashville Predators,San Jose Sharks,0.583,0.417,0.6069,0.4341,10
401803639,NHL,2026-04-14 00:30:00+00:00,Chicago Blackhawks,Buffalo Sabres,0.3513,0.6487,0.3649,0.6739,10
401803640,NHL,2026-04-14 01:30:00+00:00,Edmonton Oilers,Colorado Avalanche,0.4897,0.5103,0.5117,0.5333,11
401803642,NHL,2026-04-14 01:30:00+00:00,Seattle Kraken,Los Angeles Kings,0.4295,0.5705,0.4471,0.594,11
401803641,NHL,2026-04-14 02:00:00+00:00,Vegas Golden Knights,Winnipeg Jets,0.6225,0.3775,0.6483,0.3932,11
401803643,NHL,2026-04-14 23:00:00+00:00,Boston Bruins,New Jersey Devils,0.5423,0.4577,0.5647,0.4765,8
401803644,NHL,2026-04-14 23:00:00+00:00,New York Islanders,Carolina Hurricanes,0.5,0.5,0.5236,0.5236,6
401803646,NHL,2026-04-14 23:00:00+00:00,Columbus Blue Jackets,Washington Capitals,0.5202,0.4798,0.5428,0.5007,8
401803647,NHL,2026-04-15 00:00:00+00:00,Minnesota Wild,Anaheim Ducks,0.5152,0.4848,0.5396,0.5078,6
401803648,NHL,2026-04-15 01:00:00+00:00,Utah Mammoth,Winnipeg Jets,0.603,0.397,0.6269,0.4126,9
401803649,NHL,2026-04-15 01:00:00+00:00,Calgary Flames,Colorado Avalanche,0.3885,0.6115,0.4055,0.6383,6
401803651,NHL,2026-04-15 02:00:00+00:00,Vancouver Canucks,Los Angeles Kings,0.3694,0.6306,0.3849,0.6572,6
401803652,NHL,2026-04-15 23:00:00+00:00,Buffalo Sabres,Dallas Stars,0.5084,0.4916,0.5325,0.515,5
401803653,NHL,2026-04-15 23:00:00+00:00,Tampa Bay Lightning,New York Rangers,0.644,0.356,0.6712,0.371,5
401803654,NHL,2026-04-15 23:00:00+00:00,Florida Panthers,Detroit Red Wings,0.4565,0.5435,0.4762,0.5669,5
401803656,NHL,2026-04-16 00:30:00+00:00,Chicago Blackhawks,San Jose Sharks,0.4707,0.5293,0.4895,0.5504,7
401803657,NHL,2026-04-16 02:00:00+00:00,Vegas Golden Knights,Seattle Kraken,0.7076,0.2924,0.7373,0.3047,9
401803658,NHL,2026-04-17 00:00:00+00:00,Nashville Predators,Anaheim Ducks,0.5001,0.4999,0.522,0.5218,8
401803659,NHL,2026-04-17 00:00:00+00:00,Winnipeg Jets,San Jose Sharks,0.6056,0.3944,0.633,0.4122,5
401803661,NHL,2026-04-17 01:00:00+00:00,Calgary Flames,Los Angeles Kings,0.4563,0.5437,0.4745,0.5654,8
401803662,NHL,2026-04-17 01:00:00+00:00,Edmonton Oilers,Vancouver Canucks,0.7253,0.2747,0.7555,0.2861,8
401803663,NHL,2026-04-17 02:00:00+00:00,Colorado Avalanche,Seattle Kraken,0.6181,0.3819,0.6442,0.398,4
401869715,NHL,2026-04-18 19:00:00+00:00,Carolina Hurricanes,Ottawa Senators,0.577,0.423,0.6003,0.44,10
401869716,NHL,2026-04-18 21:30:00+00:00,Dallas Stars,Minnesota Wild,0.5227,0.4773,0.5456,0.4983,11
401869717,NHL,2026-04-19 00:00:00+00:00,Pittsburgh Penguins,Philadelphia Flyers,0.5685,0.4315,0.5924,0.4496,11
401869721,NHL,2026-04-19 19:00:00+00:00,Colorado Avalanche,Los Angeles Kings,0.6968,0.3032,0.7266,0.3162,11
401869719,NHL,2026-04-19 23:30:00+00:00,Buffalo Sabres,Boston Bruins,0.5872,0.4128,0.6112,0.4296,11
401869720,NHL,2026-04-20 02:22:00+00:00,Vegas Golden Knights,Utah Mammoth,0.5834,0.4166,0.6072,0.4335,11
401869794,NHL,2026-04-20 23:00:00+00:00,Pittsburgh Penguins,Philadelphia Flyers,0.5806,0.4194,0.6035,0.436,10
401869781,NHL,2026-04-20 23:30:00+00:00,Carolina Hurricanes,Ottawa Senators,0.5731,0.4269,0.5962,0.4441,11
401869780,NHL,2026-04-21 01:50:00+00:00,Dallas Stars,Minnesota Wild,0.5512,0.4488,0.5745,0.4677,11
401869722,NHL,2026-04-21 02:22:00+00:00,Edmonton Oilers,Anaheim Ducks,0.6142,0.3858,0.6393,0.4015,11
401869757,NHL,2026-04-21 23:30:00+00:00,Buffalo Sabres,Boston Bruins,0.6024,0.3976,0.6269,0.4138,11
401869756,NHL,2026-04-22 01:52:00+00:00,Vegas Golden Knights,Utah Mammoth,0.5841,0.4159,0.6068,0.4322,11
401869792,NHL,2026-04-22 02:22:00+00:00,Colorado Avalanche,Los Angeles Kings,0.7054,0.2946,0.7349,0.3069,11
401869796,NHL,2026-04-22 23:00:00+00:00,Philadelphia Flyers,Pittsburgh Penguins,0.5178,0.4822,0.5406,0.5035,11
401869782,NHL,2026-04-23 01:30:00+00:00,Minnesota Wild,Dallas Stars,0.543,0.457,0.5659,0.4762,11
401869768,NHL,2026-04-23 02:00:00+00:00,Edmonton Oilers,Anaheim Ducks,0.627,0.373,0.6526,0.3883,11
401869759,NHL,2026-04-23 23:00:00+00:00,Boston Bruins,Buffalo Sabres,0.4992,0.5008,0.5218,0.5236,11
401869783,NHL,2026-04-23 23:30:00+00:00,Ottawa Senators,Carolina Hurricanes,0.5302,0.4698,0.5528,0.4898,11
401869793,NHL,2026-04-24 02:00:00+00:00,Los Angeles Kings,Colorado Avalanche,0.4108,0.5892,0.4272,0.6126,11
401869758,NHL,2026-04-25 01:30:00+00:00,Utah Mammoth,Vegas Golden Knights,0.4948,0.5052,0.5172,0.5282,11
401869770,NHL,2026-04-25 02:00:00+00:00,Anaheim Ducks,Edmonton Oilers,0.455,0.545,0.4742,0.5679,11
401869786,NHL,2026-04-25 19:00:00+00:00,Ottawa Senators,Carolina Hurricanes,0.4655,0.5345,0.4851,0.557,11
401869784,NHL,2026-04-25 21:30:00+00:00,Minnesota Wild,Dallas Stars,0.5526,0.4474,0.5763,0.4665,11
401869799,NHL,2026-04-26 00:00:00+00:00,Philadelphia Flyers,Pittsburgh Penguins,0.52,0.48,0.5435,0.5016,11
401869762,NHL,2026-04-26 18:00:00+00:00,Boston Bruins,Buffalo Sabres,0.5111,0.4889,0.5345,0.5112,11
401869795,NHL,2026-04-26 20:30:00+00:00,Los Angeles Kings,Colorado Avalanche,0.3969,0.6031,0.4133,0.6279,11
401869772,NHL,2026-04-27 01:52:00+00:00,Anaheim Ducks,Edmonton Oilers,0.4534,0.5466,0.4724,0.5694,11
401869801,NHL,2026-04-27 23:00:00+00:00,Pittsburgh Penguins,Philadelphia Flyers,0.5549,0.4451,0.5784,0.464,11
401869760,NHL,2026-04-28 01:50:00+00:00,Utah Mammoth,Vegas Golden Knights,0.488,0.512,0.5103,0.5354,11
401869764,NHL,2026-04-28 23:30:00+00:00,Buffalo Sabres,Boston Bruins,0.6035,0.3965,0.6283,0.4127,11
401869785,NHL,2026-04-29 00:00:00+00:00,Dallas Stars,Minnesota Wild,0.5423,0.4577,0.5654,0.4771,11
401869774,NHL,2026-04-29 02:00:00+00:00,Edmonton Oilers,Anaheim Ducks,0.6024,0.3976,0.6276,0.4142,11
401869802,NHL,2026-04-29 23:30:00+00:00,Philadelphia Flyers,Pittsburgh Penguins,0.5244,0.4756,0.547,0.496,11
401869761,NHL,2026-04-30 02:00:00+00:00,Vegas Golden Knights,Utah Mammoth,0.5967,0.4033,0.6208,0.4196,11
401869787,NHL,2026-04-30 23:30:00+00:00,Minnesota Wild,Dallas Stars,0.5326,0.4674,0.5553,0.4873,11
401869776,NHL,2026-05-01 02:00:00+00:00,Anaheim Ducks,Edmonton Oilers,0.4574,0.5426,0.4765,0.5653,11
401869765,NHL,2026-05-01 23:30:00+00:00,Boston Bruins,Buffalo Sabres,0.484,0.516,0.5056,0.539,11
401869763,NHL,2026-05-02 02:20:00+00:00,Utah Mammoth,Vegas Golden Knights,0.4905,0.5095,0.5128,0.5327,11
401871166,NHL,2026-05-03 00:00:00+00:00,Carolina Hurricanes,Philadelphia Flyers,0.6529,0.3471,0.6799,0.3614,10
401871302,NHL,2026-05-04 01:00:00+00:00,Colorado Avalanche,Minnesota Wild,0.6257,0.3743,0.6509,0.3894,11
401871411,NHL,2026-05-04 23:00:00+00:00,Carolina Hurricanes,Philadelphia Flyers,0.6912,0.3088,0.72,0.3218,11
401871423,NHL,2026-05-05 01:50:00+00:00,Vegas Golden Knights,Anaheim Ducks,0.5977,0.4023,0.6226,0.419,11
401871417,NHL,2026-05-06 00:00:00+00:00,Colorado Avalanche,Minnesota Wild,0.6378,0.3622,0.6639,0.3769,11
401871424,NHL,2026-05-07 01:30:00+00:00,Vegas Golden Knights,Anaheim Ducks,0.5931,0.4069,0.618,0.424,11
401871412,NHL,2026-05-08 00:00:00+00:00,Philadelphia Flyers,Carolina Hurricanes,0.4048,0.5952,0.4212,0.6194,11
401871425,NHL,2026-05-09 01:30:00+00:00,Anaheim Ducks,Vegas Golden Knights,0.4991,0.5009,0.5216,0.5236,11
401871413,NHL,2026-05-09 22:00:00+00:00,Philadelphia Flyers,Carolina Hurricanes,0.3718,0.6282,0.3871,0.654,11
401871418,NHL,2026-05-10 01:00:00+00:00,Minnesota Wild,Colorado Avalanche,0.458,0.542,0.4775,0.565,11
401871426,NHL,2026-05-11 01:30:00+00:00,Anaheim Ducks,Vegas Golden Knights,0.4833,0.5167,0.5047,0.5396,11
401871419,NHL,2026-05-12 00:00:00+00:00,Minnesota Wild,Colorado Avalanche,0.4623,0.5377,0.4819,0.5604,11
401871427,NHL,2026-05-13 01:52:00+00:00,Vegas Golden Knights,Anaheim Ducks,0.5782,0.4218,0.6018,0.439,11
401871420,NHL,2026-05-14 00:00:00+00:00,Colorado Avalanche,Minnesota Wild,0.6431,0.3569,0.6696,0.3716,11
401871428,NHL,2026-05-15 01:30:00+00:00,Anaheim Ducks,Vegas Golden Knights,0.4967,0.5033,0.5189,0.5259,11
401872903,NHL,2026-05-21 00:00:00+00:00,Colorado Avalanche,Vegas Golden Knights,0.635,0.365,0.661,0.38,10
401872904,NHL,2026-05-23 00:00:00+00:00,Colorado Avalanche,Vegas Golden Knights,0.6278,0.3722,0.6536,0.3875,11
401872905,NHL,2026-05-25 00:00:00+00:00,Vegas Golden Knights,Colorado Avalanche,0.4398,0.5602,0.4586,0.5843,11
401872906,NHL,2026-05-27 01:00:00+00:00,Vegas Golden Knights,Colorado Avalanche,0.4883,0.5117,0.5103,0.5348,11
401874171,NHL,2026-06-03 00:00:00+00:00,Carolina Hurricanes,Vegas Golden Knights,0.5813,0.4187,0.6045,0.4354,11
401874172,NHL,2026-06-05 00:00:00+00:00,Carolina Hurricanes,Vegas Golden Knights,0.5913,0.4087,0.6152,0.4252,9
401874173,NHL,2026-06-07 00:00:00+00:00,Vegas Golden Knights,Carolina Hurricanes,0.5012,0.4988,0.5234,0.5208,11
401874174,NHL,2026-06-10 00:00:00+00:00,Vegas Golden Knights,Carolina Hurricanes,0.4933,0.5067,0.5153,0.5294,11
401874175,NHL,2026-06-12 00:00:00+00:00,Carolina Hurricanes,Vegas Golden Knights,0.5841,0.4159,0.6075,0.4325,11
401874176,NHL,2026-06-15 00:00:00+00:00,Vegas Golden Knights,Carolina Hurricanes,0.4865,0.5135,0.5081,0.5364,11
401736126,WNBA,2025-05-22 23:30:00+00:00,Atlanta Dream,Indiana Fever,0.4131,0.5869,0.4341,0.6168,6
401736127,WNBA,2025-05-23 00:00:00+00:00,Chicago Sky,New York Liberty,0.1721,0.8279,0.1814,0.8727,5
401736128,WNBA,2025-05-23 23:30:00+00:00,Minnesota Lynx,Connecticut Sun,0.8928,0.1072,0.9383,0.1126,5
401736129,WNBA,2025-05-24 02:00:00+00:00,Las Vegas Aces,Washington Mystics,0.8673,0.1327,0.912,0.1396,6
401736130,WNBA,2025-05-24 02:00:00+00:00,Los Angeles Sparks,Golden State Valkyries,0.8335,0.1665,0.8715,0.1741,4
401736131,WNBA,2025-05-24 02:00:00+00:00,Seattle Storm,Phoenix Mercury,0.6359,0.3641,0.6704,0.3838,6
401736132,WNBA,2025-05-24 17:00:00+00:00,Indiana Fever,New York Liberty,0.4368,0.5632,0.461,0.5944,4
401736133,WNBA,2025-05-24 19:00:00+00:00,Atlanta Dream,Dallas Wings,0.6731,0.3269,0.7103,0.345,5
401736135,WNBA,2025-05-25 22:00:00+00:00,Los Angeles Sparks,Chicago Sky,0.6136,0.3864,0.6417,0.4041,9
401736136,WNBA,2025-05-25 22:00:00+00:00,Phoenix Mercury,Washington Mystics,0.732,0.268,0.7681,0.2812,9
401736137,WNBA,2025-05-25 22:00:00+00:00,Seattle Storm,Las Vegas Aces,0.3636,0.6364,0.3816,0.6678,9
401736138,WNBA,2025-05-27 23:00:00+00:00,Connecticut Sun,Dallas Wings,0.3648,0.6352,0.3814,0.6643,7
401736139,WNBA,2025-05-27 23:00:00+00:00,New York Liberty,Golden State Valkyries,0.9023,0.0977,0.9434,0.1022,7
401736140,WNBA,2025-05-28 00:00:00+00:00,Minnesota Lynx,Seattle Storm,0.7061,0.2939,0.7389,0.3075,8
401736141,WNBA,2025-05-28 02:00:00+00:00,Los Angeles Sparks,Atlanta Dream,0.5427,0.4573,0.567,0.4777,8
401736142,WNBA,2025-05-28 02:00:00+00:00,Phoenix Mercury,Chicago Sky,0.731,0.269,0.7649,0.2815,8
401736143,WNBA,2025-05-28 23:30:00+00:00,Washington Mystics,Indiana Fever,0.4306,0.5694,0.4514,0.5968,5
401736144,WNBA,2025-05-29 23:00:00+00:00,New York Liberty,Golden State Valkyries,0.9295,0.0705,0.9709,0.0736,5
401736145,WNBA,2025-05-30 00:00:00+00:00,Chicago Sky,Dallas Wings,0.4318,0.5682,0.4539,0.5974,6
401736146,WNBA,2025-05-30 23:30:00+00:00,Indiana Fever,Connecticut Sun,0.8458,0.1542,0.8882,0.162,5
401736148,WNBA,2025-05-31 02:00:00+00:00,Las Vegas Aces,Los Angeles Sparks,0.7877,0.2123,0.8239,0.2221,8
401736149,WNBA,2025-05-31 02:00:00+00:00,Phoenix Mercury,Minnesota Lynx,0.3804,0.6196,0.3965,0.6457,8
401736150,WNBA,2025-05-31 02:00:00+00:00,Seattle Storm,Atlanta Dream,0.6059,0.3941,0.6315,0.4107,8
401736151,WNBA,2025-06-01 00:00:00+00:00,Dallas Wings,Chicago Sky,0.5087,0.4913,0.5329,0.5146,3
401736152,WNBA,2025-06-01 19:00:00+00:00,New York Liberty,Connecticut Sun,0.9304,0.0696,0.9709,0.0726,4
401736153,WNBA,2025-06-01 22:00:00+00:00,Los Angeles Sparks,Phoenix Mercury,0.5197,0.4803,0.5458,0.5045,4
401736154,WNBA,2025-06-01 22:00:00+00:00,Seattle Storm,Las Vegas Aces,0.4676,0.5324,0.4915,0.5595,4
401736155,WNBA,2025-06-02 00:30:00+00:00,Golden State Valkyries,Minnesota Lynx,0.197,0.803,0.2062,0.8404,5
401736156,WNBA,2025-06-03 23:00:00+00:00,Indiana Fever,Washington Mystics,0.6413,0.3587,0.6688,0.3741,9
401736157,WNBA,2025-06-04 00:00:00+00:00,Minnesota Lynx,Phoenix Mercury,0.8458,0.1542,0.8859,0.1615,10
401736158,WNBA,2025-06-04 01:30:00+00:00,Seattle Storm,Dallas Wings,0.7982,0.2018,0.8334,0.2107,10
401736159,WNBA,2025-06-05 23:30:00+00:00,Washington Mystics,New York Liberty,0.1373,0.8627,0.1437,0.9025,10
401736160,WNBA,2025-06-06 02:00:00+00:00,Phoenix Mercury,Golden State Valkyries,0.6577,0.3423,0.6856,0.3568,10
401736161,WNBA,2025-06-06 23:30:00+00:00,Connecticut Sun,Atlanta Dream,0.2017,0.7983,0.2111,0.8354,7
401736162,WNBA,2025-06-07 01:30:00+00:00,Dallas Wings,Los Angeles Sparks,0.4598,0.5402,0.481,0.5651,7
401736163,WNBA,2025-06-07 19:00:00+00:00,Golden State Valkyries,Las Vegas Aces,0.1805,0.8195,0.189,0.8579,7
401736164,WNBA,2025-06-08 00:00:00+00:00,Chicago Sky,Indiana Fever,0.3539,0.6461,0.3711,0.6775,7
401736165,WNBA,2025-06-08 02:00:00+00:00,Phoenix Mercury,Seattle Storm,0.3223,0.6777,0.3377,0.71,7
401736166,WNBA,2025-06-08 19:00:00+00:00,Washington Mystics,Connecticut Sun,0.6766,0.3234,0.7083,0.3385,5
401736167,WNBA,2025-06-08 20:00:00+00:00,Dallas Wings,Minnesota Lynx,0.1714,0.8286,0.1793,0.8666,5
401736168,WNBA,2025-06-10 02:00:00+00:00,Los Angeles Sparks,Golden State Valkyries,0.693,0.307,0.7267,0.322,8
401736169,WNBA,2025-06-10 23:30:00+00:00,Atlanta Dream,Indiana Fever,0.6217,0.3783,0.6501,0.3955,7
401736170,WNBA,2025-06-11 00:00:00+00:00,New York Liberty,Chicago Sky,0.9079,0.0921,0.9498,0.0964,7
401736171,WNBA,2025-06-12 02:00:00+00:00,Las Vegas Aces,Los Angeles Sparks,0.8339,0.1661,0.8754,0.1744,8
401736172,WNBA,2025-06-12 02:00:00+00:00,Phoenix Mercury,Dallas Wings,0.6997,0.3003,0.7334,0.3148,8
401736173,WNBA,2025-06-12 02:00:00+00:00,Seattle Storm,Minnesota Lynx,0.3754,0.6246,0.392,0.6522,8
401736174,WNBA,2025-06-13 23:30:00+00:00,Atlanta Dream,Chicago Sky,0.8373,0.1627,0.8786,0.1708,6
401736175,WNBA,2025-06-14 02:00:00+00:00,Las Vegas Aces,Dallas Wings,0.6729,0.3271,0.7058,0.343,7
401736176,WNBA,2025-06-14 17:00:00+00:00,Minnesota Lynx,Los Angeles Sparks,0.8144,0.1856,0.8499,0.1937,3
401736177,WNBA,2025-06-14 19:00:00+00:00,Indiana Fever,New York Liberty,0.351,0.649,0.368,0.6804,5
401736178,WNBA,2025-06-15 00:30:00+00:00,Golden State Valkyries,Seattle Storm,0.2124,0.7876,0.2228,0.8265,5
401736180,WNBA,2025-06-15 18:00:00+00:00,Washington Mystics,Atlanta Dream,0.3396,0.6604,0.3571,0.6944,2
401736182,WNBA,2025-06-17 23:00:00+00:00,Indiana Fever,Connecticut Sun,0.9064,0.0936,0.9471,0.0978,10
401736183,WNBA,2025-06-17 23:00:00+00:00,New York Liberty,Atlanta Dream,0.7538,0.2462,0.7881,0.2574,10
401736184,WNBA,2025-06-18 00:00:00+00:00,Chicago Sky,Washington Mystics,0.3728,0.6272,0.3883,0.6533,10
401736185,WNBA,2025-06-18 00:00:00+00:00,Dallas Wings,Golden State Valkyries,0.5911,0.4089,0.6154,0.4257,10
401736186,WNBA,2025-06-18 00:00:00+00:00,Minnesota Lynx,Las Vegas Aces,0.8536,0.1464,0.8937,0.1533,10
401736187,WNBA,2025-06-18 02:00:00+00:00,Los Angeles Sparks,Seattle Storm,0.2625,0.7375,0.2749,0.7723,8
401736190,WNBA,2025-06-20 02:00:00+00:00,Golden State Valkyries,Indiana Fever,0.1702,0.8298,0.1784,0.8696,4
401736191,WNBA,2025-06-20 23:30:00+00:00,Atlanta Dream,Washington Mystics,0.7381,0.2619,0.7742,0.2747,6
401736192,WNBA,2025-06-20 23:30:00+00:00,Connecticut Sun,Dallas Wings,0.3764,0.6236,0.3945,0.6536,6
401736193,WNBA,2025-06-21 02:00:00+00:00,Las Vegas Aces,Seattle Storm,0.4363,0.5637,0.4565,0.5898,7
401736194,WNBA,2025-06-21 17:00:00+00:00,Chicago Sky,Phoenix Mercury,0.2533,0.7467,0.2644,0.7792,3
401736195,WNBA,2025-06-22 00:00:00+00:00,Minnesota Lynx,Los Angeles Sparks,0.7981,0.2019,0.8364,0.2116,7
401736197,WNBA,2025-06-22 19:00:00+00:00,Washington Mystics,Dallas Wings,0.5886,0.4114,0.6152,0.43,7
401736198,WNBA,2025-06-22 19:00:00+00:00,Las Vegas Aces,Indiana Fever,0.4664,0.5336,0.4888,0.5592,7
401736199,WNBA,2025-06-22 23:00:00+00:00,Seattle Storm,New York Liberty,0.3734,0.6266,0.3906,0.6554,7
401736200,WNBA,2025-06-23 00:30:00+00:00,Golden State Valkyries,Connecticut Sun,0.7523,0.2477,0.7884,0.2596,7
401736201,WNBA,2025-06-25 00:00:00+00:00,Washington Mystics,Minnesota Lynx,0.2923,0.7077,0.3067,0.7424,7
401736202,WNBA,2025-06-25 00:00:00+00:00,Chicago Sky,Los Angeles Sparks,0.3295,0.6705,0.3451,0.7022,7
401736203,WNBA,2025-06-25 00:00:00+00:00,Dallas Wings,Atlanta Dream,0.2229,0.7771,0.2337,0.8151,7
401736204,WNBA,2025-06-25 02:00:00+00:00,Seattle Storm,Indiana Fever,0.5761,0.4239,0.6016,0.4427,7
401736205,WNBA,2025-06-26 02:00:00+00:00,Golden State Valkyries,New York Liberty,0.227,0.773,0.238,0.8105,5
401736206,WNBA,2025-06-26 02:00:00+00:00,Las Vegas Aces,Connecticut Sun,0.9236,0.0764,0.9709,0.0803,6
401736207,WNBA,2025-06-26 23:00:00+00:00,Indiana Fever,Los Angeles Sparks,0.8089,0.1911,0.8493,0.2007,4
401736208,WNBA,2025-06-27 02:00:00+00:00,Las Vegas Aces,Washington Mystics,0.7721,0.2279,0.8115,0.2395,4
401736209,WNBA,2025-06-27 23:30:00+00:00,Atlanta Dream,Minnesota Lynx,0.5275,0.4725,0.555,0.4971,5
401736210,WNBA,2025-06-27 23:30:00+00:00,Dallas Wings,Indiana Fever,0.3651,0.6349,0.3833,0.6667,4
401736211,WNBA,2025-06-28 02:00:00+00:00,Golden State Valkyries,Chicago Sky,0.7595,0.2405,0.7964,0.2522,5
401736212,WNBA,2025-06-28 02:00:00+00:00,Phoenix Mercury,New York Liberty,0.4656,0.5344,0.4889,0.5612,5
401736213,WNBA,2025-06-28 02:00:00+00:00,Seattle Storm,Connecticut Sun,0.9256,0.0744,0.9691,0.0779,5
401736214,WNBA,2025-06-29 00:00:00+00:00,Dallas Wings,Washington Mystics,0.4342,0.5658,0.4542,0.5918,6
401736215,WNBA,2025-06-29 19:00:00+00:00,Atlanta Dream,New York Liberty,0.3774,0.6226,0.3945,0.6509,6
401736216,WNBA,2025-06-29 20:00:00+00:00,Los Angeles Sparks,Chicago Sky,0.688,0.312,0.7212,0.327,6
401736217,WNBA,2025-06-29 22:00:00+00:00,Phoenix Mercury,Las Vegas Aces,0.7245,0.2755,0.7598,0.2889,6
401736218,WNBA,2025-06-29 23:00:00+00:00,Minnesota Lynx,Connecticut Sun,0.9385,0.0615,0.9804,0.0643,6
401736219,WNBA,2025-06-30 00:30:00+00:00,Golden State Valkyries,Seattle Storm,0.3423,0.6577,0.3594,0.6905,6
401736430,WNBA,2025-07-02 00:00:00+00:00,Minnesota Lynx,Indiana Fever,0.7027,0.2973,0.7353,0.3112,5
401736220,WNBA,2025-07-03 23:00:00+00:00,Indiana Fever,Las Vegas Aces,0.3729,0.6271,0.3917,0.6587,7
401736221,WNBA,2025-07-03 23:00:00+00:00,New York Liberty,Los Angeles Sparks,0.8209,0.1791,0.8643,0.1886,7
401736222,WNBA,2025-07-03 23:30:00+00:00,Atlanta Dream,Seattle Storm,0.4706,0.5294,0.4955,0.5574,7
401736223,WNBA,2025-07-04 00:00:00+00:00,Dallas Wings,Phoenix Mercury,0.2042,0.7958,0.2148,0.8374,7
401736224,WNBA,2025-07-04 00:00:00+00:00,Minnesota Lynx,Washington Mystics,0.8512,0.1488,0.8959,0.1566,8
401736225,WNBA,2025-07-05 23:00:00+00:00,Indiana Fever,Los Angeles Sparks,0.6784,0.3216,0.7098,0.3365,10
401736226,WNBA,2025-07-06 00:00:00+00:00,Minnesota Lynx,Golden State Valkyries,0.7847,0.2153,0.8238,0.2261,10
401736228,WNBA,2025-07-06 17:00:00+00:00,New York Liberty,Seattle Storm,0.6587,0.3413,0.6939,0.3595,7
401736227,WNBA,2025-07-06 20:00:00+00:00,Connecticut Sun,Las Vegas Aces,0.0989,0.9011,0.1041,0.9479,6
401736229,WNBA,2025-07-06 23:00:00+00:00,Minnesota Lynx,Chicago Sky,0.8923,0.1077,0.9379,0.1132,8
401736230,WNBA,2025-07-07 23:30:00+00:00,Atlanta Dream,Golden State Valkyries,0.7002,0.2998,0.7377,0.3159,7
401736231,WNBA,2025-07-08 02:00:00+00:00,Phoenix Mercury,Dallas Wings,0.6831,0.3169,0.7174,0.3328,9
401736232,WNBA,2025-07-08 15:30:00+00:00,Washington Mystics,Chicago Sky,0.644,0.356,0.678,0.3748,7
401736233,WNBA,2025-07-09 00:00:00+00:00,New York Liberty,Las Vegas Aces,0.653,0.347,0.6856,0.3643,9
401736234,WNBA,2025-07-09 15:00:00+00:00,Connecticut Sun,Seattle Storm,0.0831,0.9169,0.0873,0.9629,7
401736235,WNBA,2025-07-09 16:00:00+00:00,Indiana Fever,Golden State Valkyries,0.7035,0.2965,0.7427,0.313,6
401736237,WNBA,2025-07-10 00:00:00+00:00,Chicago Sky,Dallas Wings,0.5239,0.4761,0.5518,0.5014,8
401736239,WNBA,2025-07-10 23:30:00+00:00,Washington Mystics,Las Vegas Aces,0.4978,0.5022,0.5242,0.5288,6
401736240,WNBA,2025-07-11 23:30:00+00:00,Indiana Fever,Atlanta Dream,0.5665,0.4335,0.5944,0.4548,8
401736241,WNBA,2025-07-12 02:00:00+00:00,Seattle Storm,Connecticut Sun,0.9204,0.0796,0.9662,0.0836,8
401736242,WNBA,2025-07-12 17:00:00+00:00,Chicago Sky,Minnesota Lynx,0.1975,0.8025,0.2069,0.8406,5
401736243,WNBA,2025-07-12 20:00:00+00:00,Las Vegas Aces,Golden State Valkyries,0.5142,0.4858,0.5399,0.51,5
401736244,WNBA,2025-07-13 17:00:00+00:00,Indiana Fever,Dallas Wings,0.8129,0.1871,0.8536,0.1965,6
401736245,WNBA,2025-07-13 19:00:00+00:00,New York Liberty,Atlanta Dream,0.6117,0.3883,0.6394,0.4059,7
401736246,WNBA,2025-07-13 22:00:00+00:00,Los Angeles Sparks,Connecticut Sun,0.8345,0.1655,0.8751,0.1735,7
401736247,WNBA,2025-07-13 22:00:00+00:00,Seattle Storm,Washington Mystics,0.6843,0.3157,0.718,0.3313,7
401736248,WNBA,2025-07-15 00:00:00+00:00,Chicago Sky,Minnesota Lynx,0.1813,0.8187,0.1907,0.8611,7
401736249,WNBA,2025-07-15 02:00:00+00:00,Golden State Valkyries,Phoenix Mercury,0.5504,0.4496,0.5783,0.4724,6
401736250,WNBA,2025-07-16 00:00:00+00:00,Connecticut Sun,Indiana Fever,0.096,0.904,0.1009,0.9499,7
401736251,WNBA,2025-07-16 02:00:00+00:00,Los Angeles Sparks,Washington Mystics,0.4743,0.5257,0.4997,0.5539,7
401736252,WNBA,2025-07-16 16:00:00+00:00,Chicago Sky,Atlanta Dream,0.3189,0.6811,0.336,0.7177,6
401736253,WNBA,2025-07-16 17:00:00+00:00,Minnesota Lynx,Phoenix Mercury,0.7436,0.2564,0.7814,0.2694,5
401736254,WNBA,2025-07-16 19:00:00+00:00,Seattle Storm,Golden State Valkyries,0.656,0.344,0.6933,0.3635,4
401736256,WNBA,2025-07-17 00:00:00+00:00,Dallas Wings,Las Vegas Aces,0.3435,0.6565,0.3615,0.691,8
401736257,WNBA,2025-07-22 23:30:00+00:00,Washington Mystics,Los Angeles Sparks,0.5802,0.4198,0.6059,0.4383,11
401736258,WNBA,2025-07-23 00:00:00+00:00,New York Liberty,Indiana Fever,0.8198,0.1802,0.8602,0.189,11
401736259,WNBA,2025-07-23 00:00:00+00:00,Minnesota Lynx,Chicago Sky,0.8827,0.1173,0.9261,0.123,11
401736260,WNBA,2025-07-23 02:00:00+00:00,Las Vegas Aces,Atlanta Dream,0.5008,0.4992,0.5276,0.5258,8
401736261,WNBA,2025-07-23 02:00:00+00:00,Seattle Storm,Dallas Wings,0.7826,0.2174,0.8222,0.2284,11
401736263,WNBA,2025-07-24 23:00:00+00:00,Connecticut Sun,Los Angeles Sparks,0.3081,0.6919,0.3245,0.7287,8
401736264,WNBA,2025-07-24 23:00:00+00:00,Indiana Fever,Las Vegas Aces,0.3893,0.6107,0.4086,0.6411,8
401736265,WNBA,2025-07-25 00:30:00+00:00,Chicago Sky,Seattle Storm,0.2349,0.7651,0.2467,0.8037,9
401736266,WNBA,2025-07-25 23:30:00+00:00,New York Liberty,Phoenix Mercury,0.6869,0.3131,0.7249,0.3305,7
401736268,WNBA,2025-07-26 02:00:00+00:00,Golden State Valkyries,Dallas Wings,0.6018,0.3982,0.632,0.4181,8
401736271,WNBA,2025-07-26 23:30:00+00:00,Washington Mystics,Seattle Storm,0.3528,0.6472,0.3708,0.6804,8
401736272,WNBA,2025-07-27 17:00:00+00:00,Connecticut Sun,Golden State Valkyries,0.291,0.709,0.3069,0.7476,5
401736273,WNBA,2025-07-27 20:00:00+00:00,Dallas Wings,Las Vegas Aces,0.3197,0.6803,0.3365,0.7162,6
401736275,WNBA,2025-07-27 23:00:00+00:00,Minnesota Lynx,Atlanta Dream,0.7573,0.2427,0.7956,0.2549,7
401736276,WNBA,2025-07-28 23:00:00+00:00,Connecticut Sun,Seattle Storm,0.2074,0.7926,0.2186,0.8351,4
401736277,WNBA,2025-07-29 00:00:00+00:00,Dallas Wings,New York Liberty,0.2512,0.7488,0.2638,0.7863,5
401736278,WNBA,2025-07-29 23:30:00+00:00,Atlanta Dream,Golden State Valkyries,0.7468,0.2532,0.7834,0.2656,9
401736279,WNBA,2025-07-29 23:30:00+00:00,Washington Mystics,Chicago Sky,0.6984,0.3016,0.7348,0.3174,9
401736280,WNBA,2025-07-30 02:00:00+00:00,Los Angeles Sparks,Las Vegas Aces,0.4379,0.5621,0.4597,0.59,9
401736281,WNBA,2025-07-30 23:00:00+00:00,Indiana Fever,Phoenix Mercury,0.3955,0.6045,0.4148,0.6342,8
401736283,WNBA,2025-07-31 00:00:00+00:00,Minnesota Lynx,New York Liberty,0.7386,0.2614,0.7754,0.2745,9
401736284,WNBA,2025-07-31 23:30:00+00:00,Washington Mystics,Golden State Valkyries,0.5499,0.4501,0.5798,0.4745,6
401736285,WNBA,2025-08-01 23:30:00+00:00,Atlanta Dream,Phoenix Mercury,0.4116,0.5884,0.4317,0.6171,8
401736286,WNBA,2025-08-01 23:30:00+00:00,Connecticut Sun,New York Liberty,0.1771,0.8229,0.1864,0.8659,8
401736288,WNBA,2025-08-01 23:30:00+00:00,Dallas Wings,Indiana Fever,0.406,0.594,0.4264,0.6237,8
401736289,WNBA,2025-08-02 02:00:00+00:00,Seattle Storm,Los Angeles Sparks,0.6806,0.3194,0.7164,0.3362,8
401736290,WNBA,2025-08-02 19:00:00+00:00,Las Vegas Aces,Minnesota Lynx,0.3179,0.6821,0.335,0.7187,7
401736292,WNBA,2025-08-03 17:00:00+00:00,Connecticut Sun,New York Liberty,0.1838,0.8162,0.1937,0.8602,7
401736291,WNBA,2025-08-03 19:00:00+00:00,Atlanta Dream,Washington Mystics,0.7188,0.2812,0.7578,0.2964,7
401736295,WNBA,2025-08-03 19:00:00+00:00,Seattle Storm,Indiana Fever,0.5595,0.4405,0.5889,0.4637,7
401736293,WNBA,2025-08-03 22:00:00+00:00,Chicago Sky,Phoenix Mercury,0.1944,0.8056,0.2042,0.8462,9
401736294,WNBA,2025-08-03 22:00:00+00:00,Las Vegas Aces,Golden State Valkyries,0.6393,0.3607,0.6698,0.378,6
401736296,WNBA,2025-08-05 23:00:00+00:00,New York Liberty,Dallas Wings,0.7846,0.2154,0.8257,0.2267,8
401736297,WNBA,2025-08-06 00:00:00+00:00,Chicago Sky,Washington Mystics,0.2636,0.7364,0.2773,0.7746,8
401736298,WNBA,2025-08-06 02:00:00+00:00,Los Angeles Sparks,Indiana Fever,0.4685,0.5315,0.4933,0.5596,8
401736299,WNBA,2025-08-06 02:00:00+00:00,Phoenix Mercury,Connecticut Sun,0.8837,0.1163,0.9303,0.1225,8
401736300,WNBA,2025-08-06 02:00:00+00:00,Seattle Storm,Minnesota Lynx,0.5343,0.4657,0.5608,0.4888,11
401736301,WNBA,2025-08-07 02:00:00+00:00,Golden State Valkyries,Las Vegas Aces,0.3095,0.6905,0.3254,0.7261,8
401736302,WNBA,2025-08-08 00:00:00+00:00,Chicago Sky,Atlanta Dream,0.2223,0.7777,0.2343,0.8198,8
401736303,WNBA,2025-08-08 02:00:00+00:00,Los Angeles Sparks,Connecticut Sun,0.8261,0.1739,0.8706,0.1833,8
401736304,WNBA,2025-08-08 02:00:00+00:00,Phoenix Mercury,Indiana Fever,0.6329,0.3671,0.6641,0.3852,8
401736305,WNBA,2025-08-08 23:30:00+00:00,Dallas Wings,New York Liberty,0.2565,0.7435,0.2689,0.7796,7
401736306,WNBA,2025-08-08 23:30:00+00:00,Minnesota Lynx,Washington Mystics,0.7968,0.2032,0.8374,0.2135,7
401736307,WNBA,2025-08-09 02:00:00+00:00,Las Vegas Aces,Seattle Storm,0.5168,0.4832,0.5442,0.5089,9
401736309,WNBA,2025-08-10 00:00:00+00:00,Indiana Fever,Chicago Sky,0.8059,0.1941,0.8475,0.2041,7
401736308,WNBA,2025-08-10 00:30:00+00:00,Golden State Valkyries,Los Angeles Sparks,0.4834,0.5166,0.509,0.544,6
401736310,WNBA,2025-08-10 16:30:00+00:00,New York Liberty,Minnesota Lynx,0.5929,0.4071,0.6207,0.4262,7
401736311,WNBA,2025-08-10 20:00:00+00:00,Dallas Wings,Washington Mystics,0.55,0.45,0.5782,0.4731,7
401736313,WNBA,2025-08-10 22:00:00+00:00,Phoenix Mercury,Atlanta Dream,0.6013,0.3987,0.6302,0.4178,7
401736312,WNBA,2025-08-11 00:00:00+00:00,Los Angeles Sparks,Seattle Storm,0.4113,0.5887,0.4312,0.6171,7
401736314,WNBA,2025-08-11 01:00:00+00:00,Las Vegas Aces,Connecticut Sun,0.857,0.143,0.8998,0.1501,7
401736315,WNBA,2025-08-12 02:00:00+00:00,Golden State Valkyries,Connecticut Sun,0.7733,0.2267,0.8131,0.2384,6
401736316,WNBA,2025-08-12 23:30:00+00:00,Indiana Fever,Dallas Wings,0.7042,0.2958,0.7398,0.3108,9
401736317,WNBA,2025-08-13 02:00:00+00:00,Los Angeles Sparks,New York Liberty,0.4073,0.5927,0.4265,0.6207,9
401736318,WNBA,2025-08-13 23:00:00+00:00,Connecticut Sun,Chicago Sky,0.547,0.453,0.5743,0.4755,9
401736319,WNBA,2025-08-13 23:30:00+00:00,Washington Mystics,Golden State Valkyries,0.5357,0.4643,0.5636,0.4884,8
401736320,WNBA,2025-08-14 01:30:00+00:00,Las Vegas Aces,New York Liberty,0.5545,0.4455,0.5823,0.4678,9
401736321,WNBA,2025-08-14 02:00:00+00:00,Seattle Storm,Atlanta Dream,0.489,0.511,0.5152,0.5384,8
401736322,WNBA,2025-08-15 23:30:00+00:00,Indiana Fever,Washington Mystics,0.7563,0.2437,0.7937,0.2558,11
401736323,WNBA,2025-08-15 23:30:00+00:00,Chicago Sky,Golden State Valkyries,0.3014,0.6986,0.3162,0.733,11
401736325,WNBA,2025-08-16 02:00:00+00:00,Atlanta Dream,Seattle Storm,0.5689,0.4311,0.5954,0.4511,11
401736326,WNBA,2025-08-16 02:00:00+00:00,Phoenix Mercury,Las Vegas Aces,0.6316,0.3684,0.66,0.385,11
401736327,WNBA,2025-08-16 18:00:00+00:00,Minnesota Lynx,New York Liberty,0.557,0.443,0.5853,0.4655,8
401736329,WNBA,2025-08-17 17:00:00+00:00,Connecticut Sun,Indiana Fever,0.2559,0.7441,0.2684,0.7805,7
401736328,WNBA,2025-08-17 19:00:00+00:00,Washington Mystics,Los Angeles Sparks,0.3231,0.6769,0.3397,0.7116,7
401736330,WNBA,2025-08-17 19:30:00+00:00,Las Vegas Aces,Dallas Wings,0.803,0.197,0.8455,0.2075,7
401736331,WNBA,2025-08-17 22:00:00+00:00,Seattle Storm,Phoenix Mercury,0.4852,0.5148,0.5103,0.5414,7
401736332,WNBA,2025-08-18 00:30:00+00:00,Golden State Valkyries,Atlanta Dream,0.3481,0.6519,0.3662,0.6857,8
401736333,WNBA,2025-08-19 23:00:00+00:00,New York Liberty,Minnesota Lynx,0.5518,0.4482,0.5781,0.4695,11
401736334,WNBA,2025-08-19 23:30:00+00:00,Washington Mystics,Connecticut Sun,0.6956,0.3044,0.73,0.3195,11
401736335,WNBA,2025-08-20 00:00:00+00:00,Chicago Sky,Seattle Storm,0.1625,0.8375,0.1705,0.8788,11
401736336,WNBA,2025-08-20 02:00:00+00:00,Las Vegas Aces,Atlanta Dream,0.5354,0.4646,0.5619,0.4876,11
401736337,WNBA,2025-08-20 02:00:00+00:00,Golden State Valkyries,Phoenix Mercury,0.2951,0.7049,0.3095,0.739,11
401736338,WNBA,2025-08-21 02:00:00+00:00,Los Angeles Sparks,Dallas Wings,0.7329,0.2671,0.7701,0.2806,8
401736339,WNBA,2025-08-21 23:00:00+00:00,Connecticut Sun,Washington Mystics,0.4295,0.5705,0.4509,0.5989,8
401736340,WNBA,2025-08-21 23:00:00+00:00,New York Liberty,Chicago Sky,0.8671,0.1329,0.9123,0.1399,8
401736341,WNBA,2025-08-21 23:30:00+00:00,Atlanta Dream,Minnesota Lynx,0.448,0.552,0.4709,0.5802,8
401736342,WNBA,2025-08-22 02:00:00+00:00,Las Vegas Aces,Phoenix Mercury,0.5332,0.4668,0.5605,0.4907,9
401736344,WNBA,2025-08-22 23:30:00+00:00,Dallas Wings,Seattle Storm,0.2675,0.7325,0.2809,0.7693,7
401736346,WNBA,2025-08-23 18:00:00+00:00,Atlanta Dream,New York Liberty,0.5509,0.4491,0.5801,0.4728,5
401736347,WNBA,2025-08-23 19:00:00+00:00,Washington Mystics,Las Vegas Aces,0.2596,0.7404,0.2722,0.7761,7
401736350,WNBA,2025-08-24 20:00:00+00:00,Dallas Wings,Golden State Valkyries,0.4266,0.5734,0.4489,0.6035,5
401736351,WNBA,2025-08-24 23:00:00+00:00,Minnesota Lynx,Indiana Fever,0.8254,0.1746,0.8687,0.1837,8
401736352,WNBA,2025-08-25 23:00:00+00:00,New York Liberty,Connecticut Sun,0.8527,0.1473,0.8956,0.1547,6
401736353,WNBA,2025-08-26 00:00:00+00:00,Chicago Sky,Las Vegas Aces,0.1777,0.8223,0.1871,0.866,8
401736354,WNBA,2025-08-26 23:00:00+00:00,Indiana Fever,Seattle Storm,0.4115,0.5885,0.4315,0.617,8
401736355,WNBA,2025-08-27 02:00:00+00:00,Los Angeles Sparks,Phoenix Mercury,0.3773,0.6227,0.3952,0.6524,9
401736356,WNBA,2025-08-27 23:30:00+00:00,Atlanta Dream,Las Vegas Aces,0.5622,0.4378,0.59,0.4596,8
401736357,WNBA,2025-08-28 00:00:00+00:00,Dallas Wings,Connecticut Sun,0.4113,0.5887,0.4304,0.6161,8
401736358,WNBA,2025-08-28 23:00:00+00:00,New York Liberty,Washington Mystics,0.8474,0.1526,0.8917,0.1606,7
401736359,WNBA,2025-08-29 00:00:00+00:00,Minnesota Lynx,Seattle Storm,0.7513,0.2487,0.7892,0.2612,7
401736360,WNBA,2025-08-29 02:00:00+00:00,Phoenix Mercury,Chicago Sky,0.8571,0.1429,0.9,0.1501,9
401736361,WNBA,2025-08-29 23:30:00+00:00,Atlanta Dream,Dallas Wings,0.863,0.137,0.905,0.1436,8
401736362,WNBA,2025-08-30 02:00:00+00:00,Los Angeles Sparks,Indiana Fever,0.526,0.474,0.5535,0.4989,8
401736363,WNBA,2025-08-30 23:00:00+00:00,Connecticut Sun,Minnesota Lynx,0.1253,0.8747,0.1314,0.9175,8
401736364,WNBA,2025-08-31 00:30:00+00:00,Golden State Valkyries,Washington Mystics,0.6689,0.3311,0.7018,0.3474,8
401736365,WNBA,2025-08-31 01:00:00+00:00,Seattle Storm,Chicago Sky,0.8662,0.1338,0.9092,0.1404,9
401736366,WNBA,2025-08-31 02:00:00+00:00,Phoenix Mercury,New York Liberty,0.5134,0.4866,0.5396,0.5115,9
401736367,WNBA,2025-09-01 00:00:00+00:00,Los Angeles Sparks,Washington Mystics,0.7399,0.2601,0.7778,0.2735,7
401736368,WNBA,2025-09-01 00:30:00+00:00,Golden State Valkyries,Indiana Fever,0.4582,0.5418,0.4829,0.5709,5
401736369,WNBA,2025-09-01 17:00:00+00:00,Connecticut Sun,Atlanta Dream,0.181,0.819,0.19,0.8597,6
401736370,WNBA,2025-09-02 00:00:00+00:00,Minnesota Lynx,Dallas Wings,0.8819,0.1181,0.9261,0.124,8
401736371,WNBA,2025-09-02 02:00:00+00:00,Seattle Storm,Los Angeles Sparks,0.6908,0.3092,0.726,0.325,8
401736372,WNBA,2025-09-03 02:00:00+00:00,Golden State Valkyries,New York Liberty,0.3145,0.6855,0.3305,0.7202,8
401736373,WNBA,2025-09-03 02:00:00+00:00,Phoenix Mercury,Indiana Fever,0.6811,0.3189,0.7145,0.3345,9
401736374,WNBA,2025-09-03 23:30:00+00:00,Atlanta Dream,Los Angeles Sparks,0.7117,0.2883,0.7479,0.303,7
401736375,WNBA,2025-09-04 00:00:00+00:00,Chicago Sky,Connecticut Sun,0.5055,0.4945,0.5317,0.5201,7
401736376,WNBA,2025-09-04 23:30:00+00:00,Washington Mystics,Phoenix Mercury,0.2128,0.7872,0.2237,0.8277,6
401736377,WNBA,2025-09-05 02:00:00+00:00,Golden State Valkyries,Dallas Wings,0.822,0.178,0.8633,0.1869,7
401736378,WNBA,2025-09-05 02:00:00+00:00,Las Vegas Aces,Minnesota Lynx,0.4544,0.5456,0.4775,0.5734,8
401736379,WNBA,2025-09-05 23:30:00+00:00,Atlanta Dream,Los Angeles Sparks,0.6676,0.3324,0.702,0.3495,8
401736380,WNBA,2025-09-05 23:30:00+00:00,Indiana Fever,Chicago Sky,0.8697,0.1303,0.9154,0.1371,8
401736381,WNBA,2025-09-06 02:00:00+00:00,Seattle Storm,New York Liberty,0.5458,0.4542,0.5727,0.4767,9
401736382,WNBA,2025-09-06 17:00:00+00:00,Connecticut Sun,Phoenix Mercury,0.1823,0.8177,0.1917,0.8597,6
401736383,WNBA,2025-09-07 00:30:00+00:00,Golden State Valkyries,Minnesota Lynx,0.2856,0.7144,0.301,0.7529,6
401736384,WNBA,2025-09-07 19:00:00+00:00,Washington Mystics,Indiana Fever,0.2867,0.7133,0.3019,0.7513,7
401736385,WNBA,2025-09-07 22:00:00+00:00,Los Angeles Sparks,Dallas Wings,0.7928,0.2072,0.8334,0.2178,8
401736386,WNBA,2025-09-08 01:00:00+00:00,Las Vegas Aces,Chicago Sky,0.9122,0.0878,0.957,0.0921,8
401736387,WNBA,2025-09-08 23:30:00+00:00,Atlanta Dream,Connecticut Sun,0.8565,0.1435,0.8989,0.1507,8
401736388,WNBA,2025-09-09 23:00:00+00:00,New York Liberty,Washington Mystics,0.8358,0.1642,0.8802,0.1729,8
401736389,WNBA,2025-09-09 23:30:00+00:00,Indiana Fever,Minnesota Lynx,0.4358,0.5642,0.4585,0.5936,7
401736390,WNBA,2025-09-10 02:00:00+00:00,Las Vegas Aces,Chicago Sky,0.9218,0.0782,0.9678,0.0821,9
401736391,WNBA,2025-09-10 02:00:00+00:00,Phoenix Mercury,Los Angeles Sparks,0.7256,0.2744,0.7628,0.2885,9
401736392,WNBA,2025-09-10 02:00:00+00:00,Seattle Storm,Golden State Valkyries,0.7047,0.2953,0.7408,0.3104,8
401736393,WNBA,2025-09-10 23:00:00+00:00,Connecticut Sun,Atlanta Dream,0.1268,0.8732,0.1335,0.9187,7
401736394,WNBA,2025-09-12 00:00:00+00:00,Chicago Sky,New York Liberty,0.2111,0.7889,0.222,0.8297,9
401736395,WNBA,2025-09-12 00:00:00+00:00,Dallas Wings,Phoenix Mercury,0.3699,0.6301,0.3879,0.6609,9
401736396,WNBA,2025-09-12 00:00:00+00:00,Minnesota Lynx,Golden State Valkyries,0.6901,0.3099,0.7256,0.3258,8
401736397,WNBA,2025-09-12 02:00:00+00:00,Los Angeles Sparks,Las Vegas Aces,0.1735,0.8265,0.1822,0.868,9
401820313,WNBA,2025-09-14 19:00:00+00:00,Atlanta Dream,Indiana Fever,0.7245,0.2755,0.7597,0.2889,11
401820314,WNBA,2025-09-14 21:00:00+00:00,Phoenix Mercury,New York Liberty,0.4683,0.5317,0.4916,0.5582,11
401820316,WNBA,2025-09-16 23:30:00+00:00,Indiana Fever,Atlanta Dream,0.3874,0.6126,0.4046,0.6397,11
401820317,WNBA,2025-09-17 01:30:00+00:00,Seattle Storm,Las Vegas Aces,0.3526,0.6474,0.3688,0.6771,11
401820318,WNBA,2025-09-18 00:00:00+00:00,New York Liberty,Phoenix Mercury,0.5684,0.4316,0.5947,0.4516,11
401820320,WNBA,2025-09-18 23:30:00+00:00,Atlanta Dream,Indiana Fever,0.7371,0.2629,0.7731,0.2758,11
401820321,WNBA,2025-09-19 01:30:00+00:00,Las Vegas Aces,Seattle Storm,0.7495,0.2505,0.7853,0.2624,11
401820324,WNBA,2025-09-20 01:00:00+00:00,Phoenix Mercury,New York Liberty,0.5561,0.4439,0.5827,0.4652,11
401820328,WNBA,2025-09-21 21:00:00+00:00,Minnesota Lynx,Phoenix Mercury,0.729,0.271,0.7645,0.2843,11
401820330,WNBA,2025-09-23 23:30:00+00:00,Minnesota Lynx,Phoenix Mercury,0.7492,0.2508,0.7858,0.263,11
401820333,WNBA,2025-09-27 01:40:00+00:00,Phoenix Mercury,Minnesota Lynx,0.3996,0.6004,0.4181,0.628,11
401820338,WNBA,2025-09-29 00:00:00+00:00,Phoenix Mercury,Minnesota Lynx,0.6203,0.3797,0.6485,0.3969,11
401866518,WNBA,2026-04-30 23:00:00+00:00,Indiana Fever,Dallas Wings,0.6716,0.3284,0.7042,0.3444,3
401867793,WNBA,2026-05-02 00:00:00+00:00,Minnesota Lynx,Toronto Tempo,0.6857,0.3143,0.7179,0.329,3
401867795,WNBA,2026-05-03 19:00:00+00:00,Atlanta Dream,Washington Mystics,0.7055,0.2945,0.7408,0.3092,4
401866519,WNBA,2026-05-03 21:00:00+00:00,Connecticut Sun,New York Liberty,0.1831,0.8169,0.1921,0.8566,4
401866520,WNBA,2026-05-03 23:00:00+00:00,Dallas Wings,Las Vegas Aces,0.3292,0.6708,0.345,0.7031,4
401866521,WNBA,2026-05-03 23:00:00+00:00,Portland Fire,Los Angeles Sparks,0.2881,0.7119,0.302,0.7465,4
401856890,WNBA,2026-05-08 23:30:00+00:00,New York Liberty,Connecticut Sun,0.8369,0.1631,0.879,0.1714,10
401856891,WNBA,2026-05-08 23:30:00+00:00,Toronto Tempo,Washington Mystics,0.5033,0.4967,0.529,0.5219,10
401856892,WNBA,2026-05-09 02:00:00+00:00,Seattle Storm,Golden State Valkyries,0.3139,0.6861,0.3292,0.7195,11
401856893,WNBA,2026-05-09 17:00:00+00:00,Indiana Fever,Dallas Wings,0.7056,0.2944,0.7393,0.3084,10
401856894,WNBA,2026-05-09 19:30:00+00:00,Las Vegas Aces,Phoenix Mercury,0.7445,0.2555,0.7776,0.2669,10
401856899,WNBA,2026-05-10 00:00:00+00:00,Minnesota Lynx,Atlanta Dream,0.4002,0.5998,0.4165,0.6243,10
401856895,WNBA,2026-05-10 01:00:00+00:00,Portland Fire,Chicago Sky,0.3429,0.6571,0.3578,0.6856,10
401856896,WNBA,2026-05-10 17:00:00+00:00,Connecticut Sun,Seattle Storm,0.4505,0.5495,0.4709,0.5745,3
401856897,WNBA,2026-05-10 19:00:00+00:00,Washington Mystics,New York Liberty,0.2926,0.7074,0.3058,0.7395,4
401856900,WNBA,2026-05-11 00:30:00+00:00,Golden State Valkyries,Phoenix Mercury,0.525,0.475,0.5499,0.4975,6
401856901,WNBA,2026-05-13 00:00:00+00:00,Dallas Wings,Atlanta Dream,0.428,0.572,0.4478,0.5986,7
401856902,WNBA,2026-05-13 02:00:00+00:00,Phoenix Mercury,Minnesota Lynx,0.6133,0.3867,0.6389,0.4028,9
401856903,WNBA,2026-05-13 02:00:00+00:00,Portland Fire,New York Liberty,0.1494,0.8506,0.1564,0.8902,9
401856904,WNBA,2026-05-13 23:00:00+00:00,Toronto Tempo,Seattle Storm,0.5969,0.4031,0.6246,0.4218,6
401856905,WNBA,2026-05-14 00:00:00+00:00,Connecticut Sun,Las Vegas Aces,0.1291,0.8709,0.1348,0.9091,6
401856906,WNBA,2026-05-14 02:00:00+00:00,Golden State Valkyries,Chicago Sky,0.665,0.335,0.6968,0.351,11
401856907,WNBA,2026-05-14 02:30:00+00:00,Los Angeles Sparks,Indiana Fever,0.4634,0.5366,0.4859,0.5626,11
401856908,WNBA,2026-05-15 00:00:00+00:00,Dallas Wings,Minnesota Lynx,0.5944,0.4056,0.6184,0.4221,7
401856909,WNBA,2026-05-15 02:00:00+00:00,Portland Fire,New York Liberty,0.1756,0.8244,0.1838,0.8629,9
401856910,WNBA,2026-05-15 23:30:00+00:00,Connecticut Sun,Las Vegas Aces,0.1092,0.8908,0.1143,0.9323,7
401856911,WNBA,2026-05-15 23:30:00+00:00,Indiana Fever,Washington Mystics,0.7683,0.2317,0.8046,0.2427,7
401856912,WNBA,2026-05-16 02:00:00+00:00,Los Angeles Sparks,Toronto Tempo,0.7098,0.2902,0.7424,0.3035,7
401856913,WNBA,2026-05-16 02:00:00+00:00,Phoenix Mercury,Chicago Sky,0.6419,0.3581,0.6713,0.3745,7
401856915,WNBA,2026-05-17 17:30:00+00:00,Atlanta Dream,Las Vegas Aces,0.5274,0.4726,0.5522,0.4948,7
401856916,WNBA,2026-05-17 22:00:00+00:00,Indiana Fever,Seattle Storm,0.8105,0.1895,0.8482,0.1983,10
401856914,WNBA,2026-05-17 23:00:00+00:00,Minnesota Lynx,Chicago Sky,0.6505,0.3495,0.6776,0.364,10
401856917,WNBA,2026-05-17 23:00:00+00:00,Los Angeles Sparks,Toronto Tempo,0.7302,0.2698,0.7629,0.2818,10
401856918,WNBA,2026-05-19 00:00:00+00:00,Dallas Wings,Washington Mystics,0.6548,0.3452,0.6827,0.3599,10
401856919,WNBA,2026-05-19 02:00:00+00:00,Portland Fire,Connecticut Sun,0.6092,0.3908,0.6346,0.407,10
401856920,WNBA,2026-05-20 02:00:00+00:00,Phoenix Mercury,Toronto Tempo,0.7372,0.2628,0.7722,0.2753,6
401856921,WNBA,2026-05-20 23:00:00+00:00,Indiana Fever,Portland Fire,0.8597,0.1403,0.8998,0.1468,7
401856922,WNBA,2026-05-21 01:00:00+00:00,Chicago Sky,Dallas Wings,0.4306,0.5694,0.4503,0.5954,6
401856923,WNBA,2026-05-21 02:00:00+00:00,Seattle Storm,Connecticut Sun,0.5761,0.4239,0.6017,0.4428,7
401856924,WNBA,2026-05-22 00:00:00+00:00,New York Liberty,Golden State Valkyries,0.7282,0.2718,0.7625,0.2846,6
401856925,WNBA,2026-05-22 00:00:00+00:00,Minnesota Lynx,Toronto Tempo,0.6958,0.3042,0.7276,0.3181,6
401856926,WNBA,2026-05-22 02:00:00+00:00,Phoenix Mercury,Los Angeles Sparks,0.5643,0.4357,0.5887,0.4545,10
401856927,WNBA,2026-05-22 23:30:00+00:00,Atlanta Dream,Dallas Wings,0.6685,0.3315,0.6983,0.3464,5
401856928,WNBA,2026-05-22 23:30:00+00:00,Indiana Fever,Golden State Valkyries,0.7143,0.2857,0.7453,0.2981,5
401856929,WNBA,2026-05-23 02:00:00+00:00,Seattle Storm,Connecticut Sun,0.5434,0.4566,0.5673,0.4767,5
401856930,WNBA,2026-05-23 17:00:00+00:00,Chicago Sky,Minnesota Lynx,0.4387,0.5613,0.4589,0.5871,3
401856931,WNBA,2026-05-23 22:00:00+00:00,Toronto Tempo,Portland Fire,0.6607,0.3393,0.6913,0.3551,6
401856932,WNBA,2026-05-24 00:00:00+00:00,Las Vegas Aces,Los Angeles Sparks,0.7629,0.2371,0.7979,0.248,6
401856933,WNBA,2026-05-24 19:00:00+00:00,Atlanta Dream,Phoenix Mercury,0.6601,0.3399,0.6917,0.3562,7
401856934,WNBA,2026-05-24 19:30:00+00:00,New York Liberty,Dallas Wings,0.7262,0.2738,0.7611,0.2869,7
401856935,WNBA,2026-05-24 22:00:00+00:00,Seattle Storm,Washington Mystics,0.4286,0.5714,0.4482,0.5975,8
401856937,WNBA,2026-05-26 02:00:00+00:00,Golden State Valkyries,Connecticut Sun,0.84,0.16,0.8811,0.1678,8
401856938,WNBA,2026-05-27 23:00:00+00:00,New York Liberty,Phoenix Mercury,0.6547,0.3453,0.683,0.3602,11
401856939,WNBA,2026-05-28 00:00:00+00:00,Chicago Sky,Toronto Tempo,0.6413,0.3587,0.6681,0.3738,11
401856940,WNBA,2026-05-28 01:00:00+00:00,Minnesota Lynx,Atlanta Dream,0.4325,0.5675,0.4514,0.5922,10
401856942,WNBA,2026-05-28 02:00:00+00:00,Seattle Storm,Washington Mystics,0.4176,0.5824,0.4352,0.6069,10
401856943,WNBA,2026-05-29 00:00:00+00:00,Dallas Wings,Las Vegas Aces,0.4029,0.5971,0.4208,0.6236,8
401856944,WNBA,2026-05-29 02:00:00+00:00,Golden State Valkyries,Indiana Fever,0.4864,0.5136,0.51,0.5385,8
401856945,WNBA,2026-05-29 23:30:00+00:00,New York Liberty,Phoenix Mercury,0.6715,0.3285,0.7023,0.3436,7
401856946,WNBA,2026-05-29 23:30:00+00:00,Washington Mystics,Los Angeles Sparks,0.5544,0.4456,0.581,0.467,7
401856947,WNBA,2026-05-29 23:30:00+00:00,Chicago Sky,Minnesota Lynx,0.3676,0.6324,0.3851,0.6626,7
401856949,WNBA,2026-05-30 17:00:00+00:00,Toronto Tempo,Seattle Storm,0.6165,0.3835,0.6435,0.4003,7
401856952,WNBA,2026-05-31 19:30:00+00:00,Golden State Valkyries,Las Vegas Aces,0.4767,0.5233,0.4989,0.5476,6
401856953,WNBA,2026-06-02 00:00:00+00:00,Dallas Wings,Seattle Storm,0.8174,0.1826,0.8564,0.1913,10
401856954,WNBA,2026-06-02 02:00:00+00:00,Phoenix Mercury,Minnesota Lynx,0.4288,0.5712,0.4471,0.5956,10
401856955,WNBA,2026-06-02 23:30:00+00:00,Atlanta Dream,Connecticut Sun,0.8805,0.1195,0.9223,0.1252,7
401856956,WNBA,2026-06-02 23:30:00+00:00,Washington Mystics,Chicago Sky,0.5252,0.4748,0.5509,0.4981,7
401856958,WNBA,2026-06-03 02:00:00+00:00,Los Angeles Sparks,Las Vegas Aces,0.2754,0.7246,0.2883,0.7584,8
401856959,WNBA,2026-06-03 23:30:00+00:00,New York Liberty,Toronto Tempo,0.7741,0.2259,0.8091,0.2361,5
401856960,WNBA,2026-06-04 02:00:00+00:00,Seattle Storm,Phoenix Mercury,0.3279,0.6721,0.3434,0.7037,6
401856961,WNBA,2026-06-04 23:00:00+00:00,Indiana Fever,Atlanta Dream,0.5138,0.4862,0.5388,0.5099,4
401856962,WNBA,2026-06-05 01:00:00+00:00,Minnesota Lynx,Golden State Valkyries,0.562,0.438,0.5878,0.4582,7
401856963,WNBA,2026-06-05 23:30:00+00:00,Chicago Sky,Connecticut Sun,0.7342,0.2658,0.7694,0.2786,5
401856964,WNBA,2026-06-06 02:00:00+00:00,Los Angeles Sparks,Dallas Wings,0.4606,0.5394,0.482,0.5645,10
401856966,WNBA,2026-06-06 17:00:00+00:00,Minnesota Lynx,Seattle Storm,0.8502,0.1498,0.8903,0.1569,6
401856967,WNBA,2026-06-06 19:00:00+00:00,Las Vegas Aces,Golden State Valkyries,0.6245,0.3755,0.653,0.3926,6
401856968,WNBA,2026-06-06 22:00:00+00:00,Atlanta Dream,Washington Mystics,0.7768,0.2232,0.8131,0.2336,7
401856969,WNBA,2026-06-07 00:00:00+00:00,New York Liberty,Indiana Fever,0.5646,0.4354,0.5903,0.4553,7
401856970,WNBA,2026-06-07 19:00:00+00:00,Toronto Tempo,Chicago Sky,0.5113,0.4887,0.5371,0.5134,5
401856972,WNBA,2026-06-08 23:00:00+00:00,Connecticut Sun,New York Liberty,0.1612,0.8388,0.1689,0.8788,10
401856973,WNBA,2026-06-08 23:00:00+00:00,Washington Mystics,Indiana Fever,0.3457,0.6543,0.3612,0.6836,10
401856974,WNBA,2026-06-09 02:00:00+00:00,Las Vegas Aces,Seattle Storm,0.8822,0.1178,0.9235,0.1233,10
401856975,WNBA,2026-06-09 23:00:00+00:00,Chicago Sky,Atlanta Dream,0.3181,0.6819,0.3325,0.7128,7
401856976,WNBA,2026-06-10 00:00:00+00:00,Minnesota Lynx,Dallas Wings,0.6032,0.3968,0.6301,0.4145,7
401856977,WNBA,2026-06-10 02:00:00+00:00,Golden State Valkyries,Phoenix Mercury,0.7291,0.2709,0.7624,0.2833,6
401856978,WNBA,2026-06-10 23:00:00+00:00,Toronto Tempo,Connecticut Sun,0.7148,0.2852,0.7485,0.2986,5
401856979,WNBA,2026-06-11 02:00:00+00:00,Seattle Storm,Los Angeles Sparks,0.3353,0.6647,0.3507,0.6953,6
401856980,WNBA,2026-06-11 23:00:00+00:00,Indiana Fever,Chicago Sky,0.784,0.216,0.8198,0.2258,6
401856981,WNBA,2026-06-11 23:30:00+00:00,Atlanta Dream,New York Liberty,0.593,0.407,0.62,0.4256,5
401856982,WNBA,2026-06-12 01:00:00+00:00,Dallas Wings,Phoenix Mercury,0.6817,0.3183,0.7144,0.3336,6
401856984,WNBA,2026-06-12 23:30:00+00:00,Washington Mystics,Toronto Tempo,0.5479,0.4521,0.5721,0.4721,6
401856985,WNBA,2026-06-13 02:00:00+00:00,Seattle Storm,Golden State Valkyries,0.2649,0.7351,0.278,0.7714,6
401856986,WNBA,2026-06-13 22:00:00+00:00,Connecticut Sun,Indiana Fever,0.1871,0.8129,0.196,0.8516,7
401856987,WNBA,2026-06-14 00:00:00+00:00,Las Vegas Aces,Minnesota Lynx,0.573,0.427,0.5984,0.4459,7
401856989,WNBA,2026-06-14 02:00:00+00:00,Phoenix Mercury,Los Angeles Sparks,0.4967,0.5033,0.5205,0.5275,7
401856990,WNBA,2026-06-14 19:00:00+00:00,New York Liberty,Washington Mystics,0.7989,0.2011,0.8381,0.211,6
401856991,WNBA,2026-06-14 19:00:00+00:00,Toronto Tempo,Atlanta Dream,0.3085,0.6915,0.3229,0.7238,6
401856992,WNBA,2026-06-16 00:00:00+00:00,Dallas Wings,Las Vegas Aces,0.4323,0.5677,0.4514,0.5929,10
401856994,WNBA,2026-06-16 02:00:00+00:00,Golden State Valkyries,Los Angeles Sparks,0.6451,0.3549,0.6727,0.37,10
401856995,WNBA,2026-06-16 23:00:00+00:00,Indiana Fever,Toronto Tempo,0.7468,0.2532,0.7813,0.2649,6
401856996,WNBA,2026-06-17 23:00:00+00:00,Connecticut Sun,Washington Mystics,0.4178,0.5822,0.4364,0.608,8
401856997,WNBA,2026-06-18 00:00:00+00:00,Chicago Sky,New York Liberty,0.2364,0.7636,0.2472,0.7983,11
401856998,WNBA,2026-06-18 02:00:00+00:00,Golden State Valkyries,Dallas Wings,0.5721,0.4279,0.5963,0.4461,11
401856999,WNBA,2026-06-18 02:00:00+00:00,Los Angeles Sparks,Minnesota Lynx,0.2368,0.7632,0.2477,0.7983,11
401857000,WNBA,2026-06-18 02:00:00+00:00,Phoenix Mercury,Las Vegas Aces,0.2858,0.7142,0.2987,0.7464,11
401857002,WNBA,2026-06-18 23:30:00+00:00,Indiana Fever,Atlanta Dream,0.5153,0.4847,0.5401,0.5081,6
401857003,WNBA,2026-06-19 23:30:00+00:00,Connecticut Sun,Toronto Tempo,0.4933,0.5067,0.517,0.5312,7
401857004,WNBA,2026-06-19 23:30:00+00:00,New York Liberty,Washington Mystics,0.8335,0.1665,0.8734,0.1744,8
401857005,WNBA,2026-06-20 02:00:00+00:00,Golden State Valkyries,Minnesota Lynx,0.4279,0.5721,0.4455,0.5956,10
401857006,WNBA,2026-06-20 17:00:00+00:00,Atlanta Dream,Indiana Fever,0.6328,0.3672,0.6594,0.3827,9
401857007,WNBA,2026-06-20 19:07:00+00:00,Phoenix Mercury,Seattle Storm,0.7125,0.2875,0.7433,0.3,9
401857008,WNBA,2026-06-21 00:00:00+00:00,Dallas Wings,Chicago Sky,0.7646,0.2354,0.7988,0.2459,10
401857009,WNBA,2026-06-21 20:00:00+00:00,Las Vegas Aces,Golden State Valkyries,0.6077,0.3923,0.6347,0.4098,7
401857010,WNBA,2026-06-21 22:00:00+00:00,Minnesota Lynx,Washington Mystics,0.8462,0.1538,0.8884,0.1615,7
401857011,WNBA,2026-06-22 00:00:00+00:00,Los Angeles Sparks,New York Liberty,0.3413,0.6587,0.3578,0.6904,7
401857012,WNBA,2026-06-22 23:00:00+00:00,Connecticut Sun,Chicago Sky,0.4092,0.5908,0.4256,0.6144,10
401857013,WNBA,2026-06-22 23:30:00+00:00,Atlanta Dream,Toronto Tempo,0.8708,0.1292,0.9091,0.1349,10
401857014,WNBA,2026-06-23 00:00:00+00:00,Indiana Fever,Phoenix Mercury,0.6709,0.3291,0.7003,0.3435,10
401857015,WNBA,2026-06-23 02:00:00+00:00,Seattle Storm,Dallas Wings,0.2378,0.7622,0.2483,0.7959,9
401857016,WNBA,2026-06-24 02:00:00+00:00,Las Vegas Aces,New York Liberty,0.5413,0.4587,0.565,0.4788,8
401857017,WNBA,2026-06-24 23:30:00+00:00,Indiana Fever,Phoenix Mercury,0.7275,0.2725,0.7605,0.2848,10
401857018,WNBA,2026-06-24 23:30:00+00:00,Washington Mystics,Minnesota Lynx,0.2432,0.7568,0.2541,0.7906,10
401857020,WNBA,2026-06-25 02:00:00+00:00,Golden State Valkyries,Atlanta Dream,0.447,0.553,0.4666,0.5771,10
401857021,WNBA,2026-06-25 23:00:00+00:00,Toronto Tempo,Los Angeles Sparks,0.4972,0.5028,0.5209,0.5268,6
401857022,WNBA,2026-06-26 02:00:00+00:00,Las Vegas Aces,Dallas Wings,0.6448,0.3552,0.6716,0.37,11
401857023,WNBA,2026-06-26 02:00:00+00:00,Seattle Storm,New York Liberty,0.1638,0.8362,0.1716,0.8759,11
401857024,WNBA,2026-06-26 23:30:00+00:00,Connecticut Sun,Washington Mystics,0.3531,0.6469,0.3693,0.6765,8
401857026,WNBA,2026-06-27 02:00:00+00:00,Golden State Valkyries,Atlanta Dream,0.4945,0.5055,0.5185,0.53,11
401857027,WNBA,2026-06-27 18:00:00+00:00,Toronto Tempo,Phoenix Mercury,0.594,0.406,0.6211,0.4246,5
401857028,WNBA,2026-06-28 00:00:00+00:00,Indiana Fever,Los Angeles Sparks,0.698,0.302,0.7309,0.3162,6
401857030,WNBA,2026-06-28 18:00:00+00:00,Dallas Wings,Minnesota Lynx,0.4108,0.5892,0.4293,0.6158,5
401857032,WNBA,2026-06-28 20:00:00+00:00,Chicago Sky,Las Vegas Aces,0.2709,0.7291,0.2844,0.7653,3
401857033,WNBA,2026-06-28 23:00:00+00:00,Golden State Valkyries,New York Liberty,0.5,0.5,0.5236,0.5236,3
401857321,WNBA,2026-06-30 23:00:00+00:00,New York Liberty,Las Vegas Aces,0.5429,0.4571,0.5685,0.4787,11
