game_id,league,start_utc,team1,team2,book_p1,book_p2,book_raw1,book_raw2,book_n_books
401736126,WNBA,2025-05-22 23:30:00+00:00,Atlanta Dream,Indiana Fever,0.3621,0.6379,0.3774,0.6647,10
401736127,WNBA,2025-05-23 00:00:00+00:00,Chicago Sky,New York Liberty,0.1624,0.8376,0.17,0.8765,11
401736128,WNBA,2025-05-23 23:30:00+00:00,Minnesota Lynx,Connecticut Sun,0.9022,0.0978,0.9426,0.1022,11
401736129,WNBA,2025-05-24 02:00:00+00:00,Las Vegas Aces,Washington Mystics,0.8923,0.1077,0.9301,0.1122,11
401736130,WNBA,2025-05-24 02:00:00+00:00,Los Angeles Sparks,Golden State Valkyries,0.8118,0.1882,0.8488,0.1968,11
401736131,WNBA,2025-05-24 02:00:00+00:00,Seattle Storm,Phoenix Mercury,0.6823,0.3177,0.7125,0.3318,11
401736132,WNBA,2025-05-24 17:00:00+00:00,Indiana Fever,New York Liberty,0.3788,0.6212,0.3942,0.6465,10
401736133,WNBA,2025-05-24 19:00:00+00:00,Atlanta Dream,Dallas Wings,0.7297,0.2703,0.7623,0.2825,11
401736134,WNBA,2025-05-25 19:00:00+00:00,Atlanta Dream,Connecticut Sun,0.737,0.263,0.77,0.2747,11
401736135,WNBA,2025-05-25 22:00:00+00:00,Los Angeles Sparks,Chicago Sky,0.6279,0.3721,0.6534,0.3873,11
401736136,WNBA,2025-05-25 22:00:00+00:00,Phoenix Mercury,Washington Mystics,0.6687,0.3313,0.6989,0.3462,11
401736137,WNBA,2025-05-25 22:00:00+00:00,Seattle Storm,Las Vegas Aces,0.3376,0.6624,0.3527,0.6921,11
401736138,WNBA,2025-05-27 23:00:00+00:00,Connecticut Sun,Dallas Wings,0.3659,0.6341,0.3813,0.6607,11
401736139,WNBA,2025-05-27 23:00:00+00:00,New York Liberty,Golden State Valkyries,0.911,0.089,0.95,0.0928,11
401736140,WNBA,2025-05-28 00:00:00+00:00,Minnesota Lynx,Seattle Storm,0.7286,0.2714,0.7605,0.2832,10
401736141,WNBA,2025-05-28 02:00:00+00:00,Los Angeles Sparks,Atlanta Dream,0.5516,0.4484,0.5752,0.4676,10
401736142,WNBA,2025-05-28 02:00:00+00:00,Phoenix Mercury,Chicago Sky,0.7343,0.2657,0.7671,0.2775,10
401736143,WNBA,2025-05-28 23:30:00+00:00,Washington Mystics,Indiana Fever,0.3773,0.6227,0.3924,0.6478,10
401736144,WNBA,2025-05-29 23:00:00+00:00,New York Liberty,Golden State Valkyries,0.8897,0.1103,0.9303,0.1153,10
401736145,WNBA,2025-05-30 00:00:00+00:00,Chicago Sky,Dallas Wings,0.4942,0.5058,0.5179,0.53,7
401736146,WNBA,2025-05-30 23:30:00+00:00,Indiana Fever,Connecticut Sun,0.8407,0.1593,0.8796,0.1667,10
401736147,WNBA,2025-05-30 23:30:00+00:00,Washington Mystics,New York Liberty,0.2257,0.7743,0.2358,0.8092,10
401736148,WNBA,2025-05-31 02:00:00+00:00,Las Vegas Aces,Los Angeles Sparks,0.8079,0.1921,0.8439,0.2007,10
401736149,WNBA,2025-05-31 02:00:00+00:00,Phoenix Mercury,Minnesota Lynx,0.3402,0.6598,0.3551,0.6888,10
401736150,WNBA,2025-05-31 02:00:00+00:00,Seattle Storm,Atlanta Dream,0.6407,0.3593,0.6678,0.3745,10
401736151,WNBA,2025-06-01 00:00:00+00:00,Dallas Wings,Chicago Sky,0.561,0.439,0.5853,0.4581,10
401736152,WNBA,2025-06-01 19:00:00+00:00,New York Liberty,Connecticut Sun,0.9174,0.0826,0.9561,0.0861,10
401736153,WNBA,2025-06-01 22:00:00+00:00,Los Angeles Sparks,Phoenix Mercury,0.6244,0.3756,0.6495,0.3906,10
401736154,WNBA,2025-06-01 22:00:00+00:00,Seattle Storm,Las Vegas Aces,0.4109,0.5891,0.4273,0.6125,10
401736155,WNBA,2025-06-02 00:30:00+00:00,Golden State Valkyries,Minnesota Lynx,0.1373,0.8627,0.1435,0.9018,10
401736156,WNBA,2025-06-03 23:00:00+00:00,Indiana Fever,Washington Mystics,0.6522,0.3478,0.6804,0.3628,10
401736157,WNBA,2025-06-04 00:00:00+00:00,Minnesota Lynx,Phoenix Mercury,0.8583,0.1417,0.8961,0.148,10
401736158,WNBA,2025-06-04 01:30:00+00:00,Seattle Storm,Dallas Wings,0.8071,0.1929,0.8426,0.2013,10
401736159,WNBA,2025-06-05 23:30:00+00:00,Washington Mystics,New York Liberty,0.1356,0.8644,0.1415,0.9026,10
401736160,WNBA,2025-06-06 02:00:00+00:00,Phoenix Mercury,Golden State Valkyries,0.6843,0.3157,0.7144,0.3296,10
401736161,WNBA,2025-06-06 23:30:00+00:00,Connecticut Sun,Atlanta Dream,0.2017,0.7983,0.2112,0.8356,10
401736162,WNBA,2025-06-07 01:30:00+00:00,Dallas Wings,Los Angeles Sparks,0.4258,0.5742,0.4434,0.5978,10
401736163,WNBA,2025-06-07 19:00:00+00:00,Golden State Valkyries,Las Vegas Aces,0.1452,0.8548,0.1517,0.8929,10
401736164,WNBA,2025-06-08 00:00:00+00:00,Chicago Sky,Indiana Fever,0.4236,0.5764,0.4415,0.6007,10
401736165,WNBA,2025-06-08 02:00:00+00:00,Phoenix Mercury,Seattle Storm,0.3261,0.6739,0.3402,0.7029,10
401736166,WNBA,2025-06-08 19:00:00+00:00,Washington Mystics,Connecticut Sun,0.7421,0.2579,0.7753,0.2694,10
401736167,WNBA,2025-06-08 20:00:00+00:00,Dallas Wings,Minnesota Lynx,0.149,0.851,0.1559,0.8905,10
401736168,WNBA,2025-06-10 02:00:00+00:00,Los Angeles Sparks,Golden State Valkyries,0.7195,0.2805,0.7514,0.2929,10
401736169,WNBA,2025-06-10 23:30:00+00:00,Atlanta Dream,Indiana Fever,0.6646,0.3354,0.6945,0.3506,10
401736170,WNBA,2025-06-11 00:00:00+00:00,New York Liberty,Chicago Sky,0.907,0.093,0.9461,0.097,10
401736171,WNBA,2025-06-12 02:00:00+00:00,Las Vegas Aces,Los Angeles Sparks,0.7876,0.2124,0.8244,0.2223,10
401736172,WNBA,2025-06-12 02:00:00+00:00,Phoenix Mercury,Dallas Wings,0.7023,0.2977,0.7343,0.3112,10
401736173,WNBA,2025-06-12 02:00:00+00:00,Seattle Storm,Minnesota Lynx,0.3937,0.6063,0.4101,0.6315,10
401736174,WNBA,2025-06-13 23:30:00+00:00,Atlanta Dream,Chicago Sky,0.8581,0.1419,0.8973,0.1484,9
401736175,WNBA,2025-06-14 02:00:00+00:00,Las Vegas Aces,Dallas Wings,0.6725,0.3275,0.7037,0.3427,9
401736176,WNBA,2025-06-14 17:00:00+00:00,Minnesota Lynx,Los Angeles Sparks,0.8268,0.1732,0.8659,0.1814,10
401736177,WNBA,2025-06-14 19:00:00+00:00,Indiana Fever,New York Liberty,0.3887,0.6113,0.4045,0.6362,10
401736178,WNBA,2025-06-15 00:30:00+00:00,Golden State Valkyries,Seattle Storm,0.2034,0.7966,0.2126,0.8327,10
401736179,WNBA,2025-06-15 16:00:00+00:00,Connecticut Sun,Chicago Sky,0.5364,0.4636,0.5609,0.4848,10
401736180,WNBA,2025-06-15 18:00:00+00:00,Washington Mystics,Atlanta Dream,0.3711,0.6289,0.3865,0.6549,10
401736181,WNBA,2025-06-15 22:00:00+00:00,Las Vegas Aces,Phoenix Mercury,0.3661,0.6339,0.3813,0.6602,10
401736182,WNBA,2025-06-17 23:00:00+00:00,Indiana Fever,Connecticut Sun,0.9119,0.0881,0.9505,0.0918,9
401736183,WNBA,2025-06-17 23:00:00+00:00,New York Liberty,Atlanta Dream,0.7556,0.2444,0.7906,0.2557,10
401736184,WNBA,2025-06-18 00:00:00+00:00,Chicago Sky,Washington Mystics,0.3632,0.6368,0.3787,0.664,10
401736185,WNBA,2025-06-18 00:00:00+00:00,Dallas Wings,Golden State Valkyries,0.5993,0.4007,0.6233,0.4168,10
401736186,WNBA,2025-06-18 00:00:00+00:00,Minnesota Lynx,Las Vegas Aces,0.8613,0.1387,0.9017,0.1452,10
401736187,WNBA,2025-06-18 02:00:00+00:00,Los Angeles Sparks,Seattle Storm,0.2306,0.7694,0.2412,0.8047,10
401736188,WNBA,2025-06-18 23:00:00+00:00,Connecticut Sun,Phoenix Mercury,0.1198,0.8802,0.1251,0.9192,10
401736189,WNBA,2025-06-19 23:00:00+00:00,New York Liberty,Phoenix Mercury,0.8393,0.1607,0.878,0.1682,10
401736190,WNBA,2025-06-20 02:00:00+00:00,Golden State Valkyries,Indiana Fever,0.1724,0.8276,0.1799,0.8637,9
401736191,WNBA,2025-06-20 23:30:00+00:00,Atlanta Dream,Washington Mystics,0.7773,0.2227,0.8118,0.2327,10
401736192,WNBA,2025-06-20 23:30:00+00:00,Connecticut Sun,Dallas Wings,0.3671,0.6329,0.3826,0.6597,10
401736193,WNBA,2025-06-21 02:00:00+00:00,Las Vegas Aces,Seattle Storm,0.5649,0.4351,0.5901,0.4544,10
401736194,WNBA,2025-06-21 17:00:00+00:00,Chicago Sky,Phoenix Mercury,0.1901,0.8099,0.1991,0.8483,10
401736195,WNBA,2025-06-22 00:00:00+00:00,Minnesota Lynx,Los Angeles Sparks,0.757,0.243,0.7918,0.2542,10
401736196,WNBA,2025-06-22 19:00:00+00:00,Atlanta Dream,Chicago Sky,0.9033,0.0967,0.9434,0.1009,10
401736197,WNBA,2025-06-22 19:00:00+00:00,Washington Mystics,Dallas Wings,0.6669,0.3331,0.6971,0.3481,10
401736198,WNBA,2025-06-22 19:00:00+00:00,Las Vegas Aces,Indiana Fever,0.5076,0.4924,0.5318,0.5159,8
401736199,WNBA,2025-06-22 23:00:00+00:00,Seattle Storm,New York Liberty,0.6148,0.3852,0.6402,0.4011,10
401736200,WNBA,2025-06-23 00:30:00+00:00,Golden State Valkyries,Connecticut Sun,0.7968,0.2032,0.8327,0.2124,10
401736201,WNBA,2025-06-25 00:00:00+00:00,Washington Mystics,Minnesota Lynx,0.2496,0.7504,0.2608,0.7841,9
401736202,WNBA,2025-06-25 00:00:00+00:00,Chicago Sky,Los Angeles Sparks,0.3454,0.6546,0.3603,0.6829,9
401736203,WNBA,2025-06-25 00:00:00+00:00,Dallas Wings,Atlanta Dream,0.2359,0.7641,0.2466,0.7987,9
401736204,WNBA,2025-06-25 02:00:00+00:00,Seattle Storm,Indiana Fever,0.5976,0.4024,0.6216,0.4185,9
401736205,WNBA,2025-06-26 02:00:00+00:00,Golden State Valkyries,New York Liberty,0.2115,0.7885,0.2215,0.8257,8
401736206,WNBA,2025-06-26 02:00:00+00:00,Las Vegas Aces,Connecticut Sun,0.926,0.074,0.9686,0.0774,8
401736207,WNBA,2025-06-26 23:00:00+00:00,Indiana Fever,Los Angeles Sparks,0.6837,0.3163,0.7144,0.3305,9
401736208,WNBA,2025-06-27 02:00:00+00:00,Las Vegas Aces,Washington Mystics,0.7816,0.2184,0.8175,0.2285,9
401736209,WNBA,2025-06-27 23:30:00+00:00,Atlanta Dream,Minnesota Lynx,0.3896,0.6104,0.4057,0.6356,9
401736210,WNBA,2025-06-27 23:30:00+00:00,Dallas Wings,Indiana Fever,0.4636,0.5364,0.4847,0.5608,9
401736211,WNBA,2025-06-28 02:00:00+00:00,Golden State Valkyries,Chicago Sky,0.7747,0.2253,0.8102,0.2357,9
401736212,WNBA,2025-06-28 02:00:00+00:00,Phoenix Mercury,New York Liberty,0.5331,0.4669,0.5576,0.4884,9
401736213,WNBA,2025-06-28 02:00:00+00:00,Seattle Storm,Connecticut Sun,0.917,0.083,0.9566,0.0866,9
401736214,WNBA,2025-06-29 00:00:00+00:00,Dallas Wings,Washington Mystics,0.2636,0.7364,0.2754,0.7694,9
401736215,WNBA,2025-06-29 19:00:00+00:00,Atlanta Dream,New York Liberty,0.525,0.475,0.5502,0.4977,9
401736216,WNBA,2025-06-29 20:00:00+00:00,Los Angeles Sparks,Chicago Sky,0.7485,0.2515,0.7827,0.263,9
401736217,WNBA,2025-06-29 22:00:00+00:00,Phoenix Mercury,Las Vegas Aces,0.6634,0.3366,0.6922,0.3512,9
401736218,WNBA,2025-06-29 23:00:00+00:00,Minnesota Lynx,Connecticut Sun,0.9253,0.0747,0.9678,0.0781,9
401736219,WNBA,2025-06-30 00:30:00+00:00,Golden State Valkyries,Seattle Storm,0.3467,0.6533,0.3626,0.6831,9
401736430,WNBA,2025-07-02 00:00:00+00:00,Minnesota Lynx,Indiana Fever,0.8115,0.1885,0.8493,0.1972,8
401736220,WNBA,2025-07-03 23:00:00+00:00,Indiana Fever,Las Vegas Aces,0.3592,0.6408,0.3745,0.668,10
401736221,WNBA,2025-07-03 23:00:00+00:00,New York Liberty,Los Angeles Sparks,0.8131,0.1869,0.8511,0.1956,10
401736222,WNBA,2025-07-03 23:30:00+00:00,Atlanta Dream,Seattle Storm,0.5191,0.4809,0.5438,0.5038,10
401736223,WNBA,2025-07-04 00:00:00+00:00,Dallas Wings,Phoenix Mercury,0.1761,0.8239,0.1841,0.8614,10
401736224,WNBA,2025-07-04 00:00:00+00:00,Minnesota Lynx,Washington Mystics,0.8436,0.1564,0.8834,0.1638,10
401736225,WNBA,2025-07-05 23:00:00+00:00,Indiana Fever,Los Angeles Sparks,0.6731,0.3269,0.7039,0.3418,10
401736226,WNBA,2025-07-06 00:00:00+00:00,Minnesota Lynx,Golden State Valkyries,0.7979,0.2021,0.8355,0.2116,10
401736228,WNBA,2025-07-06 17:00:00+00:00,New York Liberty,Seattle Storm,0.653,0.347,0.6821,0.3625,11
401736227,WNBA,2025-07-06 20:00:00+00:00,Connecticut Sun,Las Vegas Aces,0.0911,0.9089,0.0953,0.9509,11
401736229,WNBA,2025-07-06 23:00:00+00:00,Minnesota Lynx,Chicago Sky,0.8762,0.1238,0.9144,0.1292,11
401736230,WNBA,2025-07-07 23:30:00+00:00,Atlanta Dream,Golden State Valkyries,0.7245,0.2755,0.7581,0.2883,11
401736231,WNBA,2025-07-08 02:00:00+00:00,Phoenix Mercury,Dallas Wings,0.673,0.327,0.7034,0.3418,11
401736232,WNBA,2025-07-08 15:30:00+00:00,Washington Mystics,Chicago Sky,0.71,0.29,0.7423,0.3032,11
401736233,WNBA,2025-07-09 00:00:00+00:00,New York Liberty,Las Vegas Aces,0.6148,0.3852,0.6412,0.4017,11
401736234,WNBA,2025-07-09 15:00:00+00:00,Connecticut Sun,Seattle Storm,0.0947,0.9053,0.0989,0.9453,10
401736235,WNBA,2025-07-09 16:00:00+00:00,Indiana Fever,Golden State Valkyries,0.7334,0.2666,0.7676,0.279,10
401736236,WNBA,2025-07-09 19:30:00+00:00,Phoenix Mercury,Minnesota Lynx,0.2848,0.7152,0.298,0.7484,11
401736237,WNBA,2025-07-10 00:00:00+00:00,Chicago Sky,Dallas Wings,0.5354,0.4646,0.5602,0.4862,10
401736238,WNBA,2025-07-10 19:00:00+00:00,Los Angeles Sparks,Minnesota Lynx,0.2606,0.7394,0.2727,0.7736,11
401736239,WNBA,2025-07-10 23:30:00+00:00,Washington Mystics,Las Vegas Aces,0.5939,0.4061,0.6189,0.4232,11
401736240,WNBA,2025-07-11 23:30:00+00:00,Indiana Fever,Atlanta Dream,0.5237,0.4763,0.549,0.4993,9
401736241,WNBA,2025-07-12 02:00:00+00:00,Seattle Storm,Connecticut Sun,0.9084,0.0916,0.948,0.0956,10
401736242,WNBA,2025-07-12 17:00:00+00:00,Chicago Sky,Minnesota Lynx,0.1728,0.8272,0.1808,0.8651,10
401736243,WNBA,2025-07-12 20:00:00+00:00,Las Vegas Aces,Golden State Valkyries,0.6193,0.3807,0.645,0.3966,10
401736244,WNBA,2025-07-13 17:00:00+00:00,Indiana Fever,Dallas Wings,0.7975,0.2025,0.8327,0.2115,10
401736245,WNBA,2025-07-13 19:00:00+00:00,New York Liberty,Atlanta Dream,0.6777,0.3223,0.7075,0.3365,11
401736246,WNBA,2025-07-13 22:00:00+00:00,Los Angeles Sparks,Connecticut Sun,0.8166,0.1834,0.8541,0.1918,11
401736247,WNBA,2025-07-13 22:00:00+00:00,Seattle Storm,Washington Mystics,0.7183,0.2817,0.7504,0.2943,11
401736248,WNBA,2025-07-15 00:00:00+00:00,Chicago Sky,Minnesota Lynx,0.1719,0.8281,0.1801,0.8676,11
401736249,WNBA,2025-07-15 02:00:00+00:00,Golden State Valkyries,Phoenix Mercury,0.5536,0.4464,0.5781,0.4661,11
401736250,WNBA,2025-07-16 00:00:00+00:00,Connecticut Sun,Indiana Fever,0.1266,0.8734,0.1324,0.9135,10
401736251,WNBA,2025-07-16 02:00:00+00:00,Los Angeles Sparks,Washington Mystics,0.5231,0.4769,0.548,0.4995,11
401736252,WNBA,2025-07-16 16:00:00+00:00,Chicago Sky,Atlanta Dream,0.2199,0.7801,0.2299,0.8156,11
401736253,WNBA,2025-07-16 17:00:00+00:00,Minnesota Lynx,Phoenix Mercury,0.7998,0.2002,0.8372,0.2096,11
401736254,WNBA,2025-07-16 19:00:00+00:00,Seattle Storm,Golden State Valkyries,0.6789,0.3211,0.7084,0.335,11
401736255,WNBA,2025-07-16 23:30:00+00:00,New York Liberty,Indiana Fever,0.7805,0.2195,0.8162,0.2296,11
401736256,WNBA,2025-07-17 00:00:00+00:00,Dallas Wings,Las Vegas Aces,0.3098,0.6902,0.3243,0.7224,11
401736257,WNBA,2025-07-22 23:30:00+00:00,Washington Mystics,Los Angeles Sparks,0.5786,0.4214,0.6028,0.439,11
401736258,WNBA,2025-07-23 00:00:00+00:00,New York Liberty,Indiana Fever,0.8038,0.1962,0.841,0.2053,11
401736259,WNBA,2025-07-23 00:00:00+00:00,Minnesota Lynx,Chicago Sky,0.8858,0.1142,0.9253,0.1192,11
401736260,WNBA,2025-07-23 02:00:00+00:00,Las Vegas Aces,Atlanta Dream,0.5727,0.4273,0.5971,0.4454,11
401736261,WNBA,2025-07-23 02:00:00+00:00,Seattle Storm,Dallas Wings,0.71,0.29,0.7428,0.3034,11
401736262,WNBA,2025-07-24 02:00:00+00:00,Phoenix Mercury,Atlanta Dream,0.728,0.272,0.7613,0.2844,11
401736263,WNBA,2025-07-24 23:00:00+00:00,Connecticut Sun,Los Angeles Sparks,0.313,0.687,0.3272,0.7181,11
401736264,WNBA,2025-07-24 23:00:00+00:00,Indiana Fever,Las Vegas Aces,0.4456,0.5544,0.4654,0.579,11
401736265,WNBA,2025-07-25 00:30:00+00:00,Chicago Sky,Seattle Storm,0.1845,0.8155,0.1933,0.8541,11
401736266,WNBA,2025-07-25 23:30:00+00:00,New York Liberty,Phoenix Mercury,0.6945,0.3055,0.7266,0.3197,11
401736267,WNBA,2025-07-25 23:30:00+00:00,Minnesota Lynx,Las Vegas Aces,0.7908,0.2092,0.8284,0.2191,11
401736268,WNBA,2025-07-26 02:00:00+00:00,Golden State Valkyries,Dallas Wings,0.6095,0.3905,0.6348,0.4067,11
401736270,WNBA,2025-07-26 23:00:00+00:00,New York Liberty,Los Angeles Sparks,0.8268,0.1732,0.8649,0.1812,11
401736271,WNBA,2025-07-26 23:30:00+00:00,Washington Mystics,Seattle Storm,0.3776,0.6224,0.3934,0.6485,11
401736272,WNBA,2025-07-27 17:00:00+00:00,Connecticut Sun,Golden State Valkyries,0.3517,0.6483,0.3669,0.6763,11
401736269,WNBA,2025-07-27 19:00:00+00:00,Chicago Sky,Indiana Fever,0.1762,0.8238,0.1841,0.8609,11
401736273,WNBA,2025-07-27 20:00:00+00:00,Dallas Wings,Las Vegas Aces,0.2518,0.7482,0.2629,0.7813,11
401736274,WNBA,2025-07-27 22:00:00+00:00,Washington Mystics,Phoenix Mercury,0.2639,0.7361,0.2756,0.7688,11
401736275,WNBA,2025-07-27 23:00:00+00:00,Minnesota Lynx,Atlanta Dream,0.7501,0.2499,0.783,0.2608,11
401736276,WNBA,2025-07-28 23:00:00+00:00,Connecticut Sun,Seattle Storm,0.1845,0.8155,0.1929,0.8529,11
401736277,WNBA,2025-07-29 00:00:00+00:00,Dallas Wings,New York Liberty,0.2465,0.7535,0.2578,0.788,11
401736278,WNBA,2025-07-29 23:30:00+00:00,Atlanta Dream,Golden State Valkyries,0.7739,0.2261,0.8089,0.2363,11
401736279,WNBA,2025-07-29 23:30:00+00:00,Washington Mystics,Chicago Sky,0.7333,0.2667,0.7671,0.279,11
401736280,WNBA,2025-07-30 02:00:00+00:00,Los Angeles Sparks,Las Vegas Aces,0.4723,0.5277,0.4945,0.5526,11
401736281,WNBA,2025-07-30 23:00:00+00:00,Indiana Fever,Phoenix Mercury,0.4095,0.5905,0.4263,0.6147,11
401736282,WNBA,2025-07-31 00:00:00+00:00,Dallas Wings,Atlanta Dream,0.4359,0.5641,0.4554,0.5893,11
401736283,WNBA,2025-07-31 00:00:00+00:00,Minnesota Lynx,New York Liberty,0.7211,0.2789,0.7534,0.2914,11
401736284,WNBA,2025-07-31 23:30:00+00:00,Washington Mystics,Golden State Valkyries,0.6401,0.3599,0.6672,0.3752,11
401736285,WNBA,2025-08-01 23:30:00+00:00,Atlanta Dream,Phoenix Mercury,0.3872,0.6128,0.4036,0.6389,11
401736286,WNBA,2025-08-01 23:30:00+00:00,Connecticut Sun,New York Liberty,0.1619,0.8381,0.1696,0.878,11
401736287,WNBA,2025-08-01 23:30:00+00:00,Chicago Sky,Golden State Valkyries,0.3731,0.6269,0.3888,0.6533,11
401736288,WNBA,2025-08-01 23:30:00+00:00,Dallas Wings,Indiana Fever,0.3788,0.6212,0.3946,0.6473,11
401736289,WNBA,2025-08-02 02:00:00+00:00,Seattle Storm,Los Angeles Sparks,0.6418,0.3582,0.6692,0.3735,11
401736290,WNBA,2025-08-02 19:00:00+00:00,Las Vegas Aces,Minnesota Lynx,0.3645,0.6355,0.38,0.6624,11
401736292,WNBA,2025-08-03 17:00:00+00:00,Connecticut Sun,New York Liberty,0.1708,0.8292,0.1786,0.8669,11
401736291,WNBA,2025-08-03 19:00:00+00:00,Atlanta Dream,Washington Mystics,0.6759,0.3241,0.7061,0.3386,11
401736295,WNBA,2025-08-03 19:00:00+00:00,Seattle Storm,Indiana Fever,0.5673,0.4327,0.5922,0.4517,11
401736293,WNBA,2025-08-03 22:00:00+00:00,Chicago Sky,Phoenix Mercury,0.1478,0.8522,0.1546,0.8916,11
401736294,WNBA,2025-08-03 22:00:00+00:00,Las Vegas Aces,Golden State Valkyries,0.7683,0.2317,0.803,0.2421,11
401736296,WNBA,2025-08-05 23:00:00+00:00,New York Liberty,Dallas Wings,0.8113,0.1887,0.8488,0.1974,11
401736297,WNBA,2025-08-06 00:00:00+00:00,Chicago Sky,Washington Mystics,0.337,0.663,0.3518,0.6921,11
401736298,WNBA,2025-08-06 02:00:00+00:00,Los Angeles Sparks,Indiana Fever,0.4483,0.5517,0.4682,0.5761,11
401736299,WNBA,2025-08-06 02:00:00+00:00,Phoenix Mercury,Connecticut Sun,0.8754,0.1246,0.9144,0.1302,11
401736300,WNBA,2025-08-06 02:00:00+00:00,Seattle Storm,Minnesota Lynx,0.5539,0.4461,0.5784,0.4659,11
401736301,WNBA,2025-08-07 02:00:00+00:00,Golden State Valkyries,Las Vegas Aces,0.3505,0.6495,0.366,0.6782,11
401736302,WNBA,2025-08-08 00:00:00+00:00,Chicago Sky,Atlanta Dream,0.1869,0.8131,0.1957,0.8514,11
401736303,WNBA,2025-08-08 02:00:00+00:00,Los Angeles Sparks,Connecticut Sun,0.8105,0.1895,0.8494,0.1987,11
401736304,WNBA,2025-08-08 02:00:00+00:00,Phoenix Mercury,Indiana Fever,0.6256,0.3744,0.6525,0.3904,11
401736305,WNBA,2025-08-08 23:30:00+00:00,Dallas Wings,New York Liberty,0.1664,0.8336,0.1742,0.8731,11
401736306,WNBA,2025-08-08 23:30:00+00:00,Minnesota Lynx,Washington Mystics,0.8186,0.1814,0.8574,0.19,11
401736307,WNBA,2025-08-09 02:00:00+00:00,Las Vegas Aces,Seattle Storm,0.5196,0.4804,0.5452,0.504,11
401736309,WNBA,2025-08-10 00:00:00+00:00,Indiana Fever,Chicago Sky,0.8142,0.1858,0.8515,0.1943,11
401736308,WNBA,2025-08-10 00:30:00+00:00,Golden State Valkyries,Los Angeles Sparks,0.3719,0.6281,0.3878,0.6548,11
401736310,WNBA,2025-08-10 16:30:00+00:00,New York Liberty,Minnesota Lynx,0.6091,0.3909,0.6345,0.4072,11
401736311,WNBA,2025-08-10 20:00:00+00:00,Dallas Wings,Washington Mystics,0.6227,0.3773,0.6483,0.3928,11
401736313,WNBA,2025-08-10 22:00:00+00:00,Phoenix Mercury,Atlanta Dream,0.6026,0.3974,0.6281,0.4141,11
401736312,WNBA,2025-08-11 00:00:00+00:00,Los Angeles Sparks,Seattle Storm,0.3543,0.6457,0.3702,0.6745,11
401736314,WNBA,2025-08-11 01:00:00+00:00,Las Vegas Aces,Connecticut Sun,0.8414,0.1586,0.88,0.1659,11
401736315,WNBA,2025-08-12 02:00:00+00:00,Golden State Valkyries,Connecticut Sun,0.7646,0.2354,0.7984,0.2458,11
401736316,WNBA,2025-08-12 23:30:00+00:00,Indiana Fever,Dallas Wings,0.7875,0.2125,0.824,0.2223,11
401736317,WNBA,2025-08-13 02:00:00+00:00,Los Angeles Sparks,New York Liberty,0.3918,0.6082,0.4081,0.6334,11
401736318,WNBA,2025-08-13 23:00:00+00:00,Connecticut Sun,Chicago Sky,0.6029,0.3971,0.6283,0.4139,11
401736319,WNBA,2025-08-13 23:30:00+00:00,Washington Mystics,Golden State Valkyries,0.4663,0.5337,0.4882,0.5589,11
401736320,WNBA,2025-08-14 01:30:00+00:00,Las Vegas Aces,New York Liberty,0.5714,0.4286,0.5958,0.447,11
401736321,WNBA,2025-08-14 02:00:00+00:00,Seattle Storm,Atlanta Dream,0.5783,0.4217,0.6022,0.4391,11
401736322,WNBA,2025-08-15 23:30:00+00:00,Indiana Fever,Washington Mystics,0.763,0.237,0.7983,0.248,11
401736323,WNBA,2025-08-15 23:30:00+00:00,Chicago Sky,Golden State Valkyries,0.2697,0.7303,0.2818,0.763,11
401736324,WNBA,2025-08-15 23:30:00+00:00,Dallas Wings,Los Angeles Sparks,0.3296,0.6704,0.3447,0.7012,11
401736325,WNBA,2025-08-16 02:00:00+00:00,Atlanta Dream,Seattle Storm,0.5339,0.4661,0.5588,0.4878,11
401736326,WNBA,2025-08-16 02:00:00+00:00,Phoenix Mercury,Las Vegas Aces,0.63,0.37,0.6568,0.3858,11
401736327,WNBA,2025-08-16 18:00:00+00:00,Minnesota Lynx,New York Liberty,0.5181,0.4819,0.543,0.5052,11
401736329,WNBA,2025-08-17 17:00:00+00:00,Connecticut Sun,Indiana Fever,0.2987,0.7013,0.3124,0.7334,11
401736328,WNBA,2025-08-17 19:00:00+00:00,Washington Mystics,Los Angeles Sparks,0.4069,0.5931,0.4242,0.6184,11
401736330,WNBA,2025-08-17 19:30:00+00:00,Las Vegas Aces,Dallas Wings,0.8107,0.1893,0.8488,0.1983,11
401736331,WNBA,2025-08-17 22:00:00+00:00,Seattle Storm,Phoenix Mercury,0.5436,0.4564,0.5677,0.4766,11
401736332,WNBA,2025-08-18 00:30:00+00:00,Golden State Valkyries,Atlanta Dream,0.3732,0.6268,0.3895,0.6542,11
401736333,WNBA,2025-08-19 23:00:00+00:00,New York Liberty,Minnesota Lynx,0.5735,0.4265,0.5979,0.4447,11
401736334,WNBA,2025-08-19 23:30:00+00:00,Washington Mystics,Connecticut Sun,0.6914,0.3086,0.7228,0.3227,11
401736335,WNBA,2025-08-20 00:00:00+00:00,Chicago Sky,Seattle Storm,0.179,0.821,0.1874,0.8595,11
401736336,WNBA,2025-08-20 02:00:00+00:00,Las Vegas Aces,Atlanta Dream,0.5603,0.4397,0.5849,0.459,11
401736337,WNBA,2025-08-20 02:00:00+00:00,Golden State Valkyries,Phoenix Mercury,0.28,0.72,0.2929,0.7531,11
401736338,WNBA,2025-08-21 02:00:00+00:00,Los Angeles Sparks,Dallas Wings,0.7575,0.2425,0.7943,0.2542,11
401736339,WNBA,2025-08-21 23:00:00+00:00,Connecticut Sun,Washington Mystics,0.4349,0.5651,0.4541,0.5899,11
401736340,WNBA,2025-08-21 23:00:00+00:00,New York Liberty,Chicago Sky,0.8925,0.1075,0.9338,0.1125,11
401736341,WNBA,2025-08-21 23:30:00+00:00,Atlanta Dream,Minnesota Lynx,0.5197,0.4803,0.545,0.5036,10
401736342,WNBA,2025-08-22 02:00:00+00:00,Las Vegas Aces,Phoenix Mercury,0.5291,0.4709,0.554,0.493,11
401736343,WNBA,2025-08-22 23:30:00+00:00,Indiana Fever,Minnesota Lynx,0.356,0.644,0.3716,0.6722,11
401736344,WNBA,2025-08-22 23:30:00+00:00,Dallas Wings,Seattle Storm,0.2434,0.7566,0.255,0.7926,11
401736345,WNBA,2025-08-23 02:00:00+00:00,Phoenix Mercury,Golden State Valkyries,0.7259,0.2741,0.7582,0.2864,11
401736346,WNBA,2025-08-23 18:00:00+00:00,Atlanta Dream,New York Liberty,0.7007,0.2993,0.7324,0.3129,11
401736347,WNBA,2025-08-23 19:00:00+00:00,Washington Mystics,Las Vegas Aces,0.2599,0.7401,0.2719,0.7741,11
401736348,WNBA,2025-08-23 20:00:00+00:00,Chicago Sky,Connecticut Sun,0.5672,0.4328,0.5918,0.4516,11
401736349,WNBA,2025-08-24 19:00:00+00:00,Washington Mystics,Seattle Storm,0.2244,0.7756,0.2346,0.8106,11
401736350,WNBA,2025-08-24 20:00:00+00:00,Dallas Wings,Golden State Valkyries,0.4808,0.5192,0.5047,0.5449,11
401736351,WNBA,2025-08-24 23:00:00+00:00,Minnesota Lynx,Indiana Fever,0.8374,0.1626,0.8773,0.1704,11
401736352,WNBA,2025-08-25 23:00:00+00:00,New York Liberty,Connecticut Sun,0.8656,0.1344,0.9054,0.1406,11
401736353,WNBA,2025-08-26 00:00:00+00:00,Chicago Sky,Las Vegas Aces,0.1863,0.8137,0.195,0.8515,11
401736354,WNBA,2025-08-26 23:00:00+00:00,Indiana Fever,Seattle Storm,0.3806,0.6194,0.3963,0.6448,11
401736355,WNBA,2025-08-27 02:00:00+00:00,Los Angeles Sparks,Phoenix Mercury,0.404,0.596,0.4207,0.6206,11
401736356,WNBA,2025-08-27 23:30:00+00:00,Atlanta Dream,Las Vegas Aces,0.5922,0.4078,0.6161,0.4243,11
401736357,WNBA,2025-08-28 00:00:00+00:00,Dallas Wings,Connecticut Sun,0.4915,0.5085,0.5153,0.5332,10
401736358,WNBA,2025-08-28 23:00:00+00:00,New York Liberty,Washington Mystics,0.7515,0.2485,0.7842,0.2593,11
401736359,WNBA,2025-08-29 00:00:00+00:00,Minnesota Lynx,Seattle Storm,0.7559,0.2441,0.7892,0.2549,11
401736360,WNBA,2025-08-29 02:00:00+00:00,Phoenix Mercury,Chicago Sky,0.844,0.156,0.8836,0.1634,11
401736361,WNBA,2025-08-29 23:30:00+00:00,Atlanta Dream,Dallas Wings,0.895,0.105,0.9338,0.1096,11
401736362,WNBA,2025-08-30 02:00:00+00:00,Los Angeles Sparks,Indiana Fever,0.5624,0.4376,0.587,0.4567,11
401736363,WNBA,2025-08-30 23:00:00+00:00,Connecticut Sun,Minnesota Lynx,0.1404,0.8596,0.1465,0.8972,11
401736364,WNBA,2025-08-31 00:30:00+00:00,Golden State Valkyries,Washington Mystics,0.623,0.377,0.6492,0.3929,11
401736365,WNBA,2025-08-31 01:00:00+00:00,Seattle Storm,Chicago Sky,0.8283,0.1717,0.8662,0.1795,11
401736366,WNBA,2025-08-31 02:00:00+00:00,Phoenix Mercury,New York Liberty,0.5177,0.4823,0.5432,0.5061,8
401736367,WNBA,2025-09-01 00:00:00+00:00,Los Angeles Sparks,Washington Mystics,0.7622,0.2378,0.7961,0.2484,11
401736368,WNBA,2025-09-01 00:30:00+00:00,Golden State Valkyries,Indiana Fever,0.4091,0.5909,0.4254,0.6143,11
401736369,WNBA,2025-09-01 17:00:00+00:00,Connecticut Sun,Atlanta Dream,0.1787,0.8213,0.1864,0.8568,11
401736370,WNBA,2025-09-02 00:00:00+00:00,Minnesota Lynx,Dallas Wings,0.9123,0.0877,0.9516,0.0915,11
401736371,WNBA,2025-09-02 02:00:00+00:00,Seattle Storm,Los Angeles Sparks,0.7333,0.2667,0.7655,0.2784,11
401736372,WNBA,2025-09-03 02:00:00+00:00,Golden State Valkyries,New York Liberty,0.3266,0.6734,0.341,0.703,11
401736373,WNBA,2025-09-03 02:00:00+00:00,Phoenix Mercury,Indiana Fever,0.7355,0.2645,0.7682,0.2763,11
401736374,WNBA,2025-09-03 23:30:00+00:00,Atlanta Dream,Los Angeles Sparks,0.6419,0.3581,0.67,0.3738,11
401736375,WNBA,2025-09-04 00:00:00+00:00,Chicago Sky,Connecticut Sun,0.5365,0.4635,0.5613,0.485,11
401736376,WNBA,2025-09-04 23:30:00+00:00,Washington Mystics,Phoenix Mercury,0.2171,0.7829,0.2271,0.8192,11
401736377,WNBA,2025-09-05 02:00:00+00:00,Golden State Valkyries,Dallas Wings,0.8208,0.1792,0.8581,0.1874,11
401736378,WNBA,2025-09-05 02:00:00+00:00,Las Vegas Aces,Minnesota Lynx,0.4644,0.5356,0.4864,0.5609,11
401736379,WNBA,2025-09-05 23:30:00+00:00,Atlanta Dream,Los Angeles Sparks,0.6772,0.3228,0.7089,0.3379,11
401736380,WNBA,2025-09-05 23:30:00+00:00,Indiana Fever,Chicago Sky,0.8417,0.1583,0.8815,0.1658,11
401736381,WNBA,2025-09-06 02:00:00+00:00,Seattle Storm,New York Liberty,0.5299,0.4701,0.5552,0.4927,11
401736382,WNBA,2025-09-06 17:00:00+00:00,Connecticut Sun,Phoenix Mercury,0.178,0.822,0.1864,0.8606,10
401736383,WNBA,2025-09-07 00:30:00+00:00,Golden State Valkyries,Minnesota Lynx,0.3085,0.6915,0.3224,0.7228,11
401736384,WNBA,2025-09-07 19:00:00+00:00,Washington Mystics,Indiana Fever,0.3064,0.6936,0.3205,0.7253,11
401736385,WNBA,2025-09-07 22:00:00+00:00,Los Angeles Sparks,Dallas Wings,0.7871,0.2129,0.8234,0.2227,11
401736386,WNBA,2025-09-08 01:00:00+00:00,Las Vegas Aces,Chicago Sky,0.9106,0.0894,0.95,0.0933,11
401736387,WNBA,2025-09-08 23:30:00+00:00,Atlanta Dream,Connecticut Sun,0.8847,0.1153,0.9244,0.1205,11
401736388,WNBA,2025-09-09 23:00:00+00:00,New York Liberty,Washington Mystics,0.8858,0.1142,0.9267,0.1195,11
401736389,WNBA,2025-09-09 23:30:00+00:00,Indiana Fever,Minnesota Lynx,0.4611,0.5389,0.4828,0.5642,11
401736390,WNBA,2025-09-10 02:00:00+00:00,Las Vegas Aces,Chicago Sky,0.9188,0.0812,0.9591,0.0847,11
401736391,WNBA,2025-09-10 02:00:00+00:00,Phoenix Mercury,Los Angeles Sparks,0.702,0.298,0.7349,0.3119,11
401736392,WNBA,2025-09-10 02:00:00+00:00,Seattle Storm,Golden State Valkyries,0.7167,0.2833,0.7504,0.2966,11
401736393,WNBA,2025-09-10 23:00:00+00:00,Connecticut Sun,Atlanta Dream,0.1443,0.8557,0.151,0.8958,11
401736394,WNBA,2025-09-12 00:00:00+00:00,Chicago Sky,New York Liberty,0.1152,0.8848,0.1206,0.926,11
401736395,WNBA,2025-09-12 00:00:00+00:00,Dallas Wings,Phoenix Mercury,0.3292,0.6708,0.3448,0.7025,11
401736396,WNBA,2025-09-12 00:00:00+00:00,Minnesota Lynx,Golden State Valkyries,0.7217,0.2783,0.754,0.2908,11
401736397,WNBA,2025-09-12 02:00:00+00:00,Los Angeles Sparks,Las Vegas Aces,0.2029,0.7971,0.2123,0.8341,11
401820272,WNBA,2025-09-14 17:00:00+00:00,Minnesota Lynx,Golden State Valkyries,0.8743,0.1257,0.9145,0.1315,11
401820313,WNBA,2025-09-14 19:00:00+00:00,Atlanta Dream,Indiana Fever,0.7372,0.2628,0.7715,0.2751,11
401820314,WNBA,2025-09-14 21:00:00+00:00,Phoenix Mercury,New York Liberty,0.4489,0.5511,0.4694,0.5763,11
401820315,WNBA,2025-09-15 02:00:00+00:00,Las Vegas Aces,Seattle Storm,0.6921,0.3079,0.7252,0.3227,11
401820316,WNBA,2025-09-16 23:30:00+00:00,Indiana Fever,Atlanta Dream,0.3861,0.6139,0.402,0.6392,11
401820317,WNBA,2025-09-17 01:30:00+00:00,Seattle Storm,Las Vegas Aces,0.3479,0.6521,0.3632,0.6808,11
401820318,WNBA,2025-09-18 00:00:00+00:00,New York Liberty,Phoenix Mercury,0.6352,0.3648,0.6627,0.3807,11
401820319,WNBA,2025-09-18 02:00:00+00:00,Golden State Valkyries,Minnesota Lynx,0.1746,0.8254,0.1828,0.8641,11
401820320,WNBA,2025-09-18 23:30:00+00:00,Atlanta Dream,Indiana Fever,0.752,0.248,0.7864,0.2593,11
401820321,WNBA,2025-09-19 01:30:00+00:00,Las Vegas Aces,Seattle Storm,0.7693,0.2307,0.8042,0.2411,11
401820324,WNBA,2025-09-20 01:00:00+00:00,Phoenix Mercury,New York Liberty,0.5791,0.4209,0.6031,0.4384,11
401820327,WNBA,2025-09-21 19:00:00+00:00,Las Vegas Aces,Indiana Fever,0.7763,0.2237,0.8124,0.2342,11
401820328,WNBA,2025-09-21 21:00:00+00:00,Minnesota Lynx,Phoenix Mercury,0.753,0.247,0.787,0.2582,11
401820330,WNBA,2025-09-23 23:30:00+00:00,Minnesota Lynx,Phoenix Mercury,0.7312,0.2688,0.7645,0.281,11
401820331,WNBA,2025-09-24 01:30:00+00:00,Las Vegas Aces,Indiana Fever,0.7791,0.2209,0.8142,0.2308,11
401820334,WNBA,2025-09-26 23:30:00+00:00,Indiana Fever,Las Vegas Aces,0.388,0.612,0.4046,0.6381,11
401820333,WNBA,2025-09-27 01:40:00+00:00,Phoenix Mercury,Minnesota Lynx,0.3919,0.6081,0.408,0.6331,11
401820337,WNBA,2025-09-28 19:00:00+00:00,Indiana Fever,Las Vegas Aces,0.409,0.591,0.4263,0.6159,11
401820338,WNBA,2025-09-29 00:00:00+00:00,Phoenix Mercury,Minnesota Lynx,0.6324,0.3676,0.6601,0.3837,11
401820340,WNBA,2025-10-01 01:30:00+00:00,Las Vegas Aces,Indiana Fever,0.7649,0.2351,0.8,0.2458,11
401820322,WNBA,2025-10-04 00:00:00+00:00,Las Vegas Aces,Phoenix Mercury,0.5918,0.4082,0.6164,0.4252,11
401820325,WNBA,2025-10-05 19:00:00+00:00,Las Vegas Aces,Phoenix Mercury,0.5745,0.4255,0.5989,0.4436,11
401820326,WNBA,2025-10-09 00:00:00+00:00,Phoenix Mercury,Las Vegas Aces,0.6233,0.3767,0.6507,0.3932,10
401820329,WNBA,2025-10-11 00:00:00+00:00,Phoenix Mercury,Las Vegas Aces,0.451,0.549,0.471,0.5733,10
401866515,WNBA,2026-04-29 23:00:00+00:00,Toronto Tempo,Connecticut Sun,0.4601,0.5399,0.4822,0.5658,4
401866517,WNBA,2026-04-29 23:00:00+00:00,Chicago Sky,Atlanta Dream,0.3947,0.6053,0.4135,0.6341,4
401866516,WNBA,2026-04-30 02:00:00+00:00,Seattle Storm,Portland Fire,0.5837,0.4163,0.6099,0.435,4
401866518,WNBA,2026-04-30 23:00:00+00:00,Indiana Fever,Dallas Wings,0.6722,0.3278,0.7043,0.3434,4
401867793,WNBA,2026-05-02 00:00:00+00:00,Minnesota Lynx,Toronto Tempo,0.6697,0.3303,0.7018,0.3461,4
401867795,WNBA,2026-05-03 19:00:00+00:00,Atlanta Dream,Washington Mystics,0.6985,0.3015,0.7317,0.3159,3
401866519,WNBA,2026-05-03 21:00:00+00:00,Connecticut Sun,New York Liberty,0.2296,0.7704,0.2404,0.8066,3
401866520,WNBA,2026-05-03 23:00:00+00:00,Dallas Wings,Las Vegas Aces,0.3771,0.6229,0.3949,0.6523,3
401866521,WNBA,2026-05-03 23:00:00+00:00,Portland Fire,Los Angeles Sparks,0.2669,0.7331,0.2794,0.7673,3
401856890,WNBA,2026-05-08 23:30:00+00:00,New York Liberty,Connecticut Sun,0.8225,0.1775,0.8594,0.1855,11
401856891,WNBA,2026-05-08 23:30:00+00:00,Toronto Tempo,Washington Mystics,0.5132,0.4868,0.5382,0.5105,11
401856892,WNBA,2026-05-09 02:00:00+00:00,Seattle Storm,Golden State Valkyries,0.3266,0.6734,0.3413,0.7038,11
401856893,WNBA,2026-05-09 17:00:00+00:00,Indiana Fever,Dallas Wings,0.6807,0.3193,0.7116,0.3338,11
401856894,WNBA,2026-05-09 19:30:00+00:00,Las Vegas Aces,Phoenix Mercury,0.7845,0.2155,0.8204,0.2253,11
401856899,WNBA,2026-05-10 00:00:00+00:00,Minnesota Lynx,Atlanta Dream,0.3338,0.6662,0.3491,0.6968,11
401856895,WNBA,2026-05-10 01:00:00+00:00,Portland Fire,Chicago Sky,0.3365,0.6635,0.3518,0.6937,11
401856896,WNBA,2026-05-10 17:00:00+00:00,Connecticut Sun,Seattle Storm,0.5315,0.4685,0.5558,0.4899,11
401856897,WNBA,2026-05-10 19:00:00+00:00,Washington Mystics,New York Liberty,0.3232,0.6768,0.3376,0.7071,11
401856898,WNBA,2026-05-10 22:00:00+00:00,Los Angeles Sparks,Las Vegas Aces,0.4724,0.5276,0.4943,0.5521,11
401856900,WNBA,2026-05-11 00:30:00+00:00,Golden State Valkyries,Phoenix Mercury,0.5582,0.4418,0.5832,0.4615,11
401856901,WNBA,2026-05-13 00:00:00+00:00,Dallas Wings,Atlanta Dream,0.4642,0.5358,0.4853,0.5602,11
401856902,WNBA,2026-05-13 02:00:00+00:00,Phoenix Mercury,Minnesota Lynx,0.6475,0.3525,0.6746,0.3673,11
401856903,WNBA,2026-05-13 02:00:00+00:00,Portland Fire,New York Liberty,0.1506,0.8494,0.1579,0.8905,10
401856904,WNBA,2026-05-13 23:00:00+00:00,Toronto Tempo,Seattle Storm,0.5762,0.4238,0.6005,0.4417,11
401856905,WNBA,2026-05-14 00:00:00+00:00,Connecticut Sun,Las Vegas Aces,0.1193,0.8807,0.1247,0.9205,11
401856906,WNBA,2026-05-14 02:00:00+00:00,Golden State Valkyries,Chicago Sky,0.6852,0.3148,0.7163,0.3291,11
401856907,WNBA,2026-05-14 02:30:00+00:00,Los Angeles Sparks,Indiana Fever,0.4918,0.5082,0.5156,0.5329,11
401856908,WNBA,2026-05-15 00:00:00+00:00,Dallas Wings,Minnesota Lynx,0.6025,0.3975,0.628,0.4143,11
401856909,WNBA,2026-05-15 02:00:00+00:00,Portland Fire,New York Liberty,0.1699,0.8301,0.1777,0.8682,11
401856910,WNBA,2026-05-15 23:30:00+00:00,Connecticut Sun,Las Vegas Aces,0.1112,0.8888,0.1162,0.9291,11
401856911,WNBA,2026-05-15 23:30:00+00:00,Indiana Fever,Washington Mystics,0.7675,0.2325,0.8019,0.2429,11
401856912,WNBA,2026-05-16 02:00:00+00:00,Los Angeles Sparks,Toronto Tempo,0.7365,0.2635,0.7698,0.2754,11
401856913,WNBA,2026-05-16 02:00:00+00:00,Phoenix Mercury,Chicago Sky,0.6206,0.3794,0.6462,0.395,11
401856915,WNBA,2026-05-17 17:30:00+00:00,Atlanta Dream,Las Vegas Aces,0.3984,0.6016,0.4149,0.6265,11
401856916,WNBA,2026-05-17 22:00:00+00:00,Indiana Fever,Seattle Storm,0.8309,0.1691,0.8703,0.1771,11
401856914,WNBA,2026-05-17 23:00:00+00:00,Minnesota Lynx,Chicago Sky,0.6798,0.3202,0.7093,0.334,11
401856917,WNBA,2026-05-17 23:00:00+00:00,Los Angeles Sparks,Toronto Tempo,0.7313,0.2687,0.7645,0.2808,11
401856918,WNBA,2026-05-19 00:00:00+00:00,Dallas Wings,Washington Mystics,0.6238,0.3762,0.6499,0.392,11
401856919,WNBA,2026-05-19 02:00:00+00:00,Portland Fire,Connecticut Sun,0.607,0.393,0.6322,0.4093,10
401856920,WNBA,2026-05-20 02:00:00+00:00,Phoenix Mercury,Toronto Tempo,0.7345,0.2655,0.7677,0.2775,11
401856921,WNBA,2026-05-20 23:00:00+00:00,Indiana Fever,Portland Fire,0.7851,0.2149,0.8205,0.2246,11
401856922,WNBA,2026-05-21 01:00:00+00:00,Chicago Sky,Dallas Wings,0.4213,0.5787,0.4391,0.6032,11
401856923,WNBA,2026-05-21 02:00:00+00:00,Seattle Storm,Connecticut Sun,0.5638,0.4362,0.5892,0.4559,11
401856924,WNBA,2026-05-22 00:00:00+00:00,New York Liberty,Golden State Valkyries,0.6795,0.3205,0.7093,0.3346,11
401856925,WNBA,2026-05-22 00:00:00+00:00,Minnesota Lynx,Toronto Tempo,0.6683,0.3317,0.698,0.3464,11
401856926,WNBA,2026-05-22 02:00:00+00:00,Phoenix Mercury,Los Angeles Sparks,0.5633,0.4367,0.5883,0.4561,11
401856927,WNBA,2026-05-22 23:30:00+00:00,Atlanta Dream,Dallas Wings,0.6566,0.3434,0.6862,0.3588,11
401856928,WNBA,2026-05-22 23:30:00+00:00,Indiana Fever,Golden State Valkyries,0.6532,0.3468,0.6813,0.3617,11
401856929,WNBA,2026-05-23 02:00:00+00:00,Seattle Storm,Connecticut Sun,0.5441,0.4559,0.5686,0.4764,11
401856930,WNBA,2026-05-23 17:00:00+00:00,Chicago Sky,Minnesota Lynx,0.4692,0.5308,0.4908,0.5551,11
401856931,WNBA,2026-05-23 22:00:00+00:00,Toronto Tempo,Portland Fire,0.652,0.348,0.68,0.3629,11
401856932,WNBA,2026-05-24 00:00:00+00:00,Las Vegas Aces,Los Angeles Sparks,0.7743,0.2257,0.8095,0.2359,11
401856933,WNBA,2026-05-24 19:00:00+00:00,Atlanta Dream,Phoenix Mercury,0.666,0.334,0.6958,0.349,11
401856934,WNBA,2026-05-24 19:30:00+00:00,New York Liberty,Dallas Wings,0.6792,0.3208,0.7093,0.335,11
401856935,WNBA,2026-05-24 22:00:00+00:00,Seattle Storm,Washington Mystics,0.3646,0.6354,0.3801,0.6623,11
401856936,WNBA,2026-05-26 00:00:00+00:00,New York Liberty,Portland Fire,0.7934,0.2066,0.8303,0.2162,11
401856937,WNBA,2026-05-26 02:00:00+00:00,Golden State Valkyries,Connecticut Sun,0.8584,0.1416,0.8973,0.1481,11
401856938,WNBA,2026-05-27 23:00:00+00:00,New York Liberty,Phoenix Mercury,0.6196,0.3804,0.6453,0.3961,11
401856939,WNBA,2026-05-28 00:00:00+00:00,Chicago Sky,Toronto Tempo,0.6343,0.3657,0.6608,0.381,11
401856940,WNBA,2026-05-28 01:00:00+00:00,Minnesota Lynx,Atlanta Dream,0.4273,0.5727,0.4454,0.5969,11
401856941,WNBA,2026-05-28 02:00:00+00:00,Portland Fire,Connecticut Sun,0.6982,0.3018,0.7304,0.3157,11
401856942,WNBA,2026-05-28 02:00:00+00:00,Seattle Storm,Washington Mystics,0.4094,0.5906,0.4266,0.6153,11
401856943,WNBA,2026-05-29 00:00:00+00:00,Dallas Wings,Las Vegas Aces,0.3586,0.6414,0.3734,0.6679,11
401856944,WNBA,2026-05-29 02:00:00+00:00,Golden State Valkyries,Indiana Fever,0.543,0.457,0.5665,0.4767,11
401856945,WNBA,2026-05-29 23:30:00+00:00,New York Liberty,Phoenix Mercury,0.6574,0.3426,0.6863,0.3576,11
401856946,WNBA,2026-05-29 23:30:00+00:00,Washington Mystics,Los Angeles Sparks,0.5551,0.4449,0.5802,0.465,11
401856947,WNBA,2026-05-29 23:30:00+00:00,Chicago Sky,Minnesota Lynx,0.3763,0.6237,0.3922,0.6502,11
401856948,WNBA,2026-05-30 02:00:00+00:00,Portland Fire,Atlanta Dream,0.2485,0.7515,0.2591,0.7835,11
401856949,WNBA,2026-05-30 17:00:00+00:00,Toronto Tempo,Seattle Storm,0.6679,0.3321,0.6976,0.3469,11
401856950,WNBA,2026-05-30 22:00:00+00:00,Connecticut Sun,Los Angeles Sparks,0.3893,0.6107,0.4056,0.6363,11
401856951,WNBA,2026-05-31 00:00:00+00:00,Portland Fire,Indiana Fever,0.1862,0.8138,0.1947,0.8508,11
401856952,WNBA,2026-05-31 19:30:00+00:00,Golden State Valkyries,Las Vegas Aces,0.4611,0.5389,0.4818,0.5632,10
401856953,WNBA,2026-06-02 00:00:00+00:00,Dallas Wings,Seattle Storm,0.8358,0.1642,0.8744,0.1718,11
401856954,WNBA,2026-06-02 02:00:00+00:00,Phoenix Mercury,Minnesota Lynx,0.4303,0.5697,0.449,0.5943,11
401856955,WNBA,2026-06-02 23:30:00+00:00,Atlanta Dream,Connecticut Sun,0.8782,0.1218,0.9175,0.1273,11
401856956,WNBA,2026-06-02 23:30:00+00:00,Washington Mystics,Chicago Sky,0.4559,0.5441,0.4759,0.568,11
401856957,WNBA,2026-06-03 02:00:00+00:00,Golden State Valkyries,Portland Fire,0.7574,0.2426,0.7904,0.2532,11
401856958,WNBA,2026-06-03 02:00:00+00:00,Los Angeles Sparks,Las Vegas Aces,0.2913,0.7087,0.3041,0.7398,11
401856959,WNBA,2026-06-03 23:30:00+00:00,New York Liberty,Toronto Tempo,0.7449,0.2551,0.779,0.2668,8
401856960,WNBA,2026-06-04 02:00:00+00:00,Seattle Storm,Phoenix Mercury,0.2957,0.7043,0.309,0.7359,11
401856961,WNBA,2026-06-04 23:00:00+00:00,Indiana Fever,Atlanta Dream,0.5023,0.4977,0.5266,0.5219,11
401856962,WNBA,2026-06-05 01:00:00+00:00,Minnesota Lynx,Golden State Valkyries,0.601,0.399,0.6258,0.4154,11
401856963,WNBA,2026-06-05 23:30:00+00:00,Chicago Sky,Connecticut Sun,0.6922,0.3078,0.7233,0.3216,11
401856964,WNBA,2026-06-06 02:00:00+00:00,Los Angeles Sparks,Dallas Wings,0.4548,0.5452,0.4745,0.5689,11
401856965,WNBA,2026-06-06 02:00:00+00:00,Portland Fire,Phoenix Mercury,0.6092,0.3908,0.6342,0.4068,11
401856966,WNBA,2026-06-06 17:00:00+00:00,Minnesota Lynx,Seattle Storm,0.868,0.132,0.9069,0.1379,11
401856967,WNBA,2026-06-06 19:00:00+00:00,Las Vegas Aces,Golden State Valkyries,0.5885,0.4115,0.6122,0.4281,11
401856968,WNBA,2026-06-06 22:00:00+00:00,Atlanta Dream,Washington Mystics,0.7752,0.2248,0.8095,0.2347,11
401856969,WNBA,2026-06-07 00:00:00+00:00,New York Liberty,Indiana Fever,0.5743,0.4257,0.5982,0.4435,11
401856970,WNBA,2026-06-07 19:00:00+00:00,Toronto Tempo,Chicago Sky,0.6008,0.3992,0.6258,0.4158,11
401856971,WNBA,2026-06-07 23:00:00+00:00,Los Angeles Sparks,Portland Fire,0.7106,0.2894,0.743,0.3026,10
401856972,WNBA,2026-06-08 23:00:00+00:00,Connecticut Sun,New York Liberty,0.1513,0.8487,0.1586,0.8893,11
401856973,WNBA,2026-06-08 23:00:00+00:00,Washington Mystics,Indiana Fever,0.3314,0.6686,0.3461,0.6984,11
401856974,WNBA,2026-06-09 02:00:00+00:00,Las Vegas Aces,Seattle Storm,0.8896,0.1104,0.9311,0.1155,10
401856975,WNBA,2026-06-09 23:00:00+00:00,Chicago Sky,Atlanta Dream,0.2304,0.7696,0.2408,0.8041,11
401856976,WNBA,2026-06-10 00:00:00+00:00,Minnesota Lynx,Dallas Wings,0.6244,0.3756,0.6507,0.3915,10
401856977,WNBA,2026-06-10 02:00:00+00:00,Golden State Valkyries,Phoenix Mercury,0.7349,0.2651,0.7682,0.2771,11
401856978,WNBA,2026-06-10 23:00:00+00:00,Toronto Tempo,Connecticut Sun,0.7556,0.2444,0.7897,0.2554,11
401856979,WNBA,2026-06-11 02:00:00+00:00,Seattle Storm,Los Angeles Sparks,0.2749,0.7251,0.2874,0.7581,11
401856980,WNBA,2026-06-11 23:00:00+00:00,Indiana Fever,Chicago Sky,0.7852,0.2148,0.821,0.2246,11
401856981,WNBA,2026-06-11 23:30:00+00:00,Atlanta Dream,New York Liberty,0.586,0.414,0.6095,0.4307,11
401856982,WNBA,2026-06-12 01:00:00+00:00,Dallas Wings,Phoenix Mercury,0.7001,0.2999,0.7319,0.3136,11
401856983,WNBA,2026-06-12 02:00:00+00:00,Portland Fire,Las Vegas Aces,0.1876,0.8124,0.1963,0.8501,11
401856984,WNBA,2026-06-12 23:30:00+00:00,Washington Mystics,Toronto Tempo,0.5104,0.4896,0.535,0.5131,11
401856985,WNBA,2026-06-13 02:00:00+00:00,Seattle Storm,Golden State Valkyries,0.2211,0.7789,0.231,0.8137,11
401856986,WNBA,2026-06-13 22:00:00+00:00,Connecticut Sun,Indiana Fever,0.2315,0.7685,0.2425,0.8048,11
401856987,WNBA,2026-06-14 00:00:00+00:00,Las Vegas Aces,Minnesota Lynx,0.5898,0.4102,0.6147,0.4275,11
401856988,WNBA,2026-06-14 00:30:00+00:00,Portland Fire,Dallas Wings,0.4071,0.5929,0.4242,0.6178,11
401856989,WNBA,2026-06-14 02:00:00+00:00,Phoenix Mercury,Los Angeles Sparks,0.4763,0.5237,0.4987,0.5484,11
401856990,WNBA,2026-06-14 19:00:00+00:00,New York Liberty,Washington Mystics,0.8553,0.1447,0.8943,0.1513,11
401856991,WNBA,2026-06-14 19:00:00+00:00,Toronto Tempo,Atlanta Dream,0.2845,0.7155,0.2974,0.7478,11
401856992,WNBA,2026-06-16 00:00:00+00:00,Dallas Wings,Las Vegas Aces,0.4025,0.5975,0.419,0.622,11
401856993,WNBA,2026-06-16 00:00:00+00:00,Minnesota Lynx,Portland Fire,0.8811,0.1189,0.9221,0.1244,11
401856994,WNBA,2026-06-16 02:00:00+00:00,Golden State Valkyries,Los Angeles Sparks,0.6541,0.3459,0.6825,0.3609,11
401856995,WNBA,2026-06-16 23:00:00+00:00,Indiana Fever,Toronto Tempo,0.7706,0.2294,0.8054,0.2397,11
401856996,WNBA,2026-06-17 23:00:00+00:00,Connecticut Sun,Washington Mystics,0.5418,0.4582,0.5656,0.4784,11
401856997,WNBA,2026-06-18 00:00:00+00:00,Chicago Sky,New York Liberty,0.1976,0.8024,0.2068,0.8397,11
401856998,WNBA,2026-06-18 02:00:00+00:00,Golden State Valkyries,Dallas Wings,0.5819,0.4181,0.6064,0.4357,11
401856999,WNBA,2026-06-18 02:00:00+00:00,Los Angeles Sparks,Minnesota Lynx,0.1894,0.8106,0.1982,0.8482,11
401857000,WNBA,2026-06-18 02:00:00+00:00,Phoenix Mercury,Las Vegas Aces,0.2938,0.7062,0.3074,0.739,11
401857001,WNBA,2026-06-18 02:00:00+00:00,Portland Fire,Seattle Storm,0.6199,0.3801,0.6456,0.3958,11
401857002,WNBA,2026-06-18 23:30:00+00:00,Indiana Fever,Atlanta Dream,0.4801,0.5199,0.5026,0.5442,11
401857003,WNBA,2026-06-19 23:30:00+00:00,Connecticut Sun,Toronto Tempo,0.5381,0.4619,0.5619,0.4824,10
401857004,WNBA,2026-06-19 23:30:00+00:00,New York Liberty,Washington Mystics,0.8487,0.1513,0.8893,0.1586,11
401857005,WNBA,2026-06-20 02:00:00+00:00,Golden State Valkyries,Minnesota Lynx,0.4215,0.5785,0.4387,0.6021,11
401857006,WNBA,2026-06-20 17:00:00+00:00,Atlanta Dream,Indiana Fever,0.6249,0.3751,0.6518,0.3913,11
401857007,WNBA,2026-06-20 19:07:00+00:00,Phoenix Mercury,Seattle Storm,0.689,0.311,0.7209,0.3255,11
401857008,WNBA,2026-06-21 00:00:00+00:00,Dallas Wings,Chicago Sky,0.7983,0.2017,0.8346,0.2108,11
401857009,WNBA,2026-06-21 20:00:00+00:00,Las Vegas Aces,Golden State Valkyries,0.6044,0.3956,0.6297,0.4122,11
401857010,WNBA,2026-06-21 22:00:00+00:00,Minnesota Lynx,Washington Mystics,0.8644,0.1356,0.9047,0.1419,11
401857011,WNBA,2026-06-22 00:00:00+00:00,Los Angeles Sparks,New York Liberty,0.3423,0.6577,0.3579,0.6876,11
401857012,WNBA,2026-06-22 23:00:00+00:00,Connecticut Sun,Chicago Sky,0.4044,0.5956,0.421,0.6201,11
401857013,WNBA,2026-06-22 23:30:00+00:00,Atlanta Dream,Toronto Tempo,0.884,0.116,0.9236,0.1212,11
401857014,WNBA,2026-06-23 00:00:00+00:00,Indiana Fever,Phoenix Mercury,0.726,0.274,0.7587,0.2864,11
401857015,WNBA,2026-06-23 02:00:00+00:00,Seattle Storm,Dallas Wings,0.2192,0.7808,0.2292,0.8167,11
401857016,WNBA,2026-06-24 02:00:00+00:00,Las Vegas Aces,New York Liberty,0.5581,0.4419,0.5833,0.4619,11
401857017,WNBA,2026-06-24 23:30:00+00:00,Indiana Fever,Phoenix Mercury,0.7665,0.2335,0.8006,0.2439,11
401857018,WNBA,2026-06-24 23:30:00+00:00,Washington Mystics,Minnesota Lynx,0.2265,0.7735,0.2366,0.8077,11
401857019,WNBA,2026-06-25 00:00:00+00:00,Chicago Sky,Portland Fire,0.6038,0.3962,0.6287,0.4125,11
401857020,WNBA,2026-06-25 02:00:00+00:00,Golden State Valkyries,Atlanta Dream,0.4491,0.5509,0.4686,0.5748,11
401857021,WNBA,2026-06-25 23:00:00+00:00,Toronto Tempo,Los Angeles Sparks,0.4905,0.5095,0.514,0.5339,11
401857022,WNBA,2026-06-26 02:00:00+00:00,Las Vegas Aces,Dallas Wings,0.6792,0.3208,0.7088,0.3348,11
401857023,WNBA,2026-06-26 02:00:00+00:00,Seattle Storm,New York Liberty,0.2423,0.7577,0.2535,0.7927,11
401857024,WNBA,2026-06-26 23:30:00+00:00,Connecticut Sun,Washington Mystics,0.3938,0.6062,0.41,0.6312,11
401857025,WNBA,2026-06-26 23:30:00+00:00,Chicago Sky,Portland Fire,0.6779,0.3221,0.7074,0.3361,11
401857026,WNBA,2026-06-27 02:00:00+00:00,Golden State Valkyries,Atlanta Dream,0.4553,0.5447,0.4753,0.5686,11
401857027,WNBA,2026-06-27 18:00:00+00:00,Toronto Tempo,Phoenix Mercury,0.6577,0.3423,0.6863,0.3572,11
401857028,WNBA,2026-06-28 00:00:00+00:00,Indiana Fever,Los Angeles Sparks,0.7048,0.2952,0.7363,0.3084,11
401857029,WNBA,2026-06-28 01:00:00+00:00,Seattle Storm,Atlanta Dream,0.2372,0.7628,0.2479,0.7972,11
401857030,WNBA,2026-06-28 18:00:00+00:00,Dallas Wings,Minnesota Lynx,0.4163,0.5837,0.4341,0.6085,11
401857031,WNBA,2026-06-28 19:00:00+00:00,Washington Mystics,Portland Fire,0.7054,0.2946,0.7369,0.3078,11
401857032,WNBA,2026-06-28 20:00:00+00:00,Chicago Sky,Las Vegas Aces,0.277,0.723,0.2896,0.7561,11
401857033,WNBA,2026-06-28 23:00:00+00:00,Golden State Valkyries,New York Liberty,0.5246,0.4754,0.5491,0.4975,11
401857321,WNBA,2026-06-30 23:00:00+00:00,New York Liberty,Las Vegas Aces,0.6799,0.3201,0.7102,0.3343,11
401756846,CFB,2025-08-23 16:00:00+00:00,Kansas State Wildcats,Iowa State Cyclones,0.5803,0.4197,0.6047,0.4373,11
401756847,CFB,2025-08-23 22:30:00+00:00,Kansas Jayhawks,Fresno State Bulldogs,0.818,0.182,0.8541,0.19,11
401762522,CFB,2025-08-28 21:30:00+00:00,South Florida Bulls,Boise State Broncos,0.3546,0.6454,0.3697,0.673,11
401752794,CFB,2025-08-28 22:00:00+00:00,Rutgers Scarlet Knights,Ohio Bobcats,0.8395,0.1605,0.8788,0.1681,10
401754373,CFB,2025-08-28 23:00:00+00:00,NC State Wolfpack,East Carolina Pirates,0.8144,0.1856,0.8521,0.1941,11
401756848,CFB,2025-08-28 23:00:00+00:00,UCF Knights,Jacksonville State Gamecocks,0.8857,0.1143,0.926,0.1195,11
401762789,CFB,2025-08-28 23:00:00+00:00,Akron Zips,Wyoming Cowboys,0.3522,0.6478,0.3667,0.6745,11
401752793,CFB,2025-08-29 00:00:00+00:00,Minnesota Golden Gophers,Buffalo Bulls,0.8567,0.1433,0.8973,0.1501,11
401752796,CFB,2025-08-29 01:00:00+00:00,Cincinnati Bearcats,Nebraska Cornhuskers,0.3301,0.6699,0.3444,0.6989,11
401762791,CFB,2025-08-29 01:00:00+00:00,Wisconsin Badgers,Miami (OH) RedHawks,0.8797,0.1203,0.9184,0.1255,11
401752802,CFB,2025-08-29 23:00:00+00:00,Michigan State Spartans,Western Michigan Broncos,0.9118,0.0882,0.9508,0.092,11
401754374,CFB,2025-08-29 23:00:00+00:00,Wake Forest Demon Deacons,Kennesaw State Owls,0.8755,0.1245,0.9152,0.1301,11
401752667,CFB,2025-08-30 00:00:00+00:00,Baylor Bears,Auburn Tigers,0.4858,0.5142,0.5093,0.539,11
401754375,CFB,2025-08-30 00:00:00+00:00,Colorado Buffaloes,Georgia Tech Yellow Jackets,0.4026,0.5974,0.4196,0.6226,11
401752677,CFB,2025-08-30 16:00:00+00:00,Ohio State Buckeyes,Texas Longhorns,0.5152,0.4848,0.5396,0.5076,10
401752676,CFB,2025-08-30 16:00:00+00:00,Tennessee Volunteers,Syracuse Orange,0.8089,0.1911,0.8447,0.1995,10
401752797,CFB,2025-08-30 16:00:00+00:00,Maryland Terrapins,Florida Atlantic Owls,0.796,0.204,0.832,0.2133,10
401752801,CFB,2025-08-30 16:00:00+00:00,Purdue Boilermakers,Ball State Cardinals,0.8467,0.1533,0.8851,0.1602,10
401752803,CFB,2025-08-30 16:00:00+00:00,Tulane Green Wave,Northwestern Wildcats,0.6626,0.3374,0.6931,0.3529,10
401752670,CFB,2025-08-30 16:45:00+00:00,Kentucky Wildcats,Toledo Rockets,0.7502,0.2498,0.782,0.2604,10
401752806,CFB,2025-08-30 18:30:00+00:00,Indiana Hoosiers,Old Dominion Monarchs,0.9239,0.0761,0.9632,0.0794,11
401752807,CFB,2025-08-30 19:30:00+00:00,Penn State Nittany Lions,Nevada Wolf Pack,0.9661,0.0339,1.0,0.0351,1
401752669,CFB,2025-08-30 19:30:00+00:00,Georgia Bulldogs,Marshall Thundering Herd,0.9661,0.0339,1.0,0.0351,1
401752665,CFB,2025-08-30 19:30:00+00:00,Florida State Seminoles,Alabama Crimson Tide,0.1831,0.8169,0.1913,0.8536,11
401752675,CFB,2025-08-30 22:00:00+00:00,Oklahoma Sooners,Illinois State Redbirds,0.9762,0.0238,1.0,0.0244,1
401754616,CFB,2025-08-30 22:00:00+00:00,Virginia Cavaliers,Coastal Carolina Chanticleers,0.7999,0.2001,0.8359,0.2091,11
401761590,CFB,2025-08-30 22:00:00+00:00,James Madison Dukes,Weber State Wildcats,0.947,0.053,0.9843,0.0551,5
401752671,CFB,2025-08-30 23:30:00+00:00,Clemson Tigers,LSU Tigers,0.6453,0.3547,0.6725,0.3696,11
401752808,CFB,2025-08-30 23:30:00+00:00,Michigan Wolverines,New Mexico Lobos,0.9672,0.0328,0.9967,0.0338,3
401752678,CFB,2025-08-30 23:00:00+00:00,Texas A&M Aggies,UTSA Roadrunners,0.9209,0.0791,0.9599,0.0825,11
401752672,CFB,2025-08-30 23:45:00+00:00,Ole Miss Rebels,Georgia State Panthers,0.9661,0.0339,1.0,0.0351,1
401757226,CFB,2025-08-30 23:00:00+00:00,Western Kentucky Hilltoppers,North Alabama Lions,0.9357,0.0643,0.9804,0.0673,6
401761591,CFB,2025-08-30 23:00:00+00:00,Arkansas State Red Wolves,Southeast Missouri State Redhawks,0.8227,0.1773,0.863,0.186,8
401761593,CFB,2025-08-30 23:00:00+00:00,South Alabama Jaguars,Morgan State Bears,0.9428,0.0572,0.9862,0.0598,5
401752798,CFB,2025-08-30 23:30:00+00:00,USC Trojans,Missouri State Bears,0.9644,0.0356,0.995,0.0368,2
401757225,CFB,2025-08-30 23:30:00+00:00,Utah State Aggies,UTEP Miners,0.6548,0.3452,0.6838,0.3605,11
401761594,CFB,2025-08-31 00:00:00+00:00,Texas State Bobcats,Eastern Michigan Eagles,0.8127,0.1873,0.8494,0.1958,11
401760361,CFB,2025-08-31 01:30:00+00:00,Fresno State Bulldogs,Georgia Southern Eagles,0.4889,0.5111,0.5126,0.5358,9
401752936,CFB,2025-08-31 02:30:00+00:00,Oregon State Beavers,California Golden Bears,0.4851,0.5149,0.5081,0.5393,10
401752800,CFB,2025-08-31 03:00:00+00:00,UCLA Bruins,Utah Utes,0.3211,0.6789,0.3351,0.7083,10
401752805,CFB,2025-08-31 03:00:00+00:00,Washington Huskies,Colorado State Rams,0.9157,0.0843,0.9566,0.088,11
401752680,CFB,2025-08-31 19:00:00+00:00,South Carolina Gamecocks,Virginia Tech Hokies,0.6991,0.3009,0.7305,0.3144,11
401754522,CFB,2025-08-31 23:30:00+00:00,Miami Hurricanes,Notre Dame Fighting Irish,0.4248,0.5752,0.4426,0.5992,11
401754523,CFB,2025-09-02 00:00:00+00:00,North Carolina Tar Heels,TCU Horned Frogs,0.3882,0.6118,0.4047,0.6377,11
401754528,CFB,2025-09-05 23:00:00+00:00,Louisville Cardinals,James Madison Dukes,0.8367,0.1633,0.8751,0.1708,11
401752826,CFB,2025-09-05 23:30:00+00:00,Maryland Terrapins,Northern Illinois Huskies,0.8548,0.1452,0.8951,0.152,11
401752825,CFB,2025-09-06 16:00:00+00:00,Duke Blue Devils,Illinois Fighting Illini,0.45,0.55,0.47,0.5746,11
401752822,CFB,2025-09-06 16:00:00+00:00,Iowa State Cyclones,Iowa Hawkeyes,0.5966,0.4034,0.6208,0.4198,11
401754525,CFB,2025-09-06 16:00:00+00:00,SMU Mustangs,Baylor Bears,0.5762,0.4238,0.5998,0.4411,11
401752694,CFB,2025-09-06 16:45:00+00:00,Texas A&M Aggies,Utah State Aggies,0.9643,0.0357,0.995,0.0368,6
401754529,CFB,2025-09-06 16:00:00+00:00,Pittsburgh Panthers,Central Michigan Chippewas,0.9119,0.0881,0.9524,0.092,11
401754618,CFB,2025-09-06 16:00:00+00:00,Syracuse Orange,UConn Huskies,0.7046,0.2954,0.7359,0.3086,11
401757227,CFB,2025-09-06 16:00:00+00:00,Jacksonville State Gamecocks,Liberty Flames,0.3297,0.6703,0.3445,0.7005,11
401752824,CFB,2025-09-06 19:30:00+00:00,Oregon Ducks,Oklahoma State Cowboys,0.9491,0.0509,0.9879,0.053,9
401754637,CFB,2025-09-06 19:30:00+00:00,Clemson Tigers,Troy Trojans,0.9626,0.0374,0.9901,0.0385,1
401752686,CFB,2025-09-06 19:30:00+00:00,Kentucky Wildcats,Ole Miss Rebels,0.2582,0.7418,0.2698,0.7753,9
401752689,CFB,2025-09-06 19:30:00+00:00,Missouri Tigers,Kansas Jayhawks,0.6443,0.3557,0.6707,0.3703,11
401752937,CFB,2025-09-06 19:30:00+00:00,Oregon State Beavers,Fresno State Bulldogs,0.5096,0.4904,0.5341,0.5141,10
401756880,CFB,2025-09-06 19:30:00+00:00,Cincinnati Bearcats,Bowling Green Falcons,0.9141,0.0859,0.955,0.0898,11
401761603,CFB,2025-09-06 19:30:00+00:00,UTSA Roadrunners,Texas State Bobcats,0.6206,0.3794,0.6457,0.3947,10
401762458,CFB,2025-09-06 19:30:00+00:00,Navy Midshipmen,UAB Blazers,0.8995,0.1005,0.9399,0.105,10
401762461,CFB,2025-09-06 19:30:00+00:00,Western Michigan Broncos,North Texas Mean Green,0.2227,0.7773,0.2325,0.8118,10
401752684,CFB,2025-09-06 20:15:00+00:00,Florida Gators,South Florida Bulls,0.866,0.134,0.9042,0.1399,10
401752820,CFB,2025-09-06 20:00:00+00:00,Wisconsin Badgers,Middle Tennessee Blue Raiders,0.9538,0.0462,0.9859,0.0478,7
401756883,CFB,2025-09-06 20:00:00+00:00,Ohio Bobcats,West Virginia Mountaineers,0.3927,0.6073,0.4088,0.6322,10
401752818,CFB,2025-09-06 20:30:00+00:00,Rutgers Scarlet Knights,Miami (OH) RedHawks,0.8392,0.1608,0.8774,0.1681,8
401752682,CFB,2025-09-06 21:00:00+00:00,Arkansas Razorbacks,Arkansas State Red Wolves,0.9195,0.0805,0.9597,0.084,10
401752688,CFB,2025-09-06 23:30:00+00:00,Mississippi State Bulldogs,Arizona State Sun Devils,0.3243,0.6757,0.3381,0.7044,9
401752690,CFB,2025-09-06 23:30:00+00:00,Oklahoma Sooners,Michigan Wolverines,0.6223,0.3777,0.6472,0.3928,9
401754527,CFB,2025-09-06 23:00:00+00:00,Charlotte 49ers,North Carolina Tar Heels,0.1628,0.8372,0.1702,0.8756,9
401756882,CFB,2025-09-06 23:00:00+00:00,Kansas State Wildcats,Army Black Knights,0.8573,0.1427,0.897,0.1493,10
401756884,CFB,2025-09-06 23:00:00+00:00,Rice Owls,Houston Cougars,0.1824,0.8176,0.191,0.8562,10
401757232,CFB,2025-09-06 23:00:00+00:00,Toledo Rockets,Western Kentucky Hilltoppers,0.7246,0.2754,0.7577,0.288,10
401761598,CFB,2025-09-06 23:00:00+00:00,Georgia State Panthers,Memphis Tigers,0.1721,0.8279,0.18,0.8658,10
401761601,CFB,2025-09-06 23:00:00+00:00,South Alabama Jaguars,Tulane Green Wave,0.1906,0.8094,0.1995,0.8468,10
401752695,CFB,2025-09-06 23:30:00+00:00,Virginia Tech Hokies,Vanderbilt Commodores,0.5392,0.4608,0.5629,0.4811,9
401752814,CFB,2025-09-06 23:30:00+00:00,USC Trojans,Georgia Southern Eagles,0.9479,0.0521,0.9885,0.0543,6
401752816,CFB,2025-09-06 23:30:00+00:00,Michigan State Spartans,Boston College Eagles,0.6024,0.3976,0.6264,0.4133,9
401752823,CFB,2025-09-07 00:00:00+00:00,UNLV Rebels,UCLA Bruins,0.4553,0.5447,0.4751,0.5683,10
401757229,CFB,2025-09-07 01:00:00+00:00,New Mexico State Aggies,Tulsa Golden Hurricane,0.4082,0.5918,0.4254,0.6168,10
401752948,CFB,2025-09-07 02:15:00+00:00,Washington State Cougars,San Diego State Aztecs,0.5294,0.4706,0.5535,0.4919,10
401754526,CFB,2025-09-07 02:15:00+00:00,BYU Cougars,Stanford Cardinal,0.9017,0.0983,0.9417,0.1027,10
401756893,CFB,2025-09-12 23:30:00+00:00,Houston Cougars,Colorado Buffaloes,0.6257,0.3743,0.6525,0.3904,11
401756888,CFB,2025-09-13 01:00:00+00:00,Arizona Wildcats,Kansas State Wildcats,0.4851,0.5149,0.5084,0.5395,11
401752837,CFB,2025-09-13 02:00:00+00:00,UCLA Bruins,New Mexico Lobos,0.8337,0.1663,0.8724,0.1741,11
401752831,CFB,2025-09-13 16:00:00+00:00,Northwestern Wildcats,Oregon Ducks,0.0593,0.9407,0.0618,0.9804,9
401754623,CFB,2025-09-13 16:00:00+00:00,Georgia Tech Yellow Jackets,Clemson Tigers,0.4337,0.5663,0.4528,0.5911,11
401752703,CFB,2025-09-13 16:00:00+00:00,Temple Owls,Oklahoma Sooners,0.0758,0.9242,0.0791,0.9641,11
401752696,CFB,2025-09-13 16:00:00+00:00,Alabama Crimson Tide,Wisconsin Badgers,0.8845,0.1155,0.9236,0.1206,11
401752839,CFB,2025-09-13 16:00:00+00:00,Michigan Wolverines,Central Michigan Chippewas,0.945,0.055,0.9818,0.0572,7
401752697,CFB,2025-09-13 16:45:00+00:00,Auburn Tigers,South Alabama Jaguars,0.9318,0.0682,0.9728,0.0712,10
401761608,CFB,2025-09-13 16:00:00+00:00,Troy Trojans,Memphis Tigers,0.3738,0.6262,0.3901,0.6534,11
401762817,CFB,2025-09-13 16:00:00+00:00,Kent State Golden Flashes,Buffalo Bulls,0.0758,0.9242,0.0789,0.9624,11
401752705,CFB,2025-09-13 19:30:00+00:00,Tennessee Volunteers,Georgia Bulldogs,0.3959,0.6041,0.4127,0.6298,11
401752938,CFB,2025-09-13 19:30:00+00:00,Texas Tech Red Raiders,Oregon State Beavers,0.9212,0.0788,0.9625,0.0824,10
401752949,CFB,2025-09-13 19:30:00+00:00,North Texas Mean Green,Washington State Cougars,0.6891,0.3109,0.72,0.3248,10
401754638,CFB,2025-09-13 19:30:00+00:00,West Virginia Mountaineers,Pittsburgh Panthers,0.2962,0.7038,0.3094,0.7354,11
401754535,CFB,2025-09-13 20:30:00+00:00,Miami Hurricanes,South Florida Bulls,0.8521,0.1479,0.8922,0.1549,11
401756890,CFB,2025-09-13 20:00:00+00:00,Arkansas State Red Wolves,Iowa State Cyclones,0.0983,0.9017,0.1027,0.9427,11
401757256,CFB,2025-09-13 21:00:00+00:00,Bowling Green Falcons,Liberty Flames,0.3382,0.6618,0.354,0.6928,11
401757258,CFB,2025-09-13 21:00:00+00:00,Nevada Wolf Pack,Middle Tennessee Blue Raiders,0.7404,0.2596,0.7736,0.2712,11
401752832,CFB,2025-09-13 22:45:00+00:00,Purdue Boilermakers,USC Trojans,0.1035,0.8965,0.108,0.9356,10
401752827,CFB,2025-09-13 23:00:00+00:00,Ohio State Buckeyes,Ohio Bobcats,0.9492,0.0508,0.9852,0.0527,8
401752699,CFB,2025-09-13 23:30:00+00:00,LSU Tigers,Florida Gators,0.655,0.345,0.6843,0.3605,10
401752707,CFB,2025-09-13 23:30:00+00:00,Notre Dame Fighting Irish,Texas A&M Aggies,0.6791,0.3209,0.7084,0.3348,10
401752829,CFB,2025-09-13 23:00:00+00:00,Illinois Fighting Illini,Western Michigan Broncos,0.9473,0.0527,0.984,0.0548,8
401752704,CFB,2025-09-13 23:45:00+00:00,South Carolina Gamecocks,Vanderbilt Commodores,0.5793,0.4207,0.6028,0.4378,10
401752700,CFB,2025-09-13 23:00:00+00:00,Ole Miss Rebels,Arkansas Razorbacks,0.6075,0.3925,0.6342,0.4098,10
401754536,CFB,2025-09-13 23:00:00+00:00,Virginia Tech Hokies,Old Dominion Monarchs,0.6621,0.3379,0.6932,0.3538,11
401757234,CFB,2025-09-13 23:00:00+00:00,Georgia Southern Eagles,Jacksonville State Gamecocks,0.5885,0.4115,0.6133,0.4289,11
401752698,CFB,2025-09-13 23:30:00+00:00,Kentucky Wildcats,Eastern Michigan Eagles,0.9353,0.0647,0.9773,0.0676,9
401757257,CFB,2025-09-13 23:30:00+00:00,Louisiana Tech Bulldogs,New Mexico State Aggies,0.7536,0.2464,0.7888,0.2579,10
401761604,CFB,2025-09-13 23:30:00+00:00,Coastal Carolina Chanticleers,East Carolina Pirates,0.299,0.701,0.3117,0.7306,9
401756895,CFB,2025-09-14 00:00:00+00:00,Wyoming Cowboys,Utah Utes,0.0732,0.9268,0.0765,0.9678,9
401754534,CFB,2025-09-14 00:00:00+00:00,Tulane Green Wave,Duke Blue Devils,0.5193,0.4807,0.5441,0.5036,10
401762465,CFB,2025-09-14 00:00:00+00:00,Tulsa Golden Hurricane,Navy Midshipmen,0.182,0.818,0.1902,0.8547,10
401757233,CFB,2025-09-14 00:30:00+00:00,Florida International Panthers,Florida Atlantic Owls,0.541,0.459,0.5669,0.4809,5
401762463,CFB,2025-09-14 00:30:00+00:00,UAB Blazers,Akron Zips,0.7855,0.2145,0.821,0.2243,10
401760368,CFB,2025-09-14 01:45:00+00:00,Utah State Aggies,Air Force Falcons,0.3671,0.6329,0.3826,0.6597,10
401752840,CFB,2025-09-14 02:30:00+00:00,California Golden Bears,Minnesota Golden Gophers,0.4201,0.5799,0.4377,0.6042,11
401754533,CFB,2025-09-14 02:30:00+00:00,Stanford Cardinal,Boston College Eagles,0.1822,0.8178,0.1903,0.854,10
401756889,CFB,2025-09-14 02:30:00+00:00,Arizona State Sun Devils,Texas State Bobcats,0.8689,0.1311,0.9075,0.1369,10
401762468,CFB,2025-09-18 23:30:00+00:00,Charlotte 49ers,Rice Owls,0.4686,0.5314,0.4897,0.5554,11
401756900,CFB,2025-09-19 23:30:00+00:00,Oklahoma State Cowboys,Tulsa Golden Hurricane,0.7635,0.2365,0.7996,0.2477,11
401752844,CFB,2025-09-20 00:00:00+00:00,Rutgers Scarlet Knights,Iowa Hawkeyes,0.4619,0.5381,0.4824,0.5619,9
401756901,CFB,2025-09-20 16:00:00+00:00,Utah Utes,Texas Tech Red Raiders,0.5994,0.4006,0.6259,0.4183,10
401752708,CFB,2025-09-20 16:00:00+00:00,Memphis Tigers,Arkansas Razorbacks,0.2984,0.7016,0.3114,0.7321,10
401752845,CFB,2025-09-20 16:00:00+00:00,Wisconsin Badgers,Maryland Terrapins,0.7716,0.2284,0.8065,0.2387,11
401754537,CFB,2025-09-20 16:00:00+00:00,Clemson Tigers,Syracuse Orange,0.8572,0.1428,0.8958,0.1492,11
401754636,CFB,2025-09-20 16:00:00+00:00,TCU Horned Frogs,SMU Mustangs,0.6765,0.3235,0.7062,0.3377,11
401754642,CFB,2025-09-20 16:00:00+00:00,Louisville Cardinals,Bowling Green Falcons,0.9393,0.0607,0.9816,0.0635,8
401760376,CFB,2025-09-20 16:00:00+00:00,Miami (OH) RedHawks,UNLV Rebels,0.4696,0.5304,0.4912,0.5548,11
401762469,CFB,2025-09-20 16:00:00+00:00,Army Black Knights,North Texas Mean Green,0.4309,0.5691,0.45,0.5944,11
401752714,CFB,2025-09-20 19:30:00+00:00,Oklahoma Sooners,Auburn Tigers,0.6817,0.3183,0.7121,0.3324,11
401752711,CFB,2025-09-20 19:30:00+00:00,Ole Miss Rebels,Tulane Green Wave,0.7818,0.2182,0.8191,0.2287,10
401752846,CFB,2025-09-20 19:30:00+00:00,Nebraska Cornhuskers,Michigan Wolverines,0.4959,0.5041,0.5199,0.5284,10
401752848,CFB,2025-09-20 19:30:00+00:00,Notre Dame Fighting Irish,Purdue Boilermakers,0.9276,0.0724,0.9675,0.0755,11
401754640,CFB,2025-09-20 19:30:00+00:00,UCF Knights,North Carolina Tar Heels,0.6853,0.3147,0.7166,0.3291,11
401757169,CFB,2025-09-20 19:30:00+00:00,UConn Huskies,Ball State Cardinals,0.9025,0.0975,0.941,0.1017,11
401757262,CFB,2025-09-20 19:30:00+00:00,Liberty Flames,James Madison Dukes,0.2743,0.7257,0.2868,0.7588,10
401761613,CFB,2025-09-20 19:30:00+00:00,Buffalo Bulls,Troy Trojans,0.6569,0.3431,0.6856,0.3582,10
401762820,CFB,2025-09-20 19:30:00+00:00,Western Michigan Broncos,Toledo Rockets,0.1945,0.8055,0.2036,0.843,11
401752712,CFB,2025-09-20 20:15:00+00:00,Mississippi State Bulldogs,Northern Illinois Huskies,0.9237,0.0763,0.9634,0.0796,11
401754542,CFB,2025-09-20 21:05:00+00:00,Georgia Tech Yellow Jackets,Temple Owls,0.9211,0.0789,0.9595,0.0822,9
401756899,CFB,2025-09-20 22:00:00+00:00,Kansas Jayhawks,West Virginia Mountaineers,0.7904,0.2096,0.8265,0.2191,10
401757261,CFB,2025-09-20 22:00:00+00:00,Kennesaw State Owls,Arkansas State Red Wolves,0.3671,0.6329,0.3825,0.6595,11
401752709,CFB,2025-09-20 23:30:00+00:00,Miami Hurricanes,Florida Gators,0.7317,0.2683,0.764,0.2802,10
401752843,CFB,2025-09-20 23:30:00+00:00,Indiana Hoosiers,Illinois Fighting Illini,0.692,0.308,0.7227,0.3217,10
401752716,CFB,2025-09-20 23:30:00+00:00,Vanderbilt Commodores,Georgia State Panthers,0.9418,0.0582,0.9816,0.0607,8
401752713,CFB,2025-09-20 23:00:00+00:00,Missouri Tigers,South Carolina Gamecocks,0.747,0.253,0.7807,0.2644,10
401757264,CFB,2025-09-20 23:00:00+00:00,Middle Tennessee Blue Raiders,Marshall Thundering Herd,0.4514,0.5486,0.4715,0.5732,10
401757268,CFB,2025-09-20 23:00:00+00:00,Western Kentucky Hilltoppers,Nevada Wolf Pack,0.727,0.273,0.7593,0.2852,10
401760372,CFB,2025-09-20 23:00:00+00:00,Air Force Falcons,Boise State Broncos,0.2325,0.7675,0.243,0.802,10
401761611,CFB,2025-09-20 23:00:00+00:00,South Alabama Jaguars,Coastal Carolina Chanticleers,0.8361,0.1639,0.8742,0.1714,10
401752842,CFB,2025-09-20 23:30:00+00:00,Washington State Cougars,Washington Huskies,0.1022,0.8978,0.1068,0.9381,10
401754539,CFB,2025-09-20 23:30:00+00:00,Virginia Cavaliers,Stanford Cardinal,0.8524,0.1476,0.8929,0.1546,10
401756896,CFB,2025-09-20 23:30:00+00:00,Baylor Bears,Arizona State Sun Devils,0.5581,0.4419,0.5829,0.4615,10
401756898,CFB,2025-09-20 23:30:00+00:00,East Carolina Pirates,BYU Cougars,0.3243,0.6757,0.3385,0.7053,10
401757267,CFB,2025-09-21 01:00:00+00:00,UTEP Miners,UL Monroe Warhawks,0.6549,0.3451,0.6831,0.36,10
401760373,CFB,2025-09-21 01:30:00+00:00,Colorado State Rams,UTSA Roadrunners,0.3554,0.6446,0.3698,0.6707,9
401756897,CFB,2025-09-21 02:25:00+00:00,Colorado Buffaloes,Wyoming Cowboys,0.7903,0.2097,0.8259,0.2192,11
401754540,CFB,2025-09-21 02:30:00+00:00,San Diego State Aztecs,California Golden Bears,0.1833,0.8167,0.1917,0.854,10
401752847,CFB,2025-09-21 03:00:00+00:00,USC Trojans,Michigan State Spartans,0.8665,0.1335,0.9054,0.1394,11
401762471,CFB,2025-09-25 23:30:00+00:00,East Carolina Pirates,Army Black Knights,0.6121,0.3879,0.6385,0.4047,11
401754543,CFB,2025-09-26 23:00:00+00:00,Virginia Cavaliers,Florida State Seminoles,0.2968,0.7032,0.3097,0.7339,11
401756902,CFB,2025-09-27 01:00:00+00:00,Arizona State Sun Devils,TCU Horned Frogs,0.5745,0.4255,0.5989,0.4436,11
401752939,CFB,2025-09-27 02:35:00+00:00,Oregon State Beavers,Houston Cougars,0.1963,0.8037,0.2053,0.8404,11
401754546,CFB,2025-09-27 16:00:00+00:00,Wake Forest Demon Deacons,Georgia Tech Yellow Jackets,0.1929,0.8071,0.2017,0.8439,10
401752725,CFB,2025-09-27 16:45:00+00:00,Vanderbilt Commodores,Utah State Aggies,0.9166,0.0834,0.9574,0.0871,11
401752850,CFB,2025-09-27 16:00:00+00:00,Illinois Fighting Illini,USC Trojans,0.3251,0.6749,0.3393,0.7043,11
401752717,CFB,2025-09-27 16:00:00+00:00,Arkansas Razorbacks,Notre Dame Fighting Irish,0.3522,0.6478,0.3672,0.6754,11
401752849,CFB,2025-09-27 16:00:00+00:00,Minnesota Golden Gophers,Rutgers Scarlet Knights,0.6092,0.3908,0.6358,0.4078,10
401754545,CFB,2025-09-27 16:00:00+00:00,Syracuse Orange,Duke Blue Devils,0.3751,0.6249,0.3918,0.6529,11
401754547,CFB,2025-09-27 16:00:00+00:00,Pittsburgh Panthers,Louisville Cardinals,0.4198,0.5802,0.4376,0.6048,11
401756905,CFB,2025-09-27 16:00:00+00:00,Kansas Jayhawks,Cincinnati Bearcats,0.6501,0.3499,0.6791,0.3655,11
401756906,CFB,2025-09-27 16:00:00+00:00,Kansas State Wildcats,UCF Knights,0.6635,0.3365,0.6938,0.3519,11
401761617,CFB,2025-09-27 16:00:00+00:00,North Texas Mean Green,South Alabama Jaguars,0.7943,0.2057,0.8321,0.2155,11
401762825,CFB,2025-09-27 16:00:00+00:00,Ohio Bobcats,Bowling Green Falcons,0.7258,0.2742,0.7576,0.2862,11
401762826,CFB,2025-09-27 17:00:00+00:00,Central Michigan Chippewas,Eastern Michigan Eagles,0.5823,0.4177,0.6065,0.4351,11
401761614,CFB,2025-09-27 17:30:00+00:00,James Madison Dukes,Georgia Southern Eagles,0.8363,0.1637,0.8772,0.1718,11
401752852,CFB,2025-09-27 19:30:00+00:00,Washington Huskies,Ohio State Buckeyes,0.2563,0.7437,0.2675,0.7765,10
401752719,CFB,2025-09-27 19:30:00+00:00,Ole Miss Rebels,LSU Tigers,0.5498,0.4502,0.574,0.4701,10
401752724,CFB,2025-09-27 19:30:00+00:00,Texas A&M Aggies,Auburn Tigers,0.6773,0.3227,0.7078,0.3372,10
401752853,CFB,2025-09-27 19:30:00+00:00,Iowa Hawkeyes,Indiana Hoosiers,0.2589,0.7411,0.2709,0.7752,10
401761616,CFB,2025-09-27 19:00:00+00:00,UL Monroe Warhawks,Arkansas State Red Wolves,0.5172,0.4828,0.5422,0.5061,11
401752851,CFB,2025-09-27 19:30:00+00:00,Northwestern Wildcats,UCLA Bruins,0.6582,0.3418,0.6864,0.3564,10
401754544,CFB,2025-09-27 19:30:00+00:00,Boston College Eagles,California Golden Bears,0.6631,0.3369,0.6931,0.3522,10
401756907,CFB,2025-09-27 19:30:00+00:00,Oklahoma State Cowboys,Baylor Bears,0.1033,0.8967,0.108,0.9372,10
401756908,CFB,2025-09-27 19:30:00+00:00,West Virginia Mountaineers,Utah Utes,0.1909,0.8091,0.1994,0.8452,9
401757170,CFB,2025-09-27 19:30:00+00:00,Buffalo Bulls,UConn Huskies,0.4151,0.5849,0.432,0.6088,10
401760380,CFB,2025-09-27 19:30:00+00:00,Northern Illinois Huskies,San Diego State Aztecs,0.4667,0.5333,0.4879,0.5575,10
401762473,CFB,2025-09-27 19:30:00+00:00,Navy Midshipmen,Rice Owls,0.8149,0.1851,0.8528,0.1938,11
401762824,CFB,2025-09-27 19:30:00+00:00,Toledo Rockets,Akron Zips,0.9104,0.0896,0.9524,0.0938,10
401752720,CFB,2025-09-27 20:15:00+00:00,Mississippi State Bulldogs,Tennessee Volunteers,0.2882,0.7118,0.3008,0.743,10
401757274,CFB,2025-09-27 20:00:00+00:00,New Mexico Lobos,New Mexico State Aggies,0.8363,0.1637,0.8749,0.1713,10
401762474,CFB,2025-09-27 20:00:00+00:00,Tulsa Golden Hurricane,Tulane Green Wave,0.1638,0.8362,0.1713,0.8741,10
401757270,CFB,2025-09-27 22:00:00+00:00,Kennesaw State Owls,Middle Tennessee Blue Raiders,0.6799,0.3201,0.7112,0.3349,11
401757271,CFB,2025-09-27 22:00:00+00:00,Old Dominion Monarchs,Liberty Flames,0.8293,0.1707,0.8675,0.1786,11
401762828,CFB,2025-09-27 22:30:00+00:00,Western Michigan Broncos,Rhode Island Rams,0.7056,0.2944,0.7409,0.3091,7
401752854,CFB,2025-09-27 23:30:00+00:00,Penn State Nittany Lions,Oregon Ducks,0.6129,0.3871,0.6381,0.4031,11
401752718,CFB,2025-09-27 23:30:00+00:00,Georgia Bulldogs,Alabama Crimson Tide,0.5516,0.4484,0.5755,0.4679,11
401756904,CFB,2025-09-27 23:00:00+00:00,Iowa State Cyclones,Arizona Wildcats,0.62,0.38,0.6452,0.3955,11
401754548,CFB,2025-09-27 23:00:00+00:00,NC State Wolfpack,Virginia Tech Hokies,0.7502,0.2498,0.7847,0.2613,11
401757273,CFB,2025-09-27 23:00:00+00:00,Missouri State Bears,Western Kentucky Hilltoppers,0.3913,0.6087,0.4081,0.6348,11
401762472,CFB,2025-09-27 23:00:00+00:00,Florida Atlantic Owls,Memphis Tigers,0.1805,0.8195,0.1888,0.8574,11
401752950,CFB,2025-09-27 23:30:00+00:00,Colorado State Rams,Washington State Cougars,0.645,0.355,0.6721,0.3699,10
401752722,CFB,2025-09-27 23:45:00+00:00,South Carolina Gamecocks,Kentucky Wildcats,0.6549,0.3451,0.6823,0.3596,10
401757272,CFB,2025-09-28 01:00:00+00:00,UTEP Miners,Louisiana Tech Bulldogs,0.3831,0.6169,0.3988,0.6422,11
401756903,CFB,2025-09-28 02:15:00+00:00,Colorado Buffaloes,BYU Cougars,0.3135,0.6865,0.3273,0.7167,11
401757276,CFB,2025-10-03 23:00:00+00:00,Delaware Blue Hens,Western Kentucky Hilltoppers,0.5687,0.4313,0.5934,0.45,11
401762475,CFB,2025-10-03 23:00:00+00:00,South Florida Bulls,Charlotte 49ers,0.9462,0.0538,0.9852,0.056,10
401756909,CFB,2025-10-04 02:30:00+00:00,BYU Cougars,West Virginia Mountaineers,0.8945,0.1055,0.9362,0.1104,11
401760382,CFB,2025-10-04 02:30:00+00:00,San Diego State Aztecs,Colorado State Rams,0.6416,0.3584,0.6688,0.3736,11
401752728,CFB,2025-10-04 16:00:00+00:00,Georgia Bulldogs,Kentucky Wildcats,0.8994,0.1006,0.9386,0.105,11
401756912,CFB,2025-10-04 16:00:00+00:00,Cincinnati Bearcats,Iowa State Cyclones,0.53,0.47,0.5537,0.4911,11
401752856,CFB,2025-10-04 16:00:00+00:00,Michigan Wolverines,Wisconsin Badgers,0.8643,0.1357,0.9032,0.1418,11
401752861,CFB,2025-10-04 16:00:00+00:00,Purdue Boilermakers,Illinois Fighting Illini,0.2818,0.7182,0.2942,0.75,11
401754550,CFB,2025-10-04 16:00:00+00:00,Pittsburgh Panthers,Boston College Eagles,0.6826,0.3174,0.712,0.3311,11
401754552,CFB,2025-10-04 16:00:00+00:00,North Carolina Tar Heels,Clemson Tigers,0.1633,0.8367,0.1709,0.8759,11
401756911,CFB,2025-10-04 16:00:00+00:00,Baylor Bears,Kansas State Wildcats,0.6298,0.3702,0.656,0.3856,11
401760381,CFB,2025-10-04 16:00:00+00:00,Navy Midshipmen,Air Force Falcons,0.7984,0.2016,0.834,0.2106,11
401762476,CFB,2025-10-04 16:00:00+00:00,UAB Blazers,Army Black Knights,0.3252,0.6748,0.339,0.7034,11
401762830,CFB,2025-10-04 16:00:00+00:00,Ball State Cardinals,Ohio Bobcats,0.1772,0.8228,0.1851,0.8594,11
401754556,CFB,2025-10-04 17:00:00+00:00,Virginia Tech Hokies,Wake Forest Demon Deacons,0.6394,0.3606,0.6651,0.3752,11
401762479,CFB,2025-10-04 17:00:00+00:00,Temple Owls,UTSA Roadrunners,0.3229,0.6771,0.337,0.7065,11
401752855,CFB,2025-10-04 19:30:00+00:00,UCLA Bruins,Penn State Nittany Lions,0.0738,0.9262,0.077,0.9667,11
401752727,CFB,2025-10-04 19:30:00+00:00,Florida Gators,Texas Longhorns,0.3506,0.6494,0.3652,0.6766,11
401752726,CFB,2025-10-04 19:30:00+00:00,Alabama Crimson Tide,Vanderbilt Commodores,0.7963,0.2037,0.8321,0.2128,11
401757165,CFB,2025-10-04 19:30:00+00:00,Notre Dame Fighting Irish,Boise State Broncos,0.9015,0.0985,0.9402,0.1027,11
401754554,CFB,2025-10-04 19:30:00+00:00,Louisville Cardinals,Virginia Cavaliers,0.6748,0.3252,0.7047,0.3397,11
401756910,CFB,2025-10-04 19:00:00+00:00,Arizona Wildcats,Oklahoma State Cowboys,0.9047,0.0953,0.9442,0.0995,11
401752857,CFB,2025-10-04 19:30:00+00:00,Maryland Terrapins,Washington Huskies,0.3443,0.6557,0.3595,0.6846,11
401752858,CFB,2025-10-04 19:30:00+00:00,Northwestern Wildcats,UL Monroe Warhawks,0.7883,0.2117,0.8234,0.2211,11
401754555,CFB,2025-10-04 19:30:00+00:00,SMU Mustangs,Syracuse Orange,0.857,0.143,0.8951,0.1493,11
401757171,CFB,2025-10-04 19:30:00+00:00,UConn Huskies,Florida International Panthers,0.6998,0.3002,0.7314,0.3137,11
401761618,CFB,2025-10-04 19:30:00+00:00,Georgia State Panthers,James Madison Dukes,0.1065,0.8935,0.1113,0.9339,11
401762829,CFB,2025-10-04 19:30:00+00:00,Akron Zips,Central Michigan Chippewas,0.2974,0.7026,0.311,0.7349,11
401762831,CFB,2025-10-04 19:30:00+00:00,Buffalo Bulls,Eastern Michigan Eagles,0.7404,0.2596,0.773,0.271,11
401762873,CFB,2025-10-04 19:30:00+00:00,Northern Illinois Huskies,Miami (OH) RedHawks,0.3581,0.6419,0.3734,0.6693,11
401752860,CFB,2025-10-04 20:00:00+00:00,Nebraska Cornhuskers,Michigan State Spartans,0.7909,0.2091,0.8265,0.2185,11
401761620,CFB,2025-10-04 20:00:00+00:00,Arkansas State Red Wolves,Texas State Bobcats,0.1904,0.8096,0.1992,0.8469,11
401761619,CFB,2025-10-04 22:00:00+00:00,Old Dominion Monarchs,Coastal Carolina Chanticleers,0.8753,0.1247,0.9159,0.1305,11
401752859,CFB,2025-10-04 23:30:00+00:00,Ohio State Buckeyes,Minnesota Golden Gophers,0.927,0.073,0.9658,0.0761,11
401754553,CFB,2025-10-04 23:30:00+00:00,Florida State Seminoles,Miami Hurricanes,0.3961,0.6039,0.4124,0.6287,11
401752730,CFB,2025-10-04 23:30:00+00:00,Texas A&M Aggies,Mississippi State Bulldogs,0.8571,0.1429,0.8958,0.1494,11
401756913,CFB,2025-10-04 23:00:00+00:00,Houston Cougars,Texas Tech Red Raiders,0.1959,0.8041,0.2046,0.8397,11
401760385,CFB,2025-10-04 23:00:00+00:00,Wyoming Cowboys,UNLV Rebels,0.3672,0.6328,0.3832,0.6604,11
401761621,CFB,2025-10-04 23:00:00+00:00,Troy Trojans,South Alabama Jaguars,0.4596,0.5404,0.4798,0.5641,11
401762477,CFB,2025-10-04 23:00:00+00:00,Rice Owls,Florida Atlantic Owls,0.6325,0.3675,0.6587,0.3827,11
401756914,CFB,2025-10-04 23:30:00+00:00,TCU Horned Frogs,Colorado Buffaloes,0.8126,0.1874,0.8501,0.1961,11
401756915,CFB,2025-10-04 23:30:00+00:00,UCF Knights,Kansas Jayhawks,0.3778,0.6222,0.3944,0.6495,11
401762478,CFB,2025-10-05 00:00:00+00:00,Memphis Tigers,Tulsa Golden Hurricane,0.9008,0.0992,0.9402,0.1035,11
401754551,CFB,2025-10-05 02:30:00+00:00,California Golden Bears,Duke Blue Devils,0.3981,0.6019,0.4143,0.6265,11
401760383,CFB,2025-10-05 02:30:00+00:00,Fresno State Bulldogs,Nevada Wolf Pack,0.7971,0.2029,0.8321,0.2118,11
401757278,CFB,2025-10-08 23:30:00+00:00,Middle Tennessee Blue Raiders,Missouri State Bears,0.4308,0.5692,0.4494,0.5937,10
401757277,CFB,2025-10-09 00:00:00+00:00,UTEP Miners,Liberty Flames,0.4658,0.5342,0.4866,0.5581,10
401757280,CFB,2025-10-09 23:00:00+00:00,Kennesaw State Owls,Louisiana Tech Bulldogs,0.363,0.637,0.3782,0.6636,10
401762480,CFB,2025-10-09 23:30:00+00:00,Tulane Green Wave,East Carolina Pirates,0.6933,0.3067,0.7242,0.3204,10
401762481,CFB,2025-10-10 23:30:00+00:00,North Texas Mean Green,South Florida Bulls,0.5552,0.4448,0.5794,0.4642,10
401752862,CFB,2025-10-11 01:00:00+00:00,Washington Huskies,Rutgers Scarlet Knights,0.7502,0.2498,0.7845,0.2612,8
401760388,CFB,2025-10-11 01:00:00+00:00,Colorado State Rams,Fresno State Bulldogs,0.3526,0.6474,0.3671,0.6739,10
401752865,CFB,2025-10-11 16:00:00+00:00,Illinois Fighting Illini,Ohio State Buckeyes,0.1597,0.8403,0.167,0.8788,10
401752733,CFB,2025-10-11 16:45:00+00:00,Ole Miss Rebels,Washington State Cougars,0.9684,0.0316,0.9901,0.0323,1
401752734,CFB,2025-10-11 16:00:00+00:00,Missouri Tigers,Alabama Crimson Tide,0.3962,0.6038,0.412,0.6279,10
401754559,CFB,2025-10-11 16:00:00+00:00,Florida State Seminoles,Pittsburgh Panthers,0.7647,0.2353,0.7994,0.246,10
401752863,CFB,2025-10-11 16:00:00+00:00,Michigan State Spartans,UCLA Bruins,0.7045,0.2955,0.736,0.3086,10
401754561,CFB,2025-10-11 16:00:00+00:00,SMU Mustangs,Stanford Cardinal,0.8807,0.1193,0.9209,0.1247,10
401756917,CFB,2025-10-11 16:00:00+00:00,Cincinnati Bearcats,UCF Knights,0.7645,0.2355,0.7981,0.2459,10
401756920,CFB,2025-10-11 16:00:00+00:00,Oklahoma State Cowboys,Houston Cougars,0.1723,0.8277,0.1802,0.8659,10
401762483,CFB,2025-10-11 16:00:00+00:00,Army Black Knights,Charlotte 49ers,0.8591,0.1409,0.8985,0.1474,10
401762833,CFB,2025-10-11 16:00:00+00:00,Akron Zips,Miami (OH) RedHawks,0.2164,0.7836,0.2262,0.8191,10
401762835,CFB,2025-10-11 16:00:00+00:00,Bowling Green Falcons,Toledo Rockets,0.2273,0.7727,0.2374,0.8072,10
401762836,CFB,2025-10-11 17:00:00+00:00,Eastern Michigan Eagles,Northern Illinois Huskies,0.4918,0.5082,0.5155,0.5327,10
401752870,CFB,2025-10-11 19:30:00+00:00,Oregon Ducks,Indiana Hoosiers,0.7058,0.2942,0.7359,0.3068,10
401752736,CFB,2025-10-11 19:30:00+00:00,Texas Longhorns,Oklahoma Sooners,0.5616,0.4384,0.5852,0.4568,10
401754560,CFB,2025-10-11 19:30:00+00:00,Georgia Tech Yellow Jackets,Virginia Tech Hokies,0.8198,0.1802,0.8562,0.1882,10
401754562,CFB,2025-10-11 19:30:00+00:00,Notre Dame Fighting Irish,NC State Wolfpack,0.9202,0.0798,0.9588,0.0831,10
401756918,CFB,2025-10-11 19:30:00+00:00,Colorado Buffaloes,Iowa State Cyclones,0.4218,0.5782,0.4391,0.6018,10
401752866,CFB,2025-10-11 19:30:00+00:00,Penn State Nittany Lions,Northwestern Wildcats,0.8993,0.1007,0.939,0.1051,10
401752867,CFB,2025-10-11 19:30:00+00:00,Maryland Terrapins,Nebraska Cornhuskers,0.3064,0.6936,0.3205,0.7253,10
401754563,CFB,2025-10-11 19:30:00+00:00,Oregon State Beavers,Wake Forest Demon Deacons,0.441,0.559,0.4603,0.5835,10
401756919,CFB,2025-10-11 19:30:00+00:00,Kansas State Wildcats,TCU Horned Frogs,0.437,0.563,0.4559,0.5873,10
401760386,CFB,2025-10-11 19:30:00+00:00,UNLV Rebels,Air Force Falcons,0.6924,0.3076,0.7231,0.3212,10
401761626,CFB,2025-10-11 19:30:00+00:00,Marshall Thundering Herd,Old Dominion Monarchs,0.173,0.827,0.1808,0.8643,10
401762834,CFB,2025-10-11 19:30:00+00:00,Western Michigan Broncos,Ball State Cardinals,0.7418,0.2582,0.7765,0.2703,10
401752735,CFB,2025-10-11 20:15:00+00:00,Tennessee Volunteers,Arkansas Razorbacks,0.7706,0.2294,0.8046,0.2395,10
401762484,CFB,2025-10-11 20:00:00+00:00,Temple Owls,Navy Midshipmen,0.255,0.745,0.2668,0.7795,10
401762482,CFB,2025-10-11 22:00:00+00:00,Florida Atlantic Owls,UAB Blazers,0.637,0.363,0.6631,0.378,11
401752737,CFB,2025-10-11 23:00:00+00:00,Texas A&M Aggies,Florida Gators,0.6972,0.3028,0.728,0.3162,11
401756921,CFB,2025-10-11 23:30:00+00:00,Texas Tech Red Raiders,Kansas Jayhawks,0.8197,0.1803,0.8567,0.1884,11
401752731,CFB,2025-10-11 23:30:00+00:00,Auburn Tigers,Georgia Bulldogs,0.3628,0.6372,0.3778,0.6635,11
401752732,CFB,2025-10-11 23:45:00+00:00,LSU Tigers,South Carolina Gamecocks,0.7361,0.2639,0.7688,0.2756,11
401752868,CFB,2025-10-11 23:30:00+00:00,USC Trojans,Michigan Wolverines,0.5693,0.4307,0.5937,0.4492,11
401752869,CFB,2025-10-11 23:00:00+00:00,Wisconsin Badgers,Iowa Hawkeyes,0.3382,0.6618,0.3532,0.6911,11
401761623,CFB,2025-10-11 23:00:00+00:00,Coastal Carolina Chanticleers,UL Monroe Warhawks,0.4313,0.5687,0.4494,0.5925,11
401752864,CFB,2025-10-11 23:30:00+00:00,Minnesota Golden Gophers,Purdue Boilermakers,0.7159,0.2841,0.7469,0.2964,11
401754558,CFB,2025-10-11 23:30:00+00:00,Boston College Eagles,Clemson Tigers,0.1792,0.8208,0.1872,0.8574,11
401762485,CFB,2025-10-11 23:30:00+00:00,UTSA Roadrunners,Rice Owls,0.7442,0.2558,0.7769,0.267,11
401756916,CFB,2025-10-12 00:00:00+00:00,Arizona Wildcats,BYU Cougars,0.443,0.557,0.463,0.5821,11
401761627,CFB,2025-10-12 00:00:00+00:00,Texas State Bobcats,Troy Trojans,0.7176,0.2824,0.7494,0.295,11
401760387,CFB,2025-10-12 01:45:00+00:00,Boise State Broncos,New Mexico Lobos,0.8378,0.1622,0.8752,0.1694,11
401756922,CFB,2025-10-12 02:25:00+00:00,Utah Utes,Arizona State Sun Devils,0.7429,0.2571,0.7765,0.2688,10
401760390,CFB,2025-10-12 02:30:00+00:00,Nevada Wolf Pack,San Diego State Aztecs,0.32,0.68,0.3339,0.7098,11
401757282,CFB,2025-10-14 23:00:00+00:00,Liberty Flames,New Mexico State Aggies,0.7748,0.2252,0.8095,0.2352,11
401761628,CFB,2025-10-14 23:30:00+00:00,South Alabama Jaguars,Arkansas State Red Wolves,0.722,0.278,0.7551,0.2907,11
401757281,CFB,2025-10-15 00:00:00+00:00,Western Kentucky Hilltoppers,Florida International Panthers,0.7608,0.2392,0.7943,0.2497,11
401757283,CFB,2025-10-15 23:00:00+00:00,Jacksonville State Gamecocks,Delaware Blue Hens,0.4215,0.5785,0.4385,0.6018,11
401762486,CFB,2025-10-16 23:30:00+00:00,East Carolina Pirates,Tulsa Golden Hurricane,0.8518,0.1482,0.89,0.1549,11
401754564,CFB,2025-10-17 23:00:00+00:00,Miami Hurricanes,Louisville Cardinals,0.7814,0.2186,0.8167,0.2284,11
401752872,CFB,2025-10-18 00:00:00+00:00,Minnesota Golden Gophers,Nebraska Cornhuskers,0.3189,0.6811,0.3327,0.7107,11
401754371,CFB,2025-10-18 02:30:00+00:00,California Golden Bears,North Carolina Tar Heels,0.731,0.269,0.764,0.2812,11
401752745,CFB,2025-10-18 16:00:00+00:00,Vanderbilt Commodores,LSU Tigers,0.5312,0.4688,0.5547,0.4896,11
401754566,CFB,2025-10-18 16:00:00+00:00,Duke Blue Devils,Georgia Tech Yellow Jackets,0.5999,0.4001,0.6247,0.4166,11
401752744,CFB,2025-10-18 16:45:00+00:00,South Carolina Gamecocks,Oklahoma Sooners,0.3734,0.6266,0.3887,0.6521,11
401752873,CFB,2025-10-18 16:00:00+00:00,Michigan Wolverines,Washington Huskies,0.6264,0.3736,0.6522,0.3889,11
401754569,CFB,2025-10-18 16:00:00+00:00,Boston College Eagles,UConn Huskies,0.461,0.539,0.4814,0.5627,11
401756925,CFB,2025-10-18 16:00:00+00:00,Houston Cougars,Arizona Wildcats,0.4673,0.5327,0.4879,0.5562,11
401756927,CFB,2025-10-18 16:00:00+00:00,TCU Horned Frogs,Baylor Bears,0.5921,0.4079,0.617,0.425,11
401762488,CFB,2025-10-18 16:00:00+00:00,Tulane Green Wave,Army Black Knights,0.7539,0.2461,0.7875,0.257,11
401762839,CFB,2025-10-18 16:00:00+00:00,Bowling Green Falcons,Central Michigan Chippewas,0.5917,0.4083,0.6167,0.4256,11
401762841,CFB,2025-10-18 16:00:00+00:00,Miami (OH) RedHawks,Eastern Michigan Eagles,0.7913,0.2087,0.8271,0.2181,11
401756928,CFB,2025-10-18 17:00:00+00:00,UCF Knights,West Virginia Mountaineers,0.6786,0.3214,0.7079,0.3352,11
401762842,CFB,2025-10-18 18:00:00+00:00,Toledo Rockets,Kent State Golden Flashes,0.9312,0.0688,0.9718,0.0719,10
401752877,CFB,2025-10-18 19:30:00+00:00,Wisconsin Badgers,Ohio State Buckeyes,0.0597,0.9403,0.0622,0.9795,10
401752878,CFB,2025-10-18 19:30:00+00:00,Indiana Hoosiers,Michigan State Spartans,0.9391,0.0609,0.9814,0.0637,10
401752742,CFB,2025-10-18 19:30:00+00:00,Georgia Bulldogs,Ole Miss Rebels,0.6983,0.3017,0.7305,0.3156,10
401752874,CFB,2025-10-18 19:00:00+00:00,Northwestern Wildcats,Purdue Boilermakers,0.5916,0.4084,0.6167,0.4256,11
401761633,CFB,2025-10-18 19:00:00+00:00,UL Monroe Warhawks,Troy Trojans,0.3588,0.6412,0.3738,0.668,11
401754565,CFB,2025-10-18 19:30:00+00:00,Clemson Tigers,SMU Mustangs,0.6101,0.3899,0.6362,0.4065,11
401760392,CFB,2025-10-18 19:30:00+00:00,Air Force Falcons,Wyoming Cowboys,0.6222,0.3778,0.6479,0.3934,11
401760393,CFB,2025-10-18 19:30:00+00:00,Boise State Broncos,UNLV Rebels,0.7941,0.2059,0.8303,0.2153,11
401761631,CFB,2025-10-18 19:30:00+00:00,James Madison Dukes,Old Dominion Monarchs,0.58,0.42,0.6035,0.4369,11
401761632,CFB,2025-10-18 19:30:00+00:00,Marshall Thundering Herd,Texas State Bobcats,0.4296,0.5704,0.4481,0.595,11
401762489,CFB,2025-10-18 19:30:00+00:00,Charlotte 49ers,Temple Owls,0.2405,0.7595,0.2511,0.7931,11
401762838,CFB,2025-10-18 19:30:00+00:00,Ball State Cardinals,Akron Zips,0.4726,0.5274,0.4939,0.5512,11
401762843,CFB,2025-10-18 19:30:00+00:00,Ohio Bobcats,Northern Illinois Huskies,0.7749,0.2251,0.8089,0.2349,11
401756923,CFB,2025-10-18 20:00:00+00:00,Arizona State Sun Devils,Texas Tech Red Raiders,0.2843,0.7157,0.2967,0.7469,11
401762487,CFB,2025-10-18 20:00:00+00:00,UAB Blazers,Memphis Tigers,0.0908,0.9092,0.0948,0.9491,11
401762491,CFB,2025-10-18 20:05:00+00:00,North Texas Mean Green,UTSA Roadrunners,0.6238,0.3762,0.649,0.3914,9
401752741,CFB,2025-10-18 20:15:00+00:00,Florida Gators,Mississippi State Bulldogs,0.751,0.249,0.7841,0.26,11
401752739,CFB,2025-10-18 21:30:00+00:00,Arkansas Razorbacks,Texas A&M Aggies,0.2871,0.7129,0.2994,0.7433,11
401752876,CFB,2025-10-18 22:30:00+00:00,Rutgers Scarlet Knights,Oregon Ducks,0.1379,0.8621,0.144,0.9,9
401752951,CFB,2025-10-18 22:30:00+00:00,Virginia Cavaliers,Washington State Cougars,0.8573,0.1427,0.8951,0.149,11
401752738,CFB,2025-10-18 23:30:00+00:00,Alabama Crimson Tide,Tennessee Volunteers,0.7428,0.2572,0.7752,0.2684,11
401752871,CFB,2025-10-18 23:30:00+00:00,Notre Dame Fighting Irish,USC Trojans,0.7605,0.2395,0.7949,0.2504,11
401752740,CFB,2025-10-18 23:45:00+00:00,Auburn Tigers,Missouri Tigers,0.4822,0.5178,0.5049,0.5422,11
401762490,CFB,2025-10-18 23:30:00+00:00,South Florida Bulls,Florida Atlantic Owls,0.9018,0.0982,0.9394,0.1023,11
401752743,CFB,2025-10-18 23:00:00+00:00,Kentucky Wildcats,Texas Longhorns,0.2084,0.7916,0.2176,0.8265,11
401752875,CFB,2025-10-18 23:00:00+00:00,Iowa Hawkeyes,Penn State Nittany Lions,0.5894,0.4106,0.6136,0.4274,11
401752879,CFB,2025-10-18 23:00:00+00:00,UCLA Bruins,Maryland Terrapins,0.6195,0.3805,0.6453,0.3964,11
401761630,CFB,2025-10-18 23:00:00+00:00,Georgia Southern Eagles,Georgia State Panthers,0.6765,0.3235,0.707,0.3381,11
401754568,CFB,2025-10-18 23:30:00+00:00,Syracuse Orange,Pittsburgh Panthers,0.2517,0.7483,0.2631,0.782,11
401756924,CFB,2025-10-19 00:00:00+00:00,BYU Cougars,Utah Utes,0.3642,0.6358,0.3799,0.6633,10
401756926,CFB,2025-10-19 00:00:00+00:00,Oklahoma State Cowboys,Cincinnati Bearcats,0.0807,0.9193,0.0842,0.9599,11
401760395,CFB,2025-10-19 01:45:00+00:00,New Mexico Lobos,Nevada Wolf Pack,0.811,0.189,0.8475,0.1975,11
401752941,CFB,2025-10-19 02:00:00+00:00,Oregon State Beavers,Lafayette Leopards,0.9049,0.0951,0.9468,0.0995,8
401754567,CFB,2025-10-19 02:30:00+00:00,Stanford Cardinal,Florida State Seminoles,0.1319,0.8681,0.1376,0.9061,11
401757285,CFB,2025-10-21 23:00:00+00:00,Florida International Panthers,Kennesaw State Owls,0.4228,0.5772,0.4408,0.6018,11
401757286,CFB,2025-10-21 23:30:00+00:00,Louisiana Tech Bulldogs,Western Kentucky Hilltoppers,0.6528,0.3472,0.6808,0.3621,11
401757287,CFB,2025-10-22 23:30:00+00:00,Delaware Blue Hens,Middle Tennessee Blue Raiders,0.7463,0.2537,0.7791,0.2648,11
401757288,CFB,2025-10-23 01:00:00+00:00,New Mexico State Aggies,Missouri State Bears,0.4379,0.5621,0.4569,0.5865,11
401761634,CFB,2025-10-23 23:30:00+00:00,Georgia State Panthers,South Alabama Jaguars,0.3324,0.6676,0.3473,0.6974,10
401762492,CFB,2025-10-24 23:00:00+00:00,Charlotte 49ers,North Texas Mean Green,0.0691,0.9309,0.0722,0.972,9
401754372,CFB,2025-10-24 23:30:00+00:00,Virginia Tech Hokies,California Golden Bears,0.6643,0.3357,0.6941,0.3508,10
401760397,CFB,2025-10-25 02:00:00+00:00,Nevada Wolf Pack,Boise State Broncos,0.0938,0.9062,0.098,0.9471,10
401752885,CFB,2025-10-25 16:00:00+00:00,Indiana Hoosiers,UCLA Bruins,0.9318,0.0682,0.9752,0.0714,9
401754571,CFB,2025-10-25 16:00:00+00:00,Georgia Tech Yellow Jackets,Syracuse Orange,0.8632,0.1368,0.9025,0.143,10
401752750,CFB,2025-10-25 16:00:00+00:00,Oklahoma Sooners,Ole Miss Rebels,0.632,0.368,0.659,0.3837,9
401754573,CFB,2025-10-25 16:00:00+00:00,North Carolina Tar Heels,Virginia Cavaliers,0.2174,0.7826,0.2271,0.8177,10
401762494,CFB,2025-10-25 16:00:00+00:00,Memphis Tigers,South Florida Bulls,0.4074,0.5926,0.4247,0.6177,10
401752883,CFB,2025-10-25 16:00:00+00:00,Nebraska Cornhuskers,Northwestern Wildcats,0.7053,0.2947,0.737,0.3079,10
401752884,CFB,2025-10-25 16:00:00+00:00,Purdue Boilermakers,Rutgers Scarlet Knights,0.5607,0.4393,0.5853,0.4586,8
401752942,CFB,2025-10-25 16:00:00+00:00,Wake Forest Demon Deacons,SMU Mustangs,0.349,0.651,0.3636,0.678,10
401756932,CFB,2025-10-25 16:00:00+00:00,Kansas Jayhawks,Kansas State Wildcats,0.6018,0.3982,0.6255,0.4139,10
401762846,CFB,2025-10-25 16:00:00+00:00,Kent State Golden Flashes,Bowling Green Falcons,0.2719,0.7281,0.284,0.7605,10
401762848,CFB,2025-10-25 16:00:00+00:00,Eastern Michigan Eagles,Ohio Bobcats,0.2189,0.7811,0.2284,0.815,10
401752746,CFB,2025-10-25 16:45:00+00:00,Arkansas Razorbacks,Auburn Tigers,0.5494,0.4506,0.5728,0.4698,10
401762844,CFB,2025-10-25 17:00:00+00:00,Buffalo Bulls,Akron Zips,0.7669,0.2331,0.8007,0.2433,10
401752751,CFB,2025-10-25 19:30:00+00:00,South Carolina Gamecocks,Alabama Crimson Tide,0.2143,0.7857,0.2241,0.8217,10
401752752,CFB,2025-10-25 19:30:00+00:00,Vanderbilt Commodores,Missouri Tigers,0.5858,0.4142,0.6105,0.4317,10
401756931,CFB,2025-10-25 19:30:00+00:00,Iowa State Cyclones,BYU Cougars,0.5738,0.4262,0.5986,0.4446,10
401752880,CFB,2025-10-25 19:30:00+00:00,Washington Huskies,Illinois Fighting Illini,0.5859,0.4141,0.6095,0.4307,10
401757172,CFB,2025-10-25 19:00:00+00:00,Rice Owls,UConn Huskies,0.236,0.764,0.2463,0.7975,10
401760400,CFB,2025-10-25 19:00:00+00:00,New Mexico Lobos,Utah State Aggies,0.5735,0.4265,0.5974,0.4442,10
401752882,CFB,2025-10-25 19:30:00+00:00,Iowa Hawkeyes,Minnesota Golden Gophers,0.7179,0.2821,0.7503,0.2947,10
401752952,CFB,2025-10-25 19:30:00+00:00,Washington State Cougars,Toledo Rockets,0.4786,0.5214,0.5008,0.5456,10
401754574,CFB,2025-10-25 19:30:00+00:00,Pittsburgh Panthers,NC State Wolfpack,0.6428,0.3572,0.6694,0.3719,10
401760399,CFB,2025-10-25 19:30:00+00:00,Fresno State Bulldogs,San Diego State Aztecs,0.4168,0.5832,0.4335,0.6066,10
401762493,CFB,2025-10-25 19:30:00+00:00,Navy Midshipmen,Florida Atlantic Owls,0.8218,0.1782,0.8584,0.1862,10
401762495,CFB,2025-10-25 19:30:00+00:00,Tulsa Golden Hurricane,Temple Owls,0.361,0.639,0.3763,0.6663,10
401762845,CFB,2025-10-25 19:30:00+00:00,Northern Illinois Huskies,Ball State Cardinals,0.6747,0.3253,0.7048,0.3398,10
401762874,CFB,2025-10-25 19:30:00+00:00,Miami (OH) RedHawks,Western Michigan Broncos,0.5366,0.4634,0.5603,0.4838,10
401756930,CFB,2025-10-25 20:00:00+00:00,Cincinnati Bearcats,Baylor Bears,0.6009,0.3991,0.6251,0.4151,10
401752749,CFB,2025-10-25 20:15:00+00:00,Mississippi State Bulldogs,Texas Longhorns,0.282,0.718,0.2941,0.7486,10
401756935,CFB,2025-10-25 22:00:00+00:00,West Virginia Mountaineers,TCU Horned Frogs,0.16,0.84,0.1677,0.8803,10
401752748,CFB,2025-10-25 23:30:00+00:00,LSU Tigers,Texas A&M Aggies,0.4591,0.5409,0.4795,0.565,10
401754572,CFB,2025-10-25 23:00:00+00:00,Miami Hurricanes,Stanford Cardinal,0.9612,0.0388,0.9901,0.04,1
401752747,CFB,2025-10-25 23:45:00+00:00,Kentucky Wildcats,Tennessee Volunteers,0.2824,0.7176,0.2956,0.7514,10
401754570,CFB,2025-10-25 23:30:00+00:00,Louisville Cardinals,Boston College Eagles,0.9302,0.0698,0.9731,0.073,9
401752881,CFB,2025-10-25 23:30:00+00:00,Michigan State Spartans,Michigan Wolverines,0.1853,0.8147,0.1937,0.8518,10
401761636,CFB,2025-10-25 23:00:00+00:00,Arkansas State Red Wolves,Georgia Southern Eagles,0.5025,0.4975,0.5265,0.5213,7
401760398,CFB,2025-10-25 23:30:00+00:00,Wyoming Cowboys,Colorado State Rams,0.6485,0.3515,0.6758,0.3663,10
401756929,CFB,2025-10-26 00:00:00+00:00,Arizona State Sun Devils,Houston Cougars,0.7139,0.2861,0.7459,0.2989,10
401756934,CFB,2025-10-26 02:25:00+00:00,Utah Utes,Colorado Buffaloes,0.8259,0.1741,0.863,0.1819,9
401757289,CFB,2025-10-29 00:00:00+00:00,Kennesaw State Owls,UTEP Miners,0.79,0.21,0.8251,0.2194,10
401761639,CFB,2025-10-29 00:00:00+00:00,Texas State Bobcats,James Madison Dukes,0.291,0.709,0.3038,0.7402,10
401757292,CFB,2025-10-29 23:30:00+00:00,Middle Tennessee Blue Raiders,Jacksonville State Gamecocks,0.3614,0.6386,0.3765,0.6654,10
401757291,CFB,2025-10-30 00:00:00+00:00,Missouri State Bears,Florida International Panthers,0.5782,0.4218,0.6035,0.4403,10
401761640,CFB,2025-10-30 23:30:00+00:00,Coastal Carolina Chanticleers,Marshall Thundering Herd,0.3101,0.6899,0.3245,0.7221,10
401762443,CFB,2025-10-30 23:30:00+00:00,UTSA Roadrunners,Tulane Green Wave,0.3377,0.6623,0.3531,0.6926,10
401762497,CFB,2025-10-31 23:00:00+00:00,Rice Owls,Memphis Tigers,0.1756,0.8244,0.1839,0.8637,10
401754575,CFB,2025-10-31 23:30:00+00:00,Syracuse Orange,North Carolina Tar Heels,0.5181,0.4819,0.5424,0.5046,10
401752889,CFB,2025-11-01 16:00:00+00:00,Ohio State Buckeyes,Penn State Nittany Lions,0.8856,0.1144,0.9251,0.1196,10
401752758,CFB,2025-11-01 16:00:00+00:00,Texas Longhorns,Vanderbilt Commodores,0.6122,0.3878,0.6374,0.4038,10
401754581,CFB,2025-11-01 16:00:00+00:00,SMU Mustangs,Miami Hurricanes,0.2637,0.7363,0.2752,0.7687,10
401756938,CFB,2025-11-01 16:00:00+00:00,Houston Cougars,West Virginia Mountaineers,0.8157,0.1843,0.8533,0.1928,10
401752891,CFB,2025-11-01 16:00:00+00:00,Illinois Fighting Illini,Rutgers Scarlet Knights,0.7963,0.2037,0.8308,0.2125,8
401754577,CFB,2025-11-01 16:00:00+00:00,Clemson Tigers,Duke Blue Devils,0.6177,0.3823,0.6419,0.3972,10
401756936,CFB,2025-11-01 16:00:00+00:00,Baylor Bears,UCF Knights,0.5832,0.4168,0.6069,0.4338,10
401757173,CFB,2025-11-01 16:00:00+00:00,UConn Huskies,UAB Blazers,0.7651,0.2349,0.7989,0.2453,10
401760401,CFB,2025-11-01 16:00:00+00:00,Air Force Falcons,Army Black Knights,0.4945,0.5055,0.5181,0.5296,9
401762499,CFB,2025-11-01 16:00:00+00:00,North Texas Mean Green,Navy Midshipmen,0.676,0.324,0.7053,0.3381,10
401762849,CFB,2025-11-01 16:00:00+00:00,Bowling Green Falcons,Buffalo Bulls,0.5521,0.4479,0.5763,0.4674,10
401756939,CFB,2025-11-01 17:00:00+00:00,Iowa State Cyclones,Arizona State Sun Devils,0.7129,0.2871,0.7447,0.2999,10
401762498,CFB,2025-11-01 18:00:00+00:00,Temple Owls,East Carolina Pirates,0.3462,0.6538,0.361,0.6818,10
401752887,CFB,2025-11-01 19:30:00+00:00,Maryland Terrapins,Indiana Hoosiers,0.0843,0.9157,0.0879,0.9552,10
401752755,CFB,2025-11-01 19:30:00+00:00,Florida Gators,Georgia Bulldogs,0.2925,0.7075,0.3049,0.7375,10
401754583,CFB,2025-11-01 19:30:00+00:00,Boston College Eagles,Notre Dame Fighting Irish,0.0461,0.9539,0.0477,0.9882,5
401756941,CFB,2025-11-01 19:30:00+00:00,Kansas State Wildcats,Texas Tech Red Raiders,0.2911,0.7089,0.304,0.7402,10
401754576,CFB,2025-11-01 19:45:00+00:00,California Golden Bears,Virginia Cavaliers,0.3378,0.6622,0.3523,0.6908,10
401754580,CFB,2025-11-01 19:00:00+00:00,Virginia Tech Hokies,Louisville Cardinals,0.237,0.763,0.2475,0.7969,10
401760404,CFB,2025-11-01 19:00:00+00:00,UNLV Rebels,New Mexico Lobos,0.602,0.398,0.6268,0.4143,10
401752888,CFB,2025-11-01 19:30:00+00:00,Minnesota Golden Gophers,Michigan State Spartans,0.6141,0.3859,0.6402,0.4023,10
401754582,CFB,2025-11-01 19:30:00+00:00,Stanford Cardinal,Pittsburgh Panthers,0.1811,0.8189,0.1894,0.8562,10
401757293,CFB,2025-11-01 19:30:00+00:00,Liberty Flames,Delaware Blue Hens,0.598,0.402,0.6227,0.4186,10
401757294,CFB,2025-11-01 19:30:00+00:00,Western Kentucky Hilltoppers,New Mexico State Aggies,0.7212,0.2788,0.7536,0.2913,10
401760402,CFB,2025-11-01 19:30:00+00:00,Boise State Broncos,Fresno State Bulldogs,0.8727,0.1273,0.9108,0.1328,10
401761641,CFB,2025-11-01 19:30:00+00:00,UL Monroe Warhawks,Old Dominion Monarchs,0.1444,0.8556,0.1508,0.8937,10
401752753,CFB,2025-11-01 20:00:00+00:00,Arkansas Razorbacks,Mississippi State Bulldogs,0.6402,0.3598,0.6667,0.3746,10
401756940,CFB,2025-11-01 20:00:00+00:00,Kansas Jayhawks,Oklahoma State Cowboys,0.9263,0.0737,0.9688,0.0771,9
401762850,CFB,2025-11-01 20:00:00+00:00,Western Michigan Broncos,Central Michigan Chippewas,0.6567,0.3433,0.6869,0.3591,10
401752756,CFB,2025-11-01 23:00:00+00:00,Ole Miss Rebels,South Carolina Gamecocks,0.7971,0.2029,0.8318,0.2117,9
401754579,CFB,2025-11-01 23:30:00+00:00,NC State Wolfpack,Georgia Tech Yellow Jackets,0.3604,0.6396,0.3752,0.6658,10
401752757,CFB,2025-11-01 23:30:00+00:00,Tennessee Volunteers,Oklahoma Sooners,0.5683,0.4317,0.5925,0.4501,10
401752890,CFB,2025-11-01 23:00:00+00:00,Michigan Wolverines,Purdue Boilermakers,0.9087,0.0913,0.9461,0.0951,10
401752892,CFB,2025-11-01 23:30:00+00:00,Nebraska Cornhuskers,USC Trojans,0.3747,0.6253,0.3897,0.6503,10
401756937,CFB,2025-11-01 23:00:00+00:00,Colorado Buffaloes,Arizona Wildcats,0.3833,0.6167,0.3993,0.6424,10
401760405,CFB,2025-11-01 23:00:00+00:00,San Diego State Aztecs,Wyoming Cowboys,0.7648,0.2352,0.7988,0.2457,10
401752754,CFB,2025-11-01 23:30:00+00:00,Auburn Tigers,Kentucky Wildcats,0.7772,0.2228,0.8124,0.2328,10
401752943,CFB,2025-11-01 23:30:00+00:00,Oregon State Beavers,Washington State Cougars,0.3964,0.6036,0.4123,0.6279,10
401754578,CFB,2025-11-01 23:30:00+00:00,Florida State Seminoles,Wake Forest Demon Deacons,0.7686,0.2314,0.8026,0.2417,10
401761643,CFB,2025-11-02 00:00:00+00:00,Troy Trojans,Arkansas State Red Wolves,0.7327,0.2673,0.7652,0.2791,10
401756942,CFB,2025-11-02 02:15:00+00:00,Utah Utes,Cincinnati Bearcats,0.7726,0.2274,0.8079,0.2377,9
401762852,CFB,2025-11-05 00:00:00+00:00,Ohio Bobcats,Miami (OH) RedHawks,0.5709,0.4291,0.5946,0.4469,10
401762853,CFB,2025-11-06 00:00:00+00:00,Ball State Cardinals,Kent State Golden Flashes,0.585,0.415,0.6098,0.4326,10
401762854,CFB,2025-11-06 00:00:00+00:00,Toledo Rockets,Northern Illinois Huskies,0.8368,0.1632,0.8742,0.1705,10
401762500,CFB,2025-11-07 00:30:00+00:00,South Florida Bulls,UTSA Roadrunners,0.8218,0.1782,0.8581,0.1861,11
401756946,CFB,2025-11-08 01:15:00+00:00,UCF Knights,Houston Cougars,0.5091,0.4909,0.5335,0.5145,8
401752896,CFB,2025-11-08 02:00:00+00:00,USC Trojans,Northwestern Wildcats,0.8285,0.1715,0.8662,0.1793,11
401762501,CFB,2025-11-08 02:10:00+00:00,Memphis Tigers,Tulane Green Wave,0.5859,0.4141,0.6104,0.4314,11
401752893,CFB,2025-11-08 17:00:00+00:00,Penn State Nittany Lions,Indiana Hoosiers,0.1766,0.8234,0.1842,0.8588,11
401752762,CFB,2025-11-08 17:00:00+00:00,Mississippi State Bulldogs,Georgia Bulldogs,0.2509,0.7491,0.2615,0.7807,11
401756945,CFB,2025-11-08 17:00:00+00:00,Texas Tech Red Raiders,BYU Cougars,0.7928,0.2072,0.8277,0.2163,11
401754584,CFB,2025-11-08 17:00:00+00:00,Boston College Eagles,SMU Mustangs,0.2252,0.7748,0.2351,0.8088,11
401756947,CFB,2025-11-08 17:00:00+00:00,West Virginia Mountaineers,Colorado Buffaloes,0.6774,0.3226,0.707,0.3367,11
401761646,CFB,2025-11-08 17:00:00+00:00,Marshall Thundering Herd,James Madison Dukes,0.1898,0.8102,0.1985,0.8475,11
401762503,CFB,2025-11-08 17:00:00+00:00,Army Black Knights,Temple Owls,0.7022,0.2978,0.7344,0.3114,11
401752897,CFB,2025-11-08 18:00:00+00:00,Purdue Boilermakers,Ohio State Buckeyes,0.0456,0.9544,0.0472,0.9882,5
401757299,CFB,2025-11-08 18:00:00+00:00,Liberty Flames,Missouri State Bears,0.715,0.285,0.7463,0.2975,11
401762855,CFB,2025-11-08 18:00:00+00:00,Eastern Michigan Eagles,Bowling Green Falcons,0.5785,0.4215,0.6043,0.4404,11
401762502,CFB,2025-11-08 19:00:00+00:00,Rice Owls,UAB Blazers,0.502,0.498,0.5258,0.5216,8
401752894,CFB,2025-11-08 19:30:00+00:00,Rutgers Scarlet Knights,Maryland Terrapins,0.5365,0.4635,0.5605,0.4843,9
401752763,CFB,2025-11-08 20:30:00+00:00,Missouri Tigers,Texas A&M Aggies,0.3058,0.6942,0.3193,0.7247,11
401752898,CFB,2025-11-08 20:30:00+00:00,Iowa Hawkeyes,Oregon Ducks,0.3603,0.6397,0.3752,0.6664,11
401754587,CFB,2025-11-08 20:30:00+00:00,Miami Hurricanes,Syracuse Orange,0.958,0.042,0.9882,0.0433,5
401757295,CFB,2025-11-08 20:00:00+00:00,Delaware Blue Hens,Louisiana Tech Bulldogs,0.341,0.659,0.3565,0.6889,11
401757296,CFB,2025-11-08 20:00:00+00:00,Middle Tennessee Blue Raiders,Florida International Panthers,0.5172,0.4828,0.5414,0.5054,11
401757297,CFB,2025-11-08 20:00:00+00:00,UTEP Miners,Jacksonville State Gamecocks,0.4917,0.5083,0.5156,0.533,8
401762504,CFB,2025-11-08 20:00:00+00:00,East Carolina Pirates,Charlotte 49ers,0.9468,0.0532,0.9843,0.0553,5
401762505,CFB,2025-11-08 20:00:00+00:00,Florida Atlantic Owls,Tulsa Golden Hurricane,0.6251,0.3749,0.6518,0.3909,11
401754590,CFB,2025-11-08 20:30:00+00:00,UConn Huskies,Duke Blue Devils,0.281,0.719,0.2935,0.7509,11
401756943,CFB,2025-11-08 20:30:00+00:00,Arizona Wildcats,Kansas Jayhawks,0.653,0.347,0.6808,0.3618,11
401756944,CFB,2025-11-08 20:30:00+00:00,TCU Horned Frogs,Iowa State Cyclones,0.7138,0.2862,0.7463,0.2992,11
401752764,CFB,2025-11-08 21:00:00+00:00,Vanderbilt Commodores,Auburn Tigers,0.6662,0.3338,0.6971,0.3492,11
401752899,CFB,2025-11-08 21:30:00+00:00,Wisconsin Badgers,Washington Huskies,0.2223,0.7777,0.2321,0.8119,11
401757298,CFB,2025-11-08 21:00:00+00:00,New Mexico State Aggies,Kennesaw State Owls,0.2317,0.7683,0.2422,0.8031,11
401761645,CFB,2025-11-08 21:00:00+00:00,Coastal Carolina Chanticleers,Georgia State Panthers,0.7077,0.2923,0.7398,0.3056,11
401754588,CFB,2025-11-08 21:30:00+00:00,North Carolina Tar Heels,Stanford Cardinal,0.7202,0.2798,0.7514,0.292,11
401752759,CFB,2025-11-09 00:30:00+00:00,Alabama Crimson Tide,LSU Tigers,0.7603,0.2397,0.7932,0.2501,11
401757166,CFB,2025-11-09 00:30:00+00:00,Notre Dame Fighting Irish,Navy Midshipmen,0.9486,0.0514,0.9858,0.0534,9
401754589,CFB,2025-11-09 00:00:00+00:00,Virginia Cavaliers,Wake Forest Demon Deacons,0.6848,0.3152,0.7158,0.3294,11
401754585,CFB,2025-11-09 00:00:00+00:00,Louisville Cardinals,California Golden Bears,0.882,0.118,0.9213,0.1233,11
401754586,CFB,2025-11-09 00:00:00+00:00,Clemson Tigers,Florida State Seminoles,0.5262,0.4738,0.5503,0.4956,11
401752760,CFB,2025-11-09 00:30:00+00:00,Kentucky Wildcats,Florida Gators,0.3715,0.6285,0.3873,0.6554,11
401760409,CFB,2025-11-09 00:30:00+00:00,Utah State Aggies,Nevada Wolf Pack,0.7493,0.2507,0.7841,0.2624,11
401752895,CFB,2025-11-09 02:00:00+00:00,UCLA Bruins,Nebraska Cornhuskers,0.5326,0.4674,0.5562,0.4882,11
401760407,CFB,2025-11-09 02:30:00+00:00,Colorado State Rams,UNLV Rebels,0.3503,0.6497,0.3655,0.6779,11
401762856,CFB,2025-11-12 00:30:00+00:00,Akron Zips,Kent State Golden Flashes,0.7187,0.2813,0.7509,0.2938,11
401762857,CFB,2025-11-12 01:00:00+00:00,Western Michigan Broncos,Ohio Bobcats,0.5235,0.4765,0.5481,0.4989,11
401762858,CFB,2025-11-13 00:00:00+00:00,Central Michigan Chippewas,Buffalo Bulls,0.5546,0.4454,0.5787,0.4647,11
401762860,CFB,2025-11-13 00:00:00+00:00,Miami (OH) RedHawks,Toledo Rockets,0.3348,0.6652,0.3502,0.6958,11
401761649,CFB,2025-11-14 00:30:00+00:00,Old Dominion Monarchs,Troy Trojans,0.7601,0.2399,0.7937,0.2505,11
401754591,CFB,2025-11-15 00:30:00+00:00,Louisville Cardinals,Clemson Tigers,0.5324,0.4676,0.5562,0.4885,11
401752904,CFB,2025-11-15 02:00:00+00:00,Oregon Ducks,Minnesota Golden Gophers,0.9374,0.0626,0.9796,0.0654,11
401752901,CFB,2025-11-15 17:00:00+00:00,Indiana Hoosiers,Wisconsin Badgers,0.9531,0.0469,0.9877,0.0486,4
401752772,CFB,2025-11-15 17:00:00+00:00,Texas A&M Aggies,South Carolina Gamecocks,0.8665,0.1335,0.9039,0.1393,11
401754597,CFB,2025-11-15 17:00:00+00:00,Pittsburgh Panthers,Notre Dame Fighting Irish,0.2024,0.7976,0.2113,0.8328,11
401752905,CFB,2025-11-15 17:00:00+00:00,Northwestern Wildcats,Michigan Wolverines,0.2214,0.7786,0.2311,0.813,11
401762510,CFB,2025-11-15 17:00:00+00:00,Navy Midshipmen,South Florida Bulls,0.2576,0.7424,0.2692,0.7759,11
401756951,CFB,2025-11-15 17:00:00+00:00,Cincinnati Bearcats,Arizona Wildcats,0.6481,0.3519,0.6749,0.3665,11
401756952,CFB,2025-11-15 17:00:00+00:00,Oklahoma State Cowboys,Kansas State Wildcats,0.1073,0.8927,0.1119,0.9314,11
401757174,CFB,2025-11-15 17:00:00+00:00,UConn Huskies,Air Force Falcons,0.7179,0.2821,0.7478,0.2939,11
401762507,CFB,2025-11-15 17:00:00+00:00,Charlotte 49ers,UTSA Roadrunners,0.1402,0.8598,0.1464,0.8981,11
401762861,CFB,2025-11-15 17:00:00+00:00,Ball State Cardinals,Eastern Michigan Eagles,0.437,0.563,0.456,0.5874,11
401752768,CFB,2025-11-15 17:45:00+00:00,LSU Tigers,Arkansas Razorbacks,0.626,0.374,0.6518,0.3895,11
401752945,CFB,2025-11-15 18:00:00+00:00,Tulsa Golden Hurricane,Oregon State Beavers,0.507,0.493,0.5317,0.517,8
401756948,CFB,2025-11-15 18:00:00+00:00,Arizona State Sun Devils,West Virginia Mountaineers,0.7597,0.2403,0.7949,0.2515,11
401752767,CFB,2025-11-15 18:30:00+00:00,Kentucky Wildcats,Tennessee Tech Golden Eagles,0.9217,0.0783,0.9639,0.0819,8
401761651,CFB,2025-11-15 19:00:00+00:00,Georgia State Panthers,Marshall Thundering Herd,0.2602,0.7398,0.2718,0.7726,11
401762506,CFB,2025-11-15 19:00:00+00:00,UAB Blazers,North Texas Mean Green,0.1289,0.8711,0.1346,0.9092,11
401752765,CFB,2025-11-15 20:30:00+00:00,Alabama Crimson Tide,Oklahoma Sooners,0.6764,0.3236,0.7052,0.3374,11
401756953,CFB,2025-11-15 20:30:00+00:00,Texas Tech Red Raiders,UCF Knights,0.9257,0.0743,0.9675,0.0776,11
401754595,CFB,2025-11-15 20:40:00+00:00,Miami Hurricanes,NC State Wolfpack,0.8355,0.1645,0.873,0.1719,11
401754592,CFB,2025-11-15 20:30:00+00:00,Boston College Eagles,Georgia Tech Yellow Jackets,0.1447,0.8553,0.1512,0.8936,11
401752907,CFB,2025-11-15 20:30:00+00:00,USC Trojans,Iowa Hawkeyes,0.6754,0.3246,0.7052,0.3388,11
401754593,CFB,2025-11-15 20:35:00+00:00,Duke Blue Devils,Virginia Cavaliers,0.6418,0.3582,0.6684,0.3731,11
401757304,CFB,2025-11-15 20:00:00+00:00,Missouri State Bears,UTEP Miners,0.6861,0.3139,0.7163,0.3277,11
401760411,CFB,2025-11-15 20:00:00+00:00,New Mexico Lobos,Colorado State Rams,0.844,0.156,0.8836,0.1633,11
401752903,CFB,2025-11-15 20:30:00+00:00,Michigan State Spartans,Penn State Nittany Lions,0.3019,0.6981,0.3158,0.7305,11
401752906,CFB,2025-11-15 20:30:00+00:00,Illinois Fighting Illini,Maryland Terrapins,0.8432,0.1568,0.8829,0.1642,11
401757303,CFB,2025-11-15 20:30:00+00:00,Western Kentucky Hilltoppers,Middle Tennessee Blue Raiders,0.8085,0.1915,0.8455,0.2002,11
401761653,CFB,2025-11-15 20:30:00+00:00,UL Monroe Warhawks,South Alabama Jaguars,0.3713,0.6287,0.3871,0.6553,11
401762508,CFB,2025-11-15 21:00:00+00:00,East Carolina Pirates,Memphis Tigers,0.5758,0.4242,0.6002,0.4422,11
401762509,CFB,2025-11-15 21:00:00+00:00,Tulane Green Wave,Florida Atlantic Owls,0.8554,0.1446,0.8953,0.1514,10
401754596,CFB,2025-11-15 21:30:00+00:00,Wake Forest Demon Deacons,North Carolina Tar Heels,0.6074,0.3926,0.6338,0.4098,10
401757301,CFB,2025-11-15 22:00:00+00:00,Florida International Panthers,Liberty Flames,0.449,0.551,0.4682,0.5745,11
401761650,CFB,2025-11-15 23:00:00+00:00,Georgia Southern Eagles,Coastal Carolina Chanticleers,0.5834,0.4166,0.6078,0.434,11
401752900,CFB,2025-11-16 00:30:00+00:00,Ohio State Buckeyes,UCLA Bruins,0.9538,0.0462,0.9877,0.0478,4
401752766,CFB,2025-11-16 00:30:00+00:00,Georgia Bulldogs,Texas Longhorns,0.6199,0.3801,0.6449,0.3955,11
401752769,CFB,2025-11-16 00:00:00+00:00,Ole Miss Rebels,Florida Gators,0.7869,0.2131,0.8231,0.2228,10
401756949,CFB,2025-11-16 00:00:00+00:00,Baylor Bears,Utah Utes,0.2518,0.7482,0.263,0.7813,10
401752902,CFB,2025-11-16 00:00:00+00:00,Washington Huskies,Purdue Boilermakers,0.8476,0.1524,0.8864,0.1594,11
401760414,CFB,2025-11-16 00:00:00+00:00,UNLV Rebels,Utah State Aggies,0.6423,0.3577,0.6688,0.3725,11
401754594,CFB,2025-11-16 00:30:00+00:00,Florida State Seminoles,Virginia Tech Hokies,0.8198,0.1802,0.8575,0.1885,11
401752770,CFB,2025-11-16 00:45:00+00:00,Missouri Tigers,Mississippi State Bulldogs,0.7001,0.2999,0.7314,0.3133,11
401757302,CFB,2025-11-16 01:00:00+00:00,Jacksonville State Gamecocks,Kennesaw State Owls,0.3841,0.6159,0.4002,0.6416,11
401756950,CFB,2025-11-16 03:15:00+00:00,BYU Cougars,TCU Horned Frogs,0.579,0.421,0.6038,0.4391,11
401752953,CFB,2025-11-16 03:00:00+00:00,Washington State Cougars,Louisiana Tech Bulldogs,0.7588,0.2412,0.7927,0.2519,11
401760410,CFB,2025-11-16 03:30:00+00:00,San Diego State Aztecs,Boise State Broncos,0.5344,0.4656,0.5582,0.4863,11
401760412,CFB,2025-11-16 03:30:00+00:00,Fresno State Bulldogs,Wyoming Cowboys,0.5698,0.4302,0.5937,0.4481,11
401762862,CFB,2025-11-19 00:00:00+00:00,Bowling Green Falcons,Akron Zips,0.5525,0.4475,0.5768,0.4672,11
401762864,CFB,2025-11-19 00:00:00+00:00,Northern Illinois Huskies,Western Michigan Broncos,0.2908,0.7092,0.3037,0.7408,11
401762865,CFB,2025-11-20 00:00:00+00:00,Buffalo Bulls,Miami (OH) RedHawks,0.4503,0.5497,0.4692,0.5727,11
401762866,CFB,2025-11-20 00:00:00+00:00,Kent State Golden Flashes,Central Michigan Chippewas,0.2798,0.7202,0.2921,0.752,11
401754598,CFB,2025-11-22 01:00:00+00:00,NC State Wolfpack,Florida State Seminoles,0.3175,0.6825,0.3319,0.7134,11
401752912,CFB,2025-11-22 17:00:00+00:00,Ohio State Buckeyes,Rutgers Scarlet Knights,0.9408,0.0592,0.9804,0.0617,2
401752778,CFB,2025-11-22 17:00:00+00:00,Oklahoma Sooners,Missouri Tigers,0.6682,0.3318,0.698,0.3467,11
401754603,CFB,2025-11-22 17:00:00+00:00,Virginia Tech Hokies,Miami Hurricanes,0.1333,0.8667,0.1391,0.9046,11
401752909,CFB,2025-11-22 17:00:00+00:00,Northwestern Wildcats,Minnesota Golden Gophers,0.6224,0.3776,0.6491,0.3939,11
401754602,CFB,2025-11-22 17:00:00+00:00,SMU Mustangs,Louisville Cardinals,0.6238,0.3762,0.6509,0.3925,11
401754606,CFB,2025-11-22 17:00:00+00:00,Wake Forest Demon Deacons,Delaware Blue Hens,0.8718,0.1282,0.9091,0.1337,11
401756958,CFB,2025-11-22 17:00:00+00:00,Iowa State Cyclones,Kansas Jayhawks,0.5969,0.4031,0.6226,0.4205,11
401762512,CFB,2025-11-22 17:00:00+00:00,Army Black Knights,Tulsa Golden Hurricane,0.7528,0.2472,0.7858,0.2581,11
401752954,CFB,2025-11-22 18:00:00+00:00,James Madison Dukes,Washington State Cougars,0.8364,0.1636,0.8751,0.1712,11
401756954,CFB,2025-11-22 18:00:00+00:00,Arizona Wildcats,Baylor Bears,0.6746,0.3254,0.7034,0.3392,11
401761657,CFB,2025-11-22 18:00:00+00:00,Georgia Southern Eagles,Old Dominion Monarchs,0.2453,0.7547,0.2563,0.7887,11
401752774,CFB,2025-11-22 19:00:00+00:00,Auburn Tigers,Mercer Bears,0.9502,0.0498,0.9852,0.0517,4
401757306,CFB,2025-11-22 19:00:00+00:00,Kennesaw State Owls,Missouri State Bears,0.6597,0.3403,0.6893,0.3556,11
401760419,CFB,2025-11-22 19:00:00+00:00,Wyoming Cowboys,Nevada Wolf Pack,0.6684,0.3316,0.6985,0.3465,11
401762867,CFB,2025-11-22 19:00:00+00:00,Toledo Rockets,Ball State Cardinals,0.9507,0.0493,0.9852,0.0511,8
401752911,CFB,2025-11-22 20:30:00+00:00,Oregon Ducks,USC Trojans,0.7733,0.2267,0.8089,0.2371,11
401752782,CFB,2025-11-22 20:30:00+00:00,Vanderbilt Commodores,Kentucky Wildcats,0.7147,0.2853,0.7459,0.2978,11
401752780,CFB,2025-11-22 20:30:00+00:00,Texas Longhorns,Arkansas Razorbacks,0.741,0.259,0.7725,0.2701,11
401762515,CFB,2025-11-22 20:45:00+00:00,Temple Owls,Tulane Green Wave,0.2953,0.7047,0.3085,0.7364,11
401757175,CFB,2025-11-22 20:00:00+00:00,Florida Atlantic Owls,UConn Huskies,0.3334,0.6666,0.3485,0.6967,11
401757307,CFB,2025-11-22 20:00:00+00:00,Louisiana Tech Bulldogs,Liberty Flames,0.4899,0.5101,0.5134,0.5345,10
401757309,CFB,2025-11-22 20:00:00+00:00,UTEP Miners,New Mexico State Aggies,0.6239,0.3761,0.6491,0.3913,11
401762511,CFB,2025-11-22 20:00:00+00:00,UAB Blazers,South Florida Bulls,0.0895,0.9105,0.0932,0.9483,11
401752913,CFB,2025-11-22 20:30:00+00:00,Iowa Hawkeyes,Michigan State Spartans,0.8686,0.1314,0.9069,0.1372,11
401754600,CFB,2025-11-22 20:30:00+00:00,North Carolina Tar Heels,Duke Blue Devils,0.3108,0.6892,0.3251,0.7209,11
401757305,CFB,2025-11-22 20:30:00+00:00,Florida International Panthers,Jacksonville State Gamecocks,0.5314,0.4686,0.5553,0.4897,11
401762513,CFB,2025-11-22 20:30:00+00:00,UTSA Roadrunners,East Carolina Pirates,0.4777,0.5223,0.5,0.5468,11
401756960,CFB,2025-11-22 21:00:00+00:00,Utah Utes,Kansas State Wildcats,0.8601,0.1399,0.9001,0.1464,10
401752914,CFB,2025-11-22 21:00:00+00:00,Maryland Terrapins,Michigan Wolverines,0.1837,0.8163,0.1921,0.8535,11
401756957,CFB,2025-11-22 21:00:00+00:00,Houston Cougars,TCU Horned Frogs,0.4775,0.5225,0.4998,0.5469,10
401756959,CFB,2025-11-22 21:00:00+00:00,UCF Knights,Oklahoma State Cowboys,0.8129,0.1871,0.8495,0.1955,11
401761660,CFB,2025-11-22 21:00:00+00:00,Troy Trojans,Georgia State Panthers,0.7563,0.2437,0.7898,0.2544,11
401752779,CFB,2025-11-22 21:15:00+00:00,South Carolina Gamecocks,Coastal Carolina Chanticleers,0.9269,0.0731,0.965,0.0761,11
401761659,CFB,2025-11-22 22:00:00+00:00,Texas State Bobcats,UL Monroe Warhawks,0.8949,0.1051,0.9338,0.1096,11
401754601,CFB,2025-11-23 00:00:00+00:00,Georgia Tech Yellow Jackets,Pittsburgh Panthers,0.5562,0.4438,0.5815,0.464,11
401752775,CFB,2025-11-23 00:30:00+00:00,Florida Gators,Tennessee Volunteers,0.3988,0.6012,0.4155,0.6265,11
401752915,CFB,2025-11-23 00:30:00+00:00,Wisconsin Badgers,Illinois Fighting Illini,0.2605,0.7395,0.2722,0.7725,11
401752908,CFB,2025-11-23 00:00:00+00:00,Penn State Nittany Lions,Nebraska Cornhuskers,0.7058,0.2942,0.7363,0.307,11
401760415,CFB,2025-11-23 00:00:00+00:00,Air Force Falcons,New Mexico Lobos,0.4069,0.5931,0.424,0.618,11
401760416,CFB,2025-11-23 00:00:00+00:00,Boise State Broncos,Colorado State Rams,0.8644,0.1356,0.9025,0.1415,11
401754599,CFB,2025-11-23 00:30:00+00:00,Stanford Cardinal,California Golden Bears,0.3681,0.6319,0.3834,0.658,11
401762514,CFB,2025-11-23 00:30:00+00:00,Rice Owls,North Texas Mean Green,0.1185,0.8815,0.1236,0.9198,11
401752777,CFB,2025-11-23 00:45:00+00:00,LSU Tigers,Western Kentucky Hilltoppers,0.9327,0.0673,0.9737,0.0702,10
401756955,CFB,2025-11-23 01:00:00+00:00,Cincinnati Bearcats,BYU Cougars,0.4312,0.5688,0.4493,0.5927,11
401756956,CFB,2025-11-23 01:00:00+00:00,Colorado Buffaloes,Arizona State Sun Devils,0.3052,0.6948,0.3188,0.7257,11
401752910,CFB,2025-11-23 03:30:00+00:00,UCLA Bruins,Washington Huskies,0.2187,0.7813,0.2285,0.8161,11
401760417,CFB,2025-11-23 03:30:00+00:00,Fresno State Bulldogs,Utah State Aggies,0.5391,0.4609,0.563,0.4813,11
401762869,CFB,2025-11-26 00:30:00+00:00,Eastern Michigan Eagles,Western Michigan Broncos,0.2381,0.7619,0.249,0.7967,11
401762516,CFB,2025-11-28 00:30:00+00:00,Memphis Tigers,Navy Midshipmen,0.6057,0.3943,0.6312,0.4108,11
401752788,CFB,2025-11-28 17:00:00+00:00,Mississippi State Bulldogs,Ole Miss Rebels,0.281,0.719,0.2929,0.7494,9
401756964,CFB,2025-11-28 17:00:00+00:00,Kansas Jayhawks,Utah Utes,0.2206,0.7794,0.23,0.8123,9
401752916,CFB,2025-11-28 17:00:00+00:00,Nebraska Cornhuskers,Iowa Hawkeyes,0.339,0.661,0.3535,0.6893,10
401762870,CFB,2025-11-28 17:00:00+00:00,Buffalo Bulls,Ohio Bobcats,0.3084,0.6916,0.3223,0.7227,10
401762871,CFB,2025-11-28 17:00:00+00:00,Northern Illinois Huskies,Kent State Golden Flashes,0.6421,0.3579,0.6694,0.3731,10
401752786,CFB,2025-11-28 20:30:00+00:00,Georgia Tech Yellow Jackets,Georgia Bulldogs,0.1524,0.8476,0.1594,0.8865,11
401760421,CFB,2025-11-28 20:00:00+00:00,Colorado State Rams,Air Force Falcons,0.4467,0.5533,0.4666,0.5781,11
401760426,CFB,2025-11-28 20:30:00+00:00,New Mexico Lobos,San Diego State Aztecs,0.4982,0.5018,0.5217,0.5254,8
401762442,CFB,2025-11-28 20:30:00+00:00,North Texas Mean Green,Temple Owls,0.8959,0.1041,0.9362,0.1087,11
401760422,CFB,2025-11-28 21:00:00+00:00,Utah State Aggies,Boise State Broncos,0.4728,0.5272,0.4945,0.5515,11
401752924,CFB,2025-11-29 00:30:00+00:00,Purdue Boilermakers,Indiana Hoosiers,0.0518,0.9482,0.0538,0.9862,5
401752792,CFB,2025-11-29 00:30:00+00:00,Texas Longhorns,Texas A&M Aggies,0.4434,0.5566,0.463,0.5812,11
401756961,CFB,2025-11-29 02:00:00+00:00,Arizona State Sun Devils,Arizona Wildcats,0.4716,0.5284,0.4931,0.5525,11
401752921,CFB,2025-11-29 17:00:00+00:00,Michigan Wolverines,Ohio State Buckeyes,0.2354,0.7646,0.2458,0.7983,11
401756968,CFB,2025-11-29 17:00:00+00:00,West Virginia Mountaineers,Texas Tech Red Raiders,0.079,0.921,0.0824,0.9616,11
401754611,CFB,2025-11-29 17:00:00+00:00,Pittsburgh Panthers,Miami Hurricanes,0.3162,0.6838,0.33,0.7135,11
401752787,CFB,2025-11-29 17:00:00+00:00,Louisville Cardinals,Kentucky Wildcats,0.4994,0.5006,0.523,0.5243,8
401752790,CFB,2025-11-29 17:00:00+00:00,South Carolina Gamecocks,Clemson Tigers,0.5513,0.4487,0.576,0.4687,11
401756962,CFB,2025-11-29 17:00:00+00:00,Baylor Bears,Houston Cougars,0.5545,0.4455,0.5788,0.4651,11
401756965,CFB,2025-11-29 17:00:00+00:00,Kansas State Wildcats,Colorado Buffaloes,0.8587,0.1413,0.8965,0.1476,11
401756966,CFB,2025-11-29 17:00:00+00:00,Oklahoma State Cowboys,Iowa State Cyclones,0.1727,0.8273,0.1802,0.8635,11
401762519,CFB,2025-11-29 17:00:00+00:00,Florida Atlantic Owls,East Carolina Pirates,0.3123,0.6877,0.3261,0.7181,11
401762872,CFB,2025-11-29 17:00:00+00:00,Central Michigan Chippewas,Toledo Rockets,0.2258,0.7742,0.2357,0.8082,11
401762875,CFB,2025-11-29 17:00:00+00:00,Miami (OH) RedHawks,Ball State Cardinals,0.8689,0.1311,0.9062,0.1367,11
401756963,CFB,2025-11-29 18:00:00+00:00,BYU Cougars,UCF Knights,0.8833,0.1167,0.9229,0.1219,11
401757310,CFB,2025-11-29 18:00:00+00:00,Delaware Blue Hens,UTEP Miners,0.6337,0.3663,0.6603,0.3817,11
401761663,CFB,2025-11-29 18:30:00+00:00,Marshall Thundering Herd,Georgia Southern Eagles,0.7649,0.2351,0.7989,0.2456,11
401757312,CFB,2025-11-29 19:00:00+00:00,Jacksonville State Gamecocks,Western Kentucky Hilltoppers,0.4764,0.5236,0.4981,0.5474,11
401757314,CFB,2025-11-29 19:00:00+00:00,Missouri State Bears,Louisiana Tech Bulldogs,0.5567,0.4433,0.5811,0.4627,11
401761664,CFB,2025-11-29 19:00:00+00:00,Old Dominion Monarchs,Georgia State Panthers,0.9437,0.0563,0.9833,0.0586,10
401752917,CFB,2025-11-29 20:30:00+00:00,Washington Huskies,Oregon Ducks,0.3061,0.6939,0.319,0.7233,11
401752789,CFB,2025-11-29 20:30:00+00:00,Oklahoma Sooners,LSU Tigers,0.7933,0.2067,0.829,0.216,11
401752791,CFB,2025-11-29 20:30:00+00:00,Tennessee Volunteers,Vanderbilt Commodores,0.5433,0.4567,0.5669,0.4765,11
401754608,CFB,2025-11-29 20:00:00+00:00,Syracuse Orange,Boston College Eagles,0.4339,0.5661,0.4525,0.5905,11
401757315,CFB,2025-11-29 20:00:00+00:00,New Mexico State Aggies,Middle Tennessee Blue Raiders,0.5953,0.4047,0.6208,0.422,11
401761667,CFB,2025-11-29 20:00:00+00:00,Texas State Bobcats,South Alabama Jaguars,0.7436,0.2564,0.7752,0.2673,11
401762517,CFB,2025-11-29 20:00:00+00:00,Tulsa Golden Hurricane,UAB Blazers,0.7357,0.2643,0.7682,0.276,11
401752783,CFB,2025-11-29 20:30:00+00:00,Arkansas Razorbacks,Missouri Tigers,0.3604,0.6396,0.3755,0.6663,11
401752918,CFB,2025-11-29 20:30:00+00:00,Minnesota Golden Gophers,Wisconsin Badgers,0.4475,0.5525,0.4665,0.576,11
401752920,CFB,2025-11-29 20:30:00+00:00,Rutgers Scarlet Knights,Penn State Nittany Lions,0.1792,0.8208,0.1871,0.8572,9
401754610,CFB,2025-11-29 20:30:00+00:00,Duke Blue Devils,Wake Forest Demon Deacons,0.5406,0.4594,0.5639,0.4792,11
401756967,CFB,2025-11-29 20:30:00+00:00,TCU Horned Frogs,Cincinnati Bearcats,0.5779,0.4221,0.6025,0.4401,11
401757313,CFB,2025-11-29 20:30:00+00:00,Liberty Flames,Kennesaw State Owls,0.4392,0.5608,0.4585,0.5855,11
401762441,CFB,2025-11-29 20:30:00+00:00,UTSA Roadrunners,Army Black Knights,0.7279,0.2721,0.7608,0.2843,11
401761662,CFB,2025-11-29 20:45:00+00:00,Coastal Carolina Chanticleers,James Madison Dukes,0.0746,0.9254,0.0778,0.9641,11
401752785,CFB,2025-11-29 21:30:00+00:00,Florida Gators,Florida State Seminoles,0.5056,0.4944,0.5297,0.518,11
401752946,CFB,2025-11-29 23:30:00+00:00,Washington State Cougars,Oregon State Beavers,0.8275,0.1725,0.8649,0.1803,11
401752784,CFB,2025-11-30 00:30:00+00:00,Auburn Tigers,Alabama Crimson Tide,0.3036,0.6964,0.3172,0.7277,11
401752919,CFB,2025-11-30 00:30:00+00:00,USC Trojans,UCLA Bruins,0.9088,0.0912,0.9475,0.0951,11
401754613,CFB,2025-11-30 00:00:00+00:00,Virginia Cavaliers,Virginia Tech Hokies,0.7409,0.2591,0.7742,0.2708,11
401762518,CFB,2025-11-30 00:30:00+00:00,Tulane Green Wave,Charlotte 49ers,0.9562,0.0438,0.9901,0.0454,6
401752923,CFB,2025-11-30 00:00:00+00:00,Michigan State Spartans,Maryland Terrapins,0.6263,0.3737,0.6518,0.3889,11
401762520,CFB,2025-11-30 00:00:00+00:00,South Florida Bulls,Rice Owls,0.9457,0.0543,0.9843,0.0565,10
401752922,CFB,2025-11-30 00:30:00+00:00,Illinois Fighting Illini,Northwestern Wildcats,0.7007,0.2993,0.7324,0.3129,11
401754612,CFB,2025-11-30 00:30:00+00:00,NC State Wolfpack,North Carolina Tar Heels,0.7037,0.2963,0.7358,0.3099,11
401754609,CFB,2025-11-30 01:00:00+00:00,California Golden Bears,SMU Mustangs,0.1892,0.8108,0.1978,0.8475,11
401760425,CFB,2025-11-30 02:00:00+00:00,Nevada Wolf Pack,UNLV Rebels,0.2692,0.7308,0.2811,0.7629,11
401754614,CFB,2025-11-30 03:30:00+00:00,Stanford Cardinal,Notre Dame Fighting Irish,0.0379,0.9621,0.0391,0.9921,5
401777352,CFB,2025-12-06 00:00:00+00:00,James Madison Dukes,Troy Trojans,0.9329,0.0671,0.9735,0.0701,11
401777325,CFB,2025-12-06 00:00:00+00:00,Jacksonville State Gamecocks,Kennesaw State Owls,0.4205,0.5795,0.4386,0.6045,11
401777324,CFB,2025-12-06 01:00:00+00:00,Tulane Green Wave,North Texas Mean Green,0.4796,0.5204,0.5023,0.5452,11
401777327,CFB,2025-12-06 17:00:00+00:00,Texas Tech Red Raiders,BYU Cougars,0.8067,0.1933,0.8423,0.2019,11
401777329,CFB,2025-12-06 17:00:00+00:00,Western Michigan Broncos,Miami (OH) RedHawks,0.5545,0.4455,0.5785,0.4648,11
401777351,CFB,2025-12-06 21:00:00+00:00,Alabama Crimson Tide,Georgia Bulldogs,0.4668,0.5332,0.4877,0.557,9
401777353,CFB,2025-12-07 01:00:00+00:00,Ohio State Buckeyes,Indiana Hoosiers,0.6198,0.3802,0.6453,0.3959,8
401777328,CFB,2025-12-07 01:00:00+00:00,Virginia Cavaliers,Duke Blue Devils,0.6137,0.3863,0.6399,0.4027,10
401762521,CFB,2025-12-13 20:00:00+00:00,Navy Midshipmen,Army Black Knights,0.6892,0.3108,0.7186,0.324,11
401778302,CFB,2025-12-14 01:00:00+00:00,Washington Huskies,Boise State Broncos,0.7527,0.2473,0.7844,0.2577,10
401778303,CFB,2025-12-17 02:00:00+00:00,Jacksonville State Gamecocks,Troy Trojans,0.5925,0.4075,0.6171,0.4244,10
401778304,CFB,2025-12-17 22:00:00+00:00,South Florida Bulls,Old Dominion Monarchs,0.6152,0.3848,0.6416,0.4013,10
401838053,CFB,2025-12-19 02:00:00+00:00,Arkansas State Red Wolves,Missouri State Bears,0.5244,0.4756,0.5481,0.497,10
401778306,CFB,2025-12-19 16:00:00+00:00,Western Michigan Broncos,Kennesaw State Owls,0.5928,0.4072,0.6179,0.4244,10
401779840,CFB,2025-12-20 01:00:00+00:00,Oklahoma Sooners,Alabama Crimson Tide,0.5467,0.4533,0.5698,0.4724,10
401779841,CFB,2025-12-20 17:00:00+00:00,Texas A&M Aggies,Miami Hurricanes,0.5667,0.4333,0.5914,0.4521,8
401779842,CFB,2025-12-20 20:30:00+00:00,Ole Miss Rebels,Tulane Green Wave,0.8629,0.1371,0.9009,0.1432,8
401779843,CFB,2025-12-21 00:30:00+00:00,Oregon Ducks,James Madison Dukes,0.9105,0.0895,0.949,0.0933,8
401778308,CFB,2025-12-22 19:00:00+00:00,Utah State Aggies,Washington State Cougars,0.5136,0.4864,0.5377,0.5093,8
401778309,CFB,2025-12-23 19:00:00+00:00,Louisville Cardinals,Toledo Rockets,0.7925,0.2075,0.8273,0.2166,8
401778313,CFB,2025-12-26 18:00:00+00:00,Northwestern Wildcats,Central Michigan Chippewas,0.8013,0.1987,0.8362,0.2074,10
401778314,CFB,2025-12-26 21:30:00+00:00,Minnesota Golden Gophers,New Mexico Lobos,0.5311,0.4689,0.5543,0.4895,10
401778315,CFB,2025-12-27 01:00:00+00:00,UTSA Roadrunners,Florida International Panthers,0.6979,0.3021,0.7286,0.3153,8
401778316,CFB,2025-12-27 16:00:00+00:00,East Carolina Pirates,Pittsburgh Panthers,0.2015,0.7985,0.2105,0.8344,8
401778317,CFB,2025-12-27 17:00:00+00:00,Clemson Tigers,Penn State Nittany Lions,0.5567,0.4433,0.5808,0.4624,10
401778319,CFB,2025-12-27 20:40:00+00:00,BYU Cougars,Georgia Tech Yellow Jackets,0.6051,0.3949,0.6294,0.4108,10
401778320,CFB,2025-12-27 21:30:00+00:00,Fresno State Bulldogs,Miami (OH) RedHawks,0.6468,0.3532,0.6725,0.3673,10
401778321,CFB,2025-12-27 22:45:00+00:00,San Diego State Aztecs,North Texas Mean Green,0.2912,0.7088,0.3037,0.7392,10
401778322,CFB,2025-12-28 00:30:00+00:00,Missouri Tigers,Virginia Cavaliers,0.6236,0.3764,0.6477,0.3909,10
401778323,CFB,2025-12-28 02:20:00+00:00,Houston Cougars,LSU Tigers,0.5132,0.4868,0.5375,0.5098,9
401778325,CFB,2025-12-30 19:00:00+00:00,Louisiana Tech Bulldogs,Coastal Carolina Chanticleers,0.7605,0.2395,0.7931,0.2498,10
401778326,CFB,2025-12-30 22:30:00+00:00,Illinois Fighting Illini,Tennessee Volunteers,0.4279,0.5721,0.4452,0.5953,9
401778327,CFB,2025-12-31 02:00:00+00:00,TCU Horned Frogs,USC Trojans,0.3602,0.6398,0.3748,0.6657,10
401778328,CFB,2025-12-31 17:00:00+00:00,Vanderbilt Commodores,Iowa Hawkeyes,0.5979,0.4021,0.6228,0.4188,8
401778329,CFB,2025-12-31 19:00:00+00:00,Duke Blue Devils,Arizona State Sun Devils,0.6121,0.3879,0.6358,0.4029,10
401778330,CFB,2025-12-31 20:00:00+00:00,Texas Longhorns,Michigan Wolverines,0.6318,0.3682,0.6576,0.3832,10
401778331,CFB,2025-12-31 20:30:00+00:00,Utah Utes,Nebraska Cornhuskers,0.817,0.183,0.8523,0.1909,9
401769070,CFB,2026-01-01 00:30:00+00:00,Ohio State Buckeyes,Miami Hurricanes,0.7365,0.2635,0.7673,0.2745,9
401769071,CFB,2026-01-01 17:00:00+00:00,Texas Tech Red Raiders,Oregon Ducks,0.5126,0.4874,0.5363,0.5098,10
401769072,CFB,2026-01-01 21:00:00+00:00,Indiana Hoosiers,Alabama Crimson Tide,0.6941,0.3059,0.7237,0.3189,10
401769073,CFB,2026-01-02 01:00:00+00:00,Georgia Bulldogs,Ole Miss Rebels,0.6638,0.3362,0.6909,0.3499,9
401778332,CFB,2026-01-02 18:00:00+00:00,Texas State Bobcats,Rice Owls,0.8658,0.1342,0.9036,0.1401,10
401778333,CFB,2026-01-02 21:30:00+00:00,Cincinnati Bearcats,Navy Midshipmen,0.2814,0.7186,0.2934,0.7491,10
401831583,CFB,2026-01-03 01:00:00+00:00,SMU Mustangs,Arizona Wildcats,0.5527,0.4473,0.5775,0.4674,10
401778334,CFB,2026-01-03 01:00:00+00:00,Mississippi State Bulldogs,Wake Forest Demon Deacons,0.5726,0.4274,0.5956,0.4445,10
401769075,CFB,2026-01-09 00:30:00+00:00,Ole Miss Rebels,Miami Hurricanes,0.4026,0.5974,0.4191,0.622,9
401769074,CFB,2026-01-10 00:30:00+00:00,Indiana Hoosiers,Oregon Ducks,0.6018,0.3982,0.6263,0.4145,10
401814702,MLB,2026-03-26 00:05:00+00:00,San Francisco Giants,New York Yankees,0.4728,0.5272,0.4903,0.5468,11
401814693,MLB,2026-03-26 17:15:00+00:00,New York Mets,Pittsburgh Pirates,0.5219,0.4781,0.5414,0.496,11
401814696,MLB,2026-03-26 18:10:00+00:00,Milwaukee Brewers,Chicago White Sox,0.6296,0.3704,0.6544,0.385,11
401814698,MLB,2026-03-26 18:20:00+00:00,Chicago Cubs,Washington Nationals,0.6492,0.3508,0.6746,0.3646,11
401814692,MLB,2026-03-26 19:05:00+00:00,Baltimore Orioles,Minnesota Twins,0.5641,0.4359,0.5858,0.4526,11
401814689,MLB,2026-03-26 20:10:00+00:00,Cincinnati Reds,Boston Red Sox,0.4093,0.5907,0.4251,0.6136,11
401814695,MLB,2026-03-26 20:10:00+00:00,Houston Astros,Los Angeles Angels,0.6136,0.3864,0.6378,0.4016,11
401814701,MLB,2026-03-26 20:10:00+00:00,San Diego Padres,Detroit Tigers,0.4673,0.5327,0.4855,0.5534,11
401814694,MLB,2026-03-26 20:15:00+00:00,Philadelphia Phillies,Texas Rangers,0.595,0.405,0.6181,0.4207,11
401814697,MLB,2026-03-26 20:15:00+00:00,St. Louis Cardinals,Tampa Bay Rays,0.4565,0.5435,0.4744,0.5648,11
401814699,MLB,2026-03-27 00:30:00+00:00,Los Angeles Dodgers,Arizona Diamondbacks,0.7075,0.2925,0.7358,0.3043,11
401814700,MLB,2026-03-27 02:10:00+00:00,Seattle Mariners,Cleveland Guardians,0.6189,0.3811,0.643,0.3959,11
401814721,MLB,2026-03-27 20:35:00+00:00,San Francisco Giants,New York Yankees,0.4528,0.5472,0.4699,0.568,11
401814688,MLB,2026-03-27 23:07:00+00:00,Toronto Blue Jays,Athletics,0.613,0.387,0.6375,0.4025,11
401814690,MLB,2026-03-27 23:10:00+00:00,Miami Marlins,Colorado Rockies,0.6337,0.3663,0.6588,0.3807,11
401814691,MLB,2026-03-27 23:15:00+00:00,Atlanta Braves,Kansas City Royals,0.5617,0.4383,0.5843,0.4559,11
401814703,MLB,2026-03-28 00:10:00+00:00,Houston Astros,Los Angeles Angels,0.6068,0.3932,0.6308,0.4088,11
401814705,MLB,2026-03-28 01:40:00+00:00,Seattle Mariners,Cleveland Guardians,0.6113,0.3887,0.6359,0.4044,11
401814706,MLB,2026-03-28 01:40:00+00:00,San Diego Padres,Detroit Tigers,0.5519,0.4481,0.5721,0.4645,11
401814704,MLB,2026-03-28 02:10:00+00:00,Los Angeles Dodgers,Arizona Diamondbacks,0.6756,0.3244,0.7024,0.3373,10
401814716,MLB,2026-03-28 18:15:00+00:00,St. Louis Cardinals,Tampa Bay Rays,0.4866,0.5134,0.5062,0.534,11
401814717,MLB,2026-03-28 18:20:00+00:00,Chicago Cubs,Washington Nationals,0.6822,0.3178,0.7098,0.3306,11
401814707,MLB,2026-03-28 19:07:00+00:00,Toronto Blue Jays,Athletics,0.6368,0.3632,0.6623,0.3778,11
401814711,MLB,2026-03-28 20:05:00+00:00,Baltimore Orioles,Minnesota Twins,0.6005,0.3995,0.6236,0.4149,11
401814713,MLB,2026-03-28 20:05:00+00:00,Philadelphia Phillies,Texas Rangers,0.5718,0.4282,0.594,0.4449,11
401814708,MLB,2026-03-28 20:10:00+00:00,Cincinnati Reds,Boston Red Sox,0.4467,0.5533,0.464,0.5748,11
401814709,MLB,2026-03-28 20:10:00+00:00,Miami Marlins,Colorado Rockies,0.6329,0.3671,0.658,0.3817,11
401814712,MLB,2026-03-28 20:10:00+00:00,New York Mets,Pittsburgh Pirates,0.6068,0.3932,0.6305,0.4085,11
401814714,MLB,2026-03-28 23:10:00+00:00,Houston Astros,Los Angeles Angels,0.5542,0.4458,0.5747,0.4623,11
401814715,MLB,2026-03-28 23:10:00+00:00,Milwaukee Brewers,Chicago White Sox,0.6354,0.3646,0.6603,0.379,11
401814710,MLB,2026-03-28 23:15:00+00:00,Atlanta Braves,Kansas City Royals,0.5769,0.4231,0.5996,0.4397,11
401814734,MLB,2026-03-28 23:15:00+00:00,San Francisco Giants,New York Yankees,0.4596,0.5404,0.477,0.561,11
401814720,MLB,2026-03-29 00:40:00+00:00,San Diego Padres,Detroit Tigers,0.5036,0.4964,0.5229,0.5153,11
401814718,MLB,2026-03-29 01:10:00+00:00,Los Angeles Dodgers,Arizona Diamondbacks,0.683,0.317,0.7098,0.3295,11
401814719,MLB,2026-03-29 01:40:00+00:00,Seattle Mariners,Cleveland Guardians,0.6172,0.3828,0.6412,0.3976,11
401814725,MLB,2026-03-29 17:35:00+00:00,Atlanta Braves,Kansas City Royals,0.5858,0.4142,0.6092,0.4307,11
401814726,MLB,2026-03-29 17:35:00+00:00,Baltimore Orioles,Minnesota Twins,0.5871,0.4129,0.6098,0.4288,11
401814728,MLB,2026-03-29 17:35:00+00:00,Philadelphia Phillies,Texas Rangers,0.5921,0.4079,0.6149,0.4237,11
401814722,MLB,2026-03-29 17:37:00+00:00,Toronto Blue Jays,Athletics,0.5826,0.4174,0.6048,0.4333,11
401814723,MLB,2026-03-29 17:40:00+00:00,Cincinnati Reds,Boston Red Sox,0.4458,0.5542,0.4632,0.5758,11
401814724,MLB,2026-03-29 17:40:00+00:00,Miami Marlins,Colorado Rockies,0.6308,0.3692,0.6557,0.3837,11
401814727,MLB,2026-03-29 17:40:00+00:00,New York Mets,Pittsburgh Pirates,0.625,0.375,0.6495,0.3896,11
401814729,MLB,2026-03-29 18:10:00+00:00,Houston Astros,Los Angeles Angels,0.6087,0.3913,0.6324,0.4065,11
401814730,MLB,2026-03-29 18:10:00+00:00,Milwaukee Brewers,Chicago White Sox,0.5974,0.4026,0.6205,0.4181,11
401814731,MLB,2026-03-29 18:15:00+00:00,St. Louis Cardinals,Tampa Bay Rays,0.4808,0.5192,0.4988,0.5387,11
401814732,MLB,2026-03-29 18:20:00+00:00,Chicago Cubs,Washington Nationals,0.6868,0.3132,0.7148,0.3259,11
401814733,MLB,2026-03-29 23:20:00+00:00,Seattle Mariners,Cleveland Guardians,0.5649,0.4351,0.587,0.4522,11
401814743,MLB,2026-03-30 20:10:00+00:00,Kansas City Royals,Minnesota Twins,0.5983,0.4017,0.6216,0.4173,11
401814739,MLB,2026-03-30 22:35:00+00:00,Baltimore Orioles,Texas Rangers,0.543,0.457,0.5627,0.4736,11
401814736,MLB,2026-03-30 22:40:00+00:00,Miami Marlins,Chicago White Sox,0.57,0.43,0.5921,0.4467,11
401814738,MLB,2026-03-30 22:40:00+00:00,Cincinnati Reds,Pittsburgh Pirates,0.5494,0.4506,0.5709,0.4682,11
401814740,MLB,2026-03-30 22:40:00+00:00,Philadelphia Phillies,Washington Nationals,0.6093,0.3907,0.633,0.4059,11
401814737,MLB,2026-03-30 23:07:00+00:00,Toronto Blue Jays,Colorado Rockies,0.7171,0.2829,0.7459,0.2943,11
401814735,MLB,2026-03-30 23:15:00+00:00,Atlanta Braves,Athletics,0.5465,0.4535,0.5674,0.4708,11
401814741,MLB,2026-03-30 23:40:00+00:00,Chicago Cubs,Los Angeles Angels,0.6269,0.3731,0.6513,0.3876,11
401814745,MLB,2026-03-30 23:40:00+00:00,Milwaukee Brewers,Tampa Bay Rays,0.5941,0.4059,0.6173,0.4217,11
401814744,MLB,2026-03-30 23:45:00+00:00,St. Louis Cardinals,New York Mets,0.4237,0.5763,0.44,0.5985,11
401814742,MLB,2026-03-31 00:10:00+00:00,Houston Astros,Boston Red Sox,0.4528,0.5472,0.47,0.568,11
401814748,MLB,2026-03-31 01:40:00+00:00,Seattle Mariners,New York Yankees,0.476,0.524,0.4951,0.5449,11
401814749,MLB,2026-03-31 01:40:00+00:00,San Diego Padres,San Francisco Giants,0.5165,0.4835,0.5369,0.5026,11
401814746,MLB,2026-03-31 02:10:00+00:00,Los Angeles Dodgers,Cleveland Guardians,0.6252,0.3748,0.6503,0.3899,11
401814747,MLB,2026-03-31 02:10:00+00:00,Arizona Diamondbacks,Detroit Tigers,0.531,0.469,0.5509,0.4865,11
401814754,MLB,2026-03-31 22:35:00+00:00,Baltimore Orioles,Texas Rangers,0.4648,0.5352,0.483,0.5562,11
401814751,MLB,2026-03-31 22:40:00+00:00,Miami Marlins,Chicago White Sox,0.584,0.416,0.6064,0.4319,11
401814753,MLB,2026-03-31 22:40:00+00:00,Cincinnati Reds,Pittsburgh Pirates,0.4708,0.5292,0.4895,0.5503,11
401814755,MLB,2026-03-31 22:40:00+00:00,Philadelphia Phillies,Washington Nationals,0.6293,0.3707,0.6545,0.3856,11
401814752,MLB,2026-03-31 23:07:00+00:00,Toronto Blue Jays,Colorado Rockies,0.6975,0.3025,0.7252,0.3145,11
401814750,MLB,2026-03-31 23:15:00+00:00,Atlanta Braves,Athletics,0.584,0.416,0.6065,0.4321,11
401814756,MLB,2026-03-31 23:40:00+00:00,Chicago Cubs,Los Angeles Angels,0.5643,0.4357,0.5865,0.4527,11
401814759,MLB,2026-03-31 23:40:00+00:00,Milwaukee Brewers,Tampa Bay Rays,0.5352,0.4648,0.556,0.4829,11
401814758,MLB,2026-03-31 23:45:00+00:00,St. Louis Cardinals,New York Mets,0.4259,0.5741,0.4428,0.5968,11
401814757,MLB,2026-04-01 00:10:00+00:00,Houston Astros,Boston Red Sox,0.5645,0.4355,0.5856,0.4518,11
401814761,MLB,2026-04-01 01:40:00+00:00,Arizona Diamondbacks,Detroit Tigers,0.5011,0.4989,0.5219,0.5195,8
401814762,MLB,2026-04-01 01:40:00+00:00,Seattle Mariners,New York Yankees,0.4905,0.5095,0.5096,0.5293,8
401814763,MLB,2026-04-01 01:40:00+00:00,San Diego Padres,San Francisco Giants,0.4515,0.5485,0.4696,0.5704,8
401814760,MLB,2026-04-01 02:10:00+00:00,Los Angeles Dodgers,Cleveland Guardians,0.7045,0.2955,0.7333,0.3076,8
401814764,MLB,2026-04-01 16:15:00+00:00,Atlanta Braves,Athletics,0.6673,0.3327,0.6941,0.3461,11
401814768,MLB,2026-04-01 16:35:00+00:00,Baltimore Orioles,Texas Rangers,0.5172,0.4828,0.5382,0.5025,11
401814767,MLB,2026-04-01 16:40:00+00:00,Cincinnati Reds,Pittsburgh Pirates,0.4214,0.5786,0.4374,0.6006,11
401814769,MLB,2026-04-01 17:05:00+00:00,Philadelphia Phillies,Washington Nationals,0.7042,0.2958,0.7324,0.3076,11
401814766,MLB,2026-04-01 17:07:00+00:00,Toronto Blue Jays,Colorado Rockies,0.7131,0.2869,0.742,0.2985,11
401814765,MLB,2026-04-01 17:10:00+00:00,Miami Marlins,Chicago White Sox,0.5707,0.4293,0.5934,0.4463,11
401814773,MLB,2026-04-01 17:15:00+00:00,St. Louis Cardinals,New York Mets,0.3993,0.6007,0.415,0.6244,11
401814774,MLB,2026-04-01 17:40:00+00:00,Milwaukee Brewers,Tampa Bay Rays,0.5632,0.4368,0.5849,0.4537,11
401814771,MLB,2026-04-01 18:10:00+00:00,Houston Astros,Boston Red Sox,0.4352,0.5648,0.4522,0.5868,11
401814770,MLB,2026-04-01 18:20:00+00:00,Chicago Cubs,Los Angeles Angels,0.5967,0.4033,0.6188,0.4181,11
401814776,MLB,2026-04-01 19:40:00+00:00,Arizona Diamondbacks,Detroit Tigers,0.4246,0.5754,0.4402,0.5966,11
401814777,MLB,2026-04-01 20:10:00+00:00,Seattle Mariners,New York Yankees,0.5196,0.4804,0.5404,0.4996,11
401814778,MLB,2026-04-01 20:10:00+00:00,San Diego Padres,San Francisco Giants,0.5846,0.4154,0.6071,0.4314,11
401814772,MLB,2026-04-01 23:40:00+00:00,Kansas City Royals,Minnesota Twins,0.4946,0.5054,0.5151,0.5262,11
401814775,MLB,2026-04-02 00:20:00+00:00,Los Angeles Dodgers,Cleveland Guardians,0.7175,0.2825,0.7468,0.294,11
401814779,MLB,2026-04-02 18:10:00+00:00,Kansas City Royals,Minnesota Twins,0.5826,0.4174,0.6048,0.4333,11
401814781,MLB,2026-04-03 01:40:00+00:00,Arizona Diamondbacks,Atlanta Braves,0.4926,0.5074,0.5119,0.5273,11
401814782,MLB,2026-04-03 01:45:00+00:00,San Francisco Giants,New York Mets,0.4742,0.5258,0.4927,0.5463,11
401814785,MLB,2026-04-03 17:05:00+00:00,Washington Nationals,Los Angeles Dodgers,0.2918,0.7082,0.3038,0.7374,11
401814788,MLB,2026-04-03 17:10:00+00:00,Detroit Tigers,St. Louis Cardinals,0.6169,0.3831,0.6404,0.3977,11
401814786,MLB,2026-04-03 17:35:00+00:00,New York Yankees,Miami Marlins,0.5833,0.4167,0.6058,0.4328,11
401814787,MLB,2026-04-03 18:10:00+00:00,Boston Red Sox,San Diego Padres,0.5296,0.4704,0.5504,0.4888,11
401814789,MLB,2026-04-03 20:05:00+00:00,Texas Rangers,Cincinnati Reds,0.6028,0.3972,0.6265,0.4129,11
401814784,MLB,2026-04-03 20:10:00+00:00,Cleveland Guardians,Chicago Cubs,0.4786,0.5214,0.4967,0.5411,11
401814792,MLB,2026-04-03 20:10:00+00:00,Colorado Rockies,Philadelphia Phillies,0.3724,0.6276,0.387,0.6522,11
401814783,MLB,2026-04-03 20:12:00+00:00,Pittsburgh Pirates,Baltimore Orioles,0.4762,0.5238,0.4942,0.5435,11
401814791,MLB,2026-04-03 21:05:00+00:00,Minnesota Twins,Tampa Bay Rays,0.5009,0.4991,0.5214,0.5196,10
401814796,MLB,2026-04-04 01:38:00+00:00,Los Angeles Angels,Seattle Mariners,0.4109,0.5891,0.4265,0.6115,11
401814793,MLB,2026-04-04 01:40:00+00:00,Arizona Diamondbacks,Atlanta Braves,0.4943,0.5057,0.5143,0.5262,11
401814794,MLB,2026-04-04 01:40:00+00:00,Athletics,Houston Astros,0.4987,0.5013,0.519,0.5217,11
401814795,MLB,2026-04-04 02:15:00+00:00,San Francisco Giants,New York Mets,0.4562,0.5438,0.474,0.5651,11
401814802,MLB,2026-04-04 17:10:00+00:00,Detroit Tigers,St. Louis Cardinals,0.6056,0.3944,0.6293,0.4098,11
401814804,MLB,2026-04-04 18:10:00+00:00,Kansas City Royals,Milwaukee Brewers,0.4872,0.5128,0.5066,0.5333,11
401814806,MLB,2026-04-04 18:10:00+00:00,Chicago White Sox,Toronto Blue Jays,0.4275,0.5725,0.444,0.5947,11
401814797,MLB,2026-04-04 20:05:00+00:00,Pittsburgh Pirates,Baltimore Orioles,0.5088,0.4912,0.5294,0.511,11
401814799,MLB,2026-04-04 20:05:00+00:00,Washington Nationals,Los Angeles Dodgers,0.2776,0.7224,0.2888,0.7514,11
401814809,MLB,2026-04-04 20:05:00+00:00,Athletics,Houston Astros,0.5099,0.4901,0.5298,0.5093,11
401814801,MLB,2026-04-04 20:10:00+00:00,Boston Red Sox,San Diego Padres,0.5691,0.4309,0.5915,0.4477,11
401814800,MLB,2026-04-04 23:05:00+00:00,New York Yankees,Miami Marlins,0.6413,0.3587,0.6663,0.3727,11
401814803,MLB,2026-04-04 23:05:00+00:00,Texas Rangers,Cincinnati Reds,0.5642,0.4358,0.5867,0.4533,11
401814805,MLB,2026-04-04 23:10:00+00:00,Minnesota Twins,Tampa Bay Rays,0.4879,0.5121,0.5074,0.5325,11
401814808,MLB,2026-04-04 23:15:00+00:00,Arizona Diamondbacks,Atlanta Braves,0.5115,0.4885,0.5315,0.5075,11
401814807,MLB,2026-04-05 00:10:00+00:00,Colorado Rockies,Philadelphia Phillies,0.314,0.686,0.3265,0.7134,11
401814810,MLB,2026-04-05 01:05:00+00:00,San Francisco Giants,New York Mets,0.5199,0.4801,0.5406,0.4993,10
401814811,MLB,2026-04-05 01:38:00+00:00,Los Angeles Angels,Seattle Mariners,0.4114,0.5886,0.4273,0.6113,10
401814813,MLB,2026-04-05 17:10:00+00:00,Cleveland Guardians,Chicago Cubs,0.4543,0.5457,0.472,0.5668,11
401814812,MLB,2026-04-05 17:35:00+00:00,Pittsburgh Pirates,Baltimore Orioles,0.5244,0.4756,0.5453,0.4944,11
401814814,MLB,2026-04-05 17:35:00+00:00,Washington Nationals,Los Angeles Dodgers,0.3854,0.6146,0.4008,0.639,11
401814815,MLB,2026-04-05 17:35:00+00:00,New York Yankees,Miami Marlins,0.718,0.282,0.7473,0.2935,11
401814816,MLB,2026-04-05 17:35:00+00:00,Boston Red Sox,San Diego Padres,0.5855,0.4145,0.6078,0.4303,11
401814819,MLB,2026-04-05 18:10:00+00:00,Kansas City Royals,Milwaukee Brewers,0.5263,0.4737,0.5471,0.4925,11
401814820,MLB,2026-04-05 18:10:00+00:00,Minnesota Twins,Tampa Bay Rays,0.5027,0.4973,0.5232,0.5174,11
401814821,MLB,2026-04-05 18:10:00+00:00,Chicago White Sox,Toronto Blue Jays,0.3972,0.6028,0.4127,0.6264,11
401814818,MLB,2026-04-05 18:35:00+00:00,Texas Rangers,Cincinnati Reds,0.5345,0.4655,0.5551,0.4835,11
401814822,MLB,2026-04-05 19:10:00+00:00,Colorado Rockies,Philadelphia Phillies,0.4185,0.5815,0.4345,0.6036,11
401814824,MLB,2026-04-05 20:05:00+00:00,Athletics,Houston Astros,0.4534,0.5466,0.47,0.5665,11
401814825,MLB,2026-04-05 20:05:00+00:00,San Francisco Giants,New York Mets,0.5255,0.4745,0.545,0.4922,11
401814826,MLB,2026-04-05 20:07:00+00:00,Los Angeles Angels,Seattle Mariners,0.3989,0.6011,0.4142,0.6243,11
401814823,MLB,2026-04-05 20:10:00+00:00,Arizona Diamondbacks,Atlanta Braves,0.4987,0.5013,0.5189,0.5217,11
401814817,MLB,2026-04-05 23:20:00+00:00,Detroit Tigers,St. Louis Cardinals,0.5636,0.4364,0.5865,0.4542,11
401814827,MLB,2026-04-06 20:10:00+00:00,Tampa Bay Rays,Chicago Cubs,0.5271,0.4729,0.5481,0.4919,11
401814829,MLB,2026-04-06 22:10:00+00:00,Cleveland Guardians,Kansas City Royals,0.5156,0.4844,0.5362,0.5037,11
401814828,MLB,2026-04-06 22:40:00+00:00,Miami Marlins,Cincinnati Reds,0.5505,0.4495,0.5721,0.4672,11
401814832,MLB,2026-04-06 22:40:00+00:00,Pittsburgh Pirates,San Diego Padres,0.5575,0.4425,0.5793,0.4598,11
401814831,MLB,2026-04-06 22:45:00+00:00,Boston Red Sox,Milwaukee Brewers,0.4709,0.5291,0.4892,0.5496,11
401814833,MLB,2026-04-06 22:45:00+00:00,Washington Nationals,St. Louis Cardinals,0.49,0.51,0.51,0.5308,11
401814830,MLB,2026-04-06 23:07:00+00:00,Toronto Blue Jays,Los Angeles Dodgers,0.4644,0.5356,0.4823,0.5562,11
401814834,MLB,2026-04-06 23:40:00+00:00,Chicago White Sox,Baltimore Orioles,0.4373,0.5627,0.4538,0.584,11
401814835,MLB,2026-04-06 23:40:00+00:00,Minnesota Twins,Detroit Tigers,0.5282,0.4718,0.5488,0.4902,11
401814836,MLB,2026-04-07 00:05:00+00:00,Texas Rangers,Seattle Mariners,0.5129,0.4871,0.5323,0.5056,11
401814837,MLB,2026-04-07 00:40:00+00:00,Colorado Rockies,Houston Astros,0.4239,0.5761,0.4405,0.5987,11
401814838,MLB,2026-04-07 01:38:00+00:00,Los Angeles Angels,Atlanta Braves,0.3869,0.6131,0.4027,0.6381,11
401814839,MLB,2026-04-07 01:45:00+00:00,San Francisco Giants,Philadelphia Phillies,0.4804,0.5196,0.4999,0.5407,11
401814844,MLB,2026-04-07 17:10:00+00:00,Cleveland Guardians,Kansas City Royals,0.5286,0.4714,0.5492,0.4898,11
401814849,MLB,2026-04-07 19:10:00+00:00,Chicago White Sox,Baltimore Orioles,0.4264,0.5736,0.4427,0.5956,11
401814840,MLB,2026-04-07 20:10:00+00:00,New York Mets,Arizona Diamondbacks,0.5809,0.4191,0.6031,0.435,11
401814842,MLB,2026-04-07 22:40:00+00:00,Tampa Bay Rays,Chicago Cubs,0.5183,0.4817,0.539,0.501,11
401814843,MLB,2026-04-07 22:40:00+00:00,Miami Marlins,Cincinnati Reds,0.5584,0.4416,0.5806,0.4592,11
401814847,MLB,2026-04-07 22:40:00+00:00,Pittsburgh Pirates,San Diego Padres,0.5695,0.4305,0.5915,0.4472,11
401814846,MLB,2026-04-07 22:45:00+00:00,Boston Red Sox,Milwaukee Brewers,0.5904,0.4096,0.6136,0.4256,11
401814848,MLB,2026-04-07 22:45:00+00:00,Washington Nationals,St. Louis Cardinals,0.5127,0.4873,0.533,0.5067,11
401814841,MLB,2026-04-07 23:05:00+00:00,New York Yankees,Athletics,0.6952,0.3048,0.7238,0.3174,11
401814845,MLB,2026-04-07 23:07:00+00:00,Toronto Blue Jays,Los Angeles Dodgers,0.4203,0.5797,0.4364,0.6019,11
401814850,MLB,2026-04-07 23:40:00+00:00,Minnesota Twins,Detroit Tigers,0.3995,0.6005,0.4151,0.624,11
401814851,MLB,2026-04-08 00:05:00+00:00,Texas Rangers,Seattle Mariners,0.4802,0.5198,0.4983,0.5393,11
401814852,MLB,2026-04-08 00:40:00+00:00,Colorado Rockies,Houston Astros,0.3969,0.6031,0.4125,0.6269,11
401814853,MLB,2026-04-08 01:38:00+00:00,Los Angeles Angels,Atlanta Braves,0.4586,0.5414,0.476,0.5619,11
401814854,MLB,2026-04-08 01:45:00+00:00,San Francisco Giants,Philadelphia Phillies,0.418,0.582,0.4339,0.6041,11
401814862,MLB,2026-04-08 16:35:00+00:00,Pittsburgh Pirates,San Diego Padres,0.469,0.531,0.4876,0.5521,11
401814859,MLB,2026-04-08 17:10:00+00:00,Cleveland Guardians,Kansas City Royals,0.4511,0.5489,0.4682,0.5698,11
401814861,MLB,2026-04-08 17:35:00+00:00,Boston Red Sox,Milwaukee Brewers,0.5594,0.4406,0.5814,0.458,11
401814864,MLB,2026-04-08 18:10:00+00:00,Chicago White Sox,Baltimore Orioles,0.4272,0.5728,0.444,0.5954,11
401814866,MLB,2026-04-08 18:35:00+00:00,Texas Rangers,Seattle Mariners,0.4784,0.5216,0.4971,0.5421,11
401814860,MLB,2026-04-08 19:07:00+00:00,Toronto Blue Jays,Los Angeles Dodgers,0.4114,0.5886,0.4273,0.6112,11
401814867,MLB,2026-04-08 19:10:00+00:00,Colorado Rockies,Houston Astros,0.4417,0.5583,0.4587,0.5798,11
401814869,MLB,2026-04-08 19:45:00+00:00,San Francisco Giants,Philadelphia Phillies,0.4478,0.5522,0.465,0.5733,11
401814863,MLB,2026-04-08 20:05:00+00:00,Washington Nationals,St. Louis Cardinals,0.4704,0.5296,0.4886,0.5501,11
401814868,MLB,2026-04-08 20:07:00+00:00,Los Angeles Angels,Atlanta Braves,0.4674,0.5326,0.4857,0.5534,11
401814855,MLB,2026-04-08 20:10:00+00:00,New York Mets,Arizona Diamondbacks,0.5441,0.4559,0.564,0.4726,11
401814857,MLB,2026-04-08 22:40:00+00:00,Tampa Bay Rays,Chicago Cubs,0.5094,0.4906,0.529,0.5094,11
401814858,MLB,2026-04-08 22:40:00+00:00,Miami Marlins,Cincinnati Reds,0.5369,0.4631,0.5576,0.4811,11
401814856,MLB,2026-04-08 23:05:00+00:00,New York Yankees,Athletics,0.6399,0.3601,0.6647,0.3741,10
401814865,MLB,2026-04-08 23:40:00+00:00,Minnesota Twins,Detroit Tigers,0.4194,0.5806,0.4354,0.6029,10
401814872,MLB,2026-04-09 16:10:00+00:00,Miami Marlins,Cincinnati Reds,0.529,0.471,0.5492,0.489,11
401814871,MLB,2026-04-09 17:35:00+00:00,New York Yankees,Athletics,0.6363,0.3637,0.6619,0.3783,11
401814874,MLB,2026-04-09 17:40:00+00:00,Minnesota Twins,Detroit Tigers,0.4478,0.5522,0.4639,0.5721,11
401814870,MLB,2026-04-09 23:10:00+00:00,New York Mets,Arizona Diamondbacks,0.6203,0.3797,0.6452,0.3949,11
401814873,MLB,2026-04-09 23:40:00+00:00,Kansas City Royals,Chicago White Sox,0.6163,0.3837,0.6412,0.3992,11
401814875,MLB,2026-04-10 01:40:00+00:00,San Diego Padres,Colorado Rockies,0.622,0.378,0.6468,0.3931,11
401814886,MLB,2026-04-10 18:20:00+00:00,Chicago Cubs,Pittsburgh Pirates,0.5793,0.4207,0.6015,0.4368,11
401814877,MLB,2026-04-10 22:40:00+00:00,Philadelphia Phillies,Arizona Diamondbacks,0.613,0.387,0.6364,0.4018,11
401814880,MLB,2026-04-10 22:40:00+00:00,Detroit Tigers,Miami Marlins,0.5495,0.4505,0.5704,0.4676,11
401814876,MLB,2026-04-10 22:45:00+00:00,Cincinnati Reds,Los Angeles Angels,0.61,0.39,0.6344,0.4057,11
401814881,MLB,2026-04-10 23:07:00+00:00,Toronto Blue Jays,Minnesota Twins,0.5835,0.4165,0.6061,0.4327,11
401814878,MLB,2026-04-10 23:10:00+00:00,New York Mets,Athletics,0.5677,0.4323,0.5902,0.4494,11
401814882,MLB,2026-04-10 23:10:00+00:00,Tampa Bay Rays,New York Yankees,0.4868,0.5132,0.5063,0.5337,11
401814879,MLB,2026-04-10 23:15:00+00:00,Atlanta Braves,Cleveland Guardians,0.5562,0.4438,0.5775,0.4609,11
401814883,MLB,2026-04-10 23:15:00+00:00,Baltimore Orioles,San Francisco Giants,0.5298,0.4702,0.5507,0.4888,11
401814885,MLB,2026-04-10 23:40:00+00:00,Kansas City Royals,Chicago White Sox,0.6185,0.3815,0.6419,0.3959,11
401814887,MLB,2026-04-10 23:40:00+00:00,Milwaukee Brewers,Washington Nationals,0.6463,0.3537,0.6716,0.3676,11
401814884,MLB,2026-04-11 00:15:00+00:00,St. Louis Cardinals,Boston Red Sox,0.4437,0.5563,0.4607,0.5776,11
401814888,MLB,2026-04-11 01:40:00+00:00,San Diego Padres,Colorado Rockies,0.6099,0.3901,0.6342,0.4056,11
401814889,MLB,2026-04-11 01:40:00+00:00,Seattle Mariners,Houston Astros,0.5576,0.4424,0.5787,0.4592,11
401814890,MLB,2026-04-11 02:10:00+00:00,Los Angeles Dodgers,Texas Rangers,0.6664,0.3336,0.6936,0.3472,11
401814892,MLB,2026-04-11 17:05:00+00:00,Philadelphia Phillies,Arizona Diamondbacks,0.5346,0.4654,0.5552,0.4834,11
401814895,MLB,2026-04-11 17:10:00+00:00,Detroit Tigers,Miami Marlins,0.5563,0.4437,0.5778,0.4608,11
401814901,MLB,2026-04-11 18:20:00+00:00,Chicago Cubs,Pittsburgh Pirates,0.5673,0.4327,0.5887,0.449,11
401814896,MLB,2026-04-11 19:07:00+00:00,Toronto Blue Jays,Minnesota Twins,0.5267,0.4733,0.5476,0.492,11
401814891,MLB,2026-04-11 20:10:00+00:00,Cincinnati Reds,Los Angeles Angels,0.5472,0.4528,0.5681,0.47,11
401814893,MLB,2026-04-11 20:10:00+00:00,New York Mets,Athletics,0.5946,0.4054,0.6177,0.4212,11
401814900,MLB,2026-04-11 20:10:00+00:00,Kansas City Royals,Chicago White Sox,0.6286,0.3714,0.6533,0.386,11
401814897,MLB,2026-04-11 22:10:00+00:00,Tampa Bay Rays,New York Yankees,0.3891,0.6109,0.4045,0.635,11
401814902,MLB,2026-04-11 23:10:00+00:00,Milwaukee Brewers,Washington Nationals,0.615,0.385,0.6393,0.4002,11
401814894,MLB,2026-04-11 23:15:00+00:00,Atlanta Braves,Cleveland Guardians,0.5221,0.4779,0.5427,0.4968,11
401814898,MLB,2026-04-11 23:15:00+00:00,Baltimore Orioles,San Francisco Giants,0.4806,0.5194,0.4999,0.5402,11
401814899,MLB,2026-04-11 23:15:00+00:00,St. Louis Cardinals,Boston Red Sox,0.4416,0.5584,0.459,0.5803,11
401814903,MLB,2026-04-12 00:40:00+00:00,San Diego Padres,Colorado Rockies,0.6007,0.3993,0.6241,0.4148,11
401814905,MLB,2026-04-12 01:10:00+00:00,Los Angeles Dodgers,Texas Rangers,0.6233,0.3767,0.648,0.3917,11
401814904,MLB,2026-04-12 01:40:00+00:00,Seattle Mariners,Houston Astros,0.5855,0.4145,0.6078,0.4304,11
401814907,MLB,2026-04-12 17:35:00+00:00,Philadelphia Phillies,Arizona Diamondbacks,0.5751,0.4249,0.5977,0.4416,11
401814913,MLB,2026-04-12 17:35:00+00:00,Baltimore Orioles,San Francisco Giants,0.5277,0.4723,0.5482,0.4907,11
401814911,MLB,2026-04-12 17:37:00+00:00,Toronto Blue Jays,Minnesota Twins,0.5611,0.4389,0.5836,0.4565,11
401814906,MLB,2026-04-12 17:40:00+00:00,Cincinnati Reds,Los Angeles Angels,0.4947,0.5053,0.5145,0.5256,10
401814908,MLB,2026-04-12 17:40:00+00:00,New York Mets,Athletics,0.5998,0.4002,0.6226,0.4154,11
401814910,MLB,2026-04-12 17:40:00+00:00,Detroit Tigers,Miami Marlins,0.6129,0.3871,0.6372,0.4024,11
401814912,MLB,2026-04-12 17:40:00+00:00,Tampa Bay Rays,New York Yankees,0.4359,0.5641,0.453,0.5861,11
401814915,MLB,2026-04-12 18:10:00+00:00,Kansas City Royals,Chicago White Sox,0.618,0.382,0.6423,0.3971,11
401814917,MLB,2026-04-12 18:10:00+00:00,Milwaukee Brewers,Washington Nationals,0.6537,0.3463,0.6796,0.3599,11
401814914,MLB,2026-04-12 18:15:00+00:00,St. Louis Cardinals,Boston Red Sox,0.4839,0.5161,0.503,0.5366,11
401814916,MLB,2026-04-12 18:20:00+00:00,Chicago Cubs,Pittsburgh Pirates,0.5478,0.4522,0.5683,0.4692,11
401814918,MLB,2026-04-12 20:10:00+00:00,San Diego Padres,Colorado Rockies,0.6639,0.3361,0.6903,0.3494,11
401814919,MLB,2026-04-12 20:10:00+00:00,Seattle Mariners,Houston Astros,0.6268,0.3732,0.6513,0.3878,11
401814920,MLB,2026-04-12 20:10:00+00:00,Los Angeles Dodgers,Texas Rangers,0.5412,0.4588,0.5623,0.4766,11
401814909,MLB,2026-04-12 23:20:00+00:00,Atlanta Braves,Cleveland Guardians,0.6367,0.3633,0.6619,0.3777,11
401814928,MLB,2026-04-13 20:10:00+00:00,Seattle Mariners,Houston Astros,0.6128,0.3872,0.6374,0.4027,11
401814922,MLB,2026-04-13 22:35:00+00:00,Baltimore Orioles,Arizona Diamondbacks,0.5407,0.4593,0.5613,0.4769,11
401814923,MLB,2026-04-13 22:40:00+00:00,Philadelphia Phillies,Chicago Cubs,0.6185,0.3815,0.6426,0.3964,11
401814925,MLB,2026-04-13 22:40:00+00:00,Pittsburgh Pirates,Washington Nationals,0.6613,0.3387,0.6881,0.3524,11
401814921,MLB,2026-04-13 23:05:00+00:00,New York Yankees,Los Angeles Angels,0.6178,0.3822,0.6428,0.3977,11
401814924,MLB,2026-04-13 23:15:00+00:00,Atlanta Braves,Miami Marlins,0.5759,0.4241,0.597,0.4396,11
401814926,MLB,2026-04-13 23:40:00+00:00,Minnesota Twins,Boston Red Sox,0.4019,0.5981,0.4173,0.6208,11
401814927,MLB,2026-04-13 23:45:00+00:00,St. Louis Cardinals,Cleveland Guardians,0.4774,0.5226,0.4953,0.5422,11
401814930,MLB,2026-04-14 01:40:00+00:00,Athletics,Texas Rangers,0.4635,0.5365,0.4813,0.5571,11
401814929,MLB,2026-04-14 02:10:00+00:00,Los Angeles Dodgers,New York Mets,0.5954,0.4046,0.6189,0.4205,11
401814932,MLB,2026-04-14 22:35:00+00:00,Baltimore Orioles,Arizona Diamondbacks,0.59,0.41,0.6129,0.4258,11
401814933,MLB,2026-04-14 22:40:00+00:00,Philadelphia Phillies,Chicago Cubs,0.5642,0.4358,0.5858,0.4525,11
401814934,MLB,2026-04-14 22:40:00+00:00,Detroit Tigers,Kansas City Royals,0.5253,0.4747,0.5463,0.4937,11
401814936,MLB,2026-04-14 22:40:00+00:00,Cincinnati Reds,San Francisco Giants,0.5102,0.4898,0.5307,0.5095,11
401814937,MLB,2026-04-14 22:40:00+00:00,Pittsburgh Pirates,Washington Nationals,0.6258,0.3742,0.651,0.3893,11
401814931,MLB,2026-04-14 23:05:00+00:00,New York Yankees,Los Angeles Angels,0.6133,0.3867,0.6378,0.4022,11
401814935,MLB,2026-04-14 23:15:00+00:00,Atlanta Braves,Miami Marlins,0.5954,0.4046,0.6177,0.4198,11
401814938,MLB,2026-04-14 23:40:00+00:00,Minnesota Twins,Boston Red Sox,0.4384,0.5616,0.4553,0.5833,11
401814941,MLB,2026-04-14 23:40:00+00:00,Chicago White Sox,Tampa Bay Rays,0.4491,0.5509,0.4659,0.5716,11
401814942,MLB,2026-04-14 23:40:00+00:00,Milwaukee Brewers,Toronto Blue Jays,0.5242,0.4758,0.5449,0.4946,11
401814939,MLB,2026-04-14 23:45:00+00:00,St. Louis Cardinals,Cleveland Guardians,0.4607,0.5393,0.4782,0.5598,11
401814940,MLB,2026-04-15 00:10:00+00:00,Houston Astros,Colorado Rockies,0.605,0.395,0.6284,0.4103,11
401814944,MLB,2026-04-15 01:40:00+00:00,San Diego Padres,Seattle Mariners,0.4762,0.5238,0.494,0.5433,11
401814945,MLB,2026-04-15 01:40:00+00:00,Athletics,Texas Rangers,0.4588,0.5412,0.4761,0.5616,11
401814943,MLB,2026-04-15 02:10:00+00:00,Los Angeles Dodgers,New York Mets,0.6381,0.3619,0.6639,0.3765,11
401814947,MLB,2026-04-15 16:35:00+00:00,Baltimore Orioles,Arizona Diamondbacks,0.5514,0.4486,0.5734,0.4664,11
401814954,MLB,2026-04-15 17:15:00+00:00,St. Louis Cardinals,Cleveland Guardians,0.5016,0.4984,0.522,0.5187,11
401814953,MLB,2026-04-15 17:40:00+00:00,Minnesota Twins,Boston Red Sox,0.4739,0.5261,0.4927,0.5469,11
401814948,MLB,2026-04-15 22:40:00+00:00,Philadelphia Phillies,Chicago Cubs,0.5604,0.4396,0.5824,0.4569,11
401814949,MLB,2026-04-15 22:40:00+00:00,Detroit Tigers,Kansas City Royals,0.5413,0.4587,0.562,0.4763,11
401814951,MLB,2026-04-15 22:40:00+00:00,Cincinnati Reds,San Francisco Giants,0.4972,0.5028,0.5167,0.5224,11
401814952,MLB,2026-04-15 22:40:00+00:00,Pittsburgh Pirates,Washington Nationals,0.6195,0.3805,0.6441,0.3956,11
401814946,MLB,2026-04-15 23:05:00+00:00,New York Yankees,Los Angeles Angels,0.6315,0.3685,0.6572,0.3835,11
401814950,MLB,2026-04-15 23:15:00+00:00,Atlanta Braves,Miami Marlins,0.5962,0.4038,0.6194,0.4196,11
401814956,MLB,2026-04-15 23:40:00+00:00,Chicago White Sox,Tampa Bay Rays,0.494,0.506,0.5139,0.5264,11
401814957,MLB,2026-04-15 23:40:00+00:00,Milwaukee Brewers,Toronto Blue Jays,0.4748,0.5252,0.4935,0.5458,11
401814955,MLB,2026-04-16 00:10:00+00:00,Houston Astros,Colorado Rockies,0.6282,0.3718,0.6533,0.3867,11
401814959,MLB,2026-04-16 01:40:00+00:00,San Diego Padres,Seattle Mariners,0.501,0.499,0.5214,0.5192,11
401814960,MLB,2026-04-16 01:40:00+00:00,Athletics,Texas Rangers,0.5222,0.4778,0.5433,0.4972,11
401814958,MLB,2026-04-16 02:00:00+00:00,Los Angeles Dodgers,New York Mets,0.6285,0.3715,0.653,0.3859,11
401814965,MLB,2026-04-16 16:35:00+00:00,Pittsburgh Pirates,Washington Nationals,0.5942,0.4058,0.617,0.4214,11
401814964,MLB,2026-04-16 16:40:00+00:00,Cincinnati Reds,San Francisco Giants,0.5413,0.4587,0.5621,0.4764,11
401814963,MLB,2026-04-16 17:10:00+00:00,Detroit Tigers,Kansas City Royals,0.474,0.526,0.4925,0.5465,11
401814961,MLB,2026-04-16 17:35:00+00:00,New York Yankees,Los Angeles Angels,0.7192,0.2808,0.7484,0.2922,11
401814968,MLB,2026-04-16 17:40:00+00:00,Milwaukee Brewers,Toronto Blue Jays,0.52,0.48,0.5407,0.4992,11
401814967,MLB,2026-04-16 18:10:00+00:00,Chicago White Sox,Tampa Bay Rays,0.4588,0.5412,0.4765,0.5621,11
401814970,MLB,2026-04-16 19:05:00+00:00,Athletics,Texas Rangers,0.4938,0.5062,0.5136,0.5264,11
401814962,MLB,2026-04-16 22:10:00+00:00,Cleveland Guardians,Baltimore Orioles,0.5423,0.4577,0.563,0.4751,11
401814966,MLB,2026-04-17 00:10:00+00:00,Houston Astros,Colorado Rockies,0.5983,0.4017,0.6217,0.4174,11
401814969,MLB,2026-04-17 00:40:00+00:00,San Diego Padres,Seattle Mariners,0.4757,0.5243,0.4949,0.5455,11
401814979,MLB,2026-04-17 18:20:00+00:00,Chicago Cubs,New York Mets,0.5817,0.4183,0.6035,0.434,11
401814972,MLB,2026-04-17 22:10:00+00:00,Cleveland Guardians,Baltimore Orioles,0.556,0.444,0.5769,0.4608,11
401814971,MLB,2026-04-17 22:40:00+00:00,Philadelphia Phillies,Atlanta Braves,0.4888,0.5112,0.5077,0.531,11
401814977,MLB,2026-04-17 22:40:00+00:00,Pittsburgh Pirates,Tampa Bay Rays,0.5315,0.4685,0.5525,0.487,11
401814976,MLB,2026-04-17 22:45:00+00:00,Washington Nationals,San Francisco Giants,0.4274,0.5726,0.444,0.5947,11
401814974,MLB,2026-04-17 23:05:00+00:00,New York Yankees,Kansas City Royals,0.6138,0.3862,0.6378,0.4014,11
401814975,MLB,2026-04-17 23:10:00+00:00,Miami Marlins,Milwaukee Brewers,0.5141,0.4859,0.5348,0.5056,11
401814973,MLB,2026-04-17 23:15:00+00:00,Boston Red Sox,Detroit Tigers,0.5358,0.4642,0.5565,0.4821,11
401814978,MLB,2026-04-18 00:10:00+00:00,Minnesota Twins,Cincinnati Reds,0.5985,0.4015,0.6223,0.4175,10
401814980,MLB,2026-04-18 00:10:00+00:00,Houston Astros,St. Louis Cardinals,0.5374,0.4626,0.5582,0.4804,11
401814981,MLB,2026-04-18 00:40:00+00:00,Colorado Rockies,Los Angeles Dodgers,0.2693,0.7307,0.2802,0.7603,11
401814983,MLB,2026-04-18 01:38:00+00:00,Los Angeles Angels,San Diego Padres,0.5392,0.4608,0.5601,0.4786,11
401814982,MLB,2026-04-18 01:40:00+00:00,Athletics,Chicago White Sox,0.5893,0.4107,0.6123,0.4267,11
401814984,MLB,2026-04-18 01:40:00+00:00,Seattle Mariners,Texas Rangers,0.5438,0.4562,0.5644,0.4736,11
401814985,MLB,2026-04-18 01:40:00+00:00,Arizona Diamondbacks,Toronto Blue Jays,0.5606,0.4394,0.583,0.4569,11
401814989,MLB,2026-04-18 17:35:00+00:00,New York Yankees,Kansas City Royals,0.5952,0.4048,0.6182,0.4204,11
401814993,MLB,2026-04-18 18:10:00+00:00,Minnesota Twins,Cincinnati Reds,0.5435,0.4565,0.5648,0.4744,11
401814994,MLB,2026-04-18 18:20:00+00:00,Chicago Cubs,New York Mets,0.5114,0.4886,0.5318,0.508,11
401814992,MLB,2026-04-18 19:30:00+00:00,Pittsburgh Pirates,Tampa Bay Rays,0.5779,0.4221,0.5999,0.4381,11
401814991,MLB,2026-04-18 20:05:00+00:00,Washington Nationals,San Francisco Giants,0.4973,0.5027,0.5172,0.5228,11
401814997,MLB,2026-04-18 20:05:00+00:00,Athletics,Chicago White Sox,0.589,0.411,0.6121,0.4271,11
401814988,MLB,2026-04-18 20:10:00+00:00,Boston Red Sox,Detroit Tigers,0.4307,0.5693,0.4473,0.5913,11
401814990,MLB,2026-04-18 20:10:00+00:00,Miami Marlins,Milwaukee Brewers,0.5089,0.4911,0.5295,0.511,11
401814987,MLB,2026-04-18 22:10:00+00:00,Cleveland Guardians,Baltimore Orioles,0.5586,0.4414,0.5802,0.4584,11
401814995,MLB,2026-04-18 23:10:00+00:00,Houston Astros,St. Louis Cardinals,0.5656,0.4344,0.5878,0.4514,11
401814986,MLB,2026-04-18 23:15:00+00:00,Philadelphia Phillies,Atlanta Braves,0.5238,0.4762,0.5444,0.4949,11
401814999,MLB,2026-04-18 23:15:00+00:00,Seattle Mariners,Texas Rangers,0.5605,0.4395,0.5821,0.4564,11
401814996,MLB,2026-04-19 00:10:00+00:00,Colorado Rockies,Los Angeles Dodgers,0.2875,0.7125,0.2991,0.7414,11
401815000,MLB,2026-04-19 00:10:00+00:00,Arizona Diamondbacks,Toronto Blue Jays,0.5782,0.4218,0.6004,0.4381,11
401814998,MLB,2026-04-19 01:38:00+00:00,Los Angeles Angels,San Diego Padres,0.4902,0.5098,0.5099,0.5302,11
401815004,MLB,2026-04-19 17:35:00+00:00,New York Yankees,Kansas City Royals,0.5809,0.4191,0.6032,0.4352,11
401815006,MLB,2026-04-19 17:35:00+00:00,Washington Nationals,San Francisco Giants,0.437,0.563,0.4542,0.5853,11
401815007,MLB,2026-04-19 17:35:00+00:00,Pittsburgh Pirates,Tampa Bay Rays,0.5076,0.4924,0.5281,0.5122,11
401815002,MLB,2026-04-19 17:40:00+00:00,Cleveland Guardians,Baltimore Orioles,0.5292,0.4708,0.5498,0.4891,11
401815005,MLB,2026-04-19 17:40:00+00:00,Miami Marlins,Milwaukee Brewers,0.5117,0.4883,0.5323,0.5079,11
401815008,MLB,2026-04-19 18:10:00+00:00,Minnesota Twins,Cincinnati Reds,0.5128,0.4872,0.5336,0.5069,11
401815010,MLB,2026-04-19 18:10:00+00:00,Houston Astros,St. Louis Cardinals,0.5606,0.4394,0.582,0.4562,11
401815009,MLB,2026-04-19 18:20:00+00:00,Chicago Cubs,New York Mets,0.5585,0.4415,0.5806,0.459,11
401815011,MLB,2026-04-19 19:10:00+00:00,Colorado Rockies,Los Angeles Dodgers,0.349,0.651,0.3628,0.6767,11
401815012,MLB,2026-04-19 20:05:00+00:00,Athletics,Chicago White Sox,0.589,0.411,0.6115,0.4266,11
401815013,MLB,2026-04-19 20:07:00+00:00,Los Angeles Angels,San Diego Padres,0.425,0.575,0.4417,0.5975,11
401815014,MLB,2026-04-19 20:10:00+00:00,Seattle Mariners,Texas Rangers,0.561,0.439,0.5831,0.4563,11
401815015,MLB,2026-04-19 20:10:00+00:00,Arizona Diamondbacks,Toronto Blue Jays,0.4883,0.5117,0.5082,0.5325,11
401815003,MLB,2026-04-19 20:35:00+00:00,Boston Red Sox,Detroit Tigers,0.5642,0.4358,0.5864,0.4529,11
401815001,MLB,2026-04-19 23:20:00+00:00,Philadelphia Phillies,Atlanta Braves,0.484,0.516,0.5036,0.5369,11
401815018,MLB,2026-04-20 15:10:00+00:00,Boston Red Sox,Detroit Tigers,0.5559,0.4441,0.5781,0.4619,11
401815019,MLB,2026-04-20 22:10:00+00:00,Cleveland Guardians,Houston Astros,0.5523,0.4477,0.5739,0.4651,11
401815017,MLB,2026-04-20 22:40:00+00:00,Tampa Bay Rays,Cincinnati Reds,0.527,0.473,0.5463,0.4903,11
401815020,MLB,2026-04-20 22:40:00+00:00,Miami Marlins,St. Louis Cardinals,0.5559,0.4441,0.577,0.4609,11
401815016,MLB,2026-04-20 22:45:00+00:00,Washington Nationals,Atlanta Braves,0.4168,0.5832,0.4328,0.6055,11
401815021,MLB,2026-04-20 23:40:00+00:00,Kansas City Royals,Baltimore Orioles,0.4889,0.5111,0.5086,0.5318,11
401815022,MLB,2026-04-20 23:40:00+00:00,Chicago Cubs,Philadelphia Phillies,0.5126,0.4874,0.5335,0.5073,11
401815023,MLB,2026-04-21 00:40:00+00:00,Colorado Rockies,Los Angeles Dodgers,0.341,0.659,0.3546,0.6855,11
401815025,MLB,2026-04-21 01:38:00+00:00,Los Angeles Angels,Toronto Blue Jays,0.4894,0.5106,0.5095,0.5316,11
401815024,MLB,2026-04-21 01:40:00+00:00,Seattle Mariners,Athletics,0.5673,0.4327,0.5896,0.4496,11
401815028,MLB,2026-04-21 22:10:00+00:00,Cleveland Guardians,Houston Astros,0.5817,0.4183,0.6041,0.4345,11
401815027,MLB,2026-04-21 22:40:00+00:00,Tampa Bay Rays,Cincinnati Reds,0.4927,0.5073,0.5129,0.528,11
401815029,MLB,2026-04-21 22:40:00+00:00,Detroit Tigers,Milwaukee Brewers,0.5055,0.4945,0.5262,0.5148,11
401815032,MLB,2026-04-21 22:40:00+00:00,Miami Marlins,St. Louis Cardinals,0.5183,0.4817,0.5393,0.5012,11
401815026,MLB,2026-04-21 22:45:00+00:00,Washington Nationals,Atlanta Braves,0.4175,0.5825,0.4335,0.6048,11
401815031,MLB,2026-04-21 22:45:00+00:00,Boston Red Sox,New York Yankees,0.5346,0.4654,0.5554,0.4835,11
401815030,MLB,2026-04-21 23:10:00+00:00,New York Mets,Minnesota Twins,0.5954,0.4046,0.618,0.42,11
401815033,MLB,2026-04-21 23:40:00+00:00,Kansas City Royals,Baltimore Orioles,0.5381,0.4619,0.559,0.4799,11
401815034,MLB,2026-04-21 23:40:00+00:00,Chicago Cubs,Philadelphia Phillies,0.5422,0.4578,0.563,0.4755,11
401815035,MLB,2026-04-22 00:05:00+00:00,Texas Rangers,Pittsburgh Pirates,0.5132,0.4868,0.5336,0.5063,11
401815036,MLB,2026-04-22 00:40:00+00:00,Colorado Rockies,San Diego Padres,0.4285,0.5715,0.4455,0.5941,11
401815040,MLB,2026-04-22 01:38:00+00:00,Los Angeles Angels,Toronto Blue Jays,0.509,0.491,0.5282,0.5095,11
401815037,MLB,2026-04-22 01:40:00+00:00,Seattle Mariners,Athletics,0.5944,0.4056,0.6171,0.421,11
401815038,MLB,2026-04-22 01:40:00+00:00,Arizona Diamondbacks,Chicago White Sox,0.5778,0.4222,0.5998,0.4384,11
401815039,MLB,2026-04-22 01:45:00+00:00,San Francisco Giants,Los Angeles Dodgers,0.3802,0.6198,0.3949,0.6437,11
401815047,MLB,2026-04-22 16:10:00+00:00,Miami Marlins,St. Louis Cardinals,0.5615,0.4385,0.584,0.4561,11
401815042,MLB,2026-04-22 17:10:00+00:00,Tampa Bay Rays,Cincinnati Reds,0.5586,0.4414,0.5809,0.459,11
401815043,MLB,2026-04-22 17:10:00+00:00,Cleveland Guardians,Houston Astros,0.5985,0.4015,0.6215,0.4169,11
401815048,MLB,2026-04-22 18:10:00+00:00,Kansas City Royals,Baltimore Orioles,0.5451,0.4549,0.5659,0.4723,11
401815055,MLB,2026-04-22 19:07:00+00:00,Los Angeles Angels,Toronto Blue Jays,0.5773,0.4227,0.5984,0.4381,11
401815052,MLB,2026-04-22 20:10:00+00:00,Seattle Mariners,Athletics,0.6232,0.3768,0.6483,0.3919,11
401815044,MLB,2026-04-22 22:40:00+00:00,Detroit Tigers,Milwaukee Brewers,0.5495,0.4505,0.57,0.4672,11
401815041,MLB,2026-04-22 22:45:00+00:00,Washington Nationals,Atlanta Braves,0.4104,0.5896,0.4261,0.6122,11
401815046,MLB,2026-04-22 22:45:00+00:00,Boston Red Sox,New York Yankees,0.4561,0.5439,0.4732,0.5643,11
401815045,MLB,2026-04-22 23:10:00+00:00,New York Mets,Minnesota Twins,0.5918,0.4082,0.6146,0.4238,11
401815049,MLB,2026-04-22 23:40:00+00:00,Chicago Cubs,Philadelphia Phillies,0.6306,0.3694,0.6544,0.3833,11
401815050,MLB,2026-04-23 00:05:00+00:00,Texas Rangers,Pittsburgh Pirates,0.4845,0.5155,0.5039,0.5361,11
401815051,MLB,2026-04-23 00:40:00+00:00,Colorado Rockies,San Diego Padres,0.4106,0.5894,0.4266,0.6123,11
401815053,MLB,2026-04-23 01:40:00+00:00,Arizona Diamondbacks,Chicago White Sox,0.5818,0.4182,0.6038,0.434,11
401815054,MLB,2026-04-23 01:45:00+00:00,San Francisco Giants,Los Angeles Dodgers,0.3554,0.6446,0.3692,0.6696,11
401815056,MLB,2026-04-23 17:05:00+00:00,Washington Nationals,Atlanta Braves,0.4442,0.5558,0.4618,0.5778,10
401815057,MLB,2026-04-23 17:10:00+00:00,Detroit Tigers,Milwaukee Brewers,0.6731,0.3269,0.6998,0.3399,11
401815060,MLB,2026-04-23 18:20:00+00:00,Chicago Cubs,Philadelphia Phillies,0.4904,0.5096,0.5103,0.5302,11
401815062,MLB,2026-04-23 19:10:00+00:00,Colorado Rockies,San Diego Padres,0.4204,0.5796,0.4362,0.6015,11
401815063,MLB,2026-04-23 19:40:00+00:00,Arizona Diamondbacks,Chicago White Sox,0.5728,0.4272,0.5951,0.4438,11
401815064,MLB,2026-04-23 19:45:00+00:00,San Francisco Giants,Los Angeles Dodgers,0.4112,0.5888,0.4269,0.6112,11
401815059,MLB,2026-04-23 22:10:00+00:00,Boston Red Sox,New York Yankees,0.4256,0.5744,0.4418,0.5963,11
401815058,MLB,2026-04-23 23:10:00+00:00,New York Mets,Minnesota Twins,0.5103,0.4897,0.531,0.5095,11
401815061,MLB,2026-04-24 00:05:00+00:00,Texas Rangers,Pittsburgh Pirates,0.5866,0.4134,0.6092,0.4293,11
401815068,MLB,2026-04-24 22:40:00+00:00,Cincinnati Reds,Detroit Tigers,0.4875,0.5125,0.5072,0.5331,11
401815065,MLB,2026-04-24 23:05:00+00:00,Baltimore Orioles,Boston Red Sox,0.5324,0.4676,0.5528,0.4855,11
401815066,MLB,2026-04-24 23:07:00+00:00,Toronto Blue Jays,Cleveland Guardians,0.4708,0.5292,0.4888,0.5495,11
401815067,MLB,2026-04-24 23:10:00+00:00,New York Mets,Colorado Rockies,0.6453,0.3547,0.6713,0.3689,11
401815069,MLB,2026-04-24 23:10:00+00:00,Tampa Bay Rays,Minnesota Twins,0.5597,0.4403,0.5811,0.4571,11
401815070,MLB,2026-04-24 23:15:00+00:00,Atlanta Braves,Philadelphia Phillies,0.5959,0.4041,0.6194,0.4201,11
401815071,MLB,2026-04-24 23:40:00+00:00,Kansas City Royals,Los Angeles Angels,0.4997,0.5003,0.5199,0.5205,11
401815074,MLB,2026-04-24 23:40:00+00:00,Milwaukee Brewers,Pittsburgh Pirates,0.4896,0.5104,0.5094,0.531,11
401815076,MLB,2026-04-24 23:40:00+00:00,Chicago White Sox,Washington Nationals,0.5338,0.4662,0.5545,0.4842,11
401815072,MLB,2026-04-25 00:05:00+00:00,Texas Rangers,Athletics,0.5545,0.4455,0.5758,0.4626,11
401815073,MLB,2026-04-25 00:10:00+00:00,Houston Astros,New York Yankees,0.417,0.583,0.433,0.6054,11
401815075,MLB,2026-04-25 00:15:00+00:00,St. Louis Cardinals,Seattle Mariners,0.4306,0.5694,0.4476,0.5918,11
401815077,MLB,2026-04-25 02:15:00+00:00,Los Angeles Dodgers,Chicago Cubs,0.5849,0.4151,0.6073,0.4309,11
401815078,MLB,2026-04-25 02:15:00+00:00,San Francisco Giants,Miami Marlins,0.4898,0.5102,0.5098,0.531,11
401815080,MLB,2026-04-25 16:05:00+00:00,Baltimore Orioles,Boston Red Sox,0.5356,0.4644,0.5562,0.4822,11
401815090,MLB,2026-04-25 18:15:00+00:00,St. Louis Cardinals,Seattle Mariners,0.4284,0.5716,0.4452,0.5941,11
401815081,MLB,2026-04-25 19:07:00+00:00,Toronto Blue Jays,Cleveland Guardians,0.5728,0.4272,0.5953,0.444,11
401815093,MLB,2026-04-25 20:05:00+00:00,San Francisco Giants,Miami Marlins,0.5012,0.4988,0.5213,0.5188,11
401815084,MLB,2026-04-25 20:10:00+00:00,Tampa Bay Rays,Minnesota Twins,0.5487,0.4513,0.5692,0.4681,11
401815091,MLB,2026-04-25 20:10:00+00:00,Chicago White Sox,Washington Nationals,0.5622,0.4378,0.5846,0.4552,11
401815094,MLB,2026-04-25 22:05:00+00:00,Arizona Diamondbacks,San Diego Padres,0.5091,0.4909,0.5297,0.5107,11
401815087,MLB,2026-04-25 23:05:00+00:00,Texas Rangers,Athletics,0.5363,0.4637,0.557,0.4817,11
401815086,MLB,2026-04-25 23:10:00+00:00,Kansas City Royals,Los Angeles Angels,0.5551,0.4449,0.5768,0.4623,11
401815088,MLB,2026-04-25 23:10:00+00:00,Houston Astros,New York Yankees,0.4158,0.5842,0.4317,0.6065,11
401815089,MLB,2026-04-25 23:10:00+00:00,Milwaukee Brewers,Pittsburgh Pirates,0.5634,0.4366,0.5861,0.4541,11
401815083,MLB,2026-04-25 23:15:00+00:00,Cincinnati Reds,Detroit Tigers,0.4976,0.5024,0.518,0.5229,11
401815085,MLB,2026-04-25 23:15:00+00:00,Atlanta Braves,Philadelphia Phillies,0.5508,0.4492,0.5712,0.4658,11
401815092,MLB,2026-04-25 23:15:00+00:00,Los Angeles Dodgers,Chicago Cubs,0.536,0.464,0.5569,0.4821,11
401815095,MLB,2026-04-26 17:35:00+00:00,Baltimore Orioles,Boston Red Sox,0.5574,0.4426,0.5798,0.4604,11
401815100,MLB,2026-04-26 17:35:00+00:00,Atlanta Braves,Philadelphia Phillies,0.6576,0.3424,0.6838,0.356,11
401815096,MLB,2026-04-26 17:37:00+00:00,Toronto Blue Jays,Cleveland Guardians,0.54,0.46,0.5608,0.4777,11
401815097,MLB,2026-04-26 17:40:00+00:00,New York Mets,Colorado Rockies,0.6811,0.3189,0.707,0.3311,11
401815098,MLB,2026-04-26 17:40:00+00:00,Cincinnati Reds,Detroit Tigers,0.4998,0.5002,0.5201,0.5205,11
401815099,MLB,2026-04-26 17:40:00+00:00,Tampa Bay Rays,Minnesota Twins,0.573,0.427,0.5956,0.4439,11
401815103,MLB,2026-04-26 18:10:00+00:00,Houston Astros,New York Yankees,0.4525,0.5475,0.4699,0.5686,11
401815104,MLB,2026-04-26 18:10:00+00:00,Milwaukee Brewers,Pittsburgh Pirates,0.5242,0.4758,0.5446,0.4944,11
401815106,MLB,2026-04-26 18:10:00+00:00,Chicago White Sox,Washington Nationals,0.5224,0.4776,0.5435,0.4969,11
401815105,MLB,2026-04-26 18:15:00+00:00,St. Louis Cardinals,Seattle Mariners,0.4535,0.5465,0.4704,0.5668,11
401815102,MLB,2026-04-26 18:35:00+00:00,Texas Rangers,Athletics,0.518,0.482,0.5387,0.5012,11
401815108,MLB,2026-04-26 20:05:00+00:00,San Francisco Giants,Miami Marlins,0.5339,0.4661,0.5545,0.4842,11
401815109,MLB,2026-04-26 20:05:00+00:00,Arizona Diamondbacks,San Diego Padres,0.448,0.552,0.4651,0.573,11
401815101,MLB,2026-04-26 20:10:00+00:00,Kansas City Royals,Los Angeles Angels,0.5127,0.4873,0.5335,0.507,11
401815107,MLB,2026-04-26 20:10:00+00:00,Los Angeles Dodgers,Chicago Cubs,0.5256,0.4744,0.5464,0.4931,11
401815112,MLB,2026-04-27 22:10:00+00:00,Cleveland Guardians,Tampa Bay Rays,0.5623,0.4377,0.5842,0.4548,11
401815111,MLB,2026-04-27 22:40:00+00:00,Pittsburgh Pirates,St. Louis Cardinals,0.5258,0.4742,0.5466,0.4929,11
401815110,MLB,2026-04-27 23:07:00+00:00,Toronto Blue Jays,Boston Red Sox,0.555,0.445,0.5763,0.4621,11
401815113,MLB,2026-04-27 23:40:00+00:00,Chicago White Sox,Los Angeles Angels,0.5101,0.4899,0.5304,0.5095,11
401815115,MLB,2026-04-27 23:40:00+00:00,Minnesota Twins,Seattle Mariners,0.4575,0.5425,0.475,0.5633,11
401815114,MLB,2026-04-28 00:05:00+00:00,Texas Rangers,New York Yankees,0.4035,0.5965,0.419,0.6194,11
401815116,MLB,2026-04-28 01:40:00+00:00,San Diego Padres,Chicago Cubs,0.5211,0.4789,0.5422,0.4983,11
401815117,MLB,2026-04-28 02:10:00+00:00,Los Angeles Dodgers,Miami Marlins,0.7227,0.2773,0.752,0.2886,11
401815124,MLB,2026-04-28 22:10:00+00:00,Cleveland Guardians,Tampa Bay Rays,0.5427,0.4573,0.5636,0.475,11
401815121,MLB,2026-04-28 22:35:00+00:00,Baltimore Orioles,Houston Astros,0.5512,0.4488,0.5724,0.466,11
401815119,MLB,2026-04-28 22:40:00+00:00,Cincinnati Reds,Colorado Rockies,0.6391,0.3609,0.6645,0.3752,11
401815122,MLB,2026-04-28 22:40:00+00:00,Philadelphia Phillies,San Francisco Giants,0.5848,0.4152,0.6076,0.4313,11
401815123,MLB,2026-04-28 22:40:00+00:00,Pittsburgh Pirates,St. Louis Cardinals,0.5871,0.4129,0.6099,0.4289,11
401815118,MLB,2026-04-28 23:07:00+00:00,Toronto Blue Jays,Boston Red Sox,0.5131,0.4869,0.5339,0.5065,11
401815125,MLB,2026-04-28 23:10:00+00:00,New York Mets,Washington Nationals,0.6171,0.3829,0.6411,0.3977,11
401815120,MLB,2026-04-28 23:15:00+00:00,Atlanta Braves,Detroit Tigers,0.5338,0.4662,0.5543,0.484,11
401815126,MLB,2026-04-28 23:40:00+00:00,Chicago White Sox,Los Angeles Angels,0.4552,0.5448,0.4726,0.5656,11
401815127,MLB,2026-04-28 23:40:00+00:00,Milwaukee Brewers,Arizona Diamondbacks,0.5505,0.4495,0.5709,0.4662,11
401815129,MLB,2026-04-28 23:40:00+00:00,Minnesota Twins,Seattle Mariners,0.4681,0.5319,0.4861,0.5523,11
401815128,MLB,2026-04-29 00:05:00+00:00,Texas Rangers,New York Yankees,0.4776,0.5224,0.4967,0.5433,11
401815130,MLB,2026-04-29 01:40:00+00:00,San Diego Padres,Chicago Cubs,0.4806,0.5194,0.4996,0.5401,11
401815131,MLB,2026-04-29 01:40:00+00:00,Athletics,Kansas City Royals,0.4989,0.5011,0.5194,0.5217,11
401815132,MLB,2026-04-29 02:10:00+00:00,Los Angeles Dodgers,Miami Marlins,0.7122,0.2878,0.7405,0.2992,11
401815139,MLB,2026-04-29 17:10:00+00:00,Cleveland Guardians,Tampa Bay Rays,0.513,0.487,0.5336,0.5066,11
401815141,MLB,2026-04-29 17:10:00+00:00,Chicago White Sox,Los Angeles Angels,0.4832,0.5168,0.5014,0.5363,11
401815144,MLB,2026-04-29 17:40:00+00:00,Minnesota Twins,Seattle Mariners,0.4473,0.5527,0.4647,0.5742,11
401815143,MLB,2026-04-29 18:35:00+00:00,Texas Rangers,New York Yankees,0.4833,0.5167,0.5031,0.538,11
401815133,MLB,2026-04-29 19:07:00+00:00,Toronto Blue Jays,Boston Red Sox,0.5149,0.4851,0.5355,0.5045,11
401815147,MLB,2026-04-29 19:10:00+00:00,Los Angeles Dodgers,Miami Marlins,0.677,0.323,0.7038,0.3358,11
401815145,MLB,2026-04-29 20:10:00+00:00,San Diego Padres,Chicago Cubs,0.513,0.487,0.5325,0.5056,11
401815134,MLB,2026-04-29 22:40:00+00:00,Cincinnati Reds,Colorado Rockies,0.5799,0.4201,0.6024,0.4365,11
401815138,MLB,2026-04-29 22:40:00+00:00,Pittsburgh Pirates,St. Louis Cardinals,0.5436,0.4564,0.5642,0.4738,11
401815140,MLB,2026-04-29 23:10:00+00:00,New York Mets,Washington Nationals,0.5903,0.4097,0.6126,0.4253,11
401815135,MLB,2026-04-29 23:15:00+00:00,Atlanta Braves,Detroit Tigers,0.4395,0.5605,0.4572,0.583,11
401815142,MLB,2026-04-29 23:40:00+00:00,Milwaukee Brewers,Arizona Diamondbacks,0.542,0.458,0.5627,0.4754,11
401815146,MLB,2026-04-30 01:40:00+00:00,Athletics,Kansas City Royals,0.5229,0.4771,0.5438,0.4962,11
401815149,MLB,2026-04-30 16:15:00+00:00,Atlanta Braves,Detroit Tigers,0.5318,0.4682,0.5526,0.4865,11
401815150,MLB,2026-04-30 16:35:00+00:00,Baltimore Orioles,Houston Astros,0.5472,0.4528,0.568,0.47,11
401815151,MLB,2026-04-30 16:35:00+00:00,Philadelphia Phillies,San Francisco Giants,0.5788,0.4212,0.6008,0.4372,11
401815152,MLB,2026-04-30 16:35:00+00:00,Pittsburgh Pirates,St. Louis Cardinals,0.6791,0.3209,0.7057,0.3334,11
401815148,MLB,2026-04-30 16:40:00+00:00,Cincinnati Reds,Colorado Rockies,0.5973,0.4027,0.6206,0.4185,11
401815153,MLB,2026-04-30 17:10:00+00:00,New York Mets,Washington Nationals,0.6332,0.3668,0.658,0.3812,11
401815154,MLB,2026-04-30 17:40:00+00:00,Milwaukee Brewers,Arizona Diamondbacks,0.5388,0.4612,0.5585,0.4781,11
401815156,MLB,2026-04-30 19:05:00+00:00,Athletics,Kansas City Royals,0.5287,0.4713,0.5495,0.4898,11
401815155,MLB,2026-04-30 23:40:00+00:00,Minnesota Twins,Toronto Blue Jays,0.4487,0.5513,0.4658,0.5724,11
401815164,MLB,2026-05-01 18:20:00+00:00,Chicago Cubs,Arizona Diamondbacks,0.5814,0.4186,0.6036,0.4346,11
401815163,MLB,2026-05-01 22:40:00+00:00,Detroit Tigers,Texas Rangers,0.5133,0.4867,0.5341,0.5063,11
401815158,MLB,2026-05-01 22:45:00+00:00,Pittsburgh Pirates,Cincinnati Reds,0.5532,0.4468,0.5745,0.464,11
401815160,MLB,2026-05-01 22:45:00+00:00,Washington Nationals,Milwaukee Brewers,0.412,0.588,0.4278,0.6105,11
401815157,MLB,2026-05-01 23:05:00+00:00,New York Yankees,Baltimore Orioles,0.6259,0.3741,0.6505,0.3888,11
401815159,MLB,2026-05-01 23:10:00+00:00,Boston Red Sox,Houston Astros,0.5251,0.4749,0.546,0.4938,11
401815161,MLB,2026-05-01 23:10:00+00:00,Miami Marlins,Philadelphia Phillies,0.4865,0.5135,0.5063,0.5343,11
401815162,MLB,2026-05-01 23:10:00+00:00,Tampa Bay Rays,San Francisco Giants,0.5566,0.4434,0.5785,0.4607,11
401815166,MLB,2026-05-02 00:10:00+00:00,Minnesota Twins,Toronto Blue Jays,0.5019,0.4981,0.5222,0.5182,11
401815165,MLB,2026-05-02 00:15:00+00:00,St. Louis Cardinals,Los Angeles Dodgers,0.3878,0.6122,0.4032,0.6364,11
401815167,MLB,2026-05-02 00:40:00+00:00,Colorado Rockies,Atlanta Braves,0.378,0.622,0.3931,0.6468,11
401815171,MLB,2026-05-02 01:38:00+00:00,Los Angeles Angels,New York Mets,0.4912,0.5088,0.5108,0.529,11
401815168,MLB,2026-05-02 01:40:00+00:00,San Diego Padres,Chicago White Sox,0.5698,0.4302,0.5924,0.4472,11
401815169,MLB,2026-05-02 01:40:00+00:00,Athletics,Cleveland Guardians,0.484,0.516,0.5038,0.5372,11
401815170,MLB,2026-05-02 01:45:00+00:00,Seattle Mariners,Kansas City Royals,0.5631,0.4369,0.5854,0.4543,11
401815172,MLB,2026-05-02 17:35:00+00:00,New York Yankees,Baltimore Orioles,0.6074,0.3926,0.6316,0.4082,11
401815181,MLB,2026-05-02 18:10:00+00:00,Minnesota Twins,Toronto Blue Jays,0.4391,0.5609,0.4566,0.5833,11
401815179,MLB,2026-05-02 18:20:00+00:00,Chicago Cubs,Arizona Diamondbacks,0.5976,0.4024,0.6209,0.4181,11
401815173,MLB,2026-05-02 20:05:00+00:00,Pittsburgh Pirates,Cincinnati Reds,0.5572,0.4428,0.579,0.4602,11
401815175,MLB,2026-05-02 20:05:00+00:00,Washington Nationals,Milwaukee Brewers,0.4554,0.5446,0.4728,0.5653,11
401815184,MLB,2026-05-02 20:05:00+00:00,Athletics,Cleveland Guardians,0.5522,0.4478,0.5734,0.465,11
401815174,MLB,2026-05-02 20:10:00+00:00,Boston Red Sox,Houston Astros,0.5566,0.4434,0.5788,0.4611,11
401815176,MLB,2026-05-02 20:10:00+00:00,Miami Marlins,Philadelphia Phillies,0.5458,0.4542,0.567,0.4719,11
401815177,MLB,2026-05-02 22:10:00+00:00,Tampa Bay Rays,San Francisco Giants,0.4865,0.5135,0.5063,0.5343,11
401815178,MLB,2026-05-02 23:15:00+00:00,Detroit Tigers,Texas Rangers,0.5412,0.4588,0.5624,0.4769,11
401815180,MLB,2026-05-02 23:15:00+00:00,St. Louis Cardinals,Los Angeles Dodgers,0.4469,0.5531,0.464,0.5742,11
401815182,MLB,2026-05-03 00:10:00+00:00,Colorado Rockies,Atlanta Braves,0.3425,0.6575,0.3563,0.6839,11
401815183,MLB,2026-05-03 00:40:00+00:00,San Diego Padres,Chicago White Sox,0.6173,0.3827,0.6417,0.3978,11
401815186,MLB,2026-05-03 01:38:00+00:00,Los Angeles Angels,New York Mets,0.4713,0.5287,0.4897,0.5493,11
401815185,MLB,2026-05-03 01:40:00+00:00,Seattle Mariners,Kansas City Royals,0.5611,0.4389,0.5836,0.4565,11
401815196,MLB,2026-05-03 16:45:00+00:00,Minnesota Twins,Toronto Blue Jays,0.5005,0.4995,0.5207,0.5197,11
401815187,MLB,2026-05-03 17:35:00+00:00,New York Yankees,Baltimore Orioles,0.7156,0.2844,0.7449,0.296,11
401815188,MLB,2026-05-03 17:35:00+00:00,Pittsburgh Pirates,Cincinnati Reds,0.5241,0.4759,0.5449,0.4949,11
401815189,MLB,2026-05-03 17:35:00+00:00,Boston Red Sox,Houston Astros,0.6179,0.3821,0.6422,0.3971,11
401815190,MLB,2026-05-03 17:35:00+00:00,Washington Nationals,Milwaukee Brewers,0.4225,0.5775,0.4386,0.5995,11
401815191,MLB,2026-05-03 17:40:00+00:00,Miami Marlins,Philadelphia Phillies,0.4361,0.5639,0.4531,0.5858,11
401815192,MLB,2026-05-03 17:40:00+00:00,Tampa Bay Rays,San Francisco Giants,0.5286,0.4714,0.549,0.4896,11
401815195,MLB,2026-05-03 18:15:00+00:00,St. Louis Cardinals,Los Angeles Dodgers,0.4489,0.5511,0.4662,0.5723,11
401815194,MLB,2026-05-03 18:20:00+00:00,Chicago Cubs,Arizona Diamondbacks,0.5879,0.4121,0.6109,0.4281,11
401815197,MLB,2026-05-03 19:10:00+00:00,Colorado Rockies,Atlanta Braves,0.4362,0.5638,0.4534,0.5862,11
401815199,MLB,2026-05-03 20:05:00+00:00,Athletics,Cleveland Guardians,0.4566,0.5434,0.4741,0.5642,11
401815201,MLB,2026-05-03 20:07:00+00:00,Los Angeles Angels,New York Mets,0.4526,0.5474,0.4696,0.5679,11
401815198,MLB,2026-05-03 20:10:00+00:00,San Diego Padres,Chicago White Sox,0.5985,0.4015,0.6217,0.417,11
401815200,MLB,2026-05-03 20:10:00+00:00,Seattle Mariners,Kansas City Royals,0.5093,0.4907,0.5299,0.5105,11
401815193,MLB,2026-05-03 23:20:00+00:00,Detroit Tigers,Texas Rangers,0.5274,0.4726,0.5479,0.4909,11
401815210,MLB,2026-05-04 21:40:00+00:00,Colorado Rockies,New York Mets,0.4411,0.5589,0.4582,0.5806,11
401815203,MLB,2026-05-04 22:10:00+00:00,Detroit Tigers,Boston Red Sox,0.4755,0.5245,0.4944,0.5454,11
401815204,MLB,2026-05-04 22:40:00+00:00,Miami Marlins,Philadelphia Phillies,0.5071,0.4929,0.5272,0.5124,11
401815205,MLB,2026-05-04 22:40:00+00:00,Tampa Bay Rays,Toronto Blue Jays,0.5395,0.4605,0.5604,0.4784,11
401815202,MLB,2026-05-04 23:05:00+00:00,New York Yankees,Baltimore Orioles,0.6582,0.3418,0.6846,0.3555,11
401815206,MLB,2026-05-04 23:10:00+00:00,Chicago Cubs,Cincinnati Reds,0.6578,0.3422,0.6841,0.3558,11
401815207,MLB,2026-05-04 23:40:00+00:00,Kansas City Royals,Cleveland Guardians,0.515,0.485,0.5357,0.5045,11
401815209,MLB,2026-05-04 23:45:00+00:00,St. Louis Cardinals,Milwaukee Brewers,0.4586,0.5414,0.4761,0.5621,11
401815208,MLB,2026-05-05 00:10:00+00:00,Houston Astros,Los Angeles Dodgers,0.3563,0.6437,0.3707,0.6696,11
401815212,MLB,2026-05-05 01:38:00+00:00,Los Angeles Angels,Chicago White Sox,0.5819,0.4181,0.6045,0.4344,11
401815211,MLB,2026-05-05 01:40:00+00:00,Seattle Mariners,Atlanta Braves,0.5589,0.4411,0.5808,0.4585,11
401815213,MLB,2026-05-05 01:45:00+00:00,San Francisco Giants,San Diego Padres,0.4503,0.5497,0.468,0.5712,11
401815214,MLB,2026-05-05 22:40:00+00:00,Philadelphia Phillies,Athletics,0.6481,0.3519,0.6732,0.3656,11
401815215,MLB,2026-05-05 22:40:00+00:00,Miami Marlins,Baltimore Orioles,0.5646,0.4354,0.5871,0.4528,11
401815216,MLB,2026-05-05 22:40:00+00:00,Detroit Tigers,Boston Red Sox,0.5791,0.4209,0.6013,0.4371,11
401815219,MLB,2026-05-05 22:40:00+00:00,Tampa Bay Rays,Toronto Blue Jays,0.5528,0.4472,0.5742,0.4645,11
401815217,MLB,2026-05-05 22:45:00+00:00,Washington Nationals,Minnesota Twins,0.4837,0.5163,0.5033,0.5372,11
401815218,MLB,2026-05-05 23:05:00+00:00,New York Yankees,Texas Rangers,0.5426,0.4574,0.5635,0.4751,11
401815220,MLB,2026-05-05 23:40:00+00:00,Chicago Cubs,Cincinnati Reds,0.603,0.397,0.6265,0.4124,11
401815221,MLB,2026-05-05 23:40:00+00:00,Kansas City Royals,Cleveland Guardians,0.4854,0.5146,0.5051,0.5355,11
401815222,MLB,2026-05-06 00:10:00+00:00,Houston Astros,Los Angeles Dodgers,0.343,0.657,0.357,0.6838,11
401815226,MLB,2026-05-06 01:38:00+00:00,Los Angeles Angels,Chicago White Sox,0.5124,0.4876,0.5334,0.5075,11
401815225,MLB,2026-05-06 01:40:00+00:00,Seattle Mariners,Atlanta Braves,0.5584,0.4416,0.5804,0.459,10
401815227,MLB,2026-05-06 01:40:00+00:00,Arizona Diamondbacks,Pittsburgh Pirates,0.551,0.449,0.5724,0.4665,11
401815228,MLB,2026-05-06 01:45:00+00:00,San Francisco Giants,San Diego Padres,0.5663,0.4337,0.5889,0.4509,11
401815234,MLB,2026-05-06 17:10:00+00:00,Tampa Bay Rays,Toronto Blue Jays,0.561,0.439,0.5834,0.4566,11
401815238,MLB,2026-05-06 17:15:00+00:00,St. Louis Cardinals,Milwaukee Brewers,0.4986,0.5014,0.5187,0.5217,11
401815237,MLB,2026-05-06 18:10:00+00:00,Houston Astros,Los Angeles Dodgers,0.3427,0.6573,0.3567,0.6841,11
401815243,MLB,2026-05-06 19:45:00+00:00,San Francisco Giants,San Diego Padres,0.5022,0.4978,0.5224,0.5178,11
401815241,MLB,2026-05-06 20:07:00+00:00,Los Angeles Angels,Chicago White Sox,0.4904,0.5096,0.5103,0.5302,11
401815240,MLB,2026-05-06 20:10:00+00:00,Seattle Mariners,Atlanta Braves,0.5472,0.4528,0.568,0.4699,11
401815229,MLB,2026-05-06 22:40:00+00:00,Philadelphia Phillies,Athletics,0.6014,0.3986,0.6248,0.4142,11
401815230,MLB,2026-05-06 22:40:00+00:00,Miami Marlins,Baltimore Orioles,0.5483,0.4517,0.568,0.468,11
401815231,MLB,2026-05-06 22:40:00+00:00,Detroit Tigers,Boston Red Sox,0.4993,0.5007,0.5194,0.5209,11
401815232,MLB,2026-05-06 22:45:00+00:00,Washington Nationals,Minnesota Twins,0.4786,0.5214,0.4975,0.542,11
401815233,MLB,2026-05-06 23:05:00+00:00,New York Yankees,Texas Rangers,0.6102,0.3898,0.635,0.4056,11
401815235,MLB,2026-05-06 23:40:00+00:00,Chicago Cubs,Cincinnati Reds,0.6055,0.3945,0.6286,0.4096,11
401815236,MLB,2026-05-06 23:40:00+00:00,Kansas City Royals,Cleveland Guardians,0.5608,0.4392,0.5821,0.4558,11
401815239,MLB,2026-05-07 01:20:00+00:00,Colorado Rockies,New York Mets,0.411,0.589,0.4271,0.612,11
401815242,MLB,2026-05-07 01:40:00+00:00,Arizona Diamondbacks,Pittsburgh Pirates,0.4599,0.5401,0.4775,0.5608,11
401815248,MLB,2026-05-07 16:35:00+00:00,New York Yankees,Texas Rangers,0.5934,0.4066,0.6163,0.4223,11
401815246,MLB,2026-05-07 17:05:00+00:00,Washington Nationals,Minnesota Twins,0.533,0.467,0.5534,0.4849,11
401815250,MLB,2026-05-07 18:10:00+00:00,Kansas City Royals,Cleveland Guardians,0.566,0.434,0.5883,0.4511,11
401815249,MLB,2026-05-07 18:20:00+00:00,Chicago Cubs,Cincinnati Reds,0.6372,0.3628,0.6623,0.377,11
401815251,MLB,2026-05-07 19:40:00+00:00,Arizona Diamondbacks,Pittsburgh Pirates,0.5111,0.4889,0.5317,0.5086,11
401815244,MLB,2026-05-07 22:40:00+00:00,Philadelphia Phillies,Athletics,0.545,0.455,0.5663,0.4728,11
401815245,MLB,2026-05-07 22:40:00+00:00,Miami Marlins,Baltimore Orioles,0.5392,0.4608,0.5605,0.4789,11
401815247,MLB,2026-05-07 23:00:00+00:00,Boston Red Sox,Tampa Bay Rays,0.5158,0.4842,0.5357,0.5028,11
401815252,MLB,2026-05-08 02:00:00+00:00,San Diego Padres,St. Louis Cardinals,0.596,0.404,0.6193,0.4197,11
401815256,MLB,2026-05-08 22:10:00+00:00,Cincinnati Reds,Houston Astros,0.5361,0.4639,0.5573,0.4823,11
401815255,MLB,2026-05-08 22:40:00+00:00,Philadelphia Phillies,Colorado Rockies,0.6675,0.3325,0.6941,0.3458,11
401815254,MLB,2026-05-08 23:05:00+00:00,Baltimore Orioles,Athletics,0.551,0.449,0.5713,0.4656,11
401815253,MLB,2026-05-08 23:07:00+00:00,Toronto Blue Jays,Los Angeles Angels,0.588,0.412,0.6113,0.4284,11
401815258,MLB,2026-05-08 23:10:00+00:00,Boston Red Sox,Tampa Bay Rays,0.5455,0.4545,0.5668,0.4723,11
401815259,MLB,2026-05-08 23:10:00+00:00,Miami Marlins,Washington Nationals,0.561,0.439,0.583,0.4562,11
401815257,MLB,2026-05-08 23:15:00+00:00,Cleveland Guardians,Minnesota Twins,0.5702,0.4298,0.5924,0.4465,11
401815261,MLB,2026-05-08 23:40:00+00:00,Kansas City Royals,Detroit Tigers,0.5708,0.4292,0.5937,0.4465,11
401815262,MLB,2026-05-08 23:40:00+00:00,Milwaukee Brewers,New York Yankees,0.4693,0.5307,0.4875,0.5512,11
401815263,MLB,2026-05-08 23:40:00+00:00,Chicago White Sox,Seattle Mariners,0.445,0.555,0.4626,0.5769,11
401815260,MLB,2026-05-09 00:05:00+00:00,Texas Rangers,Chicago Cubs,0.4583,0.5417,0.4762,0.5628,11
401815265,MLB,2026-05-09 01:40:00+00:00,Arizona Diamondbacks,New York Mets,0.4657,0.5343,0.4839,0.5551,11
401815267,MLB,2026-05-09 01:45:00+00:00,San Diego Padres,St. Louis Cardinals,0.5739,0.4261,0.5967,0.4431,11
401815264,MLB,2026-05-09 02:10:00+00:00,Los Angeles Dodgers,Atlanta Braves,0.5112,0.4888,0.5319,0.5086,11
401815266,MLB,2026-05-09 02:15:00+00:00,San Francisco Giants,Pittsburgh Pirates,0.5002,0.4998,0.5204,0.5199,11
401815268,MLB,2026-05-09 19:07:00+00:00,Toronto Blue Jays,Los Angeles Angels,0.6201,0.3799,0.6448,0.395,11
401815269,MLB,2026-05-09 20:05:00+00:00,Baltimore Orioles,Athletics,0.5236,0.4764,0.5447,0.4956,11
401815271,MLB,2026-05-09 20:10:00+00:00,Cincinnati Reds,Houston Astros,0.5927,0.4073,0.6156,0.4231,11
401815274,MLB,2026-05-09 20:10:00+00:00,Miami Marlins,Washington Nationals,0.594,0.406,0.6177,0.4221,11
401815270,MLB,2026-05-09 22:05:00+00:00,Philadelphia Phillies,Colorado Rockies,0.626,0.374,0.6511,0.3889,11
401815272,MLB,2026-05-09 22:10:00+00:00,Cleveland Guardians,Minnesota Twins,0.5254,0.4746,0.5462,0.4934,11
401815275,MLB,2026-05-09 23:05:00+00:00,Texas Rangers,Chicago Cubs,0.4533,0.5467,0.471,0.568,11
401815276,MLB,2026-05-09 23:10:00+00:00,Kansas City Royals,Detroit Tigers,0.5538,0.4462,0.5757,0.4639,11
401815277,MLB,2026-05-09 23:10:00+00:00,Milwaukee Brewers,New York Yankees,0.4525,0.5475,0.4699,0.5686,11
401815278,MLB,2026-05-09 23:10:00+00:00,Chicago White Sox,Seattle Mariners,0.46,0.54,0.478,0.561,11
401815280,MLB,2026-05-09 23:15:00+00:00,Arizona Diamondbacks,New York Mets,0.5002,0.4998,0.5202,0.5199,11
401815282,MLB,2026-05-09 23:15:00+00:00,San Diego Padres,St. Louis Cardinals,0.5582,0.4418,0.5808,0.4596,11
401815281,MLB,2026-05-10 01:05:00+00:00,San Francisco Giants,Pittsburgh Pirates,0.4992,0.5008,0.5194,0.5211,11
401815279,MLB,2026-05-10 01:10:00+00:00,Los Angeles Dodgers,Atlanta Braves,0.6236,0.3764,0.6482,0.3912,11
401815289,MLB,2026-05-10 16:15:00+00:00,Miami Marlins,Washington Nationals,0.5462,0.4538,0.5671,0.4712,11
401815284,MLB,2026-05-10 17:35:00+00:00,Baltimore Orioles,Athletics,0.4946,0.5054,0.5142,0.5255,11
401815285,MLB,2026-05-10 17:35:00+00:00,Philadelphia Phillies,Colorado Rockies,0.7226,0.2774,0.7525,0.2889,11
401815288,MLB,2026-05-10 17:35:00+00:00,Boston Red Sox,Tampa Bay Rays,0.5774,0.4226,0.5998,0.439,11
401815283,MLB,2026-05-10 17:37:00+00:00,Toronto Blue Jays,Los Angeles Angels,0.497,0.503,0.5175,0.5237,11
401815286,MLB,2026-05-10 17:40:00+00:00,Cincinnati Reds,Houston Astros,0.5114,0.4886,0.5318,0.5081,11
401815287,MLB,2026-05-10 17:40:00+00:00,Cleveland Guardians,Minnesota Twins,0.599,0.401,0.6222,0.4165,11
401815292,MLB,2026-05-10 18:10:00+00:00,Milwaukee Brewers,New York Yankees,0.5187,0.4813,0.5398,0.5009,11
401815293,MLB,2026-05-10 18:10:00+00:00,Chicago White Sox,Seattle Mariners,0.4424,0.5576,0.4599,0.5796,11
401815290,MLB,2026-05-10 18:35:00+00:00,Texas Rangers,Chicago Cubs,0.5249,0.4751,0.5455,0.4938,11
401815296,MLB,2026-05-10 20:05:00+00:00,San Francisco Giants,Pittsburgh Pirates,0.5337,0.4663,0.5542,0.4842,11
401815294,MLB,2026-05-10 20:10:00+00:00,Los Angeles Dodgers,Atlanta Braves,0.559,0.441,0.5805,0.4579,11
401815295,MLB,2026-05-10 20:10:00+00:00,Arizona Diamondbacks,New York Mets,0.5139,0.4861,0.5351,0.5061,11
401815297,MLB,2026-05-10 20:10:00+00:00,San Diego Padres,St. Louis Cardinals,0.5401,0.4599,0.5606,0.4773,11
401815291,MLB,2026-05-10 23:20:00+00:00,Kansas City Royals,Detroit Tigers,0.5325,0.4675,0.5533,0.4857,11
401815298,MLB,2026-05-11 22:10:00+00:00,Cleveland Guardians,Los Angeles Angels,0.6022,0.3978,0.6265,0.4139,11
401815299,MLB,2026-05-11 22:35:00+00:00,Baltimore Orioles,New York Yankees,0.4215,0.5785,0.4378,0.6009,11
401815300,MLB,2026-05-11 23:07:00+00:00,Toronto Blue Jays,Tampa Bay Rays,0.5275,0.4725,0.5483,0.4912,11
401815301,MLB,2026-05-12 00:05:00+00:00,Texas Rangers,Arizona Diamondbacks,0.5034,0.4966,0.5236,0.5165,11
401815302,MLB,2026-05-12 00:10:00+00:00,Houston Astros,Seattle Mariners,0.4199,0.5801,0.4358,0.6021,11
401815303,MLB,2026-05-12 02:10:00+00:00,Los Angeles Dodgers,San Francisco Giants,0.6301,0.3699,0.6553,0.3846,11
401815304,MLB,2026-05-12 22:10:00+00:00,Cleveland Guardians,Los Angeles Angels,0.5544,0.4456,0.576,0.4629,11
401815308,MLB,2026-05-12 22:35:00+00:00,Baltimore Orioles,New York Yankees,0.4385,0.5615,0.4558,0.5836,11
401815306,MLB,2026-05-12 22:40:00+00:00,Pittsburgh Pirates,Colorado Rockies,0.7142,0.2858,0.7439,0.2977,11
401815311,MLB,2026-05-12 22:40:00+00:00,Cincinnati Reds,Washington Nationals,0.5638,0.4362,0.5861,0.4535,11
401815309,MLB,2026-05-12 22:45:00+00:00,Boston Red Sox,Philadelphia Phillies,0.4371,0.5629,0.4544,0.5852,11
401815310,MLB,2026-05-12 23:07:00+00:00,Toronto Blue Jays,Tampa Bay Rays,0.4805,0.5195,0.4998,0.5404,11
401815307,MLB,2026-05-12 23:10:00+00:00,New York Mets,Detroit Tigers,0.571,0.429,0.5931,0.4456,11
401815305,MLB,2026-05-12 23:15:00+00:00,Atlanta Braves,Chicago Cubs,0.5284,0.4716,0.5493,0.4901,11
401815313,MLB,2026-05-12 23:40:00+00:00,Chicago White Sox,Kansas City Royals,0.4861,0.5139,0.5056,0.5346,11
401815314,MLB,2026-05-12 23:40:00+00:00,Minnesota Twins,Miami Marlins,0.499,0.501,0.5195,0.5216,11
401815315,MLB,2026-05-12 23:40:00+00:00,Milwaukee Brewers,San Diego Padres,0.5756,0.4244,0.5979,0.4408,11
401815312,MLB,2026-05-13 00:05:00+00:00,Texas Rangers,Arizona Diamondbacks,0.5307,0.4693,0.5512,0.4874,11
401815316,MLB,2026-05-13 00:10:00+00:00,Houston Astros,Seattle Mariners,0.366,0.634,0.3807,0.6596,11
401815318,MLB,2026-05-13 01:40:00+00:00,Athletics,St. Louis Cardinals,0.5927,0.4073,0.616,0.4234,11
401815317,MLB,2026-05-13 02:10:00+00:00,Los Angeles Dodgers,San Francisco Giants,0.7355,0.2645,0.7655,0.2754,11
401815323,MLB,2026-05-13 17:05:00+00:00,Baltimore Orioles,New York Yankees,0.4004,0.5996,0.4159,0.6229,11
401815319,MLB,2026-05-13 17:10:00+00:00,Cleveland Guardians,Los Angeles Angels,0.5844,0.4156,0.6069,0.4316,11
401815321,MLB,2026-05-13 22:40:00+00:00,Pittsburgh Pirates,Colorado Rockies,0.6233,0.3767,0.6479,0.3916,11
401815326,MLB,2026-05-13 22:40:00+00:00,Cincinnati Reds,Washington Nationals,0.6151,0.3849,0.6392,0.4,11
401815324,MLB,2026-05-13 22:45:00+00:00,Boston Red Sox,Philadelphia Phillies,0.5469,0.4531,0.5681,0.4706,11
401815325,MLB,2026-05-13 23:07:00+00:00,Toronto Blue Jays,Tampa Bay Rays,0.5705,0.4295,0.5927,0.4463,11
401815322,MLB,2026-05-13 23:10:00+00:00,New York Mets,Detroit Tigers,0.524,0.476,0.5447,0.4947,11
401815320,MLB,2026-05-13 23:15:00+00:00,Atlanta Braves,Chicago Cubs,0.448,0.552,0.4653,0.5733,11
401815328,MLB,2026-05-13 23:40:00+00:00,Chicago White Sox,Kansas City Royals,0.4897,0.5103,0.5096,0.5311,11
401815329,MLB,2026-05-13 23:40:00+00:00,Minnesota Twins,Miami Marlins,0.4553,0.5447,0.4724,0.5653,11
401815330,MLB,2026-05-13 23:40:00+00:00,Milwaukee Brewers,San Diego Padres,0.5893,0.4107,0.6118,0.4265,11
401815327,MLB,2026-05-14 00:05:00+00:00,Texas Rangers,Arizona Diamondbacks,0.4911,0.5089,0.5106,0.5292,11
401815331,MLB,2026-05-14 00:10:00+00:00,Houston Astros,Seattle Mariners,0.4407,0.5593,0.4578,0.5809,11
401815333,MLB,2026-05-14 01:40:00+00:00,Athletics,St. Louis Cardinals,0.5621,0.4379,0.5844,0.4554,11
401815332,MLB,2026-05-14 02:10:00+00:00,Los Angeles Dodgers,San Francisco Giants,0.6843,0.3157,0.7111,0.328,11
401815335,MLB,2026-05-14 16:35:00+00:00,Pittsburgh Pirates,Colorado Rockies,0.6075,0.3925,0.6319,0.4082,11
401815338,MLB,2026-05-14 16:40:00+00:00,Cincinnati Reds,Washington Nationals,0.585,0.415,0.6075,0.4309,11
401815336,MLB,2026-05-14 17:10:00+00:00,New York Mets,Detroit Tigers,0.5876,0.4124,0.6099,0.4281,11
401815340,MLB,2026-05-14 17:40:00+00:00,Minnesota Twins,Miami Marlins,0.4945,0.5055,0.5142,0.5256,11
401815341,MLB,2026-05-14 17:40:00+00:00,Milwaukee Brewers,San Diego Padres,0.5603,0.4397,0.5825,0.4572,11
401815342,MLB,2026-05-14 18:10:00+00:00,Houston Astros,Seattle Mariners,0.4893,0.5107,0.5093,0.5316,11
401815344,MLB,2026-05-14 19:05:00+00:00,Athletics,St. Louis Cardinals,0.5295,0.4705,0.5503,0.489,11
401815337,MLB,2026-05-14 22:45:00+00:00,Boston Red Sox,Philadelphia Phillies,0.5241,0.4759,0.545,0.4948,11
401815334,MLB,2026-05-14 23:15:00+00:00,Atlanta Braves,Chicago Cubs,0.6407,0.3593,0.666,0.3734,11
401815339,MLB,2026-05-14 23:40:00+00:00,Chicago White Sox,Kansas City Royals,0.4464,0.5536,0.4638,0.5751,11
401815343,MLB,2026-05-15 02:10:00+00:00,Los Angeles Dodgers,San Francisco Giants,0.6106,0.3894,0.6349,0.4048,11
401815350,MLB,2026-05-15 22:40:00+00:00,Pittsburgh Pirates,Philadelphia Phillies,0.5525,0.4475,0.5733,0.4642,11
401815351,MLB,2026-05-15 22:40:00+00:00,Detroit Tigers,Toronto Blue Jays,0.4657,0.5343,0.4836,0.5548,11
401815345,MLB,2026-05-15 22:45:00+00:00,Washington Nationals,Baltimore Orioles,0.4427,0.5573,0.4604,0.5796,11
401815347,MLB,2026-05-15 23:10:00+00:00,Cleveland Guardians,Cincinnati Reds,0.5579,0.4421,0.5803,0.4598,11
401815348,MLB,2026-05-15 23:10:00+00:00,Tampa Bay Rays,Miami Marlins,0.5273,0.4727,0.5479,0.4911,11
401815354,MLB,2026-05-15 23:10:00+00:00,Minnesota Twins,Milwaukee Brewers,0.4996,0.5004,0.5195,0.5204,11
401815346,MLB,2026-05-15 23:15:00+00:00,Atlanta Braves,Boston Red Sox,0.576,0.424,0.5986,0.4406,11
401815349,MLB,2026-05-15 23:15:00+00:00,New York Mets,New York Yankees,0.4236,0.5764,0.4397,0.5982,11
401815352,MLB,2026-05-15 23:40:00+00:00,Chicago White Sox,Chicago Cubs,0.4568,0.5432,0.4749,0.5646,11
401815355,MLB,2026-05-16 00:10:00+00:00,Houston Astros,Texas Rangers,0.4915,0.5085,0.5112,0.5289,11
401815353,MLB,2026-05-16 00:15:00+00:00,St. Louis Cardinals,Kansas City Royals,0.4935,0.5065,0.513,0.5264,11
401815356,MLB,2026-05-16 00:40:00+00:00,Colorado Rockies,Arizona Diamondbacks,0.4782,0.5218,0.4973,0.5428,11
401815357,MLB,2026-05-16 01:38:00+00:00,Los Angeles Angels,Los Angeles Dodgers,0.3732,0.6268,0.3882,0.6521,11
401815358,MLB,2026-05-16 01:40:00+00:00,Seattle Mariners,San Diego Padres,0.5483,0.4517,0.5694,0.4691,11
401815359,MLB,2026-05-16 01:40:00+00:00,Athletics,San Francisco Giants,0.5431,0.4569,0.5642,0.4746,11
401815366,MLB,2026-05-16 17:10:00+00:00,Detroit Tigers,Toronto Blue Jays,0.5131,0.4869,0.5341,0.5067,11
401815368,MLB,2026-05-16 18:15:00+00:00,St. Louis Cardinals,Kansas City Royals,0.5033,0.4967,0.5236,0.5168,11
401815371,MLB,2026-05-16 19:10:00+00:00,Colorado Rockies,Arizona Diamondbacks,0.4352,0.5648,0.4528,0.5877,11
401815360,MLB,2026-05-16 20:05:00+00:00,Washington Nationals,Baltimore Orioles,0.4983,0.5017,0.5187,0.5222,11
401815365,MLB,2026-05-16 20:05:00+00:00,Pittsburgh Pirates,Philadelphia Phillies,0.3942,0.6058,0.41,0.6301,11
401815363,MLB,2026-05-16 20:10:00+00:00,Tampa Bay Rays,Miami Marlins,0.5547,0.4453,0.5767,0.463,11
401815362,MLB,2026-05-16 22:10:00+00:00,Cleveland Guardians,Cincinnati Reds,0.58,0.42,0.6025,0.4362,11
401815367,MLB,2026-05-16 23:10:00+00:00,Chicago White Sox,Chicago Cubs,0.5015,0.4985,0.5216,0.5185,11
401815369,MLB,2026-05-16 23:10:00+00:00,Minnesota Twins,Milwaukee Brewers,0.4551,0.5449,0.473,0.5662,11
401815370,MLB,2026-05-16 23:10:00+00:00,Houston Astros,Texas Rangers,0.4287,0.5713,0.4454,0.5937,11
401815361,MLB,2026-05-16 23:15:00+00:00,Atlanta Braves,Boston Red Sox,0.5221,0.4779,0.5424,0.4965,11
401815364,MLB,2026-05-16 23:15:00+00:00,New York Mets,New York Yankees,0.4689,0.5311,0.4872,0.5518,11
401815373,MLB,2026-05-16 23:15:00+00:00,Seattle Mariners,San Diego Padres,0.6074,0.3926,0.6312,0.4079,11
401815372,MLB,2026-05-17 01:38:00+00:00,Los Angeles Angels,Los Angeles Dodgers,0.4458,0.5542,0.4633,0.576,11
401815374,MLB,2026-05-17 01:40:00+00:00,Athletics,San Francisco Giants,0.5507,0.4493,0.5722,0.4668,11
401815378,MLB,2026-05-17 16:15:00+00:00,Tampa Bay Rays,Miami Marlins,0.5761,0.4239,0.5985,0.4404,11
401815375,MLB,2026-05-17 17:35:00+00:00,Washington Nationals,Baltimore Orioles,0.4777,0.5223,0.4966,0.543,11
401815376,MLB,2026-05-17 17:35:00+00:00,Atlanta Braves,Boston Red Sox,0.5763,0.4237,0.5986,0.4401,11
401815380,MLB,2026-05-17 17:35:00+00:00,Pittsburgh Pirates,Philadelphia Phillies,0.5395,0.4605,0.5607,0.4786,11
401815377,MLB,2026-05-17 17:40:00+00:00,Cleveland Guardians,Cincinnati Reds,0.5914,0.4086,0.6149,0.4249,11
401815379,MLB,2026-05-17 17:40:00+00:00,New York Mets,New York Yankees,0.524,0.476,0.5436,0.4938,11
401815381,MLB,2026-05-17 17:40:00+00:00,Detroit Tigers,Toronto Blue Jays,0.4672,0.5328,0.4857,0.554,11
401815382,MLB,2026-05-17 18:10:00+00:00,Chicago White Sox,Chicago Cubs,0.4533,0.5467,0.4711,0.5681,11
401815384,MLB,2026-05-17 18:10:00+00:00,Minnesota Twins,Milwaukee Brewers,0.4426,0.5574,0.4603,0.5797,11
401815385,MLB,2026-05-17 18:10:00+00:00,Houston Astros,Texas Rangers,0.4672,0.5328,0.4858,0.5539,11
401815383,MLB,2026-05-17 18:15:00+00:00,St. Louis Cardinals,Kansas City Royals,0.5237,0.4763,0.5446,0.4954,11
401815386,MLB,2026-05-17 19:10:00+00:00,Colorado Rockies,Arizona Diamondbacks,0.4308,0.5692,0.448,0.5918,11
401815389,MLB,2026-05-17 20:05:00+00:00,Athletics,San Francisco Giants,0.5725,0.4275,0.5947,0.444,11
401815387,MLB,2026-05-17 20:07:00+00:00,Los Angeles Angels,Los Angeles Dodgers,0.4286,0.5714,0.4452,0.5937,11
401815388,MLB,2026-05-17 23:20:00+00:00,Seattle Mariners,San Diego Padres,0.5819,0.4181,0.6042,0.434,11
401815390,MLB,2026-05-18 22:40:00+00:00,Miami Marlins,Atlanta Braves,0.5101,0.4899,0.5305,0.5096,11
401815391,MLB,2026-05-18 22:40:00+00:00,Tampa Bay Rays,Baltimore Orioles,0.565,0.435,0.588,0.4527,11
401815392,MLB,2026-05-18 22:40:00+00:00,Philadelphia Phillies,Cincinnati Reds,0.5207,0.4793,0.5416,0.4986,11
401815393,MLB,2026-05-18 22:40:00+00:00,Detroit Tigers,Cleveland Guardians,0.5728,0.4272,0.5948,0.4437,11
401815394,MLB,2026-05-18 22:45:00+00:00,Washington Nationals,New York Mets,0.4688,0.5312,0.4868,0.5515,11
401815395,MLB,2026-05-18 23:05:00+00:00,New York Yankees,Toronto Blue Jays,0.6054,0.3946,0.6291,0.41,11
401815396,MLB,2026-05-18 23:10:00+00:00,Kansas City Royals,Boston Red Sox,0.4916,0.5084,0.5112,0.5287,11
401815397,MLB,2026-05-18 23:40:00+00:00,Minnesota Twins,Houston Astros,0.5112,0.4888,0.5314,0.5082,11
401815398,MLB,2026-05-18 23:40:00+00:00,Chicago Cubs,Milwaukee Brewers,0.5911,0.4089,0.6145,0.4251,11
401815399,MLB,2026-05-19 00:40:00+00:00,Colorado Rockies,Texas Rangers,0.4245,0.5755,0.4402,0.5967,10
401815400,MLB,2026-05-19 01:38:00+00:00,Los Angeles Angels,Athletics,0.4552,0.5448,0.4729,0.566,10
401815401,MLB,2026-05-19 01:40:00+00:00,Seattle Mariners,Chicago White Sox,0.59,0.41,0.6128,0.4258,10
401815402,MLB,2026-05-19 01:40:00+00:00,San Diego Padres,Los Angeles Dodgers,0.434,0.566,0.4511,0.5883,10
401815403,MLB,2026-05-19 01:40:00+00:00,Arizona Diamondbacks,San Francisco Giants,0.5548,0.4452,0.5768,0.4629,10
401815404,MLB,2026-05-19 20:10:00+00:00,Miami Marlins,Atlanta Braves,0.4357,0.5643,0.453,0.5867,11
401815405,MLB,2026-05-19 22:40:00+00:00,Tampa Bay Rays,Baltimore Orioles,0.5094,0.4906,0.5294,0.5098,10
401815406,MLB,2026-05-19 22:40:00+00:00,Philadelphia Phillies,Cincinnati Reds,0.5612,0.4388,0.5836,0.4563,10
401815407,MLB,2026-05-19 22:40:00+00:00,Detroit Tigers,Cleveland Guardians,0.4081,0.5919,0.4238,0.6147,10
401815408,MLB,2026-05-19 22:45:00+00:00,Washington Nationals,New York Mets,0.4385,0.5615,0.4555,0.5832,10
401815409,MLB,2026-05-19 23:05:00+00:00,New York Yankees,Toronto Blue Jays,0.5482,0.4518,0.5689,0.4689,10
401815410,MLB,2026-05-19 23:40:00+00:00,Kansas City Royals,Boston Red Sox,0.4568,0.5432,0.4743,0.5641,10
401815411,MLB,2026-05-19 23:40:00+00:00,Minnesota Twins,Houston Astros,0.5635,0.4365,0.586,0.4538,10
401815412,MLB,2026-05-19 23:40:00+00:00,Chicago Cubs,Milwaukee Brewers,0.4785,0.5215,0.4974,0.5421,10
401815413,MLB,2026-05-19 23:45:00+00:00,St. Louis Cardinals,Pittsburgh Pirates,0.5105,0.4895,0.5308,0.5089,10
401815414,MLB,2026-05-20 00:40:00+00:00,Colorado Rockies,Texas Rangers,0.5056,0.4944,0.5253,0.5137,10
401815415,MLB,2026-05-20 01:38:00+00:00,Los Angeles Angels,Athletics,0.5583,0.4417,0.5812,0.4598,11
401815416,MLB,2026-05-20 01:40:00+00:00,Seattle Mariners,Chicago White Sox,0.5685,0.4315,0.5912,0.4487,11
401815417,MLB,2026-05-20 01:40:00+00:00,San Diego Padres,Los Angeles Dodgers,0.403,0.597,0.4185,0.6201,11
401815418,MLB,2026-05-20 01:40:00+00:00,Arizona Diamondbacks,San Francisco Giants,0.536,0.464,0.5564,0.4817,11
401815421,MLB,2026-05-20 17:05:00+00:00,Philadelphia Phillies,Cincinnati Reds,0.5799,0.4201,0.6018,0.436,11
401815420,MLB,2026-05-20 17:10:00+00:00,Tampa Bay Rays,Baltimore Orioles,0.5205,0.4795,0.5415,0.4989,11
401815426,MLB,2026-05-20 17:40:00+00:00,Minnesota Twins,Houston Astros,0.5751,0.4249,0.5972,0.4413,11
401815429,MLB,2026-05-20 19:10:00+00:00,Colorado Rockies,Texas Rangers,0.4727,0.5273,0.4914,0.5482,11
401815433,MLB,2026-05-20 19:40:00+00:00,Arizona Diamondbacks,San Francisco Giants,0.5103,0.4897,0.5307,0.5093,11
401815431,MLB,2026-05-20 20:10:00+00:00,Seattle Mariners,Chicago White Sox,0.5652,0.4348,0.5881,0.4524,11
401815419,MLB,2026-05-20 22:40:00+00:00,Miami Marlins,Atlanta Braves,0.3721,0.6279,0.3869,0.6529,11
401815422,MLB,2026-05-20 22:40:00+00:00,Detroit Tigers,Cleveland Guardians,0.4788,0.5212,0.4978,0.542,11
401815423,MLB,2026-05-20 22:45:00+00:00,Washington Nationals,New York Mets,0.4673,0.5327,0.4853,0.5531,11
401815424,MLB,2026-05-20 23:05:00+00:00,New York Yankees,Toronto Blue Jays,0.6081,0.3919,0.6326,0.4076,11
401815425,MLB,2026-05-20 23:40:00+00:00,Kansas City Royals,Boston Red Sox,0.5172,0.4828,0.5382,0.5024,11
401815427,MLB,2026-05-20 23:40:00+00:00,Chicago Cubs,Milwaukee Brewers,0.5142,0.4858,0.535,0.5054,11
401815428,MLB,2026-05-20 23:45:00+00:00,St. Louis Cardinals,Pittsburgh Pirates,0.5116,0.4884,0.5312,0.5072,11
401815432,MLB,2026-05-21 00:40:00+00:00,San Diego Padres,Los Angeles Dodgers,0.3648,0.6352,0.3795,0.6607,11
401815430,MLB,2026-05-21 01:38:00+00:00,Los Angeles Angels,Athletics,0.4593,0.5407,0.477,0.5616,11
401815435,MLB,2026-05-21 17:10:00+00:00,Detroit Tigers,Cleveland Guardians,0.5324,0.4676,0.5535,0.4862,11
401815438,MLB,2026-05-21 17:15:00+00:00,St. Louis Cardinals,Pittsburgh Pirates,0.4758,0.5242,0.4947,0.545,11
401815436,MLB,2026-05-21 20:05:00+00:00,Washington Nationals,New York Mets,0.4941,0.5059,0.5141,0.5264,11
401815434,MLB,2026-05-21 22:40:00+00:00,Miami Marlins,Atlanta Braves,0.4406,0.5594,0.4579,0.5813,11
401815437,MLB,2026-05-21 23:05:00+00:00,New York Yankees,Toronto Blue Jays,0.5644,0.4356,0.5869,0.4529,11
401815439,MLB,2026-05-22 01:38:00+00:00,Los Angeles Angels,Athletics,0.523,0.477,0.5438,0.4959,11
401815440,MLB,2026-05-22 01:40:00+00:00,Arizona Diamondbacks,Colorado Rockies,0.6511,0.3489,0.6771,0.3628,11
401815449,MLB,2026-05-22 18:20:00+00:00,Chicago Cubs,Houston Astros,0.5697,0.4303,0.5921,0.4473,11
401815441,MLB,2026-05-22 22:40:00+00:00,Philadelphia Phillies,Cleveland Guardians,0.6196,0.3804,0.6445,0.3956,11
401815447,MLB,2026-05-22 23:05:00+00:00,New York Yankees,Tampa Bay Rays,0.5696,0.4304,0.592,0.4473,11
401815445,MLB,2026-05-22 23:07:00+00:00,Toronto Blue Jays,Pittsburgh Pirates,0.5962,0.4038,0.6199,0.4197,11
401815443,MLB,2026-05-22 23:10:00+00:00,Boston Red Sox,Minnesota Twins,0.5802,0.4198,0.6024,0.4359,11
401815444,MLB,2026-05-22 23:10:00+00:00,Miami Marlins,New York Mets,0.5126,0.4874,0.5333,0.507,11
401815442,MLB,2026-05-22 23:15:00+00:00,Baltimore Orioles,Detroit Tigers,0.5451,0.4549,0.5665,0.4728,11
401815448,MLB,2026-05-22 23:15:00+00:00,Atlanta Braves,Washington Nationals,0.6297,0.3703,0.6545,0.3849,11
401815450,MLB,2026-05-22 23:40:00+00:00,Milwaukee Brewers,Los Angeles Dodgers,0.5057,0.4943,0.5261,0.5142,11
401815451,MLB,2026-05-22 23:40:00+00:00,Kansas City Royals,Seattle Mariners,0.4876,0.5124,0.5073,0.533,11
401815455,MLB,2026-05-23 01:38:00+00:00,Los Angeles Angels,Texas Rangers,0.4102,0.5898,0.426,0.6126,11
401815452,MLB,2026-05-23 01:40:00+00:00,San Diego Padres,Athletics,0.5324,0.4676,0.5532,0.4858,11
401815454,MLB,2026-05-23 01:40:00+00:00,Arizona Diamondbacks,Colorado Rockies,0.6649,0.3351,0.6914,0.3485,11
401815453,MLB,2026-05-23 02:15:00+00:00,San Francisco Giants,Chicago White Sox,0.4799,0.5201,0.4988,0.5406,11
401815464,MLB,2026-05-23 18:20:00+00:00,Chicago Cubs,Houston Astros,0.5728,0.4272,0.595,0.4438,11
401815460,MLB,2026-05-23 19:07:00+00:00,Toronto Blue Jays,Pittsburgh Pirates,0.4341,0.5659,0.4514,0.5884,11
401815456,MLB,2026-05-23 20:05:00+00:00,Philadelphia Phillies,Cleveland Guardians,0.6128,0.3872,0.6368,0.4024,11
401815468,MLB,2026-05-23 20:05:00+00:00,San Francisco Giants,Chicago White Sox,0.5064,0.4936,0.5269,0.5136,11
401815458,MLB,2026-05-23 20:10:00+00:00,Boston Red Sox,Minnesota Twins,0.5375,0.4625,0.5582,0.4803,11
401815459,MLB,2026-05-23 20:10:00+00:00,Miami Marlins,New York Mets,0.5104,0.4896,0.531,0.5093,11
401815463,MLB,2026-05-23 20:10:00+00:00,Atlanta Braves,Washington Nationals,0.6026,0.3974,0.6262,0.413,11
401815466,MLB,2026-05-23 20:10:00+00:00,Kansas City Royals,Seattle Mariners,0.4658,0.5342,0.4838,0.5548,11
401815461,MLB,2026-05-23 23:15:00+00:00,Cincinnati Reds,St. Louis Cardinals,0.4994,0.5006,0.5197,0.5209,11
401815465,MLB,2026-05-23 23:15:00+00:00,Milwaukee Brewers,Los Angeles Dodgers,0.4808,0.5192,0.4998,0.5396,11
401815467,MLB,2026-05-24 01:40:00+00:00,San Diego Padres,Athletics,0.4587,0.5413,0.4763,0.5622,11
401815470,MLB,2026-05-24 02:05:00+00:00,Los Angeles Angels,Texas Rangers,0.4362,0.5638,0.4537,0.5865,11
401815469,MLB,2026-05-24 02:10:00+00:00,Arizona Diamondbacks,Colorado Rockies,0.6285,0.3715,0.6533,0.3862,10
401815475,MLB,2026-05-24 16:15:00+00:00,Toronto Blue Jays,Pittsburgh Pirates,0.6116,0.3884,0.6359,0.4039,11
401815472,MLB,2026-05-24 16:35:00+00:00,Baltimore Orioles,Detroit Tigers,0.543,0.457,0.5642,0.4748,11
401815471,MLB,2026-05-24 17:35:00+00:00,Philadelphia Phillies,Cleveland Guardians,0.4868,0.5132,0.5068,0.5343,11
401815473,MLB,2026-05-24 17:35:00+00:00,Boston Red Sox,Minnesota Twins,0.6082,0.3918,0.6322,0.4073,11
401815477,MLB,2026-05-24 17:35:00+00:00,New York Yankees,Tampa Bay Rays,0.5583,0.4417,0.5805,0.4592,11
401815474,MLB,2026-05-24 17:40:00+00:00,Miami Marlins,New York Mets,0.5398,0.4602,0.5605,0.4779,11
401815480,MLB,2026-05-24 18:10:00+00:00,Milwaukee Brewers,Los Angeles Dodgers,0.4237,0.5763,0.4399,0.5983,11
401815481,MLB,2026-05-24 18:10:00+00:00,Kansas City Royals,Seattle Mariners,0.4714,0.5286,0.4896,0.5491,11
401815479,MLB,2026-05-24 18:20:00+00:00,Chicago Cubs,Houston Astros,0.6064,0.3936,0.6305,0.4092,11
401815483,MLB,2026-05-24 20:05:00+00:00,San Francisco Giants,Chicago White Sox,0.5326,0.4674,0.5528,0.4851,11
401815478,MLB,2026-05-24 20:10:00+00:00,Atlanta Braves,Washington Nationals,0.591,0.409,0.6143,0.4251,11
401815482,MLB,2026-05-24 20:10:00+00:00,San Diego Padres,Athletics,0.6098,0.3902,0.6337,0.4055,11
401815484,MLB,2026-05-24 20:10:00+00:00,Arizona Diamondbacks,Colorado Rockies,0.6389,0.3611,0.6639,0.3753,11
401815485,MLB,2026-05-24 23:20:00+00:00,Los Angeles Angels,Texas Rangers,0.5298,0.4702,0.5509,0.4889,11
401815486,MLB,2026-05-25 17:35:00+00:00,Pittsburgh Pirates,Chicago Cubs,0.4673,0.5327,0.4853,0.5531,11
401815489,MLB,2026-05-25 17:35:00+00:00,Baltimore Orioles,Tampa Bay Rays,0.4873,0.5127,0.5066,0.5331,11
401815492,MLB,2026-05-25 18:10:00+00:00,Chicago White Sox,Minnesota Twins,0.5035,0.4965,0.5239,0.5166,11
401815494,MLB,2026-05-25 18:10:00+00:00,Milwaukee Brewers,St. Louis Cardinals,0.6659,0.3341,0.6932,0.3478,11
401815493,MLB,2026-05-25 19:40:00+00:00,Kansas City Royals,New York Yankees,0.4544,0.5456,0.472,0.5666,11
401815487,MLB,2026-05-25 20:10:00+00:00,New York Mets,Cincinnati Reds,0.5513,0.4487,0.5728,0.4662,11
401815495,MLB,2026-05-25 21:05:00+00:00,San Francisco Giants,Arizona Diamondbacks,0.544,0.456,0.5655,0.474,11
401815490,MLB,2026-05-25 22:10:00+00:00,Cleveland Guardians,Washington Nationals,0.6129,0.3871,0.6374,0.4025,11
401815497,MLB,2026-05-25 22:40:00+00:00,San Diego Padres,Philadelphia Phillies,0.4749,0.5251,0.4939,0.5461,11
401815491,MLB,2026-05-25 23:05:00+00:00,Texas Rangers,Houston Astros,0.5236,0.4764,0.5441,0.4952,11
401815488,MLB,2026-05-25 23:07:00+00:00,Toronto Blue Jays,Miami Marlins,0.5792,0.4208,0.6018,0.4373,11
401815496,MLB,2026-05-26 01:10:00+00:00,Los Angeles Dodgers,Colorado Rockies,0.7351,0.2649,0.7651,0.2757,11
401815498,MLB,2026-05-26 01:40:00+00:00,Athletics,Seattle Mariners,0.4901,0.5099,0.5098,0.5304,11
401815505,MLB,2026-05-26 22:10:00+00:00,Cleveland Guardians,Washington Nationals,0.5449,0.4551,0.5663,0.473,11
401815504,MLB,2026-05-26 22:35:00+00:00,Baltimore Orioles,Tampa Bay Rays,0.492,0.508,0.512,0.5286,11
401815499,MLB,2026-05-26 22:40:00+00:00,Detroit Tigers,Los Angeles Angels,0.5545,0.4455,0.576,0.4629,11
401815501,MLB,2026-05-26 22:40:00+00:00,Pittsburgh Pirates,Chicago Cubs,0.5581,0.4419,0.5803,0.4595,11
401815500,MLB,2026-05-26 22:45:00+00:00,Boston Red Sox,Atlanta Braves,0.5035,0.4965,0.5226,0.5153,11
401815503,MLB,2026-05-26 23:07:00+00:00,Toronto Blue Jays,Miami Marlins,0.5308,0.4692,0.5515,0.4874,11
401815502,MLB,2026-05-26 23:10:00+00:00,New York Mets,Cincinnati Reds,0.4751,0.5249,0.4942,0.546,11
401815507,MLB,2026-05-26 23:40:00+00:00,Chicago White Sox,Minnesota Twins,0.4857,0.5143,0.5056,0.5353,11
401815508,MLB,2026-05-26 23:40:00+00:00,Kansas City Royals,New York Yankees,0.3577,0.6423,0.3718,0.6675,11
401815509,MLB,2026-05-26 23:40:00+00:00,Milwaukee Brewers,St. Louis Cardinals,0.6534,0.3466,0.6795,0.3604,11
401815506,MLB,2026-05-27 00:05:00+00:00,Texas Rangers,Houston Astros,0.5452,0.4548,0.5666,0.4726,11
401815512,MLB,2026-05-27 01:40:00+00:00,San Diego Padres,Philadelphia Phillies,0.5049,0.4951,0.5252,0.5151,11
401815513,MLB,2026-05-27 01:40:00+00:00,Athletics,Seattle Mariners,0.5129,0.4871,0.5335,0.5066,11
401815510,MLB,2026-05-27 01:45:00+00:00,San Francisco Giants,Arizona Diamondbacks,0.5129,0.4871,0.5336,0.5068,11
401815511,MLB,2026-05-27 02:10:00+00:00,Los Angeles Dodgers,Colorado Rockies,0.6756,0.3244,0.7021,0.3372,11
401815518,MLB,2026-05-27 17:07:00+00:00,Toronto Blue Jays,Miami Marlins,0.583,0.417,0.6058,0.4333,11
401815520,MLB,2026-05-27 17:10:00+00:00,Cleveland Guardians,Washington Nationals,0.622,0.378,0.6467,0.3931,11
401815524,MLB,2026-05-27 17:40:00+00:00,Milwaukee Brewers,St. Louis Cardinals,0.6111,0.3889,0.6349,0.404,11
401815528,MLB,2026-05-27 19:05:00+00:00,Athletics,Seattle Mariners,0.4757,0.5243,0.4947,0.5452,11
401815525,MLB,2026-05-27 19:45:00+00:00,San Francisco Giants,Arizona Diamondbacks,0.4878,0.5122,0.5075,0.5328,11
401815527,MLB,2026-05-27 20:10:00+00:00,San Diego Padres,Philadelphia Phillies,0.4386,0.5614,0.4561,0.5838,11
401815519,MLB,2026-05-27 22:35:00+00:00,Baltimore Orioles,Tampa Bay Rays,0.4617,0.5383,0.4794,0.559,11
401815514,MLB,2026-05-27 22:40:00+00:00,Detroit Tigers,Los Angeles Angels,0.5094,0.4906,0.5299,0.5103,11
401815516,MLB,2026-05-27 22:40:00+00:00,Pittsburgh Pirates,Chicago Cubs,0.5301,0.4699,0.5509,0.4883,11
401815515,MLB,2026-05-27 22:45:00+00:00,Boston Red Sox,Atlanta Braves,0.5099,0.4901,0.5305,0.5099,11
401815517,MLB,2026-05-27 23:10:00+00:00,New York Mets,Cincinnati Reds,0.5307,0.4693,0.5512,0.4874,11
401815522,MLB,2026-05-27 23:40:00+00:00,Chicago White Sox,Minnesota Twins,0.501,0.499,0.5212,0.5192,11
401815523,MLB,2026-05-27 23:40:00+00:00,Kansas City Royals,New York Yankees,0.4152,0.5848,0.4314,0.6075,11
401815521,MLB,2026-05-28 00:05:00+00:00,Texas Rangers,Houston Astros,0.5671,0.4329,0.5897,0.4501,11
401815526,MLB,2026-05-28 02:10:00+00:00,Los Angeles Dodgers,Colorado Rockies,0.7822,0.2178,0.8131,0.2263,11
401815529,MLB,2026-05-28 17:10:00+00:00,Detroit Tigers,Los Angeles Angels,0.551,0.449,0.5727,0.4666,11
401815534,MLB,2026-05-28 18:10:00+00:00,Chicago White Sox,Minnesota Twins,0.6089,0.3911,0.633,0.4066,11
401815530,MLB,2026-05-28 20:10:00+00:00,Boston Red Sox,Atlanta Braves,0.4484,0.5516,0.4655,0.5727,11
401815532,MLB,2026-05-28 22:35:00+00:00,Baltimore Orioles,Toronto Blue Jays,0.5411,0.4589,0.5624,0.4769,11
401815531,MLB,2026-05-28 22:40:00+00:00,Pittsburgh Pirates,Chicago Cubs,0.6068,0.3932,0.6312,0.409,11
401815533,MLB,2026-05-29 00:05:00+00:00,Texas Rangers,Houston Astros,0.5709,0.4291,0.5934,0.446,11
401815536,MLB,2026-05-29 22:40:00+00:00,Cincinnati Reds,Atlanta Braves,0.4455,0.5545,0.4631,0.5763,11
401815539,MLB,2026-05-29 22:45:00+00:00,Pittsburgh Pirates,Minnesota Twins,0.547,0.453,0.568,0.4703,11
401815540,MLB,2026-05-29 22:45:00+00:00,Washington Nationals,San Diego Padres,0.5157,0.4843,0.5364,0.5038,11
401815541,MLB,2026-05-29 23:05:00+00:00,Baltimore Orioles,Toronto Blue Jays,0.537,0.463,0.5581,0.4813,11
401815535,MLB,2026-05-29 23:10:00+00:00,Tampa Bay Rays,Los Angeles Angels,0.5856,0.4144,0.6084,0.4306,11
401815537,MLB,2026-05-29 23:10:00+00:00,Cleveland Guardians,Boston Red Sox,0.5323,0.4677,0.5534,0.4862,11
401815538,MLB,2026-05-29 23:10:00+00:00,New York Mets,Miami Marlins,0.5063,0.4937,0.5269,0.5138,11
401815542,MLB,2026-05-29 23:15:00+00:00,St. Louis Cardinals,Chicago Cubs,0.4525,0.5475,0.4701,0.5689,11
401815543,MLB,2026-05-29 23:40:00+00:00,Chicago White Sox,Detroit Tigers,0.5045,0.4955,0.5246,0.5153,11
401815544,MLB,2026-05-30 00:05:00+00:00,Texas Rangers,Kansas City Royals,0.536,0.464,0.557,0.4821,11
401815545,MLB,2026-05-30 00:10:00+00:00,Houston Astros,Milwaukee Brewers,0.4375,0.5625,0.4546,0.5846,11
401815546,MLB,2026-05-30 00:40:00+00:00,Colorado Rockies,San Francisco Giants,0.4254,0.5746,0.4414,0.5963,11
401815548,MLB,2026-05-30 01:40:00+00:00,Athletics,New York Yankees,0.4349,0.5651,0.452,0.5874,11
401815547,MLB,2026-05-30 02:10:00+00:00,Seattle Mariners,Arizona Diamondbacks,0.5671,0.4329,0.5902,0.4505,11
401815549,MLB,2026-05-30 02:15:00+00:00,Los Angeles Dodgers,Philadelphia Phillies,0.5198,0.4802,0.5409,0.4996,11
401815558,MLB,2026-05-30 18:10:00+00:00,Chicago White Sox,Detroit Tigers,0.4929,0.5071,0.5129,0.5278,11
401815554,MLB,2026-05-30 20:05:00+00:00,Pittsburgh Pirates,Minnesota Twins,0.5726,0.4274,0.595,0.4442,11
401815555,MLB,2026-05-30 20:05:00+00:00,Washington Nationals,San Diego Padres,0.4618,0.5382,0.4798,0.5591,11
401815556,MLB,2026-05-30 20:05:00+00:00,Baltimore Orioles,Toronto Blue Jays,0.4629,0.5371,0.4811,0.5581,11
401815559,MLB,2026-05-30 20:05:00+00:00,Texas Rangers,Kansas City Royals,0.521,0.479,0.5419,0.4982,11
401815550,MLB,2026-05-30 20:10:00+00:00,Tampa Bay Rays,Los Angeles Angels,0.6038,0.3962,0.6279,0.412,11
401815552,MLB,2026-05-30 20:10:00+00:00,Cleveland Guardians,Boston Red Sox,0.5385,0.4615,0.5603,0.4802,11
401815553,MLB,2026-05-30 20:10:00+00:00,New York Mets,Miami Marlins,0.5336,0.4664,0.5546,0.4847,11
401815560,MLB,2026-05-30 20:10:00+00:00,Houston Astros,Milwaukee Brewers,0.486,0.514,0.5054,0.5346,11
401815551,MLB,2026-05-30 23:15:00+00:00,Cincinnati Reds,Atlanta Braves,0.4644,0.5356,0.4827,0.5568,11
401815557,MLB,2026-05-30 23:15:00+00:00,St. Louis Cardinals,Chicago Cubs,0.4473,0.5527,0.4649,0.5745,11
401815561,MLB,2026-05-31 01:10:00+00:00,Colorado Rockies,San Francisco Giants,0.4856,0.5144,0.5054,0.5354,11
401815563,MLB,2026-05-31 02:05:00+00:00,Athletics,New York Yankees,0.4141,0.5859,0.4298,0.6081,11
401815562,MLB,2026-05-31 02:10:00+00:00,Seattle Mariners,Arizona Diamondbacks,0.5786,0.4214,0.6008,0.4376,11
401815564,MLB,2026-05-31 02:10:00+00:00,Los Angeles Dodgers,Philadelphia Phillies,0.5343,0.4657,0.5556,0.4843,11
401815571,MLB,2026-05-31 16:15:00+00:00,Baltimore Orioles,Toronto Blue Jays,0.5532,0.4468,0.5745,0.4639,10
401815569,MLB,2026-05-31 17:35:00+00:00,Pittsburgh Pirates,Minnesota Twins,0.603,0.397,0.6272,0.413,11
401815570,MLB,2026-05-31 17:35:00+00:00,Washington Nationals,San Diego Padres,0.4917,0.5083,0.5117,0.529,11
401815565,MLB,2026-05-31 17:40:00+00:00,Tampa Bay Rays,Los Angeles Angels,0.6474,0.3526,0.6724,0.3662,11
401815566,MLB,2026-05-31 17:40:00+00:00,Cincinnati Reds,Atlanta Braves,0.4677,0.5323,0.4855,0.5526,11
401815567,MLB,2026-05-31 17:40:00+00:00,Cleveland Guardians,Boston Red Sox,0.5148,0.4852,0.5356,0.5047,11
401815568,MLB,2026-05-31 17:40:00+00:00,New York Mets,Miami Marlins,0.5833,0.4167,0.6064,0.4332,11
401815573,MLB,2026-05-31 18:10:00+00:00,Chicago White Sox,Detroit Tigers,0.5491,0.4509,0.5703,0.4684,11
401815575,MLB,2026-05-31 18:10:00+00:00,Houston Astros,Milwaukee Brewers,0.3669,0.6331,0.3814,0.658,11
401815574,MLB,2026-05-31 18:35:00+00:00,Texas Rangers,Kansas City Royals,0.5112,0.4888,0.5317,0.5084,11
401815576,MLB,2026-05-31 19:10:00+00:00,Colorado Rockies,San Francisco Giants,0.4944,0.5056,0.5146,0.5263,11
401815578,MLB,2026-05-31 20:05:00+00:00,Athletics,New York Yankees,0.3884,0.6116,0.4036,0.6356,11
401815577,MLB,2026-05-31 20:10:00+00:00,Seattle Mariners,Arizona Diamondbacks,0.5647,0.4353,0.5871,0.4525,11
401815579,MLB,2026-05-31 20:10:00+00:00,Los Angeles Dodgers,Philadelphia Phillies,0.6796,0.3204,0.7065,0.3331,11
401815572,MLB,2026-05-31 23:20:00+00:00,St. Louis Cardinals,Chicago Cubs,0.5227,0.4773,0.5438,0.4966,11
401815580,MLB,2026-06-01 22:40:00+00:00,Tampa Bay Rays,Detroit Tigers,0.5877,0.4123,0.6109,0.4286,11
401815582,MLB,2026-06-01 22:45:00+00:00,Washington Nationals,Miami Marlins,0.5636,0.4364,0.5862,0.4539,11
401815581,MLB,2026-06-01 23:10:00+00:00,Cincinnati Reds,Kansas City Royals,0.5433,0.4567,0.5642,0.4744,11
401815583,MLB,2026-06-01 23:40:00+00:00,Minnesota Twins,Chicago White Sox,0.5653,0.4347,0.5877,0.452,11
401815584,MLB,2026-06-01 23:40:00+00:00,Milwaukee Brewers,San Francisco Giants,0.5951,0.4049,0.6181,0.4206,11
401815585,MLB,2026-06-01 23:45:00+00:00,St. Louis Cardinals,Texas Rangers,0.459,0.541,0.4769,0.5621,11
401815586,MLB,2026-06-02 01:38:00+00:00,Los Angeles Angels,Colorado Rockies,0.6371,0.3629,0.6628,0.3775,11
401815587,MLB,2026-06-02 01:40:00+00:00,Arizona Diamondbacks,Los Angeles Dodgers,0.3998,0.6002,0.4153,0.6234,11
401815588,MLB,2026-06-02 01:40:00+00:00,Seattle Mariners,New York Mets,0.5414,0.4586,0.5625,0.4765,11
401815591,MLB,2026-06-02 22:40:00+00:00,Tampa Bay Rays,Detroit Tigers,0.5687,0.4313,0.5915,0.4487,11
401815594,MLB,2026-06-02 22:40:00+00:00,Philadelphia Phillies,San Diego Padres,0.5805,0.4195,0.6031,0.4359,11
401815589,MLB,2026-06-02 22:45:00+00:00,Boston Red Sox,Baltimore Orioles,0.5545,0.4455,0.576,0.4628,11
401815593,MLB,2026-06-02 22:45:00+00:00,Washington Nationals,Miami Marlins,0.5134,0.4866,0.534,0.5061,11
401815590,MLB,2026-06-02 23:05:00+00:00,New York Yankees,Cleveland Guardians,0.6462,0.3538,0.6721,0.3681,11
401815592,MLB,2026-06-02 23:10:00+00:00,Cincinnati Reds,Kansas City Royals,0.5337,0.4663,0.5545,0.4844,11
401815595,MLB,2026-06-02 23:15:00+00:00,Atlanta Braves,Toronto Blue Jays,0.5197,0.4803,0.5406,0.4996,11
401815597,MLB,2026-06-02 23:40:00+00:00,Minnesota Twins,Chicago White Sox,0.4664,0.5336,0.4843,0.5542,11
401815599,MLB,2026-06-02 23:40:00+00:00,Milwaukee Brewers,San Francisco Giants,0.697,0.303,0.7252,0.3152,11
401815600,MLB,2026-06-02 23:45:00+00:00,St. Louis Cardinals,Texas Rangers,0.4955,0.5045,0.5153,0.5246,11
401815596,MLB,2026-06-03 00:05:00+00:00,Chicago Cubs,Athletics,0.5385,0.4615,0.5599,0.4798,11
401815598,MLB,2026-06-03 00:10:00+00:00,Houston Astros,Pittsburgh Pirates,0.5136,0.4864,0.5343,0.5059,11
401815601,MLB,2026-06-03 01:38:00+00:00,Los Angeles Angels,Colorado Rockies,0.5946,0.4054,0.6181,0.4214,11
401815602,MLB,2026-06-03 01:40:00+00:00,Arizona Diamondbacks,Los Angeles Dodgers,0.4828,0.5172,0.5021,0.5379,11
401815603,MLB,2026-06-03 01:40:00+00:00,Seattle Mariners,New York Mets,0.5793,0.4207,0.6025,0.4374,11
401815608,MLB,2026-06-03 17:05:00+00:00,Washington Nationals,Miami Marlins,0.4931,0.5069,0.511,0.5253,8
401815606,MLB,2026-06-03 17:10:00+00:00,Tampa Bay Rays,Detroit Tigers,0.565,0.435,0.5862,0.4513,8
401815612,MLB,2026-06-03 17:40:00+00:00,Minnesota Twins,Chicago White Sox,0.5731,0.4269,0.5945,0.4428,8
401815618,MLB,2026-06-03 19:40:00+00:00,Seattle Mariners,New York Mets,0.5642,0.4358,0.5868,0.4533,11
401815609,MLB,2026-06-03 22:40:00+00:00,Philadelphia Phillies,San Diego Padres,0.6724,0.3276,0.6981,0.3401,8
401815604,MLB,2026-06-03 22:45:00+00:00,Boston Red Sox,Baltimore Orioles,0.5779,0.4221,0.5989,0.4375,8
401815605,MLB,2026-06-03 23:05:00+00:00,New York Yankees,Cleveland Guardians,0.5514,0.4486,0.5707,0.4644,8
401815607,MLB,2026-06-03 23:10:00+00:00,Cincinnati Reds,Kansas City Royals,0.5902,0.4098,0.6113,0.4245,8
401815610,MLB,2026-06-03 23:15:00+00:00,Atlanta Braves,Toronto Blue Jays,0.5764,0.4236,0.5976,0.4391,8
401815614,MLB,2026-06-03 23:40:00+00:00,Milwaukee Brewers,San Francisco Giants,0.5509,0.4491,0.5709,0.4655,8
401815615,MLB,2026-06-03 23:45:00+00:00,St. Louis Cardinals,Texas Rangers,0.5157,0.4843,0.5355,0.503,8
401815611,MLB,2026-06-04 00:05:00+00:00,Chicago Cubs,Athletics,0.5536,0.4464,0.5748,0.4635,10
401815613,MLB,2026-06-04 00:10:00+00:00,Houston Astros,Pittsburgh Pirates,0.4361,0.5639,0.4533,0.5863,10
401815616,MLB,2026-06-04 01:38:00+00:00,Los Angeles Angels,Colorado Rockies,0.569,0.431,0.5926,0.4489,11
401815617,MLB,2026-06-04 01:40:00+00:00,Arizona Diamondbacks,Los Angeles Dodgers,0.3463,0.6537,0.3598,0.6791,11
401815621,MLB,2026-06-04 17:05:00+00:00,Philadelphia Phillies,San Diego Padres,0.6553,0.3447,0.6812,0.3584,11
401815619,MLB,2026-06-04 17:35:00+00:00,Boston Red Sox,Baltimore Orioles,0.5217,0.4783,0.5427,0.4976,11
401815620,MLB,2026-06-04 17:35:00+00:00,New York Yankees,Cleveland Guardians,0.6012,0.3988,0.6251,0.4147,11
401815626,MLB,2026-06-04 18:10:00+00:00,Milwaukee Brewers,San Francisco Giants,0.6325,0.3675,0.6576,0.382,11
401815622,MLB,2026-06-04 23:15:00+00:00,Atlanta Braves,Toronto Blue Jays,0.6948,0.3052,0.7233,0.3177,11
401815624,MLB,2026-06-04 23:40:00+00:00,Minnesota Twins,Kansas City Royals,0.4871,0.5129,0.5065,0.5333,11
401815623,MLB,2026-06-05 00:05:00+00:00,Chicago Cubs,Athletics,0.5653,0.4347,0.5877,0.452,11
401815625,MLB,2026-06-05 00:10:00+00:00,Houston Astros,Pittsburgh Pirates,0.5081,0.4919,0.528,0.5112,11
401815627,MLB,2026-06-05 01:40:00+00:00,Arizona Diamondbacks,Los Angeles Dodgers,0.439,0.561,0.4567,0.5836,11
401815638,MLB,2026-06-05 18:20:00+00:00,Chicago Cubs,San Francisco Giants,0.6215,0.3785,0.6456,0.3932,11
401815630,MLB,2026-06-05 22:40:00+00:00,Philadelphia Phillies,Chicago White Sox,0.6285,0.3715,0.6533,0.3862,11
401815632,MLB,2026-06-05 22:40:00+00:00,Detroit Tigers,Seattle Mariners,0.4708,0.5292,0.489,0.5495,11
401815629,MLB,2026-06-05 23:05:00+00:00,New York Yankees,Boston Red Sox,0.5637,0.4363,0.5862,0.4537,11
401815628,MLB,2026-06-05 23:07:00+00:00,Toronto Blue Jays,Baltimore Orioles,0.567,0.433,0.5894,0.4502,11
401815633,MLB,2026-06-05 23:10:00+00:00,Miami Marlins,Tampa Bay Rays,0.4554,0.5446,0.4732,0.5659,11
401815631,MLB,2026-06-05 23:15:00+00:00,Atlanta Braves,Pittsburgh Pirates,0.5765,0.4235,0.5989,0.4399,11
401815634,MLB,2026-06-06 00:10:00+00:00,Houston Astros,Athletics,0.5021,0.4979,0.5226,0.5182,11
401815635,MLB,2026-06-06 00:15:00+00:00,St. Louis Cardinals,Cincinnati Reds,0.5644,0.4356,0.5867,0.4529,11
401815636,MLB,2026-06-06 00:15:00+00:00,Texas Rangers,Cleveland Guardians,0.4632,0.5368,0.4817,0.5581,11
401815637,MLB,2026-06-06 00:15:00+00:00,Minnesota Twins,Kansas City Royals,0.5134,0.4866,0.5339,0.506,11
401815639,MLB,2026-06-06 00:40:00+00:00,Colorado Rockies,Milwaukee Brewers,0.4128,0.5872,0.4286,0.6095,11
401815641,MLB,2026-06-06 01:40:00+00:00,San Diego Padres,New York Mets,0.5405,0.4595,0.5611,0.4771,11
401815642,MLB,2026-06-06 01:40:00+00:00,Arizona Diamondbacks,Washington Nationals,0.5454,0.4546,0.5667,0.4724,11
401815640,MLB,2026-06-06 02:10:00+00:00,Los Angeles Dodgers,Los Angeles Angels,0.6383,0.3617,0.6635,0.376,11
401815647,MLB,2026-06-06 17:10:00+00:00,Detroit Tigers,Seattle Mariners,0.4628,0.5372,0.4806,0.5579,11
401815652,MLB,2026-06-06 18:10:00+00:00,Minnesota Twins,Kansas City Royals,0.5668,0.4332,0.5898,0.4508,11
401815650,MLB,2026-06-06 18:15:00+00:00,St. Louis Cardinals,Cincinnati Reds,0.5369,0.4631,0.5576,0.481,11
401815653,MLB,2026-06-06 18:20:00+00:00,Chicago Cubs,San Francisco Giants,0.5806,0.4194,0.6025,0.4352,11
401815643,MLB,2026-06-06 19:07:00+00:00,Toronto Blue Jays,Baltimore Orioles,0.5141,0.4859,0.5351,0.5057,11
401815645,MLB,2026-06-06 20:05:00+00:00,Philadelphia Phillies,Chicago White Sox,0.5612,0.4388,0.5833,0.4562,11
401815646,MLB,2026-06-06 20:10:00+00:00,Atlanta Braves,Pittsburgh Pirates,0.5103,0.4897,0.531,0.5095,11
401815648,MLB,2026-06-06 20:10:00+00:00,Miami Marlins,Tampa Bay Rays,0.4561,0.5439,0.4738,0.5651,11
401815649,MLB,2026-06-06 20:10:00+00:00,Houston Astros,Athletics,0.538,0.462,0.5585,0.4796,11
401815657,MLB,2026-06-06 20:10:00+00:00,Arizona Diamondbacks,Washington Nationals,0.5819,0.4181,0.6052,0.4348,11
401815651,MLB,2026-06-06 23:35:00+00:00,Texas Rangers,Cleveland Guardians,0.5318,0.4682,0.5525,0.4865,11
401815654,MLB,2026-06-07 01:10:00+00:00,Colorado Rockies,Milwaukee Brewers,0.2775,0.7225,0.2888,0.7519,11
401815655,MLB,2026-06-07 02:10:00+00:00,Los Angeles Dodgers,Los Angeles Angels,0.7518,0.2482,0.7808,0.2578,11
401815656,MLB,2026-06-07 02:10:00+00:00,San Diego Padres,New York Mets,0.4683,0.5317,0.4863,0.5523,11
401815659,MLB,2026-06-07 17:35:00+00:00,New York Yankees,Boston Red Sox,0.5765,0.4235,0.5989,0.44,10
401815660,MLB,2026-06-07 17:35:00+00:00,Philadelphia Phillies,Chicago White Sox,0.6046,0.3954,0.629,0.4114,10
401815661,MLB,2026-06-07 17:35:00+00:00,Atlanta Braves,Pittsburgh Pirates,0.5806,0.4194,0.6036,0.436,10
401815658,MLB,2026-06-07 17:37:00+00:00,Toronto Blue Jays,Baltimore Orioles,0.5551,0.4449,0.5769,0.4623,10
401815662,MLB,2026-06-07 17:40:00+00:00,Detroit Tigers,Seattle Mariners,0.5187,0.4813,0.5395,0.5006,10
401815663,MLB,2026-06-07 17:40:00+00:00,Miami Marlins,Tampa Bay Rays,0.4961,0.5039,0.5164,0.5246,10
401815664,MLB,2026-06-07 18:10:00+00:00,Houston Astros,Athletics,0.503,0.497,0.5231,0.5168,11
401815667,MLB,2026-06-07 18:10:00+00:00,Minnesota Twins,Kansas City Royals,0.4751,0.5249,0.4938,0.5456,11
401815665,MLB,2026-06-07 18:15:00+00:00,St. Louis Cardinals,Cincinnati Reds,0.5782,0.4218,0.6009,0.4383,11
401815666,MLB,2026-06-07 18:35:00+00:00,Texas Rangers,Cleveland Guardians,0.5694,0.4306,0.5915,0.4473,11
401815669,MLB,2026-06-07 19:10:00+00:00,Colorado Rockies,Milwaukee Brewers,0.3728,0.6272,0.3877,0.6521,11
401815672,MLB,2026-06-07 19:15:00+00:00,Arizona Diamondbacks,Washington Nationals,0.5479,0.4521,0.5689,0.4695,11
401815670,MLB,2026-06-07 20:10:00+00:00,Los Angeles Dodgers,Los Angeles Angels,0.6924,0.3076,0.7209,0.3203,11
401815671,MLB,2026-06-07 20:10:00+00:00,San Diego Padres,New York Mets,0.4964,0.5036,0.5164,0.5239,11
401815668,MLB,2026-06-08 00:30:00+00:00,Chicago Cubs,San Francisco Giants,0.5359,0.4641,0.5568,0.4821,11
401815676,MLB,2026-06-08 22:35:00+00:00,Baltimore Orioles,Seattle Mariners,0.4666,0.5334,0.4846,0.554,11
401815673,MLB,2026-06-08 22:40:00+00:00,Tampa Bay Rays,Boston Red Sox,0.4948,0.5052,0.5151,0.526,11
401815674,MLB,2026-06-08 22:40:00+00:00,Cleveland Guardians,New York Yankees,0.5413,0.4587,0.5622,0.4763,11
401815675,MLB,2026-06-08 23:07:00+00:00,Toronto Blue Jays,Philadelphia Phillies,0.3794,0.6206,0.3942,0.6448,11
401815678,MLB,2026-06-09 01:38:00+00:00,Los Angeles Angels,Houston Astros,0.457,0.543,0.4752,0.5645,11
401815677,MLB,2026-06-09 01:40:00+00:00,San Diego Padres,Cincinnati Reds,0.5538,0.4462,0.5754,0.4636,11
401815680,MLB,2026-06-09 01:45:00+00:00,San Francisco Giants,Washington Nationals,0.5774,0.4226,0.5999,0.439,11
401815679,MLB,2026-06-09 02:05:00+00:00,Athletics,Milwaukee Brewers,0.4167,0.5833,0.433,0.6062,11
401815687,MLB,2026-06-09 22:35:00+00:00,Baltimore Orioles,Seattle Mariners,0.4709,0.5291,0.4892,0.5498,11
401815681,MLB,2026-06-09 22:40:00+00:00,Miami Marlins,Arizona Diamondbacks,0.5575,0.4425,0.58,0.4604,11
401815682,MLB,2026-06-09 22:40:00+00:00,Tampa Bay Rays,Boston Red Sox,0.4745,0.5255,0.4935,0.5465,11
401815683,MLB,2026-06-09 22:40:00+00:00,Pittsburgh Pirates,Los Angeles Dodgers,0.5191,0.4809,0.5396,0.5,11
401815684,MLB,2026-06-09 22:40:00+00:00,Detroit Tigers,Minnesota Twins,0.5405,0.4595,0.5619,0.4776,11
401815685,MLB,2026-06-09 22:40:00+00:00,Cleveland Guardians,New York Yankees,0.4749,0.5251,0.4938,0.5459,11
401815686,MLB,2026-06-09 23:07:00+00:00,Toronto Blue Jays,Philadelphia Phillies,0.4996,0.5004,0.5194,0.5202,11
401815688,MLB,2026-06-09 23:10:00+00:00,New York Mets,St. Louis Cardinals,0.545,0.455,0.5662,0.4728,11
401815689,MLB,2026-06-09 23:40:00+00:00,Chicago White Sox,Atlanta Braves,0.412,0.588,0.4281,0.611,11
401815690,MLB,2026-06-09 23:40:00+00:00,Kansas City Royals,Texas Rangers,0.4642,0.5358,0.4823,0.5567,11
401815691,MLB,2026-06-10 00:40:00+00:00,Colorado Rockies,Chicago Cubs,0.4063,0.5937,0.4217,0.6163,11
401815693,MLB,2026-06-10 01:38:00+00:00,Los Angeles Angels,Houston Astros,0.4676,0.5324,0.4855,0.5528,11
401815692,MLB,2026-06-10 01:40:00+00:00,San Diego Padres,Cincinnati Reds,0.4481,0.5519,0.4658,0.5736,11
401815695,MLB,2026-06-10 01:45:00+00:00,San Francisco Giants,Washington Nationals,0.5014,0.4986,0.5216,0.5187,11
401815694,MLB,2026-06-10 02:05:00+00:00,Athletics,Milwaukee Brewers,0.5008,0.4992,0.5212,0.5196,11
401815697,MLB,2026-06-10 17:10:00+00:00,Tampa Bay Rays,Boston Red Sox,0.5954,0.4046,0.6188,0.4204,11
401815700,MLB,2026-06-10 17:10:00+00:00,Cleveland Guardians,New York Yankees,0.52,0.48,0.5409,0.4992,11
401815710,MLB,2026-06-10 19:45:00+00:00,San Francisco Giants,Washington Nationals,0.5067,0.4933,0.5275,0.5134,11
401815707,MLB,2026-06-10 20:10:00+00:00,San Diego Padres,Cincinnati Reds,0.596,0.404,0.6195,0.4199,11
401815702,MLB,2026-06-10 22:35:00+00:00,Baltimore Orioles,Seattle Mariners,0.4919,0.5081,0.5117,0.5284,11
401815696,MLB,2026-06-10 22:40:00+00:00,Miami Marlins,Arizona Diamondbacks,0.4849,0.5151,0.5045,0.5358,11
401815698,MLB,2026-06-10 22:40:00+00:00,Pittsburgh Pirates,Los Angeles Dodgers,0.3523,0.6477,0.3662,0.6733,11
401815699,MLB,2026-06-10 22:40:00+00:00,Detroit Tigers,Minnesota Twins,0.6098,0.3902,0.6342,0.4058,11
401815701,MLB,2026-06-10 23:07:00+00:00,Toronto Blue Jays,Philadelphia Phillies,0.4476,0.5524,0.4652,0.5742,11
401815703,MLB,2026-06-10 23:10:00+00:00,New York Mets,St. Louis Cardinals,0.5524,0.4476,0.5739,0.465,11
401815704,MLB,2026-06-10 23:40:00+00:00,Chicago White Sox,Atlanta Braves,0.4194,0.5806,0.4354,0.6029,11
401815705,MLB,2026-06-10 23:40:00+00:00,Kansas City Royals,Texas Rangers,0.4812,0.5188,0.5004,0.5395,11
401815706,MLB,2026-06-11 00:40:00+00:00,Colorado Rockies,Chicago Cubs,0.3913,0.6087,0.4069,0.633,11
401815709,MLB,2026-06-11 01:05:00+00:00,Athletics,Milwaukee Brewers,0.5022,0.4978,0.5226,0.518,11
401815708,MLB,2026-06-11 01:38:00+00:00,Los Angeles Angels,Houston Astros,0.5281,0.4719,0.5495,0.4911,11
401815711,MLB,2026-06-11 17:10:00+00:00,Miami Marlins,Arizona Diamondbacks,0.5378,0.4622,0.5585,0.4799,11
401815713,MLB,2026-06-11 17:10:00+00:00,Detroit Tigers,Minnesota Twins,0.5408,0.4592,0.5622,0.4773,11
401815715,MLB,2026-06-11 17:10:00+00:00,New York Mets,St. Louis Cardinals,0.5749,0.4251,0.5975,0.4419,11
401815717,MLB,2026-06-11 18:10:00+00:00,Kansas City Royals,Texas Rangers,0.5175,0.4825,0.5382,0.5019,11
401815718,MLB,2026-06-11 19:10:00+00:00,Colorado Rockies,Chicago Cubs,0.4108,0.5892,0.4265,0.6116,11
401815712,MLB,2026-06-11 22:40:00+00:00,Pittsburgh Pirates,Los Angeles Dodgers,0.3881,0.6119,0.4039,0.6367,11
401815714,MLB,2026-06-11 23:00:00+00:00,Baltimore Orioles,Seattle Mariners,0.4894,0.5106,0.5098,0.5319,11
401815722,MLB,2026-06-12 22:40:00+00:00,Pittsburgh Pirates,Miami Marlins,0.5675,0.4325,0.5902,0.4498,11
401815725,MLB,2026-06-12 22:45:00+00:00,Washington Nationals,Seattle Mariners,0.4313,0.5687,0.4483,0.5912,11
401815724,MLB,2026-06-12 23:05:00+00:00,Baltimore Orioles,San Diego Padres,0.5417,0.4583,0.5628,0.4761,11
401815721,MLB,2026-06-12 23:10:00+00:00,Cleveland Guardians,Detroit Tigers,0.5308,0.4692,0.5521,0.4881,11
401815726,MLB,2026-06-12 23:10:00+00:00,Boston Red Sox,Texas Rangers,0.5477,0.4523,0.5692,0.47,11
401815719,MLB,2026-06-12 23:15:00+00:00,Cincinnati Reds,Arizona Diamondbacks,0.5127,0.4873,0.5333,0.5068,11
401815720,MLB,2026-06-12 23:15:00+00:00,New York Mets,Atlanta Braves,0.5367,0.4633,0.5579,0.4817,11
401815723,MLB,2026-06-12 23:37:00+00:00,Toronto Blue Jays,New York Yankees,0.5259,0.4741,0.5468,0.493,11
401815728,MLB,2026-06-12 23:40:00+00:00,Chicago White Sox,Los Angeles Dodgers,0.4183,0.5817,0.4345,0.6042,11
401815729,MLB,2026-06-12 23:40:00+00:00,Milwaukee Brewers,Philadelphia Phillies,0.6851,0.3149,0.713,0.3277,11
401815727,MLB,2026-06-13 00:10:00+00:00,Kansas City Royals,Houston Astros,0.5017,0.4983,0.5219,0.5184,11
401815730,MLB,2026-06-13 00:10:00+00:00,Minnesota Twins,St. Louis Cardinals,0.5518,0.4482,0.5733,0.4657,11
401815733,MLB,2026-06-13 01:38:00+00:00,Los Angeles Angels,Tampa Bay Rays,0.4031,0.5969,0.4187,0.6199,11
401815732,MLB,2026-06-13 02:05:00+00:00,Athletics,Colorado Rockies,0.6602,0.3398,0.6864,0.3533,11
401815731,MLB,2026-06-13 02:15:00+00:00,San Francisco Giants,Chicago Cubs,0.5367,0.4633,0.5576,0.4813,11
401815745,MLB,2026-06-13 18:10:00+00:00,Minnesota Twins,St. Louis Cardinals,0.4923,0.5077,0.512,0.528,11
401815738,MLB,2026-06-13 19:07:00+00:00,Toronto Blue Jays,New York Yankees,0.482,0.518,0.5012,0.5385,11
401815737,MLB,2026-06-13 20:05:00+00:00,Pittsburgh Pirates,Miami Marlins,0.5088,0.4912,0.5298,0.5114,11
401815739,MLB,2026-06-13 20:05:00+00:00,Baltimore Orioles,San Diego Padres,0.5285,0.4715,0.5493,0.49,11
401815740,MLB,2026-06-13 20:05:00+00:00,Washington Nationals,Seattle Mariners,0.519,0.481,0.54,0.5004,11
401815734,MLB,2026-06-13 20:10:00+00:00,Cincinnati Reds,Arizona Diamondbacks,0.4284,0.5716,0.4451,0.594,11
401815735,MLB,2026-06-13 20:10:00+00:00,New York Mets,Atlanta Braves,0.5207,0.4793,0.5417,0.4987,11
401815736,MLB,2026-06-13 20:10:00+00:00,Cleveland Guardians,Detroit Tigers,0.4392,0.5608,0.4569,0.5833,11
401815741,MLB,2026-06-13 20:10:00+00:00,Boston Red Sox,Texas Rangers,0.5292,0.4708,0.5496,0.489,11
401815743,MLB,2026-06-13 20:10:00+00:00,Chicago White Sox,Los Angeles Dodgers,0.3506,0.6494,0.3642,0.6745,11
401815742,MLB,2026-06-13 23:10:00+00:00,Kansas City Royals,Houston Astros,0.5447,0.4553,0.5659,0.473,11
401815744,MLB,2026-06-13 23:10:00+00:00,Milwaukee Brewers,Philadelphia Phillies,0.5976,0.4024,0.6211,0.4182,11
401815746,MLB,2026-06-14 02:05:00+00:00,San Francisco Giants,Chicago Cubs,0.4783,0.5217,0.4975,0.5427,11
401815747,MLB,2026-06-14 02:05:00+00:00,Athletics,Colorado Rockies,0.5832,0.4168,0.6055,0.4327,11
401815748,MLB,2026-06-14 02:07:00+00:00,Los Angeles Angels,Tampa Bay Rays,0.4838,0.5162,0.5028,0.5365,11
401815752,MLB,2026-06-14 16:15:00+00:00,Pittsburgh Pirates,Miami Marlins,0.5874,0.4126,0.6103,0.4287,11
401815754,MLB,2026-06-14 17:35:00+00:00,Baltimore Orioles,San Diego Padres,0.558,0.442,0.5796,0.4592,11
401815755,MLB,2026-06-14 17:35:00+00:00,Washington Nationals,Seattle Mariners,0.4541,0.5459,0.4719,0.5674,11
401815753,MLB,2026-06-14 17:37:00+00:00,Toronto Blue Jays,New York Yankees,0.4576,0.5424,0.4754,0.5636,11
401815749,MLB,2026-06-14 17:40:00+00:00,Cincinnati Reds,Arizona Diamondbacks,0.4846,0.5154,0.5042,0.5362,11
401815750,MLB,2026-06-14 17:40:00+00:00,New York Mets,Atlanta Braves,0.5341,0.4659,0.5551,0.4841,11
401815757,MLB,2026-06-14 18:10:00+00:00,Kansas City Royals,Houston Astros,0.521,0.479,0.5422,0.4985,11
401815758,MLB,2026-06-14 18:10:00+00:00,Chicago White Sox,Los Angeles Dodgers,0.3604,0.6396,0.3746,0.6647,11
401815759,MLB,2026-06-14 18:10:00+00:00,Milwaukee Brewers,Philadelphia Phillies,0.4582,0.5418,0.4765,0.5633,11
401815760,MLB,2026-06-14 18:10:00+00:00,Minnesota Twins,St. Louis Cardinals,0.5051,0.4949,0.5257,0.5151,11
401815762,MLB,2026-06-14 19:05:00+00:00,Athletics,Colorado Rockies,0.6381,0.3619,0.6635,0.3763,11
401815761,MLB,2026-06-14 19:10:00+00:00,San Francisco Giants,Chicago Cubs,0.5492,0.4508,0.57,0.4679,11
401815763,MLB,2026-06-14 20:07:00+00:00,Los Angeles Angels,Tampa Bay Rays,0.4714,0.5286,0.4897,0.5492,11
401815756,MLB,2026-06-14 23:20:00+00:00,Boston Red Sox,Texas Rangers,0.5153,0.4847,0.5364,0.5045,11
401815765,MLB,2026-06-15 22:40:00+00:00,Philadelphia Phillies,Miami Marlins,0.6357,0.3643,0.6607,0.3787,11
401815764,MLB,2026-06-15 22:45:00+00:00,Washington Nationals,Kansas City Royals,0.5514,0.4486,0.5727,0.466,11
401815766,MLB,2026-06-15 23:10:00+00:00,Cincinnati Reds,New York Mets,0.5541,0.4459,0.5757,0.4632,11
401815770,MLB,2026-06-15 23:45:00+00:00,St. Louis Cardinals,San Diego Padres,0.5955,0.4045,0.6188,0.4203,11
401815767,MLB,2026-06-16 00:05:00+00:00,Chicago Cubs,Colorado Rockies,0.6676,0.3324,0.6945,0.3457,11
401815769,MLB,2026-06-16 00:05:00+00:00,Texas Rangers,Minnesota Twins,0.576,0.424,0.5982,0.4404,11
401815768,MLB,2026-06-16 00:10:00+00:00,Houston Astros,Detroit Tigers,0.5287,0.4713,0.5495,0.4899,11
401815771,MLB,2026-06-16 01:40:00+00:00,Arizona Diamondbacks,Los Angeles Angels,0.5632,0.4368,0.5855,0.454,11
401815772,MLB,2026-06-16 01:40:00+00:00,Athletics,Pittsburgh Pirates,0.5333,0.4667,0.5539,0.4847,11
401815773,MLB,2026-06-16 02:00:00+00:00,Los Angeles Dodgers,Tampa Bay Rays,0.6246,0.3754,0.6494,0.3902,11
401815776,MLB,2026-06-16 22:40:00+00:00,Philadelphia Phillies,Miami Marlins,0.615,0.385,0.639,0.4001,11
401815775,MLB,2026-06-16 22:45:00+00:00,Washington Nationals,Kansas City Royals,0.553,0.447,0.5745,0.4644,11
401815779,MLB,2026-06-16 22:45:00+00:00,Boston Red Sox,Toronto Blue Jays,0.4772,0.5228,0.496,0.5434,11
401815774,MLB,2026-06-16 23:05:00+00:00,New York Yankees,Chicago White Sox,0.5729,0.4271,0.5953,0.4438,11
401815777,MLB,2026-06-16 23:10:00+00:00,Cincinnati Reds,New York Mets,0.484,0.516,0.5035,0.5368,11
401815778,MLB,2026-06-16 23:15:00+00:00,Atlanta Braves,San Francisco Giants,0.6134,0.3866,0.6378,0.402,11
401815780,MLB,2026-06-16 23:40:00+00:00,Milwaukee Brewers,Cleveland Guardians,0.582,0.418,0.6046,0.4341,11
401815784,MLB,2026-06-16 23:45:00+00:00,St. Louis Cardinals,San Diego Padres,0.5179,0.4821,0.5387,0.5015,11
401815781,MLB,2026-06-17 00:05:00+00:00,Chicago Cubs,Colorado Rockies,0.6502,0.3498,0.6758,0.3636,11
401815783,MLB,2026-06-17 00:05:00+00:00,Texas Rangers,Minnesota Twins,0.5418,0.4582,0.5628,0.4759,11
401815782,MLB,2026-06-17 00:10:00+00:00,Houston Astros,Detroit Tigers,0.6076,0.3924,0.6319,0.408,11
401815785,MLB,2026-06-17 01:40:00+00:00,Arizona Diamondbacks,Los Angeles Angels,0.4992,0.5008,0.5195,0.5212,11
401815786,MLB,2026-06-17 01:40:00+00:00,Seattle Mariners,Baltimore Orioles,0.5748,0.4252,0.5969,0.4416,11
401815787,MLB,2026-06-17 01:40:00+00:00,Athletics,Pittsburgh Pirates,0.5677,0.4323,0.5899,0.4491,11
401815788,MLB,2026-06-17 02:10:00+00:00,Los Angeles Dodgers,Tampa Bay Rays,0.5644,0.4356,0.5874,0.4533,11
401815792,MLB,2026-06-17 16:40:00+00:00,Cincinnati Reds,New York Mets,0.451,0.549,0.4683,0.57,11
401815790,MLB,2026-06-17 17:05:00+00:00,Washington Nationals,Kansas City Royals,0.5451,0.4549,0.5666,0.4728,11
401815791,MLB,2026-06-17 17:05:00+00:00,Philadelphia Phillies,Miami Marlins,0.5228,0.4772,0.5434,0.496,11
401815797,MLB,2026-06-17 18:10:00+00:00,Houston Astros,Detroit Tigers,0.5024,0.4976,0.5227,0.5177,11
401815798,MLB,2026-06-17 18:15:00+00:00,St. Louis Cardinals,San Diego Padres,0.5399,0.4601,0.5608,0.478,11
401815802,MLB,2026-06-17 19:10:00+00:00,Los Angeles Dodgers,Tampa Bay Rays,0.5859,0.4141,0.6086,0.4301,11
401815799,MLB,2026-06-17 19:40:00+00:00,Arizona Diamondbacks,Los Angeles Angels,0.6134,0.3866,0.6378,0.402,11
401815794,MLB,2026-06-17 22:45:00+00:00,Boston Red Sox,Toronto Blue Jays,0.5289,0.4711,0.5496,0.4894,11
401815789,MLB,2026-06-17 23:05:00+00:00,New York Yankees,Chicago White Sox,0.6128,0.3872,0.6373,0.4026,11
401815793,MLB,2026-06-17 23:15:00+00:00,Atlanta Braves,San Francisco Giants,0.5586,0.4414,0.5809,0.459,11
401815795,MLB,2026-06-17 23:40:00+00:00,Milwaukee Brewers,Cleveland Guardians,0.5361,0.4639,0.5565,0.4815,11
401815796,MLB,2026-06-18 00:05:00+00:00,Chicago Cubs,Colorado Rockies,0.6482,0.3518,0.6737,0.3656,11
401815800,MLB,2026-06-18 01:40:00+00:00,Seattle Mariners,Baltimore Orioles,0.548,0.452,0.5692,0.4695,11
401815801,MLB,2026-06-18 01:40:00+00:00,Athletics,Pittsburgh Pirates,0.4477,0.5523,0.4652,0.5739,11
401815806,MLB,2026-06-18 17:35:00+00:00,Boston Red Sox,Toronto Blue Jays,0.5573,0.4427,0.5794,0.4603,11
401815807,MLB,2026-06-18 18:10:00+00:00,Milwaukee Brewers,Cleveland Guardians,0.5742,0.4258,0.596,0.442,11
401815808,MLB,2026-06-18 18:35:00+00:00,Texas Rangers,Minnesota Twins,0.4701,0.5299,0.4883,0.5504,11
401815811,MLB,2026-06-18 20:10:00+00:00,Seattle Mariners,Baltimore Orioles,0.5489,0.4511,0.5702,0.4686,11
401815804,MLB,2026-06-18 22:40:00+00:00,Philadelphia Phillies,New York Mets,0.5274,0.4726,0.5476,0.4907,11
401815803,MLB,2026-06-18 23:05:00+00:00,New York Yankees,Chicago White Sox,0.602,0.398,0.6254,0.4135,11
401815809,MLB,2026-06-18 23:40:00+00:00,Kansas City Royals,St. Louis Cardinals,0.51,0.49,0.5304,0.5096,11
401815810,MLB,2026-06-19 01:40:00+00:00,Athletics,Los Angeles Angels,0.6114,0.3886,0.6357,0.4041,11
401815820,MLB,2026-06-19 18:20:00+00:00,Chicago Cubs,Toronto Blue Jays,0.5294,0.4706,0.5501,0.489,11
401815812,MLB,2026-06-19 22:40:00+00:00,Detroit Tigers,Chicago White Sox,0.6459,0.3541,0.6712,0.3679,11
401815813,MLB,2026-06-19 23:05:00+00:00,New York Yankees,Cincinnati Reds,0.7083,0.2917,0.7373,0.3037,11
401815815,MLB,2026-06-19 23:10:00+00:00,Miami Marlins,San Francisco Giants,0.5098,0.4902,0.5302,0.5098,11
401815816,MLB,2026-06-19 23:10:00+00:00,Tampa Bay Rays,Washington Nationals,0.5892,0.4108,0.6122,0.4268,11
401815814,MLB,2026-06-19 23:15:00+00:00,Atlanta Braves,Milwaukee Brewers,0.3885,0.6115,0.4041,0.6359,11
401815818,MLB,2026-06-20 00:05:00+00:00,Texas Rangers,San Diego Padres,0.5916,0.4084,0.6149,0.4244,11
401815817,MLB,2026-06-20 00:10:00+00:00,Houston Astros,Cleveland Guardians,0.536,0.464,0.5564,0.4817,11
401815819,MLB,2026-06-20 00:15:00+00:00,Kansas City Royals,St. Louis Cardinals,0.4755,0.5245,0.4942,0.5451,11
401815821,MLB,2026-06-20 00:40:00+00:00,Colorado Rockies,Pittsburgh Pirates,0.4362,0.5638,0.4533,0.5858,11
401815822,MLB,2026-06-20 01:40:00+00:00,Athletics,Los Angeles Angels,0.5815,0.4185,0.6042,0.4349,11
401815824,MLB,2026-06-20 01:45:00+00:00,Arizona Diamondbacks,Minnesota Twins,0.6069,0.3931,0.6305,0.4083,11
401815823,MLB,2026-06-20 02:10:00+00:00,Los Angeles Dodgers,Baltimore Orioles,0.6501,0.3499,0.6761,0.364,11
401815837,MLB,2026-06-20 02:10:00+00:00,Seattle Mariners,Boston Red Sox,0.513,0.487,0.5336,0.5065,11
401815825,MLB,2026-06-20 17:10:00+00:00,Detroit Tigers,Chicago White Sox,0.5295,0.4705,0.5511,0.4897,11
401815826,MLB,2026-06-20 17:35:00+00:00,New York Yankees,Cincinnati Reds,0.6454,0.3546,0.6712,0.3687,11
401815833,MLB,2026-06-20 18:20:00+00:00,Chicago Cubs,Toronto Blue Jays,0.549,0.451,0.5703,0.4684,11
401815832,MLB,2026-06-20 20:05:00+00:00,Texas Rangers,San Diego Padres,0.5358,0.4642,0.5568,0.4823,11
401815827,MLB,2026-06-20 20:10:00+00:00,Atlanta Braves,Milwaukee Brewers,0.5586,0.4414,0.5812,0.4592,11
401815829,MLB,2026-06-20 20:10:00+00:00,Miami Marlins,San Francisco Giants,0.5695,0.4305,0.5924,0.4478,11
401815830,MLB,2026-06-20 20:10:00+00:00,Tampa Bay Rays,Washington Nationals,0.531,0.469,0.5519,0.4874,11
401815828,MLB,2026-06-20 23:15:00+00:00,Philadelphia Phillies,New York Mets,0.6349,0.3651,0.6599,0.3795,11
401815831,MLB,2026-06-20 23:15:00+00:00,Houston Astros,Cleveland Guardians,0.5807,0.4193,0.6038,0.4359,11
401815834,MLB,2026-06-21 01:10:00+00:00,Colorado Rockies,Pittsburgh Pirates,0.3372,0.6628,0.3507,0.6894,11
401815835,MLB,2026-06-21 02:05:00+00:00,Athletics,Los Angeles Angels,0.59,0.41,0.613,0.4259,11
401814478,MLB,2026-06-21 02:10:00+00:00,Seattle Mariners,Boston Red Sox,0.5375,0.4625,0.5582,0.4803,11
401815836,MLB,2026-06-21 02:10:00+00:00,Los Angeles Dodgers,Baltimore Orioles,0.7036,0.2964,0.7324,0.3086,11
401815838,MLB,2026-06-21 02:10:00+00:00,Arizona Diamondbacks,Minnesota Twins,0.5236,0.4764,0.5446,0.4956,11
401815840,MLB,2026-06-21 17:35:00+00:00,New York Yankees,Cincinnati Reds,0.5119,0.4881,0.5325,0.5078,11
401815841,MLB,2026-06-21 17:35:00+00:00,Atlanta Braves,Milwaukee Brewers,0.5165,0.4835,0.5374,0.5031,11
401815839,MLB,2026-06-21 17:40:00+00:00,Detroit Tigers,Chicago White Sox,0.5223,0.4777,0.5432,0.4969,11
401815843,MLB,2026-06-21 17:40:00+00:00,Miami Marlins,San Francisco Giants,0.4332,0.5668,0.4504,0.5894,11
401815844,MLB,2026-06-21 17:40:00+00:00,Tampa Bay Rays,Washington Nationals,0.547,0.453,0.5683,0.4705,11
401815845,MLB,2026-06-21 18:10:00+00:00,Houston Astros,Cleveland Guardians,0.5464,0.4536,0.5677,0.4713,11
401815847,MLB,2026-06-21 18:10:00+00:00,Kansas City Royals,St. Louis Cardinals,0.4599,0.5401,0.4775,0.5607,11
401815846,MLB,2026-06-21 18:35:00+00:00,Texas Rangers,San Diego Padres,0.5965,0.4035,0.6201,0.4195,11
401815849,MLB,2026-06-21 19:10:00+00:00,Colorado Rockies,Pittsburgh Pirates,0.4277,0.5723,0.4449,0.5953,11
401815853,MLB,2026-06-21 19:15:00+00:00,Arizona Diamondbacks,Minnesota Twins,0.5527,0.4473,0.5745,0.4649,11
401815850,MLB,2026-06-21 20:05:00+00:00,Athletics,Los Angeles Angels,0.5469,0.4531,0.568,0.4706,11
401815851,MLB,2026-06-21 20:10:00+00:00,Los Angeles Dodgers,Baltimore Orioles,0.6729,0.3271,0.6998,0.3402,11
401815852,MLB,2026-06-21 20:10:00+00:00,Seattle Mariners,Boston Red Sox,0.5403,0.4597,0.5613,0.4775,11
401815842,MLB,2026-06-21 23:20:00+00:00,Philadelphia Phillies,New York Mets,0.622,0.378,0.6464,0.3928,11
401815858,MLB,2026-06-22 22:10:00+00:00,Detroit Tigers,New York Yankees,0.4637,0.5363,0.4817,0.5571,11
401815856,MLB,2026-06-22 22:40:00+00:00,Tampa Bay Rays,Kansas City Royals,0.6263,0.3737,0.651,0.3883,11
401815860,MLB,2026-06-22 22:40:00+00:00,Miami Marlins,Texas Rangers,0.5516,0.4484,0.5736,0.4662,11
401815859,MLB,2026-06-22 22:45:00+00:00,Washington Nationals,Philadelphia Phillies,0.5335,0.4665,0.5548,0.485,11
401815855,MLB,2026-06-22 23:07:00+00:00,Toronto Blue Jays,Houston Astros,0.5445,0.4555,0.566,0.4734,11
401815857,MLB,2026-06-22 23:10:00+00:00,Cincinnati Reds,Milwaukee Brewers,0.4218,0.5782,0.4383,0.6009,11
401815862,MLB,2026-06-22 23:40:00+00:00,Chicago White Sox,Cleveland Guardians,0.4995,0.5005,0.5197,0.5206,11
401815863,MLB,2026-06-22 23:40:00+00:00,Minnesota Twins,Los Angeles Dodgers,0.418,0.582,0.4342,0.6045,11
401815861,MLB,2026-06-22 23:45:00+00:00,St. Louis Cardinals,Arizona Diamondbacks,0.5782,0.4218,0.6002,0.4379,11
401815864,MLB,2026-06-23 00:40:00+00:00,Colorado Rockies,Boston Red Sox,0.439,0.561,0.4564,0.5833,11
401815866,MLB,2026-06-23 01:38:00+00:00,Los Angeles Angels,Baltimore Orioles,0.4054,0.5946,0.4211,0.6176,11
401815865,MLB,2026-06-23 02:00:00+00:00,San Diego Padres,Atlanta Braves,0.5114,0.4886,0.532,0.5082,11
401815868,MLB,2026-06-23 20:07:00+00:00,Toronto Blue Jays,Houston Astros,0.5265,0.4735,0.5475,0.4923,11
401815869,MLB,2026-06-23 22:40:00+00:00,Tampa Bay Rays,Kansas City Royals,0.6277,0.3723,0.6529,0.3872,11
401815871,MLB,2026-06-23 22:40:00+00:00,Detroit Tigers,New York Yankees,0.4871,0.5129,0.5066,0.5334,11
401815873,MLB,2026-06-23 22:40:00+00:00,Pittsburgh Pirates,Seattle Mariners,0.4535,0.5465,0.4708,0.5673,11
401815874,MLB,2026-06-23 22:40:00+00:00,Miami Marlins,Texas Rangers,0.5962,0.4038,0.6191,0.4193,11
401815872,MLB,2026-06-23 22:45:00+00:00,Washington Nationals,Philadelphia Phillies,0.393,0.607,0.4087,0.6312,11
401815867,MLB,2026-06-23 23:10:00+00:00,New York Mets,Chicago Cubs,0.4866,0.5134,0.5064,0.5341,11
401815870,MLB,2026-06-23 23:10:00+00:00,Cincinnati Reds,Milwaukee Brewers,0.505,0.495,0.5254,0.5151,11
401815876,MLB,2026-06-23 23:40:00+00:00,Chicago White Sox,Cleveland Guardians,0.4881,0.5119,0.508,0.5327,11
401815877,MLB,2026-06-23 23:40:00+00:00,Minnesota Twins,Los Angeles Dodgers,0.382,0.618,0.3971,0.6426,11
401815875,MLB,2026-06-23 23:45:00+00:00,St. Louis Cardinals,Arizona Diamondbacks,0.5042,0.4958,0.5244,0.5156,11
401815878,MLB,2026-06-24 00:40:00+00:00,Colorado Rockies,Boston Red Sox,0.4047,0.5953,0.4206,0.6187,11
401815881,MLB,2026-06-24 01:38:00+00:00,Los Angeles Angels,Baltimore Orioles,0.4422,0.5578,0.46,0.5803,11
401815880,MLB,2026-06-24 01:40:00+00:00,San Diego Padres,Atlanta Braves,0.497,0.503,0.517,0.5232,11
401815879,MLB,2026-06-24 01:45:00+00:00,San Francisco Giants,Athletics,0.5664,0.4336,0.5886,0.4506,11
401815889,MLB,2026-06-24 16:10:00+00:00,Miami Marlins,Texas Rangers,0.4696,0.5304,0.4878,0.5508,11
401815891,MLB,2026-06-24 18:10:00+00:00,Chicago White Sox,Cleveland Guardians,0.4894,0.5106,0.5094,0.5313,11
401815893,MLB,2026-06-24 19:10:00+00:00,Colorado Rockies,Boston Red Sox,0.3912,0.6088,0.4068,0.6331,11
401815896,MLB,2026-06-24 20:07:00+00:00,Los Angeles Angels,Baltimore Orioles,0.5133,0.4867,0.5341,0.5063,11
401815884,MLB,2026-06-24 22:40:00+00:00,Tampa Bay Rays,Kansas City Royals,0.5659,0.4341,0.5888,0.4516,11
401815886,MLB,2026-06-24 22:40:00+00:00,Detroit Tigers,New York Yankees,0.5426,0.4574,0.5639,0.4753,11
401815888,MLB,2026-06-24 22:40:00+00:00,Pittsburgh Pirates,Seattle Mariners,0.511,0.489,0.5317,0.5087,11
401815887,MLB,2026-06-24 22:45:00+00:00,Washington Nationals,Philadelphia Phillies,0.4678,0.5322,0.4862,0.5531,11
401815883,MLB,2026-06-24 23:07:00+00:00,Toronto Blue Jays,Houston Astros,0.5634,0.4366,0.5859,0.454,11
401815882,MLB,2026-06-24 23:10:00+00:00,New York Mets,Chicago Cubs,0.4928,0.5072,0.5126,0.5277,11
401815885,MLB,2026-06-24 23:10:00+00:00,Cincinnati Reds,Milwaukee Brewers,0.4546,0.5454,0.472,0.5663,11
401815892,MLB,2026-06-24 23:40:00+00:00,Minnesota Twins,Los Angeles Dodgers,0.4084,0.5916,0.4246,0.6149,11
401815890,MLB,2026-06-24 23:45:00+00:00,St. Louis Cardinals,Arizona Diamondbacks,0.5158,0.4842,0.5367,0.5038,11
401815895,MLB,2026-06-25 00:40:00+00:00,San Diego Padres,Atlanta Braves,0.4835,0.5165,0.5031,0.5375,11
401815894,MLB,2026-06-25 01:45:00+00:00,San Francisco Giants,Athletics,0.4875,0.5125,0.5072,0.5333,11
401815899,MLB,2026-06-25 16:10:00+00:00,Tampa Bay Rays,Kansas City Royals,0.5715,0.4285,0.5944,0.4456,11
401815902,MLB,2026-06-25 16:35:00+00:00,Pittsburgh Pirates,Seattle Mariners,0.4293,0.5707,0.4463,0.5934,11
401815905,MLB,2026-06-25 19:45:00+00:00,San Francisco Giants,Athletics,0.5506,0.4494,0.5721,0.467,11
401815898,MLB,2026-06-25 22:40:00+00:00,Detroit Tigers,Houston Astros,0.5216,0.4784,0.5422,0.4973,11
401815901,MLB,2026-06-25 22:45:00+00:00,Washington Nationals,Philadelphia Phillies,0.3837,0.6163,0.3987,0.6404,11
401815903,MLB,2026-06-25 23:07:00+00:00,Toronto Blue Jays,Texas Rangers,0.5648,0.4352,0.5874,0.4525,11
401815897,MLB,2026-06-25 23:10:00+00:00,New York Mets,Chicago Cubs,0.499,0.501,0.5188,0.5209,11
401815900,MLB,2026-06-25 23:10:00+00:00,Boston Red Sox,New York Yankees,0.4277,0.5723,0.4447,0.595,11
401815907,MLB,2026-06-26 22:40:00+00:00,Pittsburgh Pirates,Cincinnati Reds,0.6217,0.3783,0.6468,0.3935,11
401815908,MLB,2026-06-26 22:40:00+00:00,Detroit Tigers,Houston Astros,0.5079,0.4921,0.5282,0.5117,11
401815913,MLB,2026-06-26 23:05:00+00:00,Baltimore Orioles,Washington Nationals,0.5563,0.4437,0.5785,0.4615,11
401815912,MLB,2026-06-26 23:07:00+00:00,Toronto Blue Jays,Texas Rangers,0.5082,0.4918,0.5287,0.5115,11
401815906,MLB,2026-06-26 23:10:00+00:00,Tampa Bay Rays,Arizona Diamondbacks,0.5532,0.4468,0.5742,0.4638,11
401815909,MLB,2026-06-26 23:10:00+00:00,Boston Red Sox,New York Yankees,0.5245,0.4755,0.5452,0.4943,11
401815910,MLB,2026-06-26 23:10:00+00:00,New York Mets,Philadelphia Phillies,0.4103,0.5897,0.4258,0.6119,11
401815911,MLB,2026-06-26 23:10:00+00:00,Cleveland Guardians,Seattle Mariners,0.5,0.5,0.52,0.5199,11
401815916,MLB,2026-06-26 23:40:00+00:00,Chicago White Sox,Kansas City Royals,0.5407,0.4593,0.5619,0.4773,11
401815914,MLB,2026-06-26 23:45:00+00:00,Milwaukee Brewers,Chicago Cubs,0.6814,0.3186,0.7084,0.3313,11
401815915,MLB,2026-06-27 00:10:00+00:00,Minnesota Twins,Colorado Rockies,0.6141,0.3859,0.6385,0.4013,11
401815917,MLB,2026-06-27 00:15:00+00:00,St. Louis Cardinals,Miami Marlins,0.4979,0.5021,0.5178,0.5221,11
401815918,MLB,2026-06-27 01:38:00+00:00,Los Angeles Angels,Athletics,0.4897,0.5103,0.5098,0.5313,11
401815920,MLB,2026-06-27 01:45:00+00:00,San Diego Padres,Los Angeles Dodgers,0.4257,0.5743,0.442,0.5963,11
401815919,MLB,2026-06-27 02:15:00+00:00,San Francisco Giants,Atlanta Braves,0.471,0.529,0.4892,0.5495,11
401815924,MLB,2026-06-27 17:00:00+00:00,Boston Red Sox,New York Yankees,0.482,0.518,0.5014,0.5388,11
401815923,MLB,2026-06-27 17:10:00+00:00,Detroit Tigers,Houston Astros,0.5529,0.4471,0.5742,0.4642,11
401815927,MLB,2026-06-27 19:07:00+00:00,Toronto Blue Jays,Texas Rangers,0.6343,0.3657,0.6591,0.38,11
401815925,MLB,2026-06-27 20:10:00+00:00,New York Mets,Philadelphia Phillies,0.5461,0.4539,0.5668,0.4711,11
401815931,MLB,2026-06-27 20:10:00+00:00,Chicago White Sox,Kansas City Royals,0.5399,0.4601,0.561,0.4781,11
401815922,MLB,2026-06-27 20:40:00+00:00,Pittsburgh Pirates,Cincinnati Reds,0.4918,0.5082,0.5117,0.5287,11
401815921,MLB,2026-06-27 22:10:00+00:00,Tampa Bay Rays,Arizona Diamondbacks,0.5588,0.4412,0.5813,0.459,11
401815928,MLB,2026-06-27 23:05:00+00:00,Baltimore Orioles,Washington Nationals,0.5102,0.4898,0.5308,0.5096,11
401815926,MLB,2026-06-27 23:10:00+00:00,Cleveland Guardians,Seattle Mariners,0.4257,0.5743,0.442,0.5963,11
401815929,MLB,2026-06-27 23:10:00+00:00,Milwaukee Brewers,Chicago Cubs,0.5851,0.4149,0.6078,0.431,11
401815930,MLB,2026-06-27 23:10:00+00:00,Minnesota Twins,Colorado Rockies,0.5632,0.4368,0.5856,0.4541,11
401815932,MLB,2026-06-27 23:15:00+00:00,St. Louis Cardinals,Miami Marlins,0.5586,0.4414,0.5812,0.4592,11
401815935,MLB,2026-06-28 00:40:00+00:00,San Diego Padres,Los Angeles Dodgers,0.3559,0.6441,0.3702,0.67,11
401815934,MLB,2026-06-28 01:05:00+00:00,San Francisco Giants,Atlanta Braves,0.5424,0.4576,0.5636,0.4756,11
401815933,MLB,2026-06-28 01:38:00+00:00,Los Angeles Angels,Athletics,0.5089,0.4911,0.5292,0.5106,11
401815937,MLB,2026-06-28 17:35:00+00:00,Pittsburgh Pirates,Cincinnati Reds,0.5554,0.4446,0.5769,0.4619,11
401815943,MLB,2026-06-28 17:35:00+00:00,Baltimore Orioles,Washington Nationals,0.6434,0.3566,0.6687,0.3706,11
401815942,MLB,2026-06-28 17:37:00+00:00,Toronto Blue Jays,Texas Rangers,0.543,0.457,0.5639,0.4746,11
401815936,MLB,2026-06-28 17:40:00+00:00,Tampa Bay Rays,Arizona Diamondbacks,0.6378,0.3622,0.6627,0.3763,11
401815938,MLB,2026-06-28 17:40:00+00:00,Detroit Tigers,Houston Astros,0.4889,0.5111,0.5088,0.532,11
401815940,MLB,2026-06-28 17:40:00+00:00,New York Mets,Philadelphia Phillies,0.4048,0.5952,0.4206,0.6184,11
401815941,MLB,2026-06-28 17:40:00+00:00,Cleveland Guardians,Seattle Mariners,0.5313,0.4687,0.5517,0.4868,11
401815944,MLB,2026-06-28 18:10:00+00:00,Milwaukee Brewers,Chicago Cubs,0.5966,0.4034,0.6198,0.4191,11
401815945,MLB,2026-06-28 18:10:00+00:00,Minnesota Twins,Colorado Rockies,0.6017,0.3983,0.6247,0.4135,11
401815946,MLB,2026-06-28 18:10:00+00:00,Chicago White Sox,Kansas City Royals,0.5554,0.4446,0.5769,0.4619,11
401815947,MLB,2026-06-28 18:15:00+00:00,St. Louis Cardinals,Miami Marlins,0.5286,0.4714,0.5498,0.4903,11
401815948,MLB,2026-06-28 19:15:00+00:00,Los Angeles Angels,Athletics,0.501,0.499,0.5212,0.5191,11
401815949,MLB,2026-06-28 20:05:00+00:00,San Francisco Giants,Atlanta Braves,0.3799,0.6201,0.3949,0.6445,11
401815950,MLB,2026-06-28 20:10:00+00:00,San Diego Padres,Los Angeles Dodgers,0.4443,0.5557,0.462,0.5778,11
401815939,MLB,2026-06-28 23:20:00+00:00,Boston Red Sox,New York Yankees,0.5057,0.4943,0.5262,0.5143,11
401815951,MLB,2026-06-29 22:35:00+00:00,Baltimore Orioles,Chicago White Sox,0.5504,0.4496,0.5715,0.4668,11
401815954,MLB,2026-06-29 22:40:00+00:00,Philadelphia Phillies,Pittsburgh Pirates,0.5056,0.4944,0.5257,0.5141,11
401815955,MLB,2026-06-29 23:00:00+00:00,Cleveland Guardians,Texas Rangers,0.5896,0.4104,0.6129,0.4266,11
401815952,MLB,2026-06-29 23:05:00+00:00,New York Yankees,Detroit Tigers,0.5587,0.4413,0.5809,0.4588,11
401815953,MLB,2026-06-29 23:07:00+00:00,Toronto Blue Jays,New York Mets,0.5373,0.4627,0.5584,0.4809,11
401815956,MLB,2026-06-29 23:10:00+00:00,Boston Red Sox,Washington Nationals,0.613,0.387,0.6374,0.4024,11
401815957,MLB,2026-06-29 23:40:00+00:00,Milwaukee Brewers,Cincinnati Reds,0.5535,0.4465,0.5748,0.4638,11
401815959,MLB,2026-06-30 00:05:00+00:00,Chicago Cubs,San Diego Padres,0.5977,0.4023,0.6211,0.4181,11
401815958,MLB,2026-06-30 00:10:00+00:00,Houston Astros,Minnesota Twins,0.5589,0.4411,0.5812,0.4587,11
401815960,MLB,2026-06-30 00:40:00+00:00,Colorado Rockies,Miami Marlins,0.4173,0.5827,0.4338,0.6058,11
401815961,MLB,2026-06-30 01:40:00+00:00,Seattle Mariners,Los Angeles Angels,0.6444,0.3556,0.67,0.3698,11
401815962,MLB,2026-06-30 01:40:00+00:00,Athletics,Los Angeles Dodgers,0.4784,0.5216,0.4981,0.543,11
401815963,MLB,2026-06-30 01:40:00+00:00,Arizona Diamondbacks,San Francisco Giants,0.5515,0.4485,0.5727,0.4658,11
401815964,MLB,2026-06-30 22:35:00+00:00,Baltimore Orioles,Chicago White Sox,0.5716,0.4284,0.594,0.4452,11
401815967,MLB,2026-06-30 22:40:00+00:00,Philadelphia Phillies,Pittsburgh Pirates,0.6579,0.3421,0.6839,0.3556,11
401815969,MLB,2026-06-30 22:40:00+00:00,Cleveland Guardians,Texas Rangers,0.467,0.533,0.4853,0.5539,11
401815965,MLB,2026-06-30 23:05:00+00:00,New York Yankees,Detroit Tigers,0.5045,0.4955,0.5249,0.5155,11
401815966,MLB,2026-06-30 23:07:00+00:00,Toronto Blue Jays,New York Mets,0.4897,0.5103,0.5093,0.5307,11
401815970,MLB,2026-06-30 23:10:00+00:00,Boston Red Sox,Washington Nationals,0.5522,0.4478,0.574,0.4655,11
401815968,MLB,2026-06-30 23:15:00+00:00,Atlanta Braves,St. Louis Cardinals,0.5697,0.4303,0.5928,0.4477,11
401815971,MLB,2026-06-30 23:40:00+00:00,Milwaukee Brewers,Cincinnati Reds,0.6082,0.3918,0.6326,0.4074,11
401815974,MLB,2026-06-30 23:40:00+00:00,Kansas City Royals,Tampa Bay Rays,0.4835,0.5165,0.5029,0.5372,11
401815973,MLB,2026-07-01 00:05:00+00:00,Chicago Cubs,San Diego Padres,0.5817,0.4183,0.6045,0.4347,11
401815972,MLB,2026-07-01 00:10:00+00:00,Houston Astros,Minnesota Twins,0.4918,0.5082,0.5117,0.5287,11
401815975,MLB,2026-07-01 00:40:00+00:00,Colorado Rockies,Miami Marlins,0.4493,0.5507,0.4666,0.5719,11
401815976,MLB,2026-07-01 01:40:00+00:00,Seattle Mariners,Los Angeles Angels,0.6299,0.3701,0.6545,0.3846,11
401815977,MLB,2026-07-01 01:40:00+00:00,Athletics,Los Angeles Dodgers,0.3809,0.6191,0.3961,0.6437,11
401815978,MLB,2026-07-01 01:40:00+00:00,Arizona Diamondbacks,San Francisco Giants,0.5111,0.4889,0.5315,0.5084,11
401809243,NBA,2025-10-21 23:30:00+00:00,Oklahoma City Thunder,Houston Rockets,0.6866,0.3134,0.7157,0.3267,11
401809244,NBA,2025-10-22 02:00:00+00:00,Los Angeles Lakers,Golden State Warriors,0.4393,0.5607,0.4581,0.5847,11
401809234,NBA,2025-10-22 23:00:00+00:00,New York Knicks,Cleveland Cavaliers,0.4656,0.5344,0.4863,0.5582,11
401809933,NBA,2025-10-22 23:00:00+00:00,Charlotte Hornets,Brooklyn Nets,0.6455,0.3545,0.6721,0.3692,11
401809934,NBA,2025-10-22 23:00:00+00:00,Orlando Magic,Miami Heat,0.7434,0.2566,0.7753,0.2676,11
401809935,NBA,2025-10-22 23:30:00+00:00,Atlanta Hawks,Toronto Raptors,0.6622,0.3378,0.6903,0.3522,11
401809936,NBA,2025-10-22 23:30:00+00:00,Boston Celtics,Philadelphia 76ers,0.6333,0.3667,0.6594,0.3818,11
401809937,NBA,2025-10-23 00:00:00+00:00,Chicago Bulls,Detroit Pistons,0.4165,0.5835,0.4343,0.6085,11
401809938,NBA,2025-10-23 00:00:00+00:00,Memphis Grizzlies,New Orleans Pelicans,0.6093,0.3907,0.6341,0.4066,11
401809939,NBA,2025-10-23 00:00:00+00:00,Milwaukee Bucks,Washington Wizards,0.7851,0.2149,0.8185,0.2241,11
401809235,NBA,2025-10-23 01:47:00+00:00,Dallas Mavericks,San Antonio Spurs,0.5962,0.4038,0.6219,0.4211,11
401809941,NBA,2025-10-23 02:00:00+00:00,Phoenix Suns,Sacramento Kings,0.5989,0.4011,0.6234,0.4175,11
401809942,NBA,2025-10-23 02:00:00+00:00,Portland Trail Blazers,Minnesota Timberwolves,0.3603,0.6397,0.3751,0.6659,11
401809236,NBA,2025-10-23 23:30:00+00:00,Indiana Pacers,Oklahoma City Thunder,0.2759,0.7241,0.2881,0.756,11
401809237,NBA,2025-10-24 02:17:00+00:00,Golden State Warriors,Denver Nuggets,0.5151,0.4849,0.5393,0.5077,11
401809946,NBA,2025-10-24 22:30:00+00:00,Toronto Raptors,Milwaukee Bucks,0.5344,0.4656,0.5581,0.4862,11
401809943,NBA,2025-10-24 23:00:00+00:00,Orlando Magic,Atlanta Hawks,0.6646,0.3354,0.6932,0.3498,11
401809944,NBA,2025-10-24 23:30:00+00:00,Brooklyn Nets,Cleveland Cavaliers,0.1701,0.8299,0.1777,0.8669,11
401809945,NBA,2025-10-24 23:30:00+00:00,New York Knicks,Boston Celtics,0.5962,0.4038,0.6205,0.4202,11
401809947,NBA,2025-10-25 00:00:00+00:00,Houston Rockets,Detroit Pistons,0.6905,0.3095,0.7209,0.3232,11
401809948,NBA,2025-10-25 00:00:00+00:00,Memphis Grizzlies,Miami Heat,0.579,0.421,0.6031,0.4385,11
401809949,NBA,2025-10-25 00:00:00+00:00,New Orleans Pelicans,San Antonio Spurs,0.3916,0.6084,0.4076,0.6334,11
401809950,NBA,2025-10-25 00:30:00+00:00,Dallas Mavericks,Washington Wizards,0.7863,0.2137,0.8198,0.2229,11
401809951,NBA,2025-10-25 02:00:00+00:00,Los Angeles Lakers,Minnesota Timberwolves,0.4682,0.5318,0.4883,0.5547,11
401809952,NBA,2025-10-25 02:00:00+00:00,Portland Trail Blazers,Golden State Warriors,0.4206,0.5794,0.4379,0.6032,11
401809953,NBA,2025-10-25 02:00:00+00:00,Sacramento Kings,Utah Jazz,0.6586,0.3414,0.6855,0.3553,11
401809955,NBA,2025-10-25 23:00:00+00:00,Orlando Magic,Chicago Bulls,0.68,0.32,0.7089,0.3335,11
401809956,NBA,2025-10-25 23:30:00+00:00,Atlanta Hawks,Oklahoma City Thunder,0.2516,0.7484,0.2625,0.7808,11
401809957,NBA,2025-10-25 23:30:00+00:00,Philadelphia 76ers,Charlotte Hornets,0.6214,0.3786,0.6467,0.394,11
401809958,NBA,2025-10-26 00:00:00+00:00,Memphis Grizzlies,Indiana Pacers,0.5512,0.4488,0.5751,0.4682,11
401809959,NBA,2025-10-26 01:00:00+00:00,Denver Nuggets,Phoenix Suns,0.8498,0.1502,0.8878,0.157,11
401809960,NBA,2025-10-26 18:00:00+00:00,San Antonio Spurs,Brooklyn Nets,0.8039,0.1961,0.8391,0.2048,11
401809961,NBA,2025-10-26 19:30:00+00:00,Detroit Pistons,Boston Celtics,0.5532,0.4468,0.5772,0.4661,11
401809962,NBA,2025-10-26 22:00:00+00:00,Cleveland Cavaliers,Milwaukee Bucks,0.6918,0.3082,0.7223,0.3217,11
401809963,NBA,2025-10-26 22:00:00+00:00,Miami Heat,New York Knicks,0.4046,0.5954,0.4216,0.6205,11
401809964,NBA,2025-10-26 22:00:00+00:00,Washington Wizards,Charlotte Hornets,0.5289,0.4711,0.5522,0.4918,11
401809965,NBA,2025-10-26 23:00:00+00:00,Minnesota Timberwolves,Indiana Pacers,0.8187,0.1813,0.8541,0.1891,11
401809966,NBA,2025-10-26 23:30:00+00:00,Dallas Mavericks,Toronto Raptors,0.491,0.509,0.5138,0.5327,11
401809968,NBA,2025-10-27 01:00:00+00:00,Sacramento Kings,Los Angeles Lakers,0.5991,0.4009,0.6236,0.4173,11
401809245,NBA,2025-10-27 23:00:00+00:00,Detroit Pistons,Cleveland Cavaliers,0.4596,0.5404,0.4796,0.5638,11
401809969,NBA,2025-10-27 23:00:00+00:00,Philadelphia 76ers,Orlando Magic,0.326,0.674,0.3399,0.7029,11
401809970,NBA,2025-10-28 00:00:00+00:00,Chicago Bulls,Atlanta Hawks,0.4365,0.5635,0.4552,0.5877,11
401809971,NBA,2025-10-28 00:00:00+00:00,Houston Rockets,Brooklyn Nets,0.8873,0.1127,0.9268,0.1177,11
401809972,NBA,2025-10-28 00:00:00+00:00,New Orleans Pelicans,Boston Celtics,0.3749,0.6251,0.39,0.6502,11
401809973,NBA,2025-10-28 00:00:00+00:00,San Antonio Spurs,Toronto Raptors,0.6191,0.3809,0.6449,0.3968,11
401809974,NBA,2025-10-28 00:30:00+00:00,Dallas Mavericks,Oklahoma City Thunder,0.2461,0.7539,0.2567,0.7863,11
401809975,NBA,2025-10-28 01:00:00+00:00,Utah Jazz,Phoenix Suns,0.5268,0.4732,0.5504,0.4944,11
401809246,NBA,2025-10-28 01:30:00+00:00,Minnesota Timberwolves,Denver Nuggets,0.3254,0.6746,0.3391,0.7029,11
401809976,NBA,2025-10-28 02:00:00+00:00,Golden State Warriors,Memphis Grizzlies,0.737,0.263,0.7693,0.2746,11
401809977,NBA,2025-10-28 02:30:00+00:00,Los Angeles Lakers,Portland Trail Blazers,0.4272,0.5728,0.4449,0.5966,11
401809978,NBA,2025-10-28 23:00:00+00:00,Washington Wizards,Philadelphia 76ers,0.3731,0.6269,0.3881,0.6521,11
401809979,NBA,2025-10-28 23:30:00+00:00,Miami Heat,Charlotte Hornets,0.6253,0.3747,0.6509,0.39,11
401809980,NBA,2025-10-29 00:00:00+00:00,Milwaukee Bucks,New York Knicks,0.4541,0.5459,0.4737,0.5695,11
401809981,NBA,2025-10-29 00:00:00+00:00,Oklahoma City Thunder,Sacramento Kings,0.7639,0.2361,0.7971,0.2464,11
401809986,NBA,2025-10-29 22:30:00+00:00,Toronto Raptors,Houston Rockets,0.3372,0.6628,0.352,0.6919,11
401809983,NBA,2025-10-29 23:00:00+00:00,Boston Celtics,Cleveland Cavaliers,0.4058,0.5942,0.4228,0.6191,11
401809984,NBA,2025-10-29 23:00:00+00:00,Detroit Pistons,Orlando Magic,0.4725,0.5275,0.4936,0.5511,11
401809985,NBA,2025-10-29 23:30:00+00:00,Brooklyn Nets,Atlanta Hawks,0.2618,0.7382,0.2734,0.7709,11
401809987,NBA,2025-10-30 00:00:00+00:00,Chicago Bulls,Sacramento Kings,0.6236,0.3764,0.6484,0.3913,11
401809988,NBA,2025-10-30 00:30:00+00:00,Dallas Mavericks,Indiana Pacers,0.673,0.327,0.702,0.3411,11
401809989,NBA,2025-10-30 01:00:00+00:00,Denver Nuggets,New Orleans Pelicans,0.8323,0.1677,0.8696,0.1752,11
401809990,NBA,2025-10-30 01:00:00+00:00,Utah Jazz,Portland Trail Blazers,0.4296,0.5704,0.4476,0.5944,11
401809991,NBA,2025-10-30 01:30:00+00:00,Minnesota Timberwolves,Los Angeles Lakers,0.712,0.288,0.7428,0.3004,11
401809992,NBA,2025-10-30 02:00:00+00:00,Phoenix Suns,Memphis Grizzlies,0.4571,0.5429,0.4767,0.5662,11
401809993,NBA,2025-10-30 23:00:00+00:00,Charlotte Hornets,Orlando Magic,0.4084,0.5916,0.4254,0.6163,11
401809994,NBA,2025-10-31 00:00:00+00:00,Milwaukee Bucks,Golden State Warriors,0.2764,0.7236,0.2884,0.755,11
401809995,NBA,2025-10-31 00:00:00+00:00,Oklahoma City Thunder,Washington Wizards,0.8847,0.1153,0.9229,0.1203,11
401809996,NBA,2025-10-31 00:30:00+00:00,San Antonio Spurs,Miami Heat,0.6735,0.3265,0.7025,0.3406,11
401809502,NBA,2025-10-31 23:00:00+00:00,Indiana Pacers,Atlanta Hawks,0.4481,0.5519,0.4677,0.576,11
401809503,NBA,2025-10-31 23:00:00+00:00,Philadelphia 76ers,Boston Celtics,0.4851,0.5149,0.5074,0.5386,10
401809504,NBA,2025-10-31 23:30:00+00:00,Cleveland Cavaliers,Toronto Raptors,0.6251,0.3749,0.6506,0.3902,11
401809505,NBA,2025-11-01 00:00:00+00:00,Chicago Bulls,New York Knicks,0.3627,0.6373,0.3771,0.6628,11
401809506,NBA,2025-11-01 01:30:00+00:00,Memphis Grizzlies,Los Angeles Lakers,0.4527,0.5473,0.4722,0.5709,11
401809507,NBA,2025-11-01 02:00:00+00:00,Phoenix Suns,Utah Jazz,0.5788,0.4212,0.6028,0.4387,11
401809508,NBA,2025-11-01 02:00:00+00:00,Portland Trail Blazers,Denver Nuggets,0.3349,0.6651,0.3496,0.6945,11
401809997,NBA,2025-11-01 21:00:00+00:00,Milwaukee Bucks,Sacramento Kings,0.6856,0.3144,0.7148,0.3278,11
401809998,NBA,2025-11-01 22:00:00+00:00,Charlotte Hornets,Minnesota Timberwolves,0.3776,0.6224,0.3926,0.6471,11
401809999,NBA,2025-11-01 23:00:00+00:00,Indiana Pacers,Golden State Warriors,0.2031,0.7969,0.2119,0.8315,11
401810000,NBA,2025-11-01 23:00:00+00:00,Washington Wizards,Orlando Magic,0.2402,0.7598,0.2501,0.7908,11
401810001,NBA,2025-11-02 00:00:00+00:00,Boston Celtics,Houston Rockets,0.3656,0.6344,0.3804,0.6601,11
401810002,NBA,2025-11-02 02:00:00+00:00,Detroit Pistons,Dallas Mavericks,0.7158,0.2842,0.747,0.2966,11
401810003,NBA,2025-11-02 20:30:00+00:00,Oklahoma City Thunder,New Orleans Pelicans,0.84,0.16,0.8779,0.1673,11
401810004,NBA,2025-11-02 23:00:00+00:00,Brooklyn Nets,Philadelphia 76ers,0.3689,0.6311,0.3842,0.6572,11
401810005,NBA,2025-11-02 23:00:00+00:00,Charlotte Hornets,Utah Jazz,0.4724,0.5276,0.4934,0.5512,11
401810006,NBA,2025-11-02 23:00:00+00:00,Cleveland Cavaliers,Atlanta Hawks,0.6817,0.3183,0.7107,0.3319,11
401810007,NBA,2025-11-02 23:00:00+00:00,Toronto Raptors,Memphis Grizzlies,0.6187,0.3813,0.6441,0.3969,11
401810008,NBA,2025-11-03 00:00:00+00:00,New York Knicks,Chicago Bulls,0.7132,0.2868,0.7443,0.2993,11
401810009,NBA,2025-11-03 01:00:00+00:00,Phoenix Suns,San Antonio Spurs,0.3446,0.6554,0.3593,0.6834,11
401810010,NBA,2025-11-03 02:30:00+00:00,Los Angeles Lakers,Miami Heat,0.6432,0.3568,0.6695,0.3714,11
401810011,NBA,2025-11-04 00:00:00+00:00,Brooklyn Nets,Minnesota Timberwolves,0.2229,0.7771,0.2322,0.8095,11
401810012,NBA,2025-11-04 00:00:00+00:00,Indiana Pacers,Milwaukee Bucks,0.3312,0.6688,0.3457,0.698,11
401810013,NBA,2025-11-04 00:30:00+00:00,Boston Celtics,Utah Jazz,0.7906,0.2094,0.8246,0.2184,11
401810014,NBA,2025-11-04 00:30:00+00:00,New York Knicks,Washington Wizards,0.8363,0.1637,0.8745,0.1712,11
401810015,NBA,2025-11-04 01:00:00+00:00,Houston Rockets,Dallas Mavericks,0.8335,0.1665,0.8717,0.1741,11
401810016,NBA,2025-11-04 01:00:00+00:00,Memphis Grizzlies,Detroit Pistons,0.3867,0.6133,0.4022,0.6378,11
401810017,NBA,2025-11-04 02:00:00+00:00,Denver Nuggets,Sacramento Kings,0.8131,0.1869,0.8496,0.1954,10
401810018,NBA,2025-11-04 03:00:00+00:00,Portland Trail Blazers,Los Angeles Lakers,0.7626,0.2374,0.796,0.2478,11
401810020,NBA,2025-11-05 00:30:00+00:00,Toronto Raptors,Milwaukee Bucks,0.5476,0.4524,0.5712,0.472,11
401810021,NBA,2025-11-05 01:00:00+00:00,Atlanta Hawks,Orlando Magic,0.3997,0.6003,0.4161,0.625,11
401810022,NBA,2025-11-05 01:00:00+00:00,Chicago Bulls,Philadelphia 76ers,0.5376,0.4624,0.561,0.4825,11
401810023,NBA,2025-11-05 01:00:00+00:00,New Orleans Pelicans,Charlotte Hornets,0.5776,0.4224,0.6018,0.4401,11
401810024,NBA,2025-11-05 03:00:00+00:00,Golden State Warriors,Phoenix Suns,0.7907,0.2093,0.8246,0.2183,11
401810026,NBA,2025-11-06 00:00:00+00:00,Cleveland Cavaliers,Philadelphia 76ers,0.7968,0.2032,0.832,0.2122,10
401810027,NBA,2025-11-06 00:00:00+00:00,Detroit Pistons,Utah Jazz,0.7814,0.2186,0.8157,0.2282,10
401810028,NBA,2025-11-06 00:00:00+00:00,Indiana Pacers,Brooklyn Nets,0.6877,0.3123,0.7174,0.3257,10
401810029,NBA,2025-11-06 00:30:00+00:00,Boston Celtics,Washington Wizards,0.8358,0.1642,0.8719,0.1714,10
401810030,NBA,2025-11-06 00:30:00+00:00,New York Knicks,Minnesota Timberwolves,0.5915,0.4085,0.6156,0.4252,10
401810031,NBA,2025-11-06 01:00:00+00:00,Memphis Grizzlies,Houston Rockets,0.2758,0.7242,0.2879,0.7559,10
401810032,NBA,2025-11-06 01:30:00+00:00,Dallas Mavericks,New Orleans Pelicans,0.7282,0.2718,0.7595,0.2835,10
401810033,NBA,2025-11-06 02:00:00+00:00,Denver Nuggets,Miami Heat,0.7677,0.2323,0.8013,0.2424,10
401810034,NBA,2025-11-06 03:00:00+00:00,Los Angeles Lakers,San Antonio Spurs,0.4857,0.5143,0.5081,0.5381,9
401810035,NBA,2025-11-06 03:00:00+00:00,Portland Trail Blazers,Oklahoma City Thunder,0.3956,0.6044,0.412,0.6294,10
401810036,NBA,2025-11-06 03:00:00+00:00,Sacramento Kings,Golden State Warriors,0.5647,0.4353,0.589,0.4541,10
401809510,NBA,2025-11-08 00:00:00+00:00,Orlando Magic,Boston Celtics,0.6005,0.3995,0.6254,0.416,11
401809511,NBA,2025-11-08 00:00:00+00:00,Washington Wizards,Cleveland Cavaliers,0.1407,0.8593,0.147,0.8973,11
401809512,NBA,2025-11-08 00:30:00+00:00,Atlanta Hawks,Toronto Raptors,0.554,0.446,0.5778,0.4651,11
401809773,NBA,2025-11-08 00:30:00+00:00,Brooklyn Nets,Detroit Pistons,0.2038,0.7962,0.2125,0.8303,11
401809774,NBA,2025-11-08 00:30:00+00:00,San Antonio Spurs,Houston Rockets,0.3907,0.6093,0.4066,0.6341,11
401809775,NBA,2025-11-08 01:00:00+00:00,Miami Heat,Charlotte Hornets,0.6933,0.3067,0.7233,0.32,11
401809776,NBA,2025-11-08 01:00:00+00:00,Memphis Grizzlies,Dallas Mavericks,0.6178,0.3822,0.643,0.3977,11
401809777,NBA,2025-11-08 01:00:00+00:00,Milwaukee Bucks,Chicago Bulls,0.61,0.39,0.6352,0.406,11
401809778,NBA,2025-11-08 01:00:00+00:00,Minnesota Timberwolves,Utah Jazz,0.8322,0.1678,0.8696,0.1754,11
401809779,NBA,2025-11-08 03:00:00+00:00,Denver Nuggets,Golden State Warriors,0.7807,0.2193,0.8142,0.2288,11
401809780,NBA,2025-11-08 03:00:00+00:00,Sacramento Kings,Oklahoma City Thunder,0.1807,0.8193,0.1885,0.8547,11
401810038,NBA,2025-11-09 00:00:00+00:00,Washington Wizards,Dallas Mavericks,0.3836,0.6164,0.3992,0.6415,11
401810039,NBA,2025-11-09 00:30:00+00:00,Philadelphia 76ers,Toronto Raptors,0.6439,0.3561,0.6708,0.371,11
401810040,NBA,2025-11-09 01:00:00+00:00,Atlanta Hawks,Los Angeles Lakers,0.3396,0.6604,0.3547,0.6897,11
401810041,NBA,2025-11-09 01:00:00+00:00,Cleveland Cavaliers,Chicago Bulls,0.7436,0.2564,0.7758,0.2675,11
401810042,NBA,2025-11-09 01:00:00+00:00,Miami Heat,Portland Trail Blazers,0.4042,0.5958,0.4212,0.6208,11
401810043,NBA,2025-11-09 01:00:00+00:00,San Antonio Spurs,New Orleans Pelicans,0.8128,0.1872,0.8489,0.1956,11
401810044,NBA,2025-11-09 02:00:00+00:00,Denver Nuggets,Indiana Pacers,0.7799,0.2201,0.8137,0.2296,11
401810046,NBA,2025-11-09 20:30:00+00:00,Milwaukee Bucks,Houston Rockets,0.3866,0.6134,0.4024,0.6385,11
401810047,NBA,2025-11-09 23:00:00+00:00,New York Knicks,Brooklyn Nets,0.8869,0.1131,0.9252,0.118,11
401810048,NBA,2025-11-09 23:00:00+00:00,Orlando Magic,Boston Celtics,0.5904,0.4096,0.615,0.4267,11
401810049,NBA,2025-11-09 23:00:00+00:00,Memphis Grizzlies,Oklahoma City Thunder,0.1959,0.8041,0.2048,0.8404,11
401810050,NBA,2025-11-10 00:30:00+00:00,Philadelphia 76ers,Detroit Pistons,0.3758,0.6242,0.391,0.6494,11
401810051,NBA,2025-11-10 01:30:00+00:00,Golden State Warriors,Indiana Pacers,0.8319,0.1681,0.8696,0.1758,11
401810052,NBA,2025-11-10 02:00:00+00:00,Sacramento Kings,Minnesota Timberwolves,0.368,0.632,0.3829,0.6575,11
401810053,NBA,2025-11-11 00:00:00+00:00,Charlotte Hornets,Los Angeles Lakers,0.2586,0.7414,0.27,0.7742,11
401810054,NBA,2025-11-11 00:00:00+00:00,Detroit Pistons,Washington Wizards,0.8215,0.1785,0.8561,0.186,11
401810055,NBA,2025-11-11 00:00:00+00:00,Orlando Magic,Portland Trail Blazers,0.533,0.467,0.5567,0.4879,11
401810056,NBA,2025-11-11 00:30:00+00:00,Miami Heat,Cleveland Cavaliers,0.282,0.718,0.2941,0.7488,11
401810057,NBA,2025-11-11 01:00:00+00:00,Chicago Bulls,San Antonio Spurs,0.3622,0.6378,0.3771,0.6639,11
401810058,NBA,2025-11-11 01:30:00+00:00,Dallas Mavericks,Milwaukee Bucks,0.4064,0.5936,0.4233,0.6183,11
401810059,NBA,2025-11-11 02:00:00+00:00,Phoenix Suns,New Orleans Pelicans,0.7433,0.2567,0.7753,0.2678,11
401810060,NBA,2025-11-11 02:00:00+00:00,Utah Jazz,Minnesota Timberwolves,0.2784,0.7216,0.2905,0.753,11
401810062,NBA,2025-11-12 00:30:00+00:00,Brooklyn Nets,Toronto Raptors,0.2177,0.7823,0.2272,0.8167,11
401810063,NBA,2025-11-12 00:30:00+00:00,New York Knicks,Memphis Grizzlies,0.7778,0.2222,0.8113,0.2317,11
401810064,NBA,2025-11-12 01:00:00+00:00,Philadelphia 76ers,Boston Celtics,0.4655,0.5345,0.4864,0.5584,11
401810065,NBA,2025-11-12 01:00:00+00:00,Oklahoma City Thunder,Golden State Warriors,0.7371,0.2629,0.7693,0.2743,11
401810066,NBA,2025-11-12 02:00:00+00:00,Utah Jazz,Indiana Pacers,0.4449,0.5551,0.464,0.579,11
401810067,NBA,2025-11-12 04:00:00+00:00,Sacramento Kings,Denver Nuggets,0.2554,0.7446,0.2666,0.777,10
401810068,NBA,2025-11-13 00:00:00+00:00,Charlotte Hornets,Milwaukee Bucks,0.4376,0.5624,0.4563,0.5864,11
401810069,NBA,2025-11-13 00:00:00+00:00,Detroit Pistons,Chicago Bulls,0.427,0.573,0.4445,0.5966,11
401810070,NBA,2025-11-13 00:00:00+00:00,New York Knicks,Orlando Magic,0.6193,0.3807,0.6445,0.3962,11
401810071,NBA,2025-11-13 00:30:00+00:00,Boston Celtics,Memphis Grizzlies,0.7342,0.2658,0.7661,0.2773,11
401810072,NBA,2025-11-13 00:30:00+00:00,Miami Heat,Cleveland Cavaliers,0.6406,0.3594,0.6668,0.3741,11
401810073,NBA,2025-11-13 01:00:00+00:00,Houston Rockets,Washington Wizards,0.9022,0.0978,0.9418,0.1021,11
401810074,NBA,2025-11-13 01:00:00+00:00,New Orleans Pelicans,Portland Trail Blazers,0.2596,0.7404,0.271,0.7731,11
401810075,NBA,2025-11-13 01:00:00+00:00,San Antonio Spurs,Golden State Warriors,0.5948,0.4052,0.6194,0.4219,11
401810076,NBA,2025-11-13 01:30:00+00:00,Dallas Mavericks,Phoenix Suns,0.4519,0.5481,0.4716,0.5721,11
401810077,NBA,2025-11-13 02:47:00+00:00,Oklahoma City Thunder,Los Angeles Lakers,0.7328,0.2672,0.7645,0.2787,11
401810078,NBA,2025-11-13 03:00:00+00:00,Sacramento Kings,Atlanta Hawks,0.3865,0.6135,0.4022,0.6385,11
401810080,NBA,2025-11-14 00:00:00+00:00,Cleveland Cavaliers,Toronto Raptors,0.7134,0.2866,0.7448,0.2993,11
401810081,NBA,2025-11-14 02:00:00+00:00,Phoenix Suns,Indiana Pacers,0.6048,0.3952,0.6294,0.4112,11
401810082,NBA,2025-11-14 02:00:00+00:00,Utah Jazz,Atlanta Hawks,0.4679,0.5321,0.4885,0.5556,11
401809781,NBA,2025-11-15 00:00:00+00:00,New York Knicks,Miami Heat,0.6866,0.3134,0.7166,0.3271,11
401809782,NBA,2025-11-15 00:00:00+00:00,Orlando Magic,Brooklyn Nets,0.8692,0.1308,0.9054,0.1362,11
401809783,NBA,2025-11-15 00:30:00+00:00,Detroit Pistons,Philadelphia 76ers,0.5076,0.4924,0.5314,0.5154,11
401809784,NBA,2025-11-15 01:00:00+00:00,Houston Rockets,Portland Trail Blazers,0.7207,0.2793,0.7519,0.2913,11
401809785,NBA,2025-11-15 01:00:00+00:00,Milwaukee Bucks,Charlotte Hornets,0.7596,0.2404,0.792,0.2506,11
401809786,NBA,2025-11-15 01:00:00+00:00,Minnesota Timberwolves,Sacramento Kings,0.8204,0.1796,0.856,0.1874,11
401809787,NBA,2025-11-15 01:00:00+00:00,New Orleans Pelicans,Los Angeles Lakers,0.2097,0.7903,0.2189,0.8247,11
401809789,NBA,2025-11-15 02:30:00+00:00,San Antonio Spurs,Golden State Warriors,0.5708,0.4292,0.5947,0.4472,11
401810083,NBA,2025-11-15 22:00:00+00:00,Cleveland Cavaliers,Memphis Grizzlies,0.8068,0.1932,0.8423,0.2017,11
401810084,NBA,2025-11-16 00:00:00+00:00,Charlotte Hornets,Oklahoma City Thunder,0.095,0.905,0.0991,0.9443,11
401810085,NBA,2025-11-16 00:00:00+00:00,Indiana Pacers,Toronto Raptors,0.3117,0.6883,0.3252,0.7183,11
401810086,NBA,2025-11-16 01:00:00+00:00,Milwaukee Bucks,Los Angeles Lakers,0.5347,0.4653,0.5582,0.4857,11
401810087,NBA,2025-11-16 01:00:00+00:00,Minnesota Timberwolves,Denver Nuggets,0.4834,0.5166,0.5059,0.5407,11
401810089,NBA,2025-11-16 21:00:00+00:00,San Antonio Spurs,Sacramento Kings,0.6721,0.3279,0.7008,0.3419,11
401810090,NBA,2025-11-16 23:00:00+00:00,Washington Wizards,Brooklyn Nets,0.5597,0.4403,0.5839,0.4594,11
401810091,NBA,2025-11-17 00:00:00+00:00,Houston Rockets,Orlando Magic,0.7257,0.2743,0.7576,0.2864,11
401810092,NBA,2025-11-17 00:00:00+00:00,New Orleans Pelicans,Golden State Warriors,0.1901,0.8099,0.1983,0.8449,11
401810093,NBA,2025-11-17 00:30:00+00:00,Dallas Mavericks,Portland Trail Blazers,0.4102,0.5898,0.4274,0.6146,11
401810094,NBA,2025-11-17 01:00:00+00:00,Phoenix Suns,Atlanta Hawks,0.5217,0.4783,0.5454,0.5001,11
401810095,NBA,2025-11-17 01:00:00+00:00,Utah Jazz,Chicago Bulls,0.372,0.628,0.3872,0.6536,11
401810096,NBA,2025-11-18 00:00:00+00:00,Cleveland Cavaliers,Milwaukee Bucks,0.683,0.317,0.712,0.3304,11
401810097,NBA,2025-11-18 00:00:00+00:00,Detroit Pistons,Indiana Pacers,0.7552,0.2448,0.7869,0.2551,11
401810099,NBA,2025-11-18 00:30:00+00:00,Miami Heat,New York Knicks,0.5203,0.4797,0.5442,0.5018,11
401810100,NBA,2025-11-18 00:30:00+00:00,Toronto Raptors,Charlotte Hornets,0.7422,0.2578,0.7747,0.2691,11
401810101,NBA,2025-11-18 01:00:00+00:00,Minnesota Timberwolves,Dallas Mavericks,0.8655,0.1345,0.9039,0.1404,11
401810102,NBA,2025-11-18 01:00:00+00:00,New Orleans Pelicans,Oklahoma City Thunder,0.0809,0.9191,0.0841,0.9558,11
401810103,NBA,2025-11-18 02:00:00+00:00,Denver Nuggets,Chicago Bulls,0.8489,0.1511,0.8872,0.1579,11
401810104,NBA,2025-11-19 00:00:00+00:00,Orlando Magic,Golden State Warriors,0.4336,0.5664,0.4518,0.5902,11
401810105,NBA,2025-11-19 00:30:00+00:00,Brooklyn Nets,Boston Celtics,0.1829,0.8171,0.1908,0.8521,11
401810106,NBA,2025-11-19 00:30:00+00:00,Atlanta Hawks,Detroit Pistons,0.4464,0.5536,0.4658,0.5777,10
401810107,NBA,2025-11-19 01:00:00+00:00,San Antonio Spurs,Memphis Grizzlies,0.6786,0.3214,0.7074,0.3351,11
401810108,NBA,2025-11-19 03:30:00+00:00,Los Angeles Lakers,Utah Jazz,0.8434,0.1566,0.8815,0.1636,11
401810109,NBA,2025-11-19 04:00:00+00:00,Portland Trail Blazers,Phoenix Suns,0.5347,0.4653,0.5583,0.4859,11
401810110,NBA,2025-11-20 00:00:00+00:00,Cleveland Cavaliers,Houston Rockets,0.4756,0.5244,0.4972,0.5481,11
401810111,NBA,2025-11-20 00:00:00+00:00,Indiana Pacers,Charlotte Hornets,0.4669,0.5331,0.4879,0.557,11
401810113,NBA,2025-11-20 00:00:00+00:00,Philadelphia 76ers,Toronto Raptors,0.4389,0.5611,0.4578,0.5852,11
401810112,NBA,2025-11-20 00:30:00+00:00,Miami Heat,Golden State Warriors,0.7764,0.2236,0.8101,0.2334,11
401810114,NBA,2025-11-20 01:00:00+00:00,Minnesota Timberwolves,Washington Wizards,0.894,0.106,0.9331,0.1106,11
401810115,NBA,2025-11-20 01:00:00+00:00,New Orleans Pelicans,Denver Nuggets,0.1748,0.8252,0.1825,0.8615,11
401810116,NBA,2025-11-20 01:00:00+00:00,Oklahoma City Thunder,Sacramento Kings,0.9185,0.0815,0.9591,0.085,11
401810117,NBA,2025-11-20 02:30:00+00:00,Dallas Mavericks,New York Knicks,0.2587,0.7413,0.2702,0.7741,11
401810118,NBA,2025-11-20 03:00:00+00:00,Portland Trail Blazers,Chicago Bulls,0.4055,0.5945,0.4224,0.6191,11
401810120,NBA,2025-11-21 01:00:00+00:00,Memphis Grizzlies,Sacramento Kings,0.5842,0.4158,0.6082,0.4328,11
401810121,NBA,2025-11-21 01:00:00+00:00,Milwaukee Bucks,Philadelphia 76ers,0.4653,0.5347,0.4859,0.5584,11
401810122,NBA,2025-11-21 01:00:00+00:00,San Antonio Spurs,Atlanta Hawks,0.4974,0.5026,0.5208,0.5263,8
401809790,NBA,2025-11-22 00:00:00+00:00,Cleveland Cavaliers,Indiana Pacers,0.861,0.139,0.8995,0.1452,11
401809791,NBA,2025-11-22 00:30:00+00:00,Boston Celtics,Brooklyn Nets,0.8724,0.1276,0.9099,0.1331,11
401809792,NBA,2025-11-22 00:30:00+00:00,Toronto Raptors,Washington Wizards,0.8716,0.1284,0.9084,0.1338,11
401809793,NBA,2025-11-22 01:00:00+00:00,Chicago Bulls,Miami Heat,0.5517,0.4483,0.5754,0.4676,11
401809794,NBA,2025-11-22 01:30:00+00:00,Dallas Mavericks,New Orleans Pelicans,0.5925,0.4075,0.6177,0.4248,11
401809795,NBA,2025-11-22 02:00:00+00:00,Phoenix Suns,Minnesota Timberwolves,0.3759,0.6241,0.3912,0.6494,11
401809796,NBA,2025-11-22 02:30:00+00:00,Houston Rockets,Denver Nuggets,0.5648,0.4352,0.5886,0.4536,11
401809797,NBA,2025-11-22 03:00:00+00:00,Utah Jazz,Oklahoma City Thunder,0.1001,0.8999,0.1045,0.9402,11
401809798,NBA,2025-11-22 03:00:00+00:00,Golden State Warriors,Portland Trail Blazers,0.7872,0.2128,0.821,0.2219,11
401810124,NBA,2025-11-22 22:00:00+00:00,Orlando Magic,New York Knicks,0.5392,0.4608,0.5627,0.4808,11
401810125,NBA,2025-11-23 00:00:00+00:00,New Orleans Pelicans,Atlanta Hawks,0.211,0.789,0.2201,0.8228,11
401810126,NBA,2025-11-23 01:00:00+00:00,Chicago Bulls,Washington Wizards,0.8345,0.1655,0.8717,0.1729,11
401810127,NBA,2025-11-23 01:00:00+00:00,Milwaukee Bucks,Detroit Pistons,0.2575,0.7425,0.2687,0.7747,11
401810128,NBA,2025-11-23 01:30:00+00:00,Dallas Mavericks,Memphis Grizzlies,0.4954,0.5046,0.5186,0.5282,10
401810129,NBA,2025-11-23 03:00:00+00:00,Denver Nuggets,Sacramento Kings,0.8121,0.1879,0.8488,0.1963,11
401810130,NBA,2025-11-23 18:00:00+00:00,Philadelphia 76ers,Miami Heat,0.4793,0.5207,0.5012,0.5446,11
401810131,NBA,2025-11-23 23:00:00+00:00,Atlanta Hawks,Charlotte Hornets,0.7265,0.2735,0.7582,0.2855,11
401810132,NBA,2025-11-23 23:00:00+00:00,Boston Celtics,Orlando Magic,0.6213,0.3787,0.646,0.3938,11
401810134,NBA,2025-11-23 23:00:00+00:00,Toronto Raptors,Brooklyn Nets,0.8235,0.1765,0.8595,0.1842,11
401810135,NBA,2025-11-24 00:00:00+00:00,Oklahoma City Thunder,Portland Trail Blazers,0.8884,0.1116,0.926,0.1163,11
401810136,NBA,2025-11-24 01:00:00+00:00,Phoenix Suns,San Antonio Spurs,0.5276,0.4724,0.5518,0.4941,11
401810137,NBA,2025-11-24 01:00:00+00:00,Utah Jazz,Los Angeles Lakers,0.2322,0.7678,0.2423,0.8012,11
401810138,NBA,2025-11-25 00:00:00+00:00,Indiana Pacers,Detroit Pistons,0.2249,0.7751,0.2347,0.8089,11
401810139,NBA,2025-11-25 00:00:00+00:00,Toronto Raptors,Cleveland Cavaliers,0.5267,0.4733,0.5503,0.4945,11
401810140,NBA,2025-11-25 00:30:00+00:00,Brooklyn Nets,New York Knicks,0.155,0.845,0.162,0.8836,11
401810141,NBA,2025-11-25 00:30:00+00:00,Miami Heat,Dallas Mavericks,0.7011,0.2989,0.732,0.3121,11
401810142,NBA,2025-11-25 01:00:00+00:00,Memphis Grizzlies,Denver Nuggets,0.2908,0.7092,0.3037,0.7408,11
401810143,NBA,2025-11-25 01:00:00+00:00,Milwaukee Bucks,Portland Trail Blazers,0.5075,0.4925,0.5315,0.5158,11
401810144,NBA,2025-11-25 01:00:00+00:00,New Orleans Pelicans,Chicago Bulls,0.3701,0.6299,0.385,0.6552,11
401810145,NBA,2025-11-25 02:30:00+00:00,Phoenix Suns,Houston Rockets,0.3207,0.6793,0.3344,0.7083,11
401810146,NBA,2025-11-25 03:00:00+00:00,Golden State Warriors,Utah Jazz,0.852,0.148,0.8907,0.1548,11
401810147,NBA,2025-11-25 03:00:00+00:00,Sacramento Kings,Minnesota Timberwolves,0.2121,0.7879,0.221,0.821,11
401809799,NBA,2025-11-26 00:00:00+00:00,Washington Wizards,Atlanta Hawks,0.1902,0.8098,0.1989,0.8468,11
401809800,NBA,2025-11-26 01:00:00+00:00,Philadelphia 76ers,Orlando Magic,0.3735,0.6265,0.3886,0.6518,11
401809802,NBA,2025-11-26 22:00:00+00:00,Boston Celtics,Detroit Pistons,0.455,0.545,0.4746,0.5686,11
401809803,NBA,2025-11-27 00:00:00+00:00,Charlotte Hornets,New York Knicks,0.3032,0.6968,0.3166,0.7276,11
401809804,NBA,2025-11-27 00:30:00+00:00,Miami Heat,Milwaukee Bucks,0.7873,0.2127,0.821,0.2218,11
401809805,NBA,2025-11-27 00:30:00+00:00,Toronto Raptors,Indiana Pacers,0.7884,0.2116,0.8222,0.2207,11
401809806,NBA,2025-11-27 00:30:00+00:00,Oklahoma City Thunder,Minnesota Timberwolves,0.7761,0.2239,0.8101,0.2337,11
401809807,NBA,2025-11-27 01:00:00+00:00,New Orleans Pelicans,Memphis Grizzlies,0.4053,0.5947,0.4219,0.6191,11
401809808,NBA,2025-11-27 03:00:00+00:00,Golden State Warriors,Houston Rockets,0.5818,0.4182,0.6062,0.4357,11
401809809,NBA,2025-11-27 03:00:00+00:00,Portland Trail Blazers,San Antonio Spurs,0.5042,0.4958,0.5275,0.5187,10
401809810,NBA,2025-11-27 03:00:00+00:00,Sacramento Kings,Phoenix Suns,0.3785,0.6215,0.3941,0.6471,11
401809811,NBA,2025-11-29 00:30:00+00:00,Atlanta Hawks,Cleveland Cavaliers,0.3106,0.6894,0.3243,0.72,11
401809812,NBA,2025-11-29 00:30:00+00:00,Brooklyn Nets,Philadelphia 76ers,0.3047,0.6953,0.3181,0.7257,11
401809813,NBA,2025-11-29 00:30:00+00:00,Charlotte Hornets,Chicago Bulls,0.424,0.576,0.4415,0.5996,11
401809814,NBA,2025-11-29 00:30:00+00:00,Detroit Pistons,Orlando Magic,0.5919,0.4081,0.6166,0.4252,11
401809815,NBA,2025-11-29 00:30:00+00:00,Indiana Pacers,Washington Wizards,0.6935,0.3065,0.7237,0.3199,11
401809816,NBA,2025-11-29 00:30:00+00:00,New York Knicks,Milwaukee Bucks,0.6953,0.3047,0.7257,0.3181,11
401809817,NBA,2025-11-29 02:30:00+00:00,Oklahoma City Thunder,Phoenix Suns,0.8727,0.1273,0.9106,0.1328,11
401809818,NBA,2025-11-29 02:30:00+00:00,Denver Nuggets,San Antonio Spurs,0.7212,0.2788,0.7524,0.2909,11
401809819,NBA,2025-11-29 02:30:00+00:00,Utah Jazz,Sacramento Kings,0.5554,0.4446,0.5793,0.4637,11
401809820,NBA,2025-11-29 03:00:00+00:00,Los Angeles Lakers,Dallas Mavericks,0.7839,0.2161,0.8179,0.2255,11
401810148,NBA,2025-11-29 22:00:00+00:00,Minnesota Timberwolves,Boston Celtics,0.6753,0.3247,0.7039,0.3385,11
401810149,NBA,2025-11-29 23:00:00+00:00,Charlotte Hornets,Toronto Raptors,0.285,0.715,0.2971,0.7455,11
401810150,NBA,2025-11-30 00:30:00+00:00,Indiana Pacers,Chicago Bulls,0.4364,0.5636,0.4551,0.5877,11
401810151,NBA,2025-11-30 01:00:00+00:00,Miami Heat,Detroit Pistons,0.5992,0.4008,0.6241,0.4175,11
401810152,NBA,2025-11-30 01:00:00+00:00,Milwaukee Bucks,Brooklyn Nets,0.8194,0.1806,0.8554,0.1886,11
401810153,NBA,2025-11-30 01:30:00+00:00,Golden State Warriors,New Orleans Pelicans,0.7679,0.2321,0.8024,0.2425,11
401810154,NBA,2025-11-30 02:00:00+00:00,Phoenix Suns,Denver Nuggets,0.3931,0.6069,0.4091,0.6316,11
401810156,NBA,2025-11-30 20:00:00+00:00,Utah Jazz,Houston Rockets,0.1783,0.8217,0.1862,0.8581,11
401810157,NBA,2025-11-30 23:00:00+00:00,Cleveland Cavaliers,Boston Celtics,0.7099,0.2901,0.7408,0.3027,11
401810158,NBA,2025-11-30 23:00:00+00:00,New York Knicks,Toronto Raptors,0.7362,0.2638,0.7682,0.2753,11
401810159,NBA,2025-11-30 23:00:00+00:00,Philadelphia 76ers,Atlanta Hawks,0.5663,0.4337,0.591,0.4526,9
401810160,NBA,2025-11-30 23:00:00+00:00,Portland Trail Blazers,Oklahoma City Thunder,0.1704,0.8296,0.1778,0.8655,11
401810161,NBA,2025-12-01 00:00:00+00:00,Minnesota Timberwolves,San Antonio Spurs,0.6216,0.3784,0.6472,0.394,11
401810162,NBA,2025-12-01 02:00:00+00:00,Sacramento Kings,Memphis Grizzlies,0.4287,0.5713,0.4467,0.5953,11
401810163,NBA,2025-12-01 02:30:00+00:00,Los Angeles Lakers,New Orleans Pelicans,0.8931,0.1069,0.9322,0.1116,11
401810164,NBA,2025-12-02 00:00:00+00:00,Detroit Pistons,Atlanta Hawks,0.7701,0.2299,0.8036,0.24,11
401810165,NBA,2025-12-02 00:00:00+00:00,Indiana Pacers,Cleveland Cavaliers,0.3751,0.6249,0.3899,0.6494,11
401810166,NBA,2025-12-02 00:00:00+00:00,Washington Wizards,Milwaukee Bucks,0.217,0.783,0.2264,0.8167,11
401810167,NBA,2025-12-02 00:30:00+00:00,Brooklyn Nets,Charlotte Hornets,0.3787,0.6213,0.3938,0.646,11
401810169,NBA,2025-12-02 00:30:00+00:00,Orlando Magic,Chicago Bulls,0.7607,0.2393,0.7937,0.2497,11
401810170,NBA,2025-12-02 02:00:00+00:00,Denver Nuggets,Dallas Mavericks,0.8136,0.1864,0.8495,0.1946,11
401810171,NBA,2025-12-02 02:00:00+00:00,Utah Jazz,Houston Rockets,0.1838,0.8162,0.1919,0.8521,11
401810172,NBA,2025-12-02 03:00:00+00:00,Los Angeles Lakers,Phoenix Suns,0.6659,0.3341,0.6945,0.3485,11
401810173,NBA,2025-12-03 00:00:00+00:00,Philadelphia 76ers,Washington Wizards,0.853,0.147,0.8914,0.1536,11
401810174,NBA,2025-12-03 00:30:00+00:00,Toronto Raptors,Portland Trail Blazers,0.6454,0.3546,0.6716,0.369,11
401810175,NBA,2025-12-03 01:00:00+00:00,Boston Celtics,New York Knicks,0.4863,0.5137,0.5092,0.538,10
401810176,NBA,2025-12-03 01:00:00+00:00,New Orleans Pelicans,Minnesota Timberwolves,0.1634,0.8366,0.1706,0.8738,11
401810177,NBA,2025-12-03 01:00:00+00:00,San Antonio Spurs,Memphis Grizzlies,0.6444,0.3556,0.6708,0.3701,11
401810178,NBA,2025-12-03 04:00:00+00:00,Golden State Warriors,Oklahoma City Thunder,0.1877,0.8123,0.1961,0.8488,11
401810179,NBA,2025-12-04 00:00:00+00:00,Cleveland Cavaliers,Portland Trail Blazers,0.7919,0.2081,0.8266,0.2172,11
401810180,NBA,2025-12-04 00:00:00+00:00,Indiana Pacers,Denver Nuggets,0.2673,0.7327,0.2791,0.7651,11
401810181,NBA,2025-12-04 00:00:00+00:00,Orlando Magic,San Antonio Spurs,0.7392,0.2608,0.772,0.2724,11
401810183,NBA,2025-12-04 00:30:00+00:00,New York Knicks,Charlotte Hornets,0.766,0.234,0.7995,0.2442,11
401810184,NBA,2025-12-04 01:00:00+00:00,Chicago Bulls,Brooklyn Nets,0.7351,0.2649,0.7671,0.2765,11
401810185,NBA,2025-12-04 01:00:00+00:00,Houston Rockets,Sacramento Kings,0.8897,0.1103,0.9299,0.1153,11
401810186,NBA,2025-12-04 01:00:00+00:00,Milwaukee Bucks,Detroit Pistons,0.3729,0.6271,0.3881,0.6525,11
401810187,NBA,2025-12-04 01:30:00+00:00,Dallas Mavericks,Miami Heat,0.3761,0.6239,0.3914,0.6494,11
401810188,NBA,2025-12-05 00:00:00+00:00,Philadelphia 76ers,Golden State Warriors,0.6117,0.3883,0.6364,0.404,11
401810189,NBA,2025-12-05 00:00:00+00:00,Washington Wizards,Boston Celtics,0.2037,0.7963,0.2125,0.8309,11
401810190,NBA,2025-12-05 00:30:00+00:00,Brooklyn Nets,Utah Jazz,0.364,0.636,0.3791,0.6623,11
401810191,NBA,2025-12-05 00:30:00+00:00,Toronto Raptors,Los Angeles Lakers,0.5564,0.4436,0.5805,0.4629,11
401810192,NBA,2025-12-05 01:00:00+00:00,New Orleans Pelicans,Minnesota Timberwolves,0.1795,0.8205,0.1875,0.8568,11
401810193,NBA,2025-12-06 00:00:00+00:00,Boston Celtics,Los Angeles Lakers,0.7388,0.2612,0.7709,0.2725,11
401810194,NBA,2025-12-06 00:00:00+00:00,Orlando Magic,Miami Heat,0.6759,0.3241,0.7048,0.3379,11
401810195,NBA,2025-12-06 00:30:00+00:00,Atlanta Hawks,Denver Nuggets,0.3988,0.6012,0.4158,0.6269,11
401810196,NBA,2025-12-06 00:30:00+00:00,Cleveland Cavaliers,San Antonio Spurs,0.6269,0.3731,0.6521,0.3881,11
401810197,NBA,2025-12-06 00:30:00+00:00,Detroit Pistons,Portland Trail Blazers,0.7332,0.2668,0.7656,0.2785,11
401810198,NBA,2025-12-06 00:30:00+00:00,New York Knicks,Utah Jazz,0.8859,0.1141,0.9252,0.1192,11
401810199,NBA,2025-12-06 00:30:00+00:00,Toronto Raptors,Charlotte Hornets,0.7007,0.2993,0.7314,0.3124,11
401810200,NBA,2025-12-06 01:00:00+00:00,Chicago Bulls,Indiana Pacers,0.6312,0.3688,0.6568,0.3838,11
401810201,NBA,2025-12-06 01:00:00+00:00,Houston Rockets,Phoenix Suns,0.7715,0.2285,0.8053,0.2385,11
401810203,NBA,2025-12-06 01:00:00+00:00,Milwaukee Bucks,Philadelphia 76ers,0.4848,0.5152,0.5075,0.5392,10
401810204,NBA,2025-12-06 02:30:00+00:00,Oklahoma City Thunder,Dallas Mavericks,0.8839,0.1161,0.9221,0.1211,11
401810205,NBA,2025-12-06 22:00:00+00:00,Brooklyn Nets,New Orleans Pelicans,0.5996,0.4004,0.624,0.4166,11
401810206,NBA,2025-12-07 00:00:00+00:00,Washington Wizards,Atlanta Hawks,0.2221,0.7779,0.2315,0.8106,11
401810207,NBA,2025-12-07 00:30:00+00:00,Cleveland Cavaliers,Golden State Warriors,0.7584,0.2416,0.7904,0.2518,11
401810208,NBA,2025-12-07 00:30:00+00:00,Detroit Pistons,Milwaukee Bucks,0.8349,0.1651,0.8724,0.1725,11
401810209,NBA,2025-12-07 01:00:00+00:00,Miami Heat,Sacramento Kings,0.7592,0.2408,0.7914,0.251,11
401810211,NBA,2025-12-07 01:30:00+00:00,Dallas Mavericks,Houston Rockets,0.2871,0.7129,0.2996,0.7438,11
401810212,NBA,2025-12-07 17:00:00+00:00,New York Knicks,Orlando Magic,0.5285,0.4715,0.5523,0.4927,11
401810213,NBA,2025-12-07 20:30:00+00:00,Toronto Raptors,Boston Celtics,0.4208,0.5792,0.4379,0.6028,11
401810214,NBA,2025-12-07 23:00:00+00:00,Charlotte Hornets,Denver Nuggets,0.205,0.795,0.2141,0.8302,11
401810215,NBA,2025-12-07 23:00:00+00:00,Memphis Grizzlies,Portland Trail Blazers,0.5415,0.4585,0.5651,0.4785,11
401810216,NBA,2025-12-08 00:00:00+00:00,Chicago Bulls,Golden State Warriors,0.4852,0.5148,0.5079,0.539,11
401810217,NBA,2025-12-08 00:30:00+00:00,Philadelphia 76ers,Los Angeles Lakers,0.4105,0.5895,0.4276,0.6139,11
401810218,NBA,2025-12-08 01:00:00+00:00,Utah Jazz,Oklahoma City Thunder,0.1831,0.8169,0.1912,0.8528,11
401810219,NBA,2025-12-09 00:00:00+00:00,Indiana Pacers,Sacramento Kings,0.5995,0.4005,0.6247,0.4173,11
401810220,NBA,2025-12-09 00:30:00+00:00,Minnesota Timberwolves,Phoenix Suns,0.7593,0.2407,0.7926,0.2512,11
401810221,NBA,2025-12-09 01:00:00+00:00,New Orleans Pelicans,San Antonio Spurs,0.2321,0.7679,0.2422,0.8012,11
401809833,NBA,2025-12-09 23:00:00+00:00,Orlando Magic,Miami Heat,0.516,0.484,0.5398,0.5063,11
401809834,NBA,2025-12-10 01:30:00+00:00,Toronto Raptors,New York Knicks,0.3151,0.6849,0.3289,0.7148,11
401809835,NBA,2025-12-11 00:30:00+00:00,Oklahoma City Thunder,Phoenix Suns,0.882,0.118,0.9205,0.1232,11
401809836,NBA,2025-12-11 03:00:00+00:00,Los Angeles Lakers,San Antonio Spurs,0.7075,0.2925,0.7393,0.3056,11
401836747,NBA,2025-12-12 01:00:00+00:00,Milwaukee Bucks,Boston Celtics,0.2274,0.7726,0.2373,0.8059,11
401836748,NBA,2025-12-12 01:00:00+00:00,New Orleans Pelicans,Portland Trail Blazers,0.3938,0.6062,0.4103,0.6316,11
401836749,NBA,2025-12-12 03:00:00+00:00,Sacramento Kings,Denver Nuggets,0.2062,0.7938,0.2154,0.829,11
401836750,NBA,2025-12-13 00:00:00+00:00,Charlotte Hornets,Chicago Bulls,0.4355,0.5645,0.4544,0.5889,11
401836751,NBA,2025-12-13 00:00:00+00:00,Detroit Pistons,Atlanta Hawks,0.7049,0.2951,0.7363,0.3082,11
401836752,NBA,2025-12-13 00:00:00+00:00,Philadelphia 76ers,Indiana Pacers,0.6638,0.3362,0.6932,0.3511,11
401836753,NBA,2025-12-13 00:00:00+00:00,Washington Wizards,Cleveland Cavaliers,0.1101,0.8899,0.115,0.9291,11
401836754,NBA,2025-12-13 01:00:00+00:00,Memphis Grizzlies,Utah Jazz,0.7004,0.2996,0.7314,0.3129,11
401836795,NBA,2025-12-13 01:30:00+00:00,Dallas Mavericks,Brooklyn Nets,0.7277,0.2723,0.7597,0.2843,11
401836796,NBA,2025-12-13 03:00:00+00:00,Golden State Warriors,Minnesota Timberwolves,0.6353,0.3647,0.6615,0.3798,11
401809837,NBA,2025-12-13 22:30:00+00:00,Orlando Magic,New York Knicks,0.3592,0.6408,0.3737,0.6667,11
401809838,NBA,2025-12-14 02:00:00+00:00,Oklahoma City Thunder,San Antonio Spurs,0.8023,0.1977,0.8379,0.2064,11
401836797,NBA,2025-12-14 20:00:00+00:00,Indiana Pacers,Washington Wizards,0.7782,0.2218,0.8118,0.2314,11
401836799,NBA,2025-12-14 20:30:00+00:00,Cleveland Cavaliers,Charlotte Hornets,0.8251,0.1749,0.8614,0.1826,11
401836798,NBA,2025-12-14 23:00:00+00:00,Atlanta Hawks,Philadelphia 76ers,0.6179,0.3821,0.6426,0.3974,11
401836800,NBA,2025-12-14 23:00:00+00:00,Brooklyn Nets,Milwaukee Bucks,0.4719,0.5281,0.4934,0.5521,11
401836801,NBA,2025-12-15 00:00:00+00:00,Minnesota Timberwolves,Sacramento Kings,0.7818,0.2182,0.8162,0.2278,11
401836804,NBA,2025-12-15 00:00:00+00:00,Chicago Bulls,New Orleans Pelicans,0.6259,0.3741,0.6509,0.3891,11
401839699,NBA,2025-12-15 01:00:00+00:00,Phoenix Suns,Los Angeles Lakers,0.5219,0.4781,0.5459,0.5001,10
401836802,NBA,2025-12-15 02:00:00+00:00,Portland Trail Blazers,Golden State Warriors,0.3562,0.6438,0.3706,0.6699,11
401836803,NBA,2025-12-16 00:00:00+00:00,Boston Celtics,Detroit Pistons,0.5262,0.4738,0.5498,0.495,11
401839023,NBA,2025-12-16 00:30:00+00:00,Miami Heat,Toronto Raptors,0.6639,0.3361,0.6915,0.3501,11
401836805,NBA,2025-12-16 02:00:00+00:00,Utah Jazz,Dallas Mavericks,0.4851,0.5149,0.5075,0.5386,10
401836806,NBA,2025-12-16 02:30:00+00:00,Denver Nuggets,Houston Rockets,0.4914,0.5086,0.5147,0.5326,10
401810222,NBA,2025-12-18 01:00:00+00:00,Chicago Bulls,Cleveland Cavaliers,0.3485,0.6515,0.3631,0.6787,11
401810223,NBA,2025-12-18 01:00:00+00:00,Minnesota Timberwolves,Memphis Grizzlies,0.7006,0.2994,0.731,0.3124,11
401810226,NBA,2025-12-19 00:00:00+00:00,Charlotte Hornets,Atlanta Hawks,0.3731,0.6269,0.3883,0.6525,11
401810227,NBA,2025-12-19 00:00:00+00:00,Indiana Pacers,New York Knicks,0.4014,0.5986,0.4183,0.6238,11
401810228,NBA,2025-12-19 00:30:00+00:00,Brooklyn Nets,Miami Heat,0.3018,0.6982,0.3149,0.7285,11
401810225,NBA,2025-12-19 01:00:00+00:00,San Antonio Spurs,Washington Wizards,0.8855,0.1145,0.9244,0.1195,11
401810229,NBA,2025-12-19 01:00:00+00:00,Milwaukee Bucks,Toronto Raptors,0.3739,0.6261,0.3894,0.652,11
401810230,NBA,2025-12-19 01:00:00+00:00,New Orleans Pelicans,Houston Rockets,0.2298,0.7702,0.2401,0.8048,11
401810231,NBA,2025-12-19 01:30:00+00:00,Dallas Mavericks,Detroit Pistons,0.3374,0.6626,0.3519,0.691,11
401810232,NBA,2025-12-19 02:00:00+00:00,Denver Nuggets,Orlando Magic,0.7001,0.2999,0.7314,0.3133,11
401810233,NBA,2025-12-19 02:00:00+00:00,Phoenix Suns,Golden State Warriors,0.4557,0.5443,0.4753,0.5677,11
401810234,NBA,2025-12-19 02:00:00+00:00,Utah Jazz,Los Angeles Lakers,0.2346,0.7654,0.2451,0.7995,11
401810235,NBA,2025-12-19 03:00:00+00:00,Portland Trail Blazers,Sacramento Kings,0.7471,0.2529,0.7797,0.264,11
401810236,NBA,2025-12-20 00:00:00+00:00,Boston Celtics,Miami Heat,0.7173,0.2827,0.7483,0.2949,11
401810237,NBA,2025-12-20 00:00:00+00:00,New York Knicks,Philadelphia 76ers,0.6795,0.3205,0.7084,0.3342,11
401810238,NBA,2025-12-20 00:30:00+00:00,Atlanta Hawks,San Antonio Spurs,0.4002,0.5998,0.4163,0.624,11
401810239,NBA,2025-12-20 00:30:00+00:00,Cleveland Cavaliers,Chicago Bulls,0.6128,0.3872,0.6381,0.4031,11
401810240,NBA,2025-12-20 02:30:00+00:00,Minnesota Timberwolves,Oklahoma City Thunder,0.309,0.691,0.3224,0.7209,11
401810241,NBA,2025-12-20 22:00:00+00:00,Denver Nuggets,Houston Rockets,0.4864,0.5136,0.5093,0.5377,10
401810242,NBA,2025-12-21 00:00:00+00:00,Philadelphia 76ers,Dallas Mavericks,0.5178,0.4822,0.5417,0.5044,11
401810243,NBA,2025-12-21 00:00:00+00:00,Toronto Raptors,Boston Celtics,0.5265,0.4735,0.5504,0.4949,11
401810244,NBA,2025-12-21 00:00:00+00:00,New Orleans Pelicans,Indiana Pacers,0.5545,0.4455,0.5785,0.4647,11
401810245,NBA,2025-12-21 00:30:00+00:00,Detroit Pistons,Charlotte Hornets,0.7976,0.2024,0.8327,0.2113,11
401810246,NBA,2025-12-21 01:00:00+00:00,Memphis Grizzlies,Washington Wizards,0.8319,0.1681,0.8696,0.1757,11
401810247,NBA,2025-12-21 01:30:00+00:00,Golden State Warriors,Phoenix Suns,0.6691,0.3309,0.6984,0.3454,11
401810248,NBA,2025-12-21 02:30:00+00:00,Utah Jazz,Orlando Magic,0.2777,0.7223,0.2898,0.754,11
401810249,NBA,2025-12-21 03:00:00+00:00,Sacramento Kings,Portland Trail Blazers,0.3907,0.6093,0.4067,0.6344,11
401810251,NBA,2025-12-21 20:30:00+00:00,Atlanta Hawks,Chicago Bulls,0.6157,0.3843,0.6403,0.3996,11
401810252,NBA,2025-12-21 23:00:00+00:00,Brooklyn Nets,Toronto Raptors,0.4107,0.5893,0.4278,0.614,11
401810253,NBA,2025-12-21 23:00:00+00:00,New York Knicks,Miami Heat,0.7111,0.2889,0.7423,0.3016,11
401810254,NBA,2025-12-22 00:00:00+00:00,Washington Wizards,San Antonio Spurs,0.1097,0.8903,0.1145,0.9291,11
401810255,NBA,2025-12-22 00:00:00+00:00,Minnesota Timberwolves,Milwaukee Bucks,0.8275,0.1725,0.8641,0.1801,11
401810256,NBA,2025-12-22 03:00:00+00:00,Sacramento Kings,Houston Rockets,0.1682,0.8318,0.1756,0.8682,11
401810257,NBA,2025-12-23 00:00:00+00:00,Cleveland Cavaliers,Charlotte Hornets,0.7492,0.2508,0.7813,0.2615,11
401810258,NBA,2025-12-23 00:30:00+00:00,Boston Celtics,Indiana Pacers,0.8219,0.1781,0.8567,0.1856,11
401810259,NBA,2025-12-23 01:00:00+00:00,New Orleans Pelicans,Dallas Mavericks,0.4879,0.5121,0.5105,0.5358,11
401810260,NBA,2025-12-23 02:00:00+00:00,Denver Nuggets,Utah Jazz,0.8445,0.1555,0.8822,0.1624,11
401810261,NBA,2025-12-23 02:30:00+00:00,Oklahoma City Thunder,Memphis Grizzlies,0.8831,0.1169,0.9229,0.1222,11
401810263,NBA,2025-12-23 03:00:00+00:00,Portland Trail Blazers,Detroit Pistons,0.3232,0.6768,0.3367,0.7052,11
401810264,NBA,2025-12-24 00:00:00+00:00,Charlotte Hornets,Washington Wizards,0.6902,0.3098,0.72,0.3231,11
401810265,NBA,2025-12-24 00:00:00+00:00,Philadelphia 76ers,Brooklyn Nets,0.7708,0.2292,0.8042,0.2391,11
401810266,NBA,2025-12-24 00:30:00+00:00,Atlanta Hawks,Chicago Bulls,0.587,0.413,0.6116,0.4302,11
401810267,NBA,2025-12-24 00:30:00+00:00,Cleveland Cavaliers,New Orleans Pelicans,0.763,0.237,0.7954,0.2471,11
401810268,NBA,2025-12-24 00:30:00+00:00,Indiana Pacers,Milwaukee Bucks,0.4738,0.5262,0.495,0.5498,11
401810269,NBA,2025-12-24 00:30:00+00:00,Miami Heat,Toronto Raptors,0.6595,0.3405,0.6876,0.3551,11
401810270,NBA,2025-12-24 01:00:00+00:00,Dallas Mavericks,Denver Nuggets,0.3216,0.6784,0.3354,0.7076,11
401810271,NBA,2025-12-24 01:00:00+00:00,Minnesota Timberwolves,New York Knicks,0.7008,0.2992,0.7316,0.3124,11
401810272,NBA,2025-12-24 01:30:00+00:00,San Antonio Spurs,Oklahoma City Thunder,0.3222,0.6778,0.3361,0.7071,11
401810273,NBA,2025-12-24 02:00:00+00:00,Phoenix Suns,Los Angeles Lakers,0.5796,0.4204,0.6041,0.4381,11
401810274,NBA,2025-12-24 02:00:00+00:00,Utah Jazz,Memphis Grizzlies,0.3893,0.6107,0.4056,0.6363,11
401810275,NBA,2025-12-24 03:00:00+00:00,Portland Trail Blazers,Orlando Magic,0.4769,0.5231,0.4987,0.547,11
401810276,NBA,2025-12-24 03:00:00+00:00,Sacramento Kings,Detroit Pistons,0.2241,0.7759,0.2334,0.8083,11
401809238,NBA,2025-12-25 17:00:00+00:00,New York Knicks,Cleveland Cavaliers,0.6302,0.3698,0.6553,0.3846,11
401809239,NBA,2025-12-25 19:30:00+00:00,Oklahoma City Thunder,San Antonio Spurs,0.7572,0.2428,0.7897,0.2532,11
401809240,NBA,2025-12-25 22:17:00+00:00,Golden State Warriors,Dallas Mavericks,0.7322,0.2678,0.7646,0.2797,11
401809241,NBA,2025-12-26 01:00:00+00:00,Los Angeles Lakers,Houston Rockets,0.453,0.547,0.4722,0.5701,11
401809242,NBA,2025-12-26 03:30:00+00:00,Denver Nuggets,Minnesota Timberwolves,0.5112,0.4888,0.5348,0.5115,11
401810278,NBA,2025-12-27 00:00:00+00:00,Atlanta Hawks,Miami Heat,0.5786,0.4214,0.6018,0.4383,11
401810279,NBA,2025-12-27 00:00:00+00:00,Orlando Magic,Charlotte Hornets,0.6679,0.3321,0.6967,0.3463,11
401810280,NBA,2025-12-27 00:00:00+00:00,Washington Wizards,Toronto Raptors,0.266,0.734,0.2774,0.7656,11
401810281,NBA,2025-12-27 00:00:00+00:00,Indiana Pacers,Boston Celtics,0.2638,0.7362,0.2753,0.7682,11
401810282,NBA,2025-12-27 00:30:00+00:00,Chicago Bulls,Philadelphia 76ers,0.4858,0.5142,0.5088,0.5385,11
401810283,NBA,2025-12-27 01:00:00+00:00,Memphis Grizzlies,Milwaukee Bucks,0.6407,0.3593,0.6671,0.3741,11
401810284,NBA,2025-12-27 01:00:00+00:00,New Orleans Pelicans,Phoenix Suns,0.3649,0.6351,0.3797,0.6608,11
401810285,NBA,2025-12-27 02:30:00+00:00,Utah Jazz,Detroit Pistons,0.23,0.77,0.24,0.8035,11
401810287,NBA,2025-12-27 22:00:00+00:00,Sacramento Kings,Dallas Mavericks,0.429,0.571,0.447,0.595,11
401810288,NBA,2025-12-28 00:00:00+00:00,Orlando Magic,Denver Nuggets,0.3876,0.6124,0.4034,0.6375,11
401810289,NBA,2025-12-28 00:00:00+00:00,New Orleans Pelicans,Phoenix Suns,0.3781,0.6219,0.3936,0.6473,11
401810290,NBA,2025-12-28 01:00:00+00:00,Atlanta Hawks,New York Knicks,0.3352,0.6648,0.3498,0.6937,11
401810291,NBA,2025-12-28 01:00:00+00:00,Miami Heat,Indiana Pacers,0.7,0.3,0.73,0.3129,11
401810292,NBA,2025-12-28 01:00:00+00:00,Chicago Bulls,Milwaukee Bucks,0.5486,0.4514,0.5724,0.471,11
401810293,NBA,2025-12-28 01:00:00+00:00,Houston Rockets,Cleveland Cavaliers,0.5556,0.4444,0.58,0.4638,11
401810294,NBA,2025-12-28 01:00:00+00:00,Minnesota Timberwolves,Brooklyn Nets,0.8304,0.1696,0.8682,0.1773,11
401810295,NBA,2025-12-28 01:00:00+00:00,San Antonio Spurs,Utah Jazz,0.8515,0.1485,0.8907,0.1553,11
401810296,NBA,2025-12-28 20:30:00+00:00,Toronto Raptors,Golden State Warriors,0.3879,0.6121,0.4039,0.6374,11
401810297,NBA,2025-12-28 20:30:00+00:00,Oklahoma City Thunder,Philadelphia 76ers,0.8603,0.1397,0.8988,0.1459,11
401810298,NBA,2025-12-28 23:00:00+00:00,Washington Wizards,Memphis Grizzlies,0.284,0.716,0.2964,0.7474,11
401810299,NBA,2025-12-28 23:00:00+00:00,Portland Trail Blazers,Boston Celtics,0.3007,0.6993,0.3141,0.7305,11
401810301,NBA,2025-12-29 02:30:00+00:00,Los Angeles Lakers,Sacramento Kings,0.8092,0.1908,0.8449,0.1992,11
401810302,NBA,2025-12-30 00:00:00+00:00,Charlotte Hornets,Milwaukee Bucks,0.4199,0.5801,0.4372,0.6041,11
401810303,NBA,2025-12-30 00:00:00+00:00,Washington Wizards,Phoenix Suns,0.2134,0.7866,0.2226,0.8204,11
401810304,NBA,2025-12-30 00:30:00+00:00,Brooklyn Nets,Golden State Warriors,0.3462,0.6538,0.361,0.6818,11
401810305,NBA,2025-12-30 00:30:00+00:00,Miami Heat,Denver Nuggets,0.468,0.532,0.4886,0.5554,11
401810306,NBA,2025-12-30 00:30:00+00:00,Toronto Raptors,Orlando Magic,0.4773,0.5227,0.4992,0.5465,11
401810307,NBA,2025-12-30 01:00:00+00:00,Chicago Bulls,Minnesota Timberwolves,0.341,0.659,0.3554,0.6868,11
401810308,NBA,2025-12-30 01:00:00+00:00,Houston Rockets,Indiana Pacers,0.8415,0.1585,0.8786,0.1655,11
401810309,NBA,2025-12-30 01:00:00+00:00,New Orleans Pelicans,New York Knicks,0.2615,0.7385,0.273,0.7709,11
401810310,NBA,2025-12-30 01:00:00+00:00,Oklahoma City Thunder,Atlanta Hawks,0.8861,0.1139,0.9252,0.1189,11
401810311,NBA,2025-12-30 01:00:00+00:00,San Antonio Spurs,Cleveland Cavaliers,0.5871,0.4129,0.6119,0.4304,11
401810312,NBA,2025-12-30 03:30:00+00:00,Portland Trail Blazers,Dallas Mavericks,0.5682,0.4318,0.5921,0.4498,11
401810313,NBA,2025-12-31 01:00:00+00:00,Memphis Grizzlies,Philadelphia 76ers,0.4752,0.5248,0.4969,0.5488,11
401810314,NBA,2025-12-31 02:00:00+00:00,Utah Jazz,Boston Celtics,0.2885,0.7115,0.3011,0.7424,11
401810315,NBA,2025-12-31 03:30:00+00:00,Los Angeles Lakers,Detroit Pistons,0.4369,0.5631,0.4557,0.5873,11
401810317,NBA,2025-12-31 18:00:00+00:00,Charlotte Hornets,Golden State Warriors,0.2819,0.7181,0.2942,0.7495,11
401810318,NBA,2025-12-31 20:00:00+00:00,Atlanta Hawks,Minnesota Timberwolves,0.3461,0.6539,0.3599,0.6801,11
401810319,NBA,2025-12-31 20:00:00+00:00,Indiana Pacers,Orlando Magic,0.3744,0.6256,0.3893,0.6506,11
401810320,NBA,2025-12-31 20:30:00+00:00,Cleveland Cavaliers,Phoenix Suns,0.6938,0.3062,0.7243,0.3197,11
401810321,NBA,2026-01-01 00:00:00+00:00,Chicago Bulls,New Orleans Pelicans,0.5333,0.4667,0.5568,0.4874,11
401810322,NBA,2026-01-01 00:00:00+00:00,San Antonio Spurs,New York Knicks,0.5911,0.4089,0.6159,0.426,11
401810323,NBA,2026-01-01 00:30:00+00:00,Toronto Raptors,Denver Nuggets,0.6873,0.3127,0.7171,0.3263,11
401810324,NBA,2026-01-01 01:00:00+00:00,Milwaukee Bucks,Washington Wizards,0.797,0.203,0.8315,0.2118,11
401810325,NBA,2026-01-01 01:00:00+00:00,Oklahoma City Thunder,Portland Trail Blazers,0.8734,0.1266,0.9114,0.1322,11
401810326,NBA,2026-01-01 23:00:00+00:00,Brooklyn Nets,Houston Rockets,0.1752,0.8248,0.1829,0.8608,11
401810327,NBA,2026-01-02 00:00:00+00:00,Detroit Pistons,Miami Heat,0.6289,0.3711,0.6553,0.3867,11
401810328,NBA,2026-01-02 01:30:00+00:00,Dallas Mavericks,Philadelphia 76ers,0.446,0.554,0.4652,0.5778,11
401810329,NBA,2026-01-02 03:00:00+00:00,Sacramento Kings,Boston Celtics,0.2237,0.7763,0.2335,0.8101,11
401810331,NBA,2026-01-03 00:00:00+00:00,Indiana Pacers,San Antonio Spurs,0.3531,0.6469,0.3673,0.673,11
401810332,NBA,2026-01-03 00:00:00+00:00,Washington Wizards,Brooklyn Nets,0.5738,0.4262,0.5977,0.4439,11
401810333,NBA,2026-01-03 00:30:00+00:00,Cleveland Cavaliers,Denver Nuggets,0.855,0.145,0.8943,0.1517,11
401810334,NBA,2026-01-03 00:30:00+00:00,New York Knicks,Atlanta Hawks,0.6769,0.3231,0.7062,0.3371,11
401810335,NBA,2026-01-03 01:00:00+00:00,Chicago Bulls,Orlando Magic,0.3625,0.6375,0.3773,0.6635,11
401810336,NBA,2026-01-03 01:00:00+00:00,Milwaukee Bucks,Charlotte Hornets,0.6709,0.3291,0.6998,0.3432,11
401810337,NBA,2026-01-03 01:00:00+00:00,New Orleans Pelicans,Portland Trail Blazers,0.4165,0.5835,0.4339,0.6078,11
401810338,NBA,2026-01-03 02:00:00+00:00,Phoenix Suns,Sacramento Kings,0.848,0.152,0.8857,0.1588,11
401810339,NBA,2026-01-03 03:00:00+00:00,Golden State Warriors,Oklahoma City Thunder,0.1655,0.8345,0.1729,0.8717,11
401810340,NBA,2026-01-03 03:30:00+00:00,Los Angeles Lakers,Memphis Grizzlies,0.6239,0.3761,0.6494,0.3914,11
401810341,NBA,2026-01-03 22:00:00+00:00,Miami Heat,Minnesota Timberwolves,0.4369,0.5631,0.4556,0.587,11
401810342,NBA,2026-01-04 00:30:00+00:00,New York Knicks,Philadelphia 76ers,0.5929,0.4071,0.6171,0.4238,11
401810343,NBA,2026-01-04 00:30:00+00:00,Toronto Raptors,Atlanta Hawks,0.6294,0.3706,0.6552,0.3859,11
401810344,NBA,2026-01-04 01:00:00+00:00,Chicago Bulls,Charlotte Hornets,0.5273,0.4727,0.5514,0.4944,11
401810345,NBA,2026-01-04 01:00:00+00:00,San Antonio Spurs,Portland Trail Blazers,0.7325,0.2675,0.7645,0.2792,11
401810346,NBA,2026-01-04 01:30:00+00:00,Dallas Mavericks,Houston Rockets,0.271,0.729,0.2831,0.7613,11
401810347,NBA,2026-01-04 03:00:00+00:00,Golden State Warriors,Utah Jazz,0.8159,0.1841,0.8521,0.1923,11
401810349,NBA,2026-01-04 19:00:00+00:00,Cleveland Cavaliers,Detroit Pistons,0.5868,0.4132,0.6114,0.4305,11
401810350,NBA,2026-01-04 20:00:00+00:00,Orlando Magic,Indiana Pacers,0.6803,0.3197,0.7088,0.3332,11
401810351,NBA,2026-01-04 20:30:00+00:00,Brooklyn Nets,Denver Nuggets,0.431,0.569,0.4493,0.5931,11
401810352,NBA,2026-01-04 23:00:00+00:00,Miami Heat,New Orleans Pelicans,0.7207,0.2793,0.7525,0.2917,11
401810353,NBA,2026-01-04 23:00:00+00:00,Washington Wizards,Minnesota Timberwolves,0.2183,0.7817,0.2275,0.8149,11
401810354,NBA,2026-01-05 01:00:00+00:00,Phoenix Suns,Oklahoma City Thunder,0.2305,0.7695,0.2405,0.803,11
401810355,NBA,2026-01-05 02:00:00+00:00,Sacramento Kings,Milwaukee Bucks,0.3237,0.6763,0.3375,0.7052,11
401810356,NBA,2026-01-05 02:30:00+00:00,Los Angeles Lakers,Memphis Grizzlies,0.6747,0.3253,0.7034,0.3392,11
401810357,NBA,2026-01-06 00:00:00+00:00,Detroit Pistons,New York Knicks,0.4665,0.5335,0.4868,0.5566,11
401810358,NBA,2026-01-06 00:30:00+00:00,Boston Celtics,Chicago Bulls,0.7901,0.2099,0.8247,0.2191,11
401810359,NBA,2026-01-06 00:30:00+00:00,Toronto Raptors,Atlanta Hawks,0.5622,0.4378,0.5869,0.457,11
401810360,NBA,2026-01-06 01:00:00+00:00,Houston Rockets,Phoenix Suns,0.726,0.274,0.7577,0.2859,11
401810361,NBA,2026-01-06 01:00:00+00:00,Oklahoma City Thunder,Charlotte Hornets,0.8831,0.1169,0.9221,0.122,11
401810362,NBA,2026-01-06 01:30:00+00:00,Philadelphia 76ers,Denver Nuggets,0.859,0.141,0.8975,0.1474,11
401810364,NBA,2026-01-06 03:00:00+00:00,Portland Trail Blazers,Utah Jazz,0.6671,0.3329,0.6962,0.3475,11
401810365,NBA,2026-01-07 00:00:00+00:00,Indiana Pacers,Cleveland Cavaliers,0.3278,0.6722,0.342,0.7011,11
401810366,NBA,2026-01-07 00:00:00+00:00,Washington Wizards,Orlando Magic,0.2858,0.7142,0.2985,0.7458,11
401810367,NBA,2026-01-07 01:00:00+00:00,Memphis Grizzlies,San Antonio Spurs,0.3244,0.6756,0.3379,0.7038,11
401810368,NBA,2026-01-07 01:00:00+00:00,Minnesota Timberwolves,Miami Heat,0.6469,0.3531,0.6737,0.3677,11
401810369,NBA,2026-01-07 01:00:00+00:00,New Orleans Pelicans,Los Angeles Lakers,0.3339,0.6661,0.3485,0.6954,11
401810370,NBA,2026-01-07 04:00:00+00:00,Sacramento Kings,Dallas Mavericks,0.3639,0.6361,0.3789,0.6623,11
401810371,NBA,2026-01-08 00:00:00+00:00,Charlotte Hornets,Toronto Raptors,0.4451,0.5549,0.4645,0.5791,11
401810372,NBA,2026-01-08 00:00:00+00:00,Detroit Pistons,Chicago Bulls,0.738,0.262,0.7707,0.2737,11
401810373,NBA,2026-01-08 00:00:00+00:00,Philadelphia 76ers,Washington Wizards,0.8614,0.1386,0.9004,0.1448,11
401810375,NBA,2026-01-08 00:00:00+00:00,Boston Celtics,Denver Nuggets,0.7585,0.2415,0.7903,0.2516,11
401810374,NBA,2026-01-08 00:30:00+00:00,Atlanta Hawks,New Orleans Pelicans,0.786,0.214,0.8203,0.2234,11
401810376,NBA,2026-01-08 00:30:00+00:00,Brooklyn Nets,Orlando Magic,0.459,0.541,0.479,0.5645,11
401810379,NBA,2026-01-08 01:00:00+00:00,Memphis Grizzlies,Phoenix Suns,0.3439,0.6561,0.3581,0.6831,11
401810380,NBA,2026-01-08 01:00:00+00:00,Oklahoma City Thunder,Utah Jazz,0.8833,0.1167,0.9207,0.1216,11
401810378,NBA,2026-01-08 02:30:00+00:00,San Antonio Spurs,Los Angeles Lakers,0.7277,0.2723,0.7592,0.2841,11
401810381,NBA,2026-01-08 03:00:00+00:00,Golden State Warriors,Milwaukee Bucks,0.6824,0.3176,0.7125,0.3316,11
401810382,NBA,2026-01-08 03:00:00+00:00,Portland Trail Blazers,Houston Rockets,0.2985,0.7015,0.3119,0.7329,11
401810383,NBA,2026-01-09 00:00:00+00:00,Charlotte Hornets,Indiana Pacers,0.6262,0.3738,0.6518,0.389,11
401810385,NBA,2026-01-09 01:00:00+00:00,Minnesota Timberwolves,Cleveland Cavaliers,0.5744,0.4256,0.5982,0.4432,11
401810386,NBA,2026-01-09 02:00:00+00:00,Utah Jazz,Dallas Mavericks,0.3713,0.6287,0.3863,0.6541,11
401810387,NBA,2026-01-10 00:00:00+00:00,Boston Celtics,Toronto Raptors,0.7538,0.2462,0.7858,0.2566,11
401810388,NBA,2026-01-10 00:00:00+00:00,Orlando Magic,Philadelphia 76ers,0.418,0.582,0.4359,0.6068,11
401810389,NBA,2026-01-10 00:00:00+00:00,Washington Wizards,New Orleans Pelicans,0.4294,0.5706,0.4472,0.5943,11
401810391,NBA,2026-01-10 01:00:00+00:00,Memphis Grizzlies,Oklahoma City Thunder,0.3433,0.6567,0.3575,0.6838,11
401810392,NBA,2026-01-10 02:00:00+00:00,Denver Nuggets,Atlanta Hawks,0.4281,0.5719,0.4458,0.5956,11
401810393,NBA,2026-01-10 02:00:00+00:00,Phoenix Suns,New York Knicks,0.481,0.519,0.5033,0.543,11
401810394,NBA,2026-01-10 03:00:00+00:00,Golden State Warriors,Sacramento Kings,0.8541,0.1459,0.8936,0.1527,11
401810395,NBA,2026-01-10 03:00:00+00:00,Portland Trail Blazers,Houston Rockets,0.3139,0.6861,0.3278,0.7162,11
401810396,NBA,2026-01-10 03:30:00+00:00,Los Angeles Lakers,Milwaukee Bucks,0.5829,0.4171,0.6075,0.4346,11
401810397,NBA,2026-01-10 18:00:00+00:00,Cleveland Cavaliers,Minnesota Timberwolves,0.5564,0.4436,0.5803,0.4627,11
401810398,NBA,2026-01-11 00:00:00+00:00,Indiana Pacers,Miami Heat,0.3169,0.6831,0.3308,0.713,11
401810400,NBA,2026-01-11 01:00:00+00:00,Boston Celtics,San Antonio Spurs,0.4891,0.5109,0.512,0.5348,11
401810401,NBA,2026-01-11 01:00:00+00:00,Chicago Bulls,Dallas Mavericks,0.5989,0.4011,0.6237,0.4177,11
401810402,NBA,2026-01-11 02:30:00+00:00,Utah Jazz,Charlotte Hornets,0.3632,0.6368,0.3779,0.6627,11
401810403,NBA,2026-01-11 20:00:00+00:00,Orlando Magic,New Orleans Pelicans,0.6909,0.3091,0.7209,0.3226,11
401810404,NBA,2026-01-11 20:30:00+00:00,Memphis Grizzlies,Brooklyn Nets,0.707,0.293,0.7378,0.3057,11
401810405,NBA,2026-01-11 23:00:00+00:00,Toronto Raptors,Philadelphia 76ers,0.4588,0.5412,0.4788,0.5648,11
401810406,NBA,2026-01-11 23:00:00+00:00,Portland Trail Blazers,New York Knicks,0.3426,0.6574,0.3569,0.685,11
401810407,NBA,2026-01-12 00:00:00+00:00,Minnesota Timberwolves,San Antonio Spurs,0.56,0.44,0.5842,0.459,11
401810408,NBA,2026-01-12 00:00:00+00:00,Oklahoma City Thunder,Miami Heat,0.8535,0.1465,0.8929,0.1533,11
401810409,NBA,2026-01-12 01:00:00+00:00,Denver Nuggets,Milwaukee Bucks,0.3427,0.6573,0.3574,0.6855,11
401810410,NBA,2026-01-12 01:00:00+00:00,Phoenix Suns,Washington Wizards,0.8617,0.1383,0.8987,0.1443,11
401810411,NBA,2026-01-12 01:30:00+00:00,Golden State Warriors,Atlanta Hawks,0.6766,0.3234,0.7052,0.337,11
401810412,NBA,2026-01-12 02:00:00+00:00,Sacramento Kings,Houston Rockets,0.1587,0.8413,0.1658,0.8786,11
401810413,NBA,2026-01-13 00:00:00+00:00,Cleveland Cavaliers,Utah Jazz,0.816,0.184,0.8527,0.1922,11
401810414,NBA,2026-01-13 00:30:00+00:00,Indiana Pacers,Boston Celtics,0.366,0.634,0.3808,0.6596,11
401810415,NBA,2026-01-13 00:30:00+00:00,Toronto Raptors,Philadelphia 76ers,0.4201,0.5799,0.4374,0.6038,11
401810416,NBA,2026-01-13 01:30:00+00:00,Dallas Mavericks,Brooklyn Nets,0.5898,0.4102,0.6139,0.427,11
401810417,NBA,2026-01-13 03:00:00+00:00,Sacramento Kings,Los Angeles Lakers,0.246,0.754,0.2566,0.7864,11
401810419,NBA,2026-01-14 00:30:00+00:00,Miami Heat,Phoenix Suns,0.5293,0.4707,0.5528,0.4916,11
401810420,NBA,2026-01-14 01:00:00+00:00,Houston Rockets,Chicago Bulls,0.8122,0.1878,0.8483,0.1962,11
401810422,NBA,2026-01-14 01:00:00+00:00,New Orleans Pelicans,Denver Nuggets,0.4399,0.5601,0.4592,0.5846,11
401810423,NBA,2026-01-14 01:00:00+00:00,Oklahoma City Thunder,San Antonio Spurs,0.7218,0.2782,0.7525,0.29,11
401810424,NBA,2026-01-14 03:30:00+00:00,Los Angeles Lakers,Atlanta Hawks,0.4903,0.5097,0.5127,0.5329,10
401810425,NBA,2026-01-14 04:00:00+00:00,Golden State Warriors,Portland Trail Blazers,0.7907,0.2093,0.8253,0.2185,11
401810426,NBA,2026-01-15 00:00:00+00:00,Indiana Pacers,Toronto Raptors,0.5255,0.4745,0.5492,0.4959,11
401810427,NBA,2026-01-15 00:00:00+00:00,Philadelphia 76ers,Cleveland Cavaliers,0.5066,0.4934,0.5308,0.517,9
401810428,NBA,2026-01-15 01:00:00+00:00,Chicago Bulls,Utah Jazz,0.6594,0.3406,0.6876,0.3552,11
401810429,NBA,2026-01-15 01:00:00+00:00,New Orleans Pelicans,Brooklyn Nets,0.508,0.492,0.5323,0.5155,8
401810430,NBA,2026-01-15 02:30:00+00:00,Dallas Mavericks,Denver Nuggets,0.522,0.478,0.5457,0.4997,11
401810431,NBA,2026-01-15 03:00:00+00:00,Sacramento Kings,New York Knicks,0.2065,0.7935,0.2157,0.829,11
401810433,NBA,2026-01-15 19:00:00+00:00,Orlando Magic,Memphis Grizzlies,0.6664,0.3336,0.6954,0.3481,11
401810434,NBA,2026-01-16 00:00:00+00:00,Detroit Pistons,Phoenix Suns,0.7024,0.2976,0.7335,0.3108,11
401810435,NBA,2026-01-16 00:30:00+00:00,Miami Heat,Boston Celtics,0.4325,0.5675,0.4508,0.5914,11
401810436,NBA,2026-01-16 00:30:00+00:00,Houston Rockets,Oklahoma City Thunder,0.3947,0.6053,0.4107,0.6298,11
401810437,NBA,2026-01-16 01:00:00+00:00,San Antonio Spurs,Milwaukee Bucks,0.6809,0.3191,0.7099,0.3327,11
401810438,NBA,2026-01-16 01:30:00+00:00,Dallas Mavericks,Utah Jazz,0.5565,0.4435,0.5805,0.4626,11
401810439,NBA,2026-01-16 03:00:00+00:00,Golden State Warriors,New York Knicks,0.7008,0.2992,0.7315,0.3124,11
401810440,NBA,2026-01-16 03:00:00+00:00,Portland Trail Blazers,Atlanta Hawks,0.3955,0.6045,0.4115,0.629,11
401810441,NBA,2026-01-16 03:30:00+00:00,Los Angeles Lakers,Charlotte Hornets,0.5903,0.4097,0.6148,0.4266,11
401810443,NBA,2026-01-17 00:00:00+00:00,Indiana Pacers,New Orleans Pelicans,0.6222,0.3778,0.6475,0.3932,11
401810444,NBA,2026-01-17 00:00:00+00:00,Philadelphia 76ers,Cleveland Cavaliers,0.5531,0.4469,0.5769,0.4662,11
401810442,NBA,2026-01-17 00:30:00+00:00,Brooklyn Nets,Chicago Bulls,0.5125,0.4875,0.5367,0.5105,11
401810446,NBA,2026-01-17 02:30:00+00:00,Houston Rockets,Minnesota Timberwolves,0.605,0.395,0.6302,0.4115,11
401810447,NBA,2026-01-17 03:00:00+00:00,Sacramento Kings,Washington Wizards,0.7013,0.2987,0.7324,0.3119,11
401810448,NBA,2026-01-17 22:00:00+00:00,Dallas Mavericks,Utah Jazz,0.5797,0.4203,0.6038,0.4378,11
401810449,NBA,2026-01-18 00:30:00+00:00,Atlanta Hawks,Boston Celtics,0.4082,0.5918,0.4254,0.6166,11
401810450,NBA,2026-01-18 00:30:00+00:00,Detroit Pistons,Indiana Pacers,0.863,0.137,0.9003,0.1429,11
401810451,NBA,2026-01-18 00:30:00+00:00,New York Knicks,Phoenix Suns,0.5089,0.4911,0.5322,0.5135,11
401810452,NBA,2026-01-18 01:00:00+00:00,Miami Heat,Oklahoma City Thunder,0.2059,0.7941,0.2148,0.8284,11
401810453,NBA,2026-01-18 01:00:00+00:00,San Antonio Spurs,Minnesota Timberwolves,0.6331,0.3669,0.6591,0.3819,11
401810454,NBA,2026-01-18 01:30:00+00:00,Golden State Warriors,Charlotte Hornets,0.7133,0.2867,0.7443,0.2991,11
401810455,NBA,2026-01-18 02:00:00+00:00,Denver Nuggets,Washington Wizards,0.7959,0.2041,0.8296,0.2128,11
401810456,NBA,2026-01-18 03:00:00+00:00,Portland Trail Blazers,Los Angeles Lakers,0.5741,0.4259,0.5976,0.4433,11
401810457,NBA,2026-01-18 17:00:00+00:00,Memphis Grizzlies,Orlando Magic,0.4219,0.5781,0.4391,0.6016,11
401810458,NBA,2026-01-19 00:00:00+00:00,Chicago Bulls,Brooklyn Nets,0.6951,0.3049,0.7258,0.3184,11
401810459,NBA,2026-01-19 00:00:00+00:00,Houston Rockets,New Orleans Pelicans,0.8576,0.1424,0.8958,0.1487,11
401810460,NBA,2026-01-19 01:00:00+00:00,Denver Nuggets,Charlotte Hornets,0.441,0.559,0.46,0.583,11
401810461,NBA,2026-01-19 02:00:00+00:00,Sacramento Kings,Portland Trail Blazers,0.494,0.506,0.5162,0.5288,11
401810462,NBA,2026-01-19 02:30:00+00:00,Los Angeles Lakers,Toronto Raptors,0.5414,0.4586,0.565,0.4785,10
401809247,NBA,2026-01-19 18:00:00+00:00,Atlanta Hawks,Milwaukee Bucks,0.5221,0.4779,0.546,0.4997,11
401809248,NBA,2026-01-19 19:30:00+00:00,Cleveland Cavaliers,Oklahoma City Thunder,0.3373,0.6627,0.3522,0.6919,11
401809249,NBA,2026-01-19 22:00:00+00:00,New York Knicks,Dallas Mavericks,0.8121,0.1879,0.8482,0.1963,11
401810466,NBA,2026-01-19 22:00:00+00:00,San Antonio Spurs,Utah Jazz,0.874,0.126,0.9122,0.1315,11
401810464,NBA,2026-01-20 00:00:00+00:00,Philadelphia 76ers,Indiana Pacers,0.6864,0.3136,0.7168,0.3274,11
401810465,NBA,2026-01-20 00:30:00+00:00,Brooklyn Nets,Phoenix Suns,0.2354,0.7646,0.2458,0.7983,11
401809250,NBA,2026-01-20 01:00:00+00:00,Detroit Pistons,Boston Celtics,0.5584,0.4416,0.5826,0.4608,11
401810467,NBA,2026-01-20 03:00:00+00:00,Golden State Warriors,Miami Heat,0.639,0.361,0.6651,0.3757,11
401810468,NBA,2026-01-21 00:00:00+00:00,Philadelphia 76ers,Phoenix Suns,0.4445,0.5555,0.464,0.5799,11
401810470,NBA,2026-01-21 01:00:00+00:00,Houston Rockets,San Antonio Spurs,0.6085,0.3915,0.6337,0.4077,11
401810471,NBA,2026-01-21 02:00:00+00:00,Utah Jazz,Minnesota Timberwolves,0.1722,0.8278,0.1801,0.8655,11
401810472,NBA,2026-01-21 03:00:00+00:00,Denver Nuggets,Los Angeles Lakers,0.4145,0.5855,0.4314,0.6095,11
401810473,NBA,2026-01-21 03:00:00+00:00,Golden State Warriors,Toronto Raptors,0.6057,0.3943,0.6301,0.4102,11
401810474,NBA,2026-01-21 03:00:00+00:00,Sacramento Kings,Miami Heat,0.3886,0.6114,0.4048,0.6367,11
401810475,NBA,2026-01-22 00:00:00+00:00,Charlotte Hornets,Cleveland Cavaliers,0.4137,0.5863,0.4306,0.6102,11
401810476,NBA,2026-01-22 00:30:00+00:00,Boston Celtics,Indiana Pacers,0.7833,0.2167,0.8173,0.2261,11
401810477,NBA,2026-01-22 00:30:00+00:00,New York Knicks,Brooklyn Nets,0.8282,0.1718,0.8649,0.1794,11
401810478,NBA,2026-01-22 01:00:00+00:00,Memphis Grizzlies,Atlanta Hawks,0.5188,0.4812,0.5436,0.5043,11
401810479,NBA,2026-01-22 01:00:00+00:00,New Orleans Pelicans,Detroit Pistons,0.2927,0.7073,0.3057,0.7388,11
401810480,NBA,2026-01-22 02:30:00+00:00,Milwaukee Bucks,Oklahoma City Thunder,0.189,0.811,0.1975,0.8475,11
401810481,NBA,2026-01-22 03:00:00+00:00,Sacramento Kings,Toronto Raptors,0.3557,0.6443,0.3708,0.6718,11
401810482,NBA,2026-01-23 00:00:00+00:00,Orlando Magic,Charlotte Hornets,0.6039,0.3961,0.6288,0.4124,11
401810483,NBA,2026-01-23 00:00:00+00:00,Philadelphia 76ers,Houston Rockets,0.4477,0.5523,0.4672,0.5763,11
401810484,NBA,2026-01-23 00:00:00+00:00,Washington Wizards,Denver Nuggets,0.3167,0.6833,0.3307,0.7134,11
401810485,NBA,2026-01-23 00:30:00+00:00,Dallas Mavericks,Golden State Warriors,0.3255,0.6745,0.3395,0.7035,11
401810486,NBA,2026-01-23 01:00:00+00:00,Minnesota Timberwolves,Chicago Bulls,0.7557,0.2443,0.7874,0.2546,11
401810487,NBA,2026-01-23 02:00:00+00:00,Utah Jazz,San Antonio Spurs,0.1796,0.8204,0.1876,0.8568,11
401810489,NBA,2026-01-23 03:00:00+00:00,Portland Trail Blazers,Miami Heat,0.5764,0.4236,0.6009,0.4416,11
401810490,NBA,2026-01-24 00:00:00+00:00,Detroit Pistons,Houston Rockets,0.6166,0.3834,0.6419,0.3992,11
401810491,NBA,2026-01-24 00:30:00+00:00,Atlanta Hawks,Phoenix Suns,0.4239,0.5761,0.4413,0.5999,11
401810492,NBA,2026-01-24 00:30:00+00:00,Brooklyn Nets,Boston Celtics,0.2582,0.7418,0.2696,0.7748,11
401810493,NBA,2026-01-24 00:30:00+00:00,Cleveland Cavaliers,Sacramento Kings,0.8205,0.1795,0.8575,0.1875,11
401810494,NBA,2026-01-24 01:00:00+00:00,Memphis Grizzlies,New Orleans Pelicans,0.6378,0.3622,0.664,0.3771,11
401810496,NBA,2026-01-24 01:00:00+00:00,Oklahoma City Thunder,Indiana Pacers,0.8679,0.1321,0.9062,0.1379,11
401810495,NBA,2026-01-24 02:30:00+00:00,Milwaukee Bucks,Denver Nuggets,0.7256,0.2744,0.7566,0.2861,11
401810497,NBA,2026-01-24 03:00:00+00:00,Portland Trail Blazers,Toronto Raptors,0.4023,0.5977,0.419,0.6226,11
401810500,NBA,2026-01-24 17:00:00+00:00,Charlotte Hornets,Washington Wizards,0.8055,0.1945,0.8404,0.203,10
401810498,NBA,2026-01-24 20:00:00+00:00,Philadelphia 76ers,New York Knicks,0.4948,0.5052,0.5179,0.5289,9
401810501,NBA,2026-01-25 00:00:00+00:00,Orlando Magic,Cleveland Cavaliers,0.5197,0.4803,0.5438,0.5026,10
401810502,NBA,2026-01-25 01:00:00+00:00,Chicago Bulls,Boston Celtics,0.4204,0.5796,0.438,0.6039,10
401810503,NBA,2026-01-25 01:30:00+00:00,Dallas Mavericks,Los Angeles Lakers,0.3907,0.6093,0.4069,0.6346,10
401810504,NBA,2026-01-25 02:30:00+00:00,Utah Jazz,Miami Heat,0.3122,0.6878,0.3261,0.7184,10
401810505,NBA,2026-01-25 20:00:00+00:00,Detroit Pistons,Sacramento Kings,0.8285,0.1715,0.8636,0.1788,10
401810508,NBA,2026-01-26 00:00:00+00:00,Oklahoma City Thunder,Toronto Raptors,0.8033,0.1967,0.8383,0.2052,10
401810509,NBA,2026-01-26 00:00:00+00:00,San Antonio Spurs,New Orleans Pelicans,0.8055,0.1945,0.8404,0.203,10
401810510,NBA,2026-01-26 01:00:00+00:00,Phoenix Suns,Miami Heat,0.6154,0.3846,0.6408,0.4004,11
401810514,NBA,2026-01-26 18:30:00+00:00,Atlanta Hawks,Indiana Pacers,0.6574,0.3426,0.6855,0.3572,11
401810512,NBA,2026-01-26 20:00:00+00:00,Charlotte Hornets,Philadelphia 76ers,0.5364,0.4636,0.5594,0.4835,11
401810513,NBA,2026-01-27 00:00:00+00:00,Cleveland Cavaliers,Orlando Magic,0.6517,0.3483,0.6779,0.3622,11
401810515,NBA,2026-01-27 01:00:00+00:00,Boston Celtics,Portland Trail Blazers,0.7399,0.2601,0.772,0.2714,11
401810516,NBA,2026-01-27 01:00:00+00:00,Chicago Bulls,Los Angeles Lakers,0.4764,0.5236,0.4982,0.5476,11
401810517,NBA,2026-01-27 01:00:00+00:00,Houston Rockets,Memphis Grizzlies,0.8005,0.1995,0.8359,0.2084,11
401810518,NBA,2026-01-27 02:30:00+00:00,Minnesota Timberwolves,Golden State Warriors,0.7208,0.2792,0.7529,0.2917,11
401810519,NBA,2026-01-28 00:00:00+00:00,Washington Wizards,Portland Trail Blazers,0.3125,0.6875,0.3259,0.7171,11
401810520,NBA,2026-01-28 00:30:00+00:00,New York Knicks,Sacramento Kings,0.8563,0.1437,0.8951,0.1502,11
401810521,NBA,2026-01-28 01:00:00+00:00,Philadelphia 76ers,Milwaukee Bucks,0.7656,0.2344,0.7982,0.2443,10
401810522,NBA,2026-01-28 01:00:00+00:00,Oklahoma City Thunder,New Orleans Pelicans,0.8557,0.1443,0.8929,0.1505,10
401810523,NBA,2026-01-28 02:00:00+00:00,Denver Nuggets,Detroit Pistons,0.3006,0.6994,0.3137,0.73,11
401810524,NBA,2026-01-28 02:00:00+00:00,Phoenix Suns,Brooklyn Nets,0.7319,0.2681,0.7635,0.2797,11
401810526,NBA,2026-01-29 00:00:00+00:00,Cleveland Cavaliers,Los Angeles Lakers,0.5957,0.4043,0.6209,0.4214,10
401810527,NBA,2026-01-29 00:00:00+00:00,Indiana Pacers,Chicago Bulls,0.4662,0.5338,0.487,0.5576,10
401810528,NBA,2026-01-29 00:30:00+00:00,Boston Celtics,Atlanta Hawks,0.6465,0.3535,0.6739,0.3686,10
401810529,NBA,2026-01-29 00:30:00+00:00,Miami Heat,Orlando Magic,0.5801,0.4199,0.6039,0.4371,10
401810530,NBA,2026-01-29 00:30:00+00:00,Toronto Raptors,New York Knicks,0.5666,0.4334,0.5908,0.4518,10
401810531,NBA,2026-01-29 01:00:00+00:00,Memphis Grizzlies,Charlotte Hornets,0.4516,0.5484,0.4709,0.5718,10
401810532,NBA,2026-01-29 01:30:00+00:00,Dallas Mavericks,Minnesota Timberwolves,0.2638,0.7362,0.2754,0.7687,10
401810533,NBA,2026-01-29 02:00:00+00:00,Utah Jazz,Golden State Warriors,0.2802,0.7198,0.2923,0.7509,11
401810534,NBA,2026-01-29 02:42:00+00:00,Houston Rockets,San Antonio Spurs,0.5663,0.4337,0.5902,0.4521,11
401810535,NBA,2026-01-30 00:00:00+00:00,Philadelphia 76ers,Sacramento Kings,0.7749,0.2251,0.8085,0.2348,11
401810536,NBA,2026-01-30 00:00:00+00:00,Washington Wizards,Milwaukee Bucks,0.4566,0.5434,0.476,0.5665,11
401810537,NBA,2026-01-30 01:00:00+00:00,Atlanta Hawks,Houston Rockets,0.3065,0.6935,0.3199,0.7238,11
401850920,NBA,2026-01-30 01:00:00+00:00,Chicago Bulls,Miami Heat,0.4496,0.5504,0.4688,0.5739,11
401810538,NBA,2026-01-30 01:30:00+00:00,Dallas Mavericks,Charlotte Hornets,0.4271,0.5729,0.4448,0.5966,11
401810539,NBA,2026-01-30 02:00:00+00:00,Denver Nuggets,Brooklyn Nets,0.6809,0.3191,0.7107,0.3331,11
401810540,NBA,2026-01-30 02:00:00+00:00,Phoenix Suns,Detroit Pistons,0.4182,0.5818,0.4359,0.6065,11
401810541,NBA,2026-01-30 02:30:00+00:00,Minnesota Timberwolves,Oklahoma City Thunder,0.352,0.648,0.3669,0.6754,11
401810543,NBA,2026-01-31 00:00:00+00:00,Washington Wizards,Los Angeles Lakers,0.2084,0.7916,0.2176,0.8266,11
401810542,NBA,2026-01-31 00:30:00+00:00,Orlando Magic,Toronto Raptors,0.5538,0.4462,0.5778,0.4656,11
401810544,NBA,2026-01-31 00:30:00+00:00,Boston Celtics,Sacramento Kings,0.8051,0.1949,0.8404,0.2035,11
401810545,NBA,2026-01-31 00:30:00+00:00,New York Knicks,Portland Trail Blazers,0.7182,0.2818,0.7499,0.2943,11
401810546,NBA,2026-01-31 00:30:00+00:00,New Orleans Pelicans,Memphis Grizzlies,0.5754,0.4246,0.5994,0.4423,11
401810548,NBA,2026-01-31 02:00:00+00:00,Phoenix Suns,Cleveland Cavaliers,0.4653,0.5347,0.4855,0.5579,11
401810549,NBA,2026-01-31 02:30:00+00:00,Utah Jazz,Brooklyn Nets,0.5909,0.4091,0.616,0.4265,11
401810551,NBA,2026-01-31 03:00:00+00:00,Golden State Warriors,Detroit Pistons,0.5479,0.4521,0.5715,0.4716,11
401810552,NBA,2026-01-31 17:00:00+00:00,Charlotte Hornets,San Antonio Spurs,0.403,0.597,0.4199,0.622,11
401810553,NBA,2026-02-01 00:00:00+00:00,Indiana Pacers,Atlanta Hawks,0.4729,0.5271,0.4945,0.5512,11
401810554,NBA,2026-02-01 00:30:00+00:00,Philadelphia 76ers,New Orleans Pelicans,0.6623,0.3377,0.6902,0.3518,11
401810547,NBA,2026-02-01 01:00:00+00:00,Miami Heat,Chicago Bulls,0.649,0.351,0.6762,0.3657,11
401810555,NBA,2026-02-01 01:00:00+00:00,Memphis Grizzlies,Minnesota Timberwolves,0.2004,0.7996,0.2092,0.8347,11
401810556,NBA,2026-02-01 01:30:00+00:00,Houston Rockets,Dallas Mavericks,0.775,0.225,0.8084,0.2347,11
401810557,NBA,2026-02-01 20:30:00+00:00,Boston Celtics,Milwaukee Bucks,0.8259,0.1741,0.8608,0.1815,11
401810559,NBA,2026-02-01 23:00:00+00:00,Detroit Pistons,Brooklyn Nets,0.8397,0.1603,0.8779,0.1676,11
401810560,NBA,2026-02-01 23:00:00+00:00,Miami Heat,Chicago Bulls,0.6575,0.3425,0.685,0.3569,11
401810561,NBA,2026-02-01 23:00:00+00:00,Toronto Raptors,Utah Jazz,0.7674,0.2326,0.8008,0.2427,11
401810562,NBA,2026-02-01 23:00:00+00:00,Washington Wizards,Sacramento Kings,0.4776,0.5224,0.4993,0.546,11
401810563,NBA,2026-02-02 00:00:00+00:00,New York Knicks,Los Angeles Lakers,0.6602,0.3398,0.6881,0.3541,11
401810558,NBA,2026-02-02 02:00:00+00:00,San Antonio Spurs,Orlando Magic,0.639,0.361,0.6651,0.3758,11
401810565,NBA,2026-02-02 02:00:00+00:00,Portland Trail Blazers,Cleveland Cavaliers,0.3899,0.6101,0.406,0.6352,11
401810566,NBA,2026-02-02 02:30:00+00:00,Denver Nuggets,Oklahoma City Thunder,0.3264,0.6736,0.3404,0.7025,11
401810567,NBA,2026-02-02 20:00:00+00:00,Charlotte Hornets,New Orleans Pelicans,0.6888,0.3112,0.7191,0.3249,11
401810568,NBA,2026-02-03 00:00:00+00:00,Indiana Pacers,Houston Rockets,0.3102,0.6898,0.3238,0.72,11
401810569,NBA,2026-02-03 00:30:00+00:00,Memphis Grizzlies,Minnesota Timberwolves,0.2826,0.7174,0.2948,0.7483,11
401810571,NBA,2026-02-04 00:00:00+00:00,Detroit Pistons,Denver Nuggets,0.6369,0.3631,0.6629,0.3779,11
401810572,NBA,2026-02-04 00:00:00+00:00,Indiana Pacers,Utah Jazz,0.4306,0.5694,0.4487,0.5934,11
401810573,NBA,2026-02-04 00:00:00+00:00,Washington Wizards,New York Knicks,0.1722,0.8278,0.1796,0.8635,11
401810574,NBA,2026-02-04 00:30:00+00:00,Brooklyn Nets,Los Angeles Lakers,0.265,0.735,0.2766,0.7672,11
401810575,NBA,2026-02-04 00:30:00+00:00,Miami Heat,Atlanta Hawks,0.5127,0.4873,0.5366,0.51,11
401810576,NBA,2026-02-04 01:00:00+00:00,Dallas Mavericks,Boston Celtics,0.3095,0.6905,0.323,0.7204,11
401810577,NBA,2026-02-04 01:00:00+00:00,Milwaukee Bucks,Chicago Bulls,0.4821,0.5179,0.5043,0.5417,11
401810578,NBA,2026-02-04 01:00:00+00:00,Oklahoma City Thunder,Orlando Magic,0.7996,0.2004,0.8348,0.2092,11
401810579,NBA,2026-02-04 03:00:00+00:00,Golden State Warriors,Philadelphia 76ers,0.625,0.375,0.6506,0.3904,11
401810580,NBA,2026-02-04 04:00:00+00:00,Portland Trail Blazers,Phoenix Suns,0.4218,0.5782,0.4392,0.602,11
401810581,NBA,2026-02-05 00:00:00+00:00,New York Knicks,Denver Nuggets,0.6245,0.3755,0.6498,0.3908,11
401810582,NBA,2026-02-05 00:30:00+00:00,Toronto Raptors,Minnesota Timberwolves,0.4287,0.5713,0.4462,0.5946,11
401810583,NBA,2026-02-05 01:00:00+00:00,Houston Rockets,Boston Celtics,0.7153,0.2847,0.7464,0.297,11
401810584,NBA,2026-02-05 01:00:00+00:00,Milwaukee Bucks,New Orleans Pelicans,0.3787,0.6213,0.3942,0.6468,11
401810585,NBA,2026-02-05 02:30:00+00:00,San Antonio Spurs,Oklahoma City Thunder,0.7699,0.2301,0.8041,0.2404,11
401810586,NBA,2026-02-05 03:00:00+00:00,Sacramento Kings,Memphis Grizzlies,0.5703,0.4297,0.5943,0.4478,11
401810588,NBA,2026-02-06 00:00:00+00:00,Detroit Pistons,Washington Wizards,0.8829,0.1171,0.9214,0.1222,11
401810589,NBA,2026-02-06 00:00:00+00:00,Orlando Magic,Brooklyn Nets,0.7628,0.2372,0.7955,0.2473,11
401810590,NBA,2026-02-06 00:30:00+00:00,Atlanta Hawks,Utah Jazz,0.7333,0.2667,0.7651,0.2782,11
401810591,NBA,2026-02-06 00:30:00+00:00,Toronto Raptors,Chicago Bulls,0.7286,0.2714,0.7608,0.2833,11
401810592,NBA,2026-02-06 01:00:00+00:00,Houston Rockets,Charlotte Hornets,0.6187,0.3813,0.6441,0.3969,11
401810593,NBA,2026-02-06 01:30:00+00:00,Dallas Mavericks,San Antonio Spurs,0.2696,0.7304,0.2814,0.7623,11
401810594,NBA,2026-02-06 03:00:00+00:00,Phoenix Suns,Golden State Warriors,0.6521,0.3479,0.6787,0.3621,11
401810595,NBA,2026-02-06 03:00:00+00:00,Los Angeles Lakers,Philadelphia 76ers,0.5484,0.4516,0.5724,0.4713,11
401810596,NBA,2026-02-07 00:30:00+00:00,Boston Celtics,Miami Heat,0.6693,0.3307,0.6985,0.3451,11
401810597,NBA,2026-02-07 00:30:00+00:00,Detroit Pistons,New York Knicks,0.6345,0.3655,0.6608,0.3807,11
401810598,NBA,2026-02-07 01:00:00+00:00,Milwaukee Bucks,Indiana Pacers,0.4714,0.5286,0.4923,0.552,11
401810599,NBA,2026-02-07 01:00:00+00:00,Minnesota Timberwolves,New Orleans Pelicans,0.7454,0.2546,0.7784,0.2659,11
401810600,NBA,2026-02-07 03:00:00+00:00,Portland Trail Blazers,Memphis Grizzlies,0.7191,0.2809,0.7504,0.2931,11
401810602,NBA,2026-02-07 20:00:00+00:00,Brooklyn Nets,Washington Wizards,0.7161,0.2839,0.7474,0.2963,11
401810603,NBA,2026-02-07 20:30:00+00:00,Oklahoma City Thunder,Houston Rockets,0.6107,0.3893,0.6357,0.4051,11
401810604,NBA,2026-02-07 23:00:00+00:00,San Antonio Spurs,Dallas Mavericks,0.7872,0.2128,0.821,0.2219,11
401810605,NBA,2026-02-08 00:00:00+00:00,Orlando Magic,Utah Jazz,0.7089,0.2911,0.7398,0.3038,11
401810606,NBA,2026-02-08 00:30:00+00:00,Atlanta Hawks,Charlotte Hornets,0.4642,0.5358,0.4845,0.5593,11
401810607,NBA,2026-02-08 01:00:00+00:00,Chicago Bulls,Denver Nuggets,0.2557,0.7443,0.2665,0.7758,11
401810608,NBA,2026-02-08 01:30:00+00:00,Los Angeles Lakers,Golden State Warriors,0.5386,0.4614,0.5625,0.4818,11
401810609,NBA,2026-02-08 02:00:00+00:00,Phoenix Suns,Philadelphia 76ers,0.553,0.447,0.5772,0.4666,11
401810610,NBA,2026-02-08 03:00:00+00:00,Portland Trail Blazers,Memphis Grizzlies,0.7365,0.2635,0.7688,0.2751,11
401810611,NBA,2026-02-08 03:00:00+00:00,Sacramento Kings,Cleveland Cavaliers,0.1724,0.8276,0.18,0.8642,11
401810612,NBA,2026-02-08 17:30:00+00:00,Boston Celtics,New York Knicks,0.5935,0.4065,0.6187,0.4237,11
401810613,NBA,2026-02-08 19:00:00+00:00,Washington Wizards,Miami Heat,0.1713,0.8287,0.1789,0.8656,11
401810614,NBA,2026-02-08 20:00:00+00:00,Toronto Raptors,Indiana Pacers,0.7501,0.2499,0.782,0.2605,11
401810616,NBA,2026-02-10 00:00:00+00:00,Charlotte Hornets,Detroit Pistons,0.4423,0.5577,0.4617,0.5822,11
401810617,NBA,2026-02-10 00:30:00+00:00,Brooklyn Nets,Chicago Bulls,0.4226,0.5774,0.4401,0.6013,11
401810618,NBA,2026-02-10 00:30:00+00:00,Miami Heat,Utah Jazz,0.6828,0.3172,0.7125,0.331,11
401810619,NBA,2026-02-10 00:30:00+00:00,Orlando Magic,Milwaukee Bucks,0.7707,0.2293,0.8047,0.2395,11
401810620,NBA,2026-02-10 01:00:00+00:00,Minnesota Timberwolves,Atlanta Hawks,0.735,0.265,0.7671,0.2766,11
401810621,NBA,2026-02-10 01:00:00+00:00,New Orleans Pelicans,Sacramento Kings,0.766,0.234,0.7995,0.2443,11
401810622,NBA,2026-02-10 02:00:00+00:00,Denver Nuggets,Cleveland Cavaliers,0.5556,0.4444,0.5796,0.4637,11
401810623,NBA,2026-02-10 03:00:00+00:00,Golden State Warriors,Memphis Grizzlies,0.7581,0.2419,0.7904,0.2522,11
401810624,NBA,2026-02-10 03:00:00+00:00,Los Angeles Lakers,Oklahoma City Thunder,0.3185,0.6815,0.3323,0.7108,11
401810625,NBA,2026-02-10 03:00:00+00:00,Portland Trail Blazers,Philadelphia 76ers,0.5656,0.4344,0.589,0.4523,11
401810626,NBA,2026-02-11 00:30:00+00:00,New York Knicks,Indiana Pacers,0.8171,0.1829,0.8534,0.191,11
401810628,NBA,2026-02-11 02:00:00+00:00,Phoenix Suns,Dallas Mavericks,0.734,0.266,0.7661,0.2776,11
401810630,NBA,2026-02-12 00:00:00+00:00,Charlotte Hornets,Atlanta Hawks,0.5461,0.4539,0.5693,0.4731,11
401810631,NBA,2026-02-12 00:00:00+00:00,Cleveland Cavaliers,Washington Wizards,0.8873,0.1127,0.9268,0.1177,11
401810632,NBA,2026-02-12 00:00:00+00:00,Orlando Magic,Milwaukee Bucks,0.7942,0.2058,0.8284,0.2146,11
401810633,NBA,2026-02-12 00:30:00+00:00,Boston Celtics,Chicago Bulls,0.8375,0.1625,0.8751,0.1699,11
401810634,NBA,2026-02-12 00:30:00+00:00,Brooklyn Nets,Indiana Pacers,0.6668,0.3332,0.6963,0.3479,11
401810635,NBA,2026-02-12 00:30:00+00:00,Philadelphia 76ers,New York Knicks,0.4586,0.5414,0.4781,0.5645,11
401810636,NBA,2026-02-12 00:30:00+00:00,Toronto Raptors,Detroit Pistons,0.5093,0.4907,0.5332,0.5138,11
401810638,NBA,2026-02-12 01:00:00+00:00,Minnesota Timberwolves,Portland Trail Blazers,0.7177,0.2823,0.7484,0.2944,11
401810639,NBA,2026-02-12 01:00:00+00:00,New Orleans Pelicans,Miami Heat,0.5323,0.4677,0.5562,0.4887,11
401810640,NBA,2026-02-12 02:00:00+00:00,Phoenix Suns,Oklahoma City Thunder,0.292,0.708,0.305,0.7395,11
401810641,NBA,2026-02-12 02:00:00+00:00,Utah Jazz,Sacramento Kings,0.6484,0.3516,0.6754,0.3663,11
401810642,NBA,2026-02-12 02:00:00+00:00,Denver Nuggets,Memphis Grizzlies,0.838,0.162,0.8759,0.1694,11
401810643,NBA,2026-02-12 03:00:00+00:00,Golden State Warriors,San Antonio Spurs,0.3215,0.6785,0.3351,0.707,11
401810644,NBA,2026-02-13 00:30:00+00:00,Oklahoma City Thunder,Milwaukee Bucks,0.8068,0.1932,0.843,0.2019,11
401810645,NBA,2026-02-13 02:00:00+00:00,Utah Jazz,Portland Trail Blazers,0.3279,0.6721,0.3421,0.7013,10
401810646,NBA,2026-02-13 03:00:00+00:00,Los Angeles Lakers,Dallas Mavericks,0.6889,0.3111,0.719,0.3247,11
401810647,NBA,2026-02-20 00:00:00+00:00,Charlotte Hornets,Houston Rockets,0.3744,0.6256,0.3893,0.6506,11
401810648,NBA,2026-02-20 00:00:00+00:00,Cleveland Cavaliers,Brooklyn Nets,0.8758,0.1242,0.9137,0.1295,11
401810649,NBA,2026-02-20 00:00:00+00:00,Philadelphia 76ers,Atlanta Hawks,0.5104,0.4896,0.5345,0.5128,11
401810650,NBA,2026-02-20 00:00:00+00:00,Washington Wizards,Indiana Pacers,0.4579,0.5421,0.4779,0.5657,11
401810651,NBA,2026-02-20 00:30:00+00:00,New York Knicks,Detroit Pistons,0.5985,0.4015,0.6237,0.4183,11
401810652,NBA,2026-02-20 01:00:00+00:00,Chicago Bulls,Toronto Raptors,0.3333,0.6667,0.3475,0.695,11
401810653,NBA,2026-02-20 01:30:00+00:00,San Antonio Spurs,Phoenix Suns,0.7137,0.2863,0.7448,0.2988,11
401810654,NBA,2026-02-20 03:00:00+00:00,Golden State Warriors,Boston Celtics,0.3341,0.6659,0.348,0.6938,11
401810655,NBA,2026-02-20 03:00:00+00:00,Sacramento Kings,Orlando Magic,0.2549,0.7451,0.2657,0.7769,11
401810657,NBA,2026-02-21 00:00:00+00:00,Charlotte Hornets,Cleveland Cavaliers,0.3457,0.6543,0.3599,0.6812,11
401810658,NBA,2026-02-21 00:00:00+00:00,Washington Wizards,Indiana Pacers,0.5206,0.4794,0.5444,0.5013,10
401810659,NBA,2026-02-21 00:00:00+00:00,Memphis Grizzlies,Utah Jazz,0.5555,0.4445,0.5796,0.4638,11
401810660,NBA,2026-02-21 00:30:00+00:00,Atlanta Hawks,Miami Heat,0.4344,0.5656,0.4531,0.5899,11
401810661,NBA,2026-02-21 00:30:00+00:00,Minnesota Timberwolves,Dallas Mavericks,0.8392,0.1608,0.8766,0.168,11
401810662,NBA,2026-02-21 01:00:00+00:00,New Orleans Pelicans,Milwaukee Bucks,0.6182,0.3818,0.6433,0.3974,11
401810663,NBA,2026-02-21 01:00:00+00:00,Oklahoma City Thunder,Brooklyn Nets,0.8884,0.1116,0.9275,0.1165,11
401810665,NBA,2026-02-21 03:00:00+00:00,Portland Trail Blazers,Denver Nuggets,0.4866,0.5134,0.5087,0.5366,11
401810666,NBA,2026-02-21 22:00:00+00:00,Phoenix Suns,Orlando Magic,0.5871,0.4129,0.6116,0.4301,11
401810667,NBA,2026-02-22 00:00:00+00:00,New Orleans Pelicans,Philadelphia 76ers,0.3967,0.6033,0.4132,0.6283,11
401810668,NBA,2026-02-22 01:00:00+00:00,Miami Heat,Memphis Grizzlies,0.8114,0.1886,0.8476,0.197,11
401810669,NBA,2026-02-22 01:00:00+00:00,Chicago Bulls,Detroit Pistons,0.1878,0.8122,0.1963,0.8488,11
401810670,NBA,2026-02-22 01:00:00+00:00,San Antonio Spurs,Sacramento Kings,0.9086,0.0914,0.9475,0.0953,11
401810671,NBA,2026-02-22 01:30:00+00:00,New York Knicks,Houston Rockets,0.5982,0.4018,0.6226,0.4182,11
401810672,NBA,2026-02-22 18:00:00+00:00,Oklahoma City Thunder,Cleveland Cavaliers,0.3834,0.6166,0.3994,0.6422,11
401810673,NBA,2026-02-22 20:30:00+00:00,Atlanta Hawks,Brooklyn Nets,0.7708,0.2292,0.8041,0.2391,11
401810674,NBA,2026-02-22 20:30:00+00:00,Milwaukee Bucks,Toronto Raptors,0.4101,0.5899,0.4275,0.615,11
401810675,NBA,2026-02-22 20:30:00+00:00,Golden State Warriors,Denver Nuggets,0.3094,0.6906,0.3228,0.7204,11
401810676,NBA,2026-02-22 22:00:00+00:00,Indiana Pacers,Dallas Mavericks,0.483,0.517,0.5051,0.5407,10
401810677,NBA,2026-02-22 23:00:00+00:00,Washington Wizards,Charlotte Hornets,0.1985,0.8015,0.2072,0.8366,11
401810678,NBA,2026-02-22 23:30:00+00:00,Los Angeles Lakers,Boston Celtics,0.4857,0.5143,0.5082,0.5382,11
401810679,NBA,2026-02-23 00:00:00+00:00,Minnesota Timberwolves,Philadelphia 76ers,0.749,0.251,0.7808,0.2616,11
401810680,NBA,2026-02-23 01:00:00+00:00,Chicago Bulls,New York Knicks,0.2259,0.7741,0.2357,0.8077,11
401810681,NBA,2026-02-23 01:00:00+00:00,Phoenix Suns,Portland Trail Blazers,0.4038,0.5962,0.4209,0.6216,11
401810683,NBA,2026-02-24 00:00:00+00:00,Detroit Pistons,San Antonio Spurs,0.5261,0.4739,0.5498,0.4952,11
401810684,NBA,2026-02-24 01:00:00+00:00,Memphis Grizzlies,Sacramento Kings,0.5617,0.4383,0.5852,0.4567,11
401810685,NBA,2026-02-24 02:30:00+00:00,Houston Rockets,Utah Jazz,0.8565,0.1435,0.8943,0.1499,11
401810686,NBA,2026-02-25 00:00:00+00:00,Indiana Pacers,Philadelphia 76ers,0.1939,0.8061,0.2024,0.8417,11
401810687,NBA,2026-02-25 00:30:00+00:00,Atlanta Hawks,Washington Wizards,0.8331,0.1669,0.8716,0.1746,11
401810688,NBA,2026-02-25 00:30:00+00:00,Brooklyn Nets,Dallas Mavericks,0.4706,0.5294,0.4916,0.5531,11
401810689,NBA,2026-02-25 00:30:00+00:00,Toronto Raptors,Oklahoma City Thunder,0.5631,0.4369,0.5873,0.4557,11
401810690,NBA,2026-02-25 00:30:00+00:00,Cleveland Cavaliers,New York Knicks,0.605,0.395,0.6297,0.4112,11
401810691,NBA,2026-02-25 01:00:00+00:00,Chicago Bulls,Charlotte Hornets,0.2656,0.7344,0.2771,0.7661,11
401810692,NBA,2026-02-25 01:00:00+00:00,Milwaukee Bucks,Miami Heat,0.3332,0.6668,0.3478,0.6959,11
401810693,NBA,2026-02-25 01:00:00+00:00,New Orleans Pelicans,Golden State Warriors,0.4821,0.5179,0.5044,0.5419,11
401810694,NBA,2026-02-25 02:00:00+00:00,Phoenix Suns,Boston Celtics,0.3497,0.6503,0.3645,0.6779,11
401810696,NBA,2026-02-25 03:00:00+00:00,Portland Trail Blazers,Minnesota Timberwolves,0.3204,0.6796,0.3342,0.7088,11
401810695,NBA,2026-02-25 03:30:00+00:00,Los Angeles Lakers,Orlando Magic,0.6735,0.3265,0.702,0.3403,11
401810697,NBA,2026-02-26 00:30:00+00:00,Detroit Pistons,Oklahoma City Thunder,0.7793,0.2207,0.8131,0.2302,11
401810698,NBA,2026-02-26 00:30:00+00:00,Toronto Raptors,San Antonio Spurs,0.3366,0.6634,0.3511,0.692,11
401810699,NBA,2026-02-26 00:30:00+00:00,Memphis Grizzlies,Golden State Warriors,0.3879,0.6121,0.4036,0.637,11
401810700,NBA,2026-02-26 01:00:00+00:00,Houston Rockets,Sacramento Kings,0.8611,0.1389,0.9002,0.1452,11
401810701,NBA,2026-02-26 01:00:00+00:00,Milwaukee Bucks,Cleveland Cavaliers,0.4272,0.5728,0.4452,0.597,11
401810702,NBA,2026-02-26 03:00:00+00:00,Denver Nuggets,Boston Celtics,0.5802,0.4198,0.6041,0.4371,11
401810703,NBA,2026-02-27 00:00:00+00:00,Indiana Pacers,Charlotte Hornets,0.1634,0.8366,0.1706,0.8738,11
401810704,NBA,2026-02-27 00:00:00+00:00,Philadelphia 76ers,Miami Heat,0.5533,0.4467,0.5772,0.466,11
401810705,NBA,2026-02-27 00:30:00+00:00,Atlanta Hawks,Washington Wizards,0.8017,0.1983,0.8372,0.207,11
401810706,NBA,2026-02-27 00:30:00+00:00,Brooklyn Nets,San Antonio Spurs,0.1875,0.8125,0.1958,0.8488,11
401810707,NBA,2026-02-27 00:30:00+00:00,Orlando Magic,Houston Rockets,0.4355,0.5645,0.454,0.5886,11
401810708,NBA,2026-02-27 01:00:00+00:00,Chicago Bulls,Portland Trail Blazers,0.3975,0.6025,0.4141,0.6276,11
401810709,NBA,2026-02-27 01:30:00+00:00,Dallas Mavericks,Sacramento Kings,0.7287,0.2713,0.7603,0.2831,11
401810710,NBA,2026-02-27 02:00:00+00:00,Phoenix Suns,Los Angeles Lakers,0.3401,0.6599,0.3544,0.6876,11
401810711,NBA,2026-02-27 02:00:00+00:00,Utah Jazz,New Orleans Pelicans,0.3202,0.6798,0.3341,0.7093,11
401810713,NBA,2026-02-28 00:00:00+00:00,Detroit Pistons,Cleveland Cavaliers,0.7364,0.2636,0.7687,0.2752,11
401810714,NBA,2026-02-28 00:30:00+00:00,Boston Celtics,Brooklyn Nets,0.8924,0.1076,0.9323,0.1124,11
401810715,NBA,2026-02-28 01:00:00+00:00,Milwaukee Bucks,New York Knicks,0.2806,0.7194,0.2929,0.7509,11
401810716,NBA,2026-02-28 01:30:00+00:00,Dallas Mavericks,Memphis Grizzlies,0.6313,0.3687,0.6576,0.384,11
401810717,NBA,2026-02-28 02:47:00+00:00,Oklahoma City Thunder,Denver Nuggets,0.6996,0.3004,0.7305,0.3137,11
401810718,NBA,2026-02-28 18:00:00+00:00,Charlotte Hornets,Portland Trail Blazers,0.7056,0.2944,0.7368,0.3074,11
401810719,NBA,2026-02-28 20:30:00+00:00,Miami Heat,Houston Rockets,0.4456,0.5544,0.4647,0.5781,11
401810720,NBA,2026-03-01 00:00:00+00:00,Washington Wizards,Toronto Raptors,0.1406,0.8594,0.1467,0.8972,11
401810721,NBA,2026-03-01 01:30:00+00:00,Golden State Warriors,Los Angeles Lakers,0.4028,0.5972,0.4202,0.6229,11
401810722,NBA,2026-03-01 02:30:00+00:00,Utah Jazz,New Orleans Pelicans,0.3306,0.6694,0.3449,0.6985,11
401810724,NBA,2026-03-01 20:30:00+00:00,Brooklyn Nets,Cleveland Cavaliers,0.1605,0.8395,0.1679,0.878,11
401810725,NBA,2026-03-01 20:30:00+00:00,Chicago Bulls,Milwaukee Bucks,0.4366,0.5634,0.4552,0.5873,11
401810726,NBA,2026-03-01 20:30:00+00:00,Denver Nuggets,Minnesota Timberwolves,0.5659,0.4341,0.5896,0.4522,11
401810727,NBA,2026-03-01 22:00:00+00:00,Indiana Pacers,Memphis Grizzlies,0.4979,0.5021,0.5209,0.5253,10
401810728,NBA,2026-03-01 23:00:00+00:00,Atlanta Hawks,Portland Trail Blazers,0.6717,0.3283,0.7008,0.3424,11
401810730,NBA,2026-03-01 23:00:00+00:00,Orlando Magic,Detroit Pistons,0.3488,0.6512,0.3635,0.6787,11
401810729,NBA,2026-03-02 01:00:00+00:00,Boston Celtics,Philadelphia 76ers,0.7438,0.2562,0.7758,0.2672,11
401810731,NBA,2026-03-02 01:00:00+00:00,Dallas Mavericks,Oklahoma City Thunder,0.1182,0.8818,0.1234,0.9213,11
401810733,NBA,2026-03-02 02:30:00+00:00,Los Angeles Lakers,Sacramento Kings,0.8372,0.1628,0.8745,0.17,11
401810734,NBA,2026-03-03 00:00:00+00:00,Washington Wizards,Houston Rockets,0.1268,0.8732,0.1324,0.9114,11
401810735,NBA,2026-03-03 00:30:00+00:00,Milwaukee Bucks,Boston Celtics,0.444,0.556,0.463,0.5799,11
401810736,NBA,2026-03-03 02:00:00+00:00,Utah Jazz,Denver Nuggets,0.1808,0.8192,0.1889,0.8561,11
401810738,NBA,2026-03-04 00:00:00+00:00,Charlotte Hornets,Dallas Mavericks,0.8404,0.1596,0.8779,0.1668,11
401810739,NBA,2026-03-04 00:00:00+00:00,Cleveland Cavaliers,Detroit Pistons,0.433,0.567,0.4514,0.5912,11
401810740,NBA,2026-03-04 00:00:00+00:00,Orlando Magic,Washington Wizards,0.8909,0.1091,0.9299,0.1139,11
401810741,NBA,2026-03-04 00:30:00+00:00,Miami Heat,Brooklyn Nets,0.8375,0.1625,0.8744,0.1697,11
401810742,NBA,2026-03-04 00:30:00+00:00,Toronto Raptors,New York Knicks,0.4339,0.5661,0.4525,0.5905,11
401810743,NBA,2026-03-04 01:00:00+00:00,Philadelphia 76ers,San Antonio Spurs,0.2715,0.7285,0.2833,0.7603,11
401810744,NBA,2026-03-04 01:00:00+00:00,Chicago Bulls,Oklahoma City Thunder,0.2412,0.7588,0.2516,0.7914,11
401810745,NBA,2026-03-04 01:00:00+00:00,Minnesota Timberwolves,Memphis Grizzlies,0.8539,0.1461,0.8929,0.1528,10
401810746,NBA,2026-03-04 03:30:00+00:00,Los Angeles Lakers,New Orleans Pelicans,0.7386,0.2614,0.7703,0.2727,11
401810747,NBA,2026-03-04 04:00:00+00:00,Sacramento Kings,Phoenix Suns,0.2453,0.7547,0.2558,0.7869,11
401810748,NBA,2026-03-05 00:00:00+00:00,New York Knicks,Oklahoma City Thunder,0.3895,0.6105,0.4055,0.6355,11
401810749,NBA,2026-03-05 00:30:00+00:00,Boston Celtics,Charlotte Hornets,0.6865,0.3135,0.7162,0.3271,11
401810750,NBA,2026-03-05 00:30:00+00:00,Philadelphia 76ers,Utah Jazz,0.7372,0.2628,0.7698,0.2744,11
401810751,NBA,2026-03-05 01:00:00+00:00,Memphis Grizzlies,Portland Trail Blazers,0.2415,0.7585,0.2519,0.7914,11
401810752,NBA,2026-03-05 02:30:00+00:00,Milwaukee Bucks,Atlanta Hawks,0.5085,0.4915,0.5323,0.5146,11
401810754,NBA,2026-03-06 00:00:00+00:00,Orlando Magic,Dallas Mavericks,0.7366,0.2634,0.7693,0.2751,11
401810755,NBA,2026-03-06 00:00:00+00:00,Washington Wizards,Utah Jazz,0.6031,0.3969,0.628,0.4132,11
401810756,NBA,2026-03-06 00:30:00+00:00,Miami Heat,Brooklyn Nets,0.8531,0.1469,0.8922,0.1537,11
401810757,NBA,2026-03-06 00:30:00+00:00,Houston Rockets,Golden State Warriors,0.7726,0.2274,0.8059,0.2373,11
401810758,NBA,2026-03-06 01:00:00+00:00,Minnesota Timberwolves,Toronto Raptors,0.6556,0.3444,0.6829,0.3588,11
401810759,NBA,2026-03-06 01:00:00+00:00,San Antonio Spurs,Detroit Pistons,0.5752,0.4248,0.5989,0.4424,11
401810760,NBA,2026-03-06 02:00:00+00:00,Phoenix Suns,Chicago Bulls,0.8269,0.1731,0.8641,0.1809,11
401810761,NBA,2026-03-06 03:00:00+00:00,Denver Nuggets,Los Angeles Lakers,0.6055,0.3945,0.6305,0.4107,11
401810762,NBA,2026-03-06 03:00:00+00:00,Sacramento Kings,New Orleans Pelicans,0.305,0.695,0.3183,0.7252,11
401810763,NBA,2026-03-07 00:00:00+00:00,Boston Celtics,Dallas Mavericks,0.8819,0.1181,0.9213,0.1233,11
401810764,NBA,2026-03-07 00:00:00+00:00,Charlotte Hornets,Miami Heat,0.7101,0.2899,0.7413,0.3027,11
401810765,NBA,2026-03-07 01:00:00+00:00,Houston Rockets,Portland Trail Blazers,0.6956,0.3044,0.7261,0.3178,11
401810766,NBA,2026-03-07 02:00:00+00:00,Denver Nuggets,New York Knicks,0.517,0.483,0.5412,0.5057,10
401810767,NBA,2026-03-07 02:00:00+00:00,Phoenix Suns,New Orleans Pelicans,0.6156,0.3844,0.6411,0.4003,11
401810769,NBA,2026-03-07 03:30:00+00:00,Los Angeles Lakers,Indiana Pacers,0.7717,0.2283,0.8053,0.2382,11
401810770,NBA,2026-03-07 20:00:00+00:00,Minnesota Timberwolves,Orlando Magic,0.702,0.298,0.733,0.3112,11
401810771,NBA,2026-03-07 23:00:00+00:00,Detroit Pistons,Brooklyn Nets,0.8526,0.1474,0.8914,0.1541,11
401810772,NBA,2026-03-07 23:00:00+00:00,Atlanta Hawks,Philadelphia 76ers,0.6955,0.3045,0.7261,0.3179,11
401810774,NBA,2026-03-08 01:00:00+00:00,Milwaukee Bucks,Utah Jazz,0.7793,0.2207,0.813,0.2302,11
401810775,NBA,2026-03-08 01:30:00+00:00,Oklahoma City Thunder,Golden State Warriors,0.8377,0.1623,0.8751,0.1696,11
401810776,NBA,2026-03-08 17:00:00+00:00,Cleveland Cavaliers,Boston Celtics,0.5251,0.4749,0.549,0.4965,11
401810777,NBA,2026-03-08 19:30:00+00:00,Los Angeles Lakers,New York Knicks,0.3714,0.6286,0.3867,0.6544,11
401810778,NBA,2026-03-08 22:00:00+00:00,Miami Heat,Detroit Pistons,0.4762,0.5238,0.4988,0.5488,9
401810779,NBA,2026-03-08 22:00:00+00:00,Toronto Raptors,Dallas Mavericks,0.7694,0.2306,0.8024,0.2405,11
401810780,NBA,2026-03-08 23:00:00+00:00,New Orleans Pelicans,Washington Wizards,0.8095,0.1905,0.8462,0.1991,11
401810781,NBA,2026-03-09 00:00:00+00:00,Milwaukee Bucks,Orlando Magic,0.3422,0.6578,0.3561,0.6846,11
401810782,NBA,2026-03-09 00:00:00+00:00,San Antonio Spurs,Houston Rockets,0.6656,0.3344,0.6949,0.3491,11
401810784,NBA,2026-03-09 01:00:00+00:00,Portland Trail Blazers,Indiana Pacers,0.7757,0.2243,0.8095,0.2341,11
401810785,NBA,2026-03-09 01:00:00+00:00,Sacramento Kings,Chicago Bulls,0.3731,0.6269,0.3883,0.6526,11
401810783,NBA,2026-03-09 02:00:00+00:00,Phoenix Suns,Charlotte Hornets,0.3631,0.6369,0.3778,0.6627,11
401810786,NBA,2026-03-09 23:00:00+00:00,Cleveland Cavaliers,Philadelphia 76ers,0.8604,0.1396,0.8987,0.1458,11
401810787,NBA,2026-03-09 23:30:00+00:00,Brooklyn Nets,Memphis Grizzlies,0.5184,0.4816,0.5419,0.5036,11
401810788,NBA,2026-03-09 23:30:00+00:00,Oklahoma City Thunder,Denver Nuggets,0.6224,0.3776,0.6468,0.3924,11
401810789,NBA,2026-03-10 01:00:00+00:00,Utah Jazz,Golden State Warriors,0.3058,0.6942,0.3192,0.7247,11
401810791,NBA,2026-03-10 23:00:00+00:00,Philadelphia 76ers,Memphis Grizzlies,0.6303,0.3697,0.6557,0.3846,11
401810792,NBA,2026-03-10 23:30:00+00:00,Brooklyn Nets,Detroit Pistons,0.1189,0.8811,0.124,0.919,11
401810793,NBA,2026-03-10 23:30:00+00:00,Miami Heat,Washington Wizards,0.8844,0.1156,0.9229,0.1207,11
401810794,NBA,2026-03-10 23:30:00+00:00,Atlanta Hawks,Dallas Mavericks,0.7789,0.2211,0.8125,0.2306,11
401810795,NBA,2026-03-11 00:00:00+00:00,Houston Rockets,Toronto Raptors,0.6295,0.3705,0.6552,0.3856,11
401810796,NBA,2026-03-11 00:00:00+00:00,Milwaukee Bucks,Phoenix Suns,0.4572,0.5428,0.4769,0.5662,11
401810797,NBA,2026-03-11 00:00:00+00:00,San Antonio Spurs,Boston Celtics,0.5896,0.4104,0.6146,0.4279,11
401810798,NBA,2026-03-11 02:00:00+00:00,Golden State Warriors,Chicago Bulls,0.6605,0.3395,0.6889,0.354,11
401810799,NBA,2026-03-11 02:00:00+00:00,Portland Trail Blazers,Charlotte Hornets,0.4261,0.5739,0.4436,0.5976,11
401810800,NBA,2026-03-11 02:00:00+00:00,Sacramento Kings,Indiana Pacers,0.5873,0.4127,0.6115,0.4298,11
401810801,NBA,2026-03-11 03:00:00+00:00,Los Angeles Lakers,Minnesota Timberwolves,0.4413,0.5587,0.4606,0.583,11
401810802,NBA,2026-03-11 23:30:00+00:00,Orlando Magic,Cleveland Cavaliers,0.4086,0.5914,0.4258,0.6163,11
401810803,NBA,2026-03-12 00:00:00+00:00,New Orleans Pelicans,Toronto Raptors,0.4382,0.5618,0.4571,0.5861,11
401810804,NBA,2026-03-12 01:00:00+00:00,Utah Jazz,New York Knicks,0.1332,0.8668,0.1389,0.9039,11
401810805,NBA,2026-03-12 02:00:00+00:00,Denver Nuggets,Houston Rockets,0.6916,0.3084,0.7219,0.3219,11
401810806,NBA,2026-03-12 02:00:00+00:00,Sacramento Kings,Charlotte Hornets,0.131,0.869,0.1367,0.9069,11
401810808,NBA,2026-03-12 23:00:00+00:00,Detroit Pistons,Philadelphia 76ers,0.8775,0.1225,0.9159,0.1279,11
401810809,NBA,2026-03-12 23:00:00+00:00,Indiana Pacers,Phoenix Suns,0.2263,0.7737,0.2362,0.8077,11
401810810,NBA,2026-03-12 23:00:00+00:00,Orlando Magic,Washington Wizards,0.869,0.131,0.9054,0.1365,11
401810811,NBA,2026-03-12 23:30:00+00:00,Atlanta Hawks,Brooklyn Nets,0.8863,0.1137,0.9252,0.1186,11
401810812,NBA,2026-03-12 23:30:00+00:00,Miami Heat,Milwaukee Bucks,0.6667,0.3333,0.6939,0.3469,11
401810966,NBA,2026-03-13 00:00:00+00:00,Memphis Grizzlies,Dallas Mavericks,0.3396,0.6604,0.3541,0.6884,11
401810813,NBA,2026-03-13 01:00:00+00:00,San Antonio Spurs,Denver Nuggets,0.5722,0.4278,0.5974,0.4467,11
401810814,NBA,2026-03-13 01:30:00+00:00,Oklahoma City Thunder,Boston Celtics,0.7409,0.2591,0.7747,0.2709,11
401810815,NBA,2026-03-13 02:30:00+00:00,Los Angeles Lakers,Chicago Bulls,0.8175,0.1825,0.8554,0.191,11
401810816,NBA,2026-03-13 23:30:00+00:00,Detroit Pistons,Memphis Grizzlies,0.8998,0.1002,0.9394,0.1046,11
401810817,NBA,2026-03-13 23:30:00+00:00,Indiana Pacers,New York Knicks,0.1574,0.8426,0.1646,0.8816,11
401810818,NBA,2026-03-13 23:30:00+00:00,Toronto Raptors,Phoenix Suns,0.6453,0.3547,0.6716,0.3691,11
401810820,NBA,2026-03-13 23:30:00+00:00,Dallas Mavericks,Cleveland Cavaliers,0.1539,0.8461,0.161,0.885,11
401810819,NBA,2026-03-14 00:00:00+00:00,Houston Rockets,New Orleans Pelicans,0.6684,0.3316,0.6972,0.3458,11
401810821,NBA,2026-03-14 02:00:00+00:00,Golden State Warriors,Minnesota Timberwolves,0.3587,0.6413,0.3733,0.6675,11
401810822,NBA,2026-03-14 02:00:00+00:00,Portland Trail Blazers,Utah Jazz,0.8874,0.1126,0.9267,0.1175,11
401810824,NBA,2026-03-14 17:00:00+00:00,Philadelphia 76ers,Brooklyn Nets,0.7593,0.2407,0.7914,0.2509,11
401810825,NBA,2026-03-14 19:00:00+00:00,Atlanta Hawks,Milwaukee Bucks,0.7985,0.2015,0.8327,0.2101,11
401810826,NBA,2026-03-14 22:00:00+00:00,Boston Celtics,Washington Wizards,0.9279,0.0721,0.9675,0.0752,11
401810827,NBA,2026-03-15 00:00:00+00:00,Miami Heat,Orlando Magic,0.619,0.381,0.6445,0.3967,11
401810829,NBA,2026-03-15 00:30:00+00:00,Los Angeles Lakers,Denver Nuggets,0.4677,0.5323,0.4883,0.5556,11
401810831,NBA,2026-03-15 17:00:00+00:00,Oklahoma City Thunder,Minnesota Timberwolves,0.7598,0.2402,0.7926,0.2506,11
401810832,NBA,2026-03-15 19:30:00+00:00,Cleveland Cavaliers,Dallas Mavericks,0.8849,0.1151,0.9236,0.1202,11
401810833,NBA,2026-03-15 19:30:00+00:00,Toronto Raptors,Detroit Pistons,0.4092,0.5908,0.4261,0.6153,11
401810834,NBA,2026-03-15 19:30:00+00:00,Milwaukee Bucks,Indiana Pacers,0.736,0.264,0.7688,0.2758,11
401810835,NBA,2026-03-15 22:00:00+00:00,Philadelphia 76ers,Portland Trail Blazers,0.2568,0.7432,0.2678,0.7752,11
401810836,NBA,2026-03-16 00:00:00+00:00,New York Knicks,Golden State Warriors,0.8675,0.1325,0.9046,0.1382,11
401810837,NBA,2026-03-16 02:00:00+00:00,Sacramento Kings,Utah Jazz,0.5843,0.4157,0.6092,0.4334,11
401810838,NBA,2026-03-16 23:00:00+00:00,Atlanta Hawks,Orlando Magic,0.5858,0.4142,0.6102,0.4314,11
401810839,NBA,2026-03-16 23:00:00+00:00,Washington Wizards,Golden State Warriors,0.2762,0.7238,0.2885,0.756,11
401810840,NBA,2026-03-16 23:30:00+00:00,Brooklyn Nets,Portland Trail Blazers,0.1978,0.8022,0.2065,0.8372,11
401810841,NBA,2026-03-16 23:30:00+00:00,Boston Celtics,Phoenix Suns,0.7643,0.2357,0.7972,0.2458,11
401810842,NBA,2026-03-17 00:00:00+00:00,Chicago Bulls,Memphis Grizzlies,0.7054,0.2946,0.7363,0.3075,11
401810843,NBA,2026-03-17 00:00:00+00:00,New Orleans Pelicans,Dallas Mavericks,0.7399,0.2601,0.7725,0.2716,11
401810844,NBA,2026-03-17 01:30:00+00:00,Houston Rockets,Los Angeles Lakers,0.4892,0.5108,0.5122,0.5349,11
401810846,NBA,2026-03-17 23:00:00+00:00,Charlotte Hornets,Miami Heat,0.645,0.355,0.672,0.3699,11
401810847,NBA,2026-03-17 23:00:00+00:00,Orlando Magic,Oklahoma City Thunder,0.2172,0.7828,0.2264,0.8161,11
401810848,NBA,2026-03-17 23:00:00+00:00,Washington Wizards,Detroit Pistons,0.0805,0.9195,0.0839,0.9582,11
401810849,NBA,2026-03-17 23:30:00+00:00,New York Knicks,Indiana Pacers,0.8521,0.1479,0.8914,0.1547,11
401810850,NBA,2026-03-18 00:00:00+00:00,Milwaukee Bucks,Cleveland Cavaliers,0.1758,0.8242,0.1835,0.8601,11
401810851,NBA,2026-03-18 00:00:00+00:00,Minnesota Timberwolves,Phoenix Suns,0.5991,0.4009,0.6243,0.4178,11
401810852,NBA,2026-03-18 02:00:00+00:00,Denver Nuggets,Philadelphia 76ers,0.8863,0.1137,0.926,0.1188,11
401810853,NBA,2026-03-18 02:00:00+00:00,Sacramento Kings,San Antonio Spurs,0.1432,0.8568,0.1495,0.8951,11
401810854,NBA,2026-03-18 23:00:00+00:00,Boston Celtics,Golden State Warriors,0.8271,0.1729,0.8628,0.1803,11
401810855,NBA,2026-03-18 23:30:00+00:00,Brooklyn Nets,Oklahoma City Thunder,0.0774,0.9226,0.0808,0.9624,11
401810856,NBA,2026-03-18 23:30:00+00:00,Indiana Pacers,Portland Trail Blazers,0.1595,0.8405,0.1666,0.878,11
401810857,NBA,2026-03-19 00:00:00+00:00,Chicago Bulls,Toronto Raptors,0.2791,0.7209,0.2915,0.753,11
401810859,NBA,2026-03-19 00:00:00+00:00,Minnesota Timberwolves,Utah Jazz,0.8485,0.1515,0.8871,0.1584,11
401810861,NBA,2026-03-19 00:30:00+00:00,Dallas Mavericks,Atlanta Hawks,0.2673,0.7327,0.2789,0.7645,11
401858693,NBA,2026-03-19 00:30:00+00:00,Memphis Grizzlies,Denver Nuggets,0.1476,0.8524,0.1544,0.8915,11
401810862,NBA,2026-03-19 01:30:00+00:00,Houston Rockets,Los Angeles Lakers,0.5431,0.4569,0.5662,0.4762,11
401810863,NBA,2026-03-19 23:00:00+00:00,Charlotte Hornets,Orlando Magic,0.6586,0.3414,0.6863,0.3558,11
401810864,NBA,2026-03-19 23:00:00+00:00,Washington Wizards,Detroit Pistons,0.1194,0.8806,0.1247,0.919,11
401810865,NBA,2026-03-20 00:00:00+00:00,Miami Heat,Los Angeles Lakers,0.5834,0.4166,0.6082,0.4342,11
401810866,NBA,2026-03-20 00:00:00+00:00,Chicago Bulls,Cleveland Cavaliers,0.2094,0.7906,0.2182,0.8241,11
401810868,NBA,2026-03-20 00:00:00+00:00,San Antonio Spurs,Phoenix Suns,0.7864,0.2136,0.8209,0.223,11
401810869,NBA,2026-03-20 01:00:00+00:00,Utah Jazz,Milwaukee Bucks,0.3191,0.6809,0.3329,0.7102,11
401810870,NBA,2026-03-20 02:00:00+00:00,Sacramento Kings,Philadelphia 76ers,0.4299,0.5701,0.4482,0.5943,11
401810871,NBA,2026-03-20 23:30:00+00:00,Brooklyn Nets,New York Knicks,0.0807,0.9193,0.084,0.9565,11
401810872,NBA,2026-03-20 23:30:00+00:00,Detroit Pistons,Golden State Warriors,0.6597,0.3403,0.688,0.3549,11
401810873,NBA,2026-03-21 00:00:00+00:00,Houston Rockets,Atlanta Hawks,0.5764,0.4236,0.6009,0.4415,11
401810874,NBA,2026-03-21 00:00:00+00:00,Memphis Grizzlies,Boston Celtics,0.1061,0.8939,0.1109,0.9338,11
401810875,NBA,2026-03-21 00:00:00+00:00,Minnesota Timberwolves,Portland Trail Blazers,0.509,0.491,0.5328,0.5139,11
401810876,NBA,2026-03-21 01:00:00+00:00,Denver Nuggets,Toronto Raptors,0.7002,0.2998,0.7304,0.3128,11
401810877,NBA,2026-03-21 21:00:00+00:00,Washington Wizards,Oklahoma City Thunder,0.0669,0.9331,0.0699,0.9744,11
401810878,NBA,2026-03-21 23:00:00+00:00,Charlotte Hornets,Memphis Grizzlies,0.9116,0.0884,0.9508,0.0922,11
401810879,NBA,2026-03-21 23:00:00+00:00,Orlando Magic,Los Angeles Lakers,0.4173,0.5827,0.4344,0.6066,11
401810880,NBA,2026-03-21 23:00:00+00:00,New Orleans Pelicans,Cleveland Cavaliers,0.3532,0.6468,0.3677,0.6733,11
401810881,NBA,2026-03-22 00:00:00+00:00,Atlanta Hawks,Golden State Warriors,0.7246,0.2754,0.7577,0.288,11
401810882,NBA,2026-03-22 00:00:00+00:00,Houston Rockets,Miami Heat,0.5599,0.4401,0.5843,0.4594,11
401810883,NBA,2026-03-22 00:00:00+00:00,San Antonio Spurs,Indiana Pacers,0.9021,0.0979,0.9418,0.1022,11
401810885,NBA,2026-03-22 01:30:00+00:00,Utah Jazz,Philadelphia 76ers,0.3385,0.6615,0.353,0.6898,11
401810886,NBA,2026-03-22 02:00:00+00:00,Phoenix Suns,Milwaukee Bucks,0.8193,0.1807,0.8554,0.1887,11
401810887,NBA,2026-03-22 21:00:00+00:00,Denver Nuggets,Portland Trail Blazers,0.744,0.256,0.7752,0.2668,11
401810888,NBA,2026-03-22 22:00:00+00:00,Sacramento Kings,Brooklyn Nets,0.6797,0.3203,0.709,0.334,11
401810889,NBA,2026-03-22 23:30:00+00:00,New York Knicks,Washington Wizards,0.9363,0.0637,0.9752,0.0663,11
401810890,NBA,2026-03-23 00:00:00+00:00,Boston Celtics,Minnesota Timberwolves,0.7821,0.2179,0.8155,0.2272,11
401810891,NBA,2026-03-23 01:00:00+00:00,Phoenix Suns,Toronto Raptors,0.3811,0.6189,0.396,0.643,11
401810893,NBA,2026-03-23 23:00:00+00:00,Detroit Pistons,Los Angeles Lakers,0.4802,0.5198,0.5024,0.5438,11
401810894,NBA,2026-03-23 23:00:00+00:00,Orlando Magic,Indiana Pacers,0.8162,0.1838,0.8521,0.1919,11
401810895,NBA,2026-03-23 23:00:00+00:00,Philadelphia 76ers,Oklahoma City Thunder,0.1122,0.8878,0.1171,0.9267,11
401810896,NBA,2026-03-23 23:00:00+00:00,Miami Heat,San Antonio Spurs,0.4065,0.5935,0.4232,0.6179,11
401810892,NBA,2026-03-23 23:30:00+00:00,Atlanta Hawks,Memphis Grizzlies,0.8631,0.1369,0.9002,0.1428,11
401810897,NBA,2026-03-24 00:00:00+00:00,Chicago Bulls,Houston Rockets,0.2402,0.7598,0.2504,0.792,11
401810898,NBA,2026-03-24 01:00:00+00:00,Utah Jazz,Toronto Raptors,0.1994,0.8006,0.2082,0.8359,11
401810899,NBA,2026-03-24 01:30:00+00:00,Dallas Mavericks,Golden State Warriors,0.4461,0.5539,0.4656,0.5782,11
401810900,NBA,2026-03-24 02:00:00+00:00,Portland Trail Blazers,Brooklyn Nets,0.8769,0.1231,0.9159,0.1286,11
401810902,NBA,2026-03-24 23:00:00+00:00,Charlotte Hornets,Sacramento Kings,0.909,0.091,0.9458,0.0947,11
401810903,NBA,2026-03-24 23:30:00+00:00,New York Knicks,New Orleans Pelicans,0.7497,0.2503,0.7824,0.2612,11
401810904,NBA,2026-03-25 00:00:00+00:00,Cleveland Cavaliers,Orlando Magic,0.7877,0.2123,0.8215,0.2214,11
401810905,NBA,2026-03-25 03:00:00+00:00,Phoenix Suns,Denver Nuggets,0.3219,0.6781,0.3355,0.7065,11
401810906,NBA,2026-03-25 23:00:00+00:00,Detroit Pistons,Atlanta Hawks,0.5638,0.4362,0.5874,0.4545,11
401810907,NBA,2026-03-25 23:00:00+00:00,Indiana Pacers,Los Angeles Lakers,0.2239,0.7761,0.2335,0.8095,11
401810908,NBA,2026-03-25 23:00:00+00:00,Philadelphia 76ers,Chicago Bulls,0.6923,0.3077,0.7228,0.3213,11
401810909,NBA,2026-03-25 23:30:00+00:00,Boston Celtics,Oklahoma City Thunder,0.4515,0.5485,0.4709,0.5722,11
401810910,NBA,2026-03-25 23:30:00+00:00,Cleveland Cavaliers,Miami Heat,0.5695,0.4305,0.5934,0.4485,11
401810911,NBA,2026-03-26 00:00:00+00:00,Memphis Grizzlies,San Antonio Spurs,0.0914,0.9086,0.0953,0.9475,11
401810912,NBA,2026-03-26 01:00:00+00:00,Utah Jazz,Washington Wizards,0.5824,0.4176,0.6072,0.4353,11
401810913,NBA,2026-03-26 01:42:00+00:00,Minnesota Timberwolves,Houston Rockets,0.4585,0.5415,0.4784,0.565,11
401810914,NBA,2026-03-26 02:00:00+00:00,Denver Nuggets,Dallas Mavericks,0.8234,0.1766,0.8594,0.1843,11
401810915,NBA,2026-03-26 02:00:00+00:00,Golden State Warriors,Brooklyn Nets,0.8307,0.1693,0.8676,0.1769,11
401810916,NBA,2026-03-26 02:00:00+00:00,Portland Trail Blazers,Milwaukee Bucks,0.8709,0.1291,0.9084,0.1347,11
401810918,NBA,2026-03-26 23:00:00+00:00,Charlotte Hornets,New York Knicks,0.5456,0.4544,0.5695,0.4742,11
401810919,NBA,2026-03-26 23:00:00+00:00,Detroit Pistons,New Orleans Pelicans,0.6547,0.3453,0.6825,0.36,11
401810920,NBA,2026-03-26 23:00:00+00:00,Orlando Magic,Sacramento Kings,0.891,0.109,0.9299,0.1137,11
401810922,NBA,2026-03-27 23:30:00+00:00,Boston Celtics,Atlanta Hawks,0.6587,0.3413,0.6867,0.3559,11
401810923,NBA,2026-03-27 23:30:00+00:00,Cleveland Cavaliers,Miami Heat,0.6613,0.3387,0.6885,0.3526,11
401810924,NBA,2026-03-28 00:00:00+00:00,Memphis Grizzlies,Houston Rockets,0.132,0.868,0.1377,0.9054,11
401810925,NBA,2026-03-28 00:00:00+00:00,Oklahoma City Thunder,Chicago Bulls,0.9216,0.0784,0.9607,0.0817,11
401810926,NBA,2026-03-28 00:30:00+00:00,Toronto Raptors,New Orleans Pelicans,0.7396,0.2604,0.7725,0.272,11
401810927,NBA,2026-03-28 01:00:00+00:00,Denver Nuggets,Utah Jazz,0.9222,0.0778,0.9624,0.0812,11
401810928,NBA,2026-03-28 02:00:00+00:00,Golden State Warriors,Washington Wizards,0.8479,0.1521,0.8864,0.1591,11
401810929,NBA,2026-03-28 02:00:00+00:00,Portland Trail Blazers,Dallas Mavericks,0.7983,0.2017,0.8333,0.2106,11
401810930,NBA,2026-03-28 02:30:00+00:00,Los Angeles Lakers,Brooklyn Nets,0.9195,0.0805,0.9591,0.0839,11
401810931,NBA,2026-03-28 19:00:00+00:00,Milwaukee Bucks,San Antonio Spurs,0.0873,0.9127,0.091,0.9516,11
401810935,NBA,2026-03-28 21:30:00+00:00,Minnesota Timberwolves,Detroit Pistons,0.4672,0.5328,0.4877,0.5562,11
401810932,NBA,2026-03-28 22:00:00+00:00,Charlotte Hornets,Philadelphia 76ers,0.6821,0.3179,0.7116,0.3317,11
401810933,NBA,2026-03-28 23:30:00+00:00,Atlanta Hawks,Sacramento Kings,0.8587,0.1413,0.898,0.1477,11
401810934,NBA,2026-03-29 00:00:00+00:00,Memphis Grizzlies,Chicago Bulls,0.3586,0.6414,0.373,0.6672,11
401810936,NBA,2026-03-29 02:00:00+00:00,Phoenix Suns,Utah Jazz,0.908,0.092,0.9467,0.0959,11
401810938,NBA,2026-03-29 21:00:00+00:00,Indiana Pacers,Miami Heat,0.2532,0.7468,0.2639,0.7785,11
401810939,NBA,2026-03-29 22:00:00+00:00,Brooklyn Nets,Sacramento Kings,0.5266,0.4734,0.5507,0.4949,11
401810940,NBA,2026-03-29 22:00:00+00:00,Charlotte Hornets,Boston Celtics,0.5527,0.4473,0.5767,0.4667,11
401810941,NBA,2026-03-29 22:00:00+00:00,Toronto Raptors,Orlando Magic,0.5239,0.4761,0.5476,0.4976,11
401810942,NBA,2026-03-29 22:00:00+00:00,Portland Trail Blazers,Washington Wizards,0.9059,0.0941,0.9442,0.0981,11
401810943,NBA,2026-03-29 23:00:00+00:00,New Orleans Pelicans,Houston Rockets,0.3215,0.6785,0.3352,0.7075,11
401810944,NBA,2026-03-29 23:30:00+00:00,Oklahoma City Thunder,New York Knicks,0.7503,0.2497,0.7824,0.2603,11
401810945,NBA,2026-03-30 02:00:00+00:00,Denver Nuggets,Golden State Warriors,0.8278,0.1722,0.8648,0.1799,11
401810946,NBA,2026-03-30 23:00:00+00:00,Miami Heat,Philadelphia 76ers,0.4474,0.5526,0.4666,0.5763,11
401810947,NBA,2026-03-30 23:30:00+00:00,Atlanta Hawks,Boston Celtics,0.5604,0.4396,0.5849,0.4587,11
401810948,NBA,2026-03-31 00:00:00+00:00,Memphis Grizzlies,Phoenix Suns,0.1599,0.8401,0.1671,0.8779,11
401810949,NBA,2026-03-31 00:00:00+00:00,San Antonio Spurs,Chicago Bulls,0.9171,0.0829,0.9549,0.0863,11
401810950,NBA,2026-03-31 00:30:00+00:00,Dallas Mavericks,Minnesota Timberwolves,0.2574,0.7426,0.2688,0.7758,11
401810951,NBA,2026-03-31 01:00:00+00:00,Utah Jazz,Cleveland Cavaliers,0.0977,0.9023,0.102,0.9418,11
401810952,NBA,2026-03-31 01:30:00+00:00,Oklahoma City Thunder,Detroit Pistons,0.8264,0.1736,0.8634,0.1814,11
401810953,NBA,2026-03-31 02:00:00+00:00,Los Angeles Lakers,Washington Wizards,0.8967,0.1033,0.9362,0.1079,11
401810954,NBA,2026-03-31 23:00:00+00:00,Orlando Magic,Phoenix Suns,0.5387,0.4613,0.5621,0.4813,11
401810955,NBA,2026-03-31 23:30:00+00:00,Brooklyn Nets,Charlotte Hornets,0.0858,0.9142,0.0893,0.9524,11
401810956,NBA,2026-04-01 00:00:00+00:00,Detroit Pistons,Toronto Raptors,0.5843,0.4157,0.6085,0.4329,11
401810957,NBA,2026-04-01 00:00:00+00:00,Houston Rockets,New York Knicks,0.4908,0.5092,0.514,0.5332,11
401858694,NBA,2026-04-01 00:00:00+00:00,Milwaukee Bucks,Dallas Mavericks,0.4429,0.5571,0.4619,0.581,11
401810958,NBA,2026-04-01 02:30:00+00:00,Los Angeles Lakers,Cleveland Cavaliers,0.5411,0.4589,0.5651,0.4792,9
401810960,NBA,2026-04-01 23:00:00+00:00,Washington Wizards,Philadelphia 76ers,0.117,0.883,0.1221,0.9221,11
401810962,NBA,2026-04-01 23:00:00+00:00,Orlando Magic,Atlanta Hawks,0.4379,0.5621,0.4567,0.5861,11
401810961,NBA,2026-04-01 23:30:00+00:00,Miami Heat,Boston Celtics,0.3663,0.6337,0.3813,0.6595,11
401810858,NBA,2026-04-02 00:00:00+00:00,Memphis Grizzlies,New York Knicks,0.1401,0.8599,0.1463,0.898,11
401810963,NBA,2026-04-02 00:00:00+00:00,Toronto Raptors,Sacramento Kings,0.844,0.156,0.8822,0.163,11
401810964,NBA,2026-04-02 00:00:00+00:00,Chicago Bulls,Indiana Pacers,0.5971,0.4029,0.6216,0.4193,11
401810965,NBA,2026-04-02 00:00:00+00:00,Houston Rockets,Milwaukee Bucks,0.9221,0.0779,0.9607,0.0812,11
401810967,NBA,2026-04-02 01:00:00+00:00,Utah Jazz,Denver Nuggets,0.0891,0.9109,0.093,0.9499,11
401810968,NBA,2026-04-02 02:00:00+00:00,Golden State Warriors,San Antonio Spurs,0.1238,0.8762,0.1293,0.9152,11
401810969,NBA,2026-04-02 23:00:00+00:00,Charlotte Hornets,Phoenix Suns,0.6657,0.3343,0.6941,0.3486,11
401810970,NBA,2026-04-02 23:00:00+00:00,Detroit Pistons,Minnesota Timberwolves,0.6506,0.3494,0.677,0.3636,11
401810971,NBA,2026-04-03 01:30:00+00:00,Oklahoma City Thunder,Los Angeles Lakers,0.7565,0.2435,0.7886,0.2538,11
401810972,NBA,2026-04-03 02:00:00+00:00,Golden State Warriors,Cleveland Cavaliers,0.2091,0.7909,0.218,0.8247,11
401810973,NBA,2026-04-03 02:00:00+00:00,Portland Trail Blazers,New Orleans Pelicans,0.6765,0.3235,0.7052,0.3373,11
401810975,NBA,2026-04-03 23:00:00+00:00,Charlotte Hornets,Indiana Pacers,0.8994,0.1006,0.9402,0.1052,11
401810976,NBA,2026-04-03 23:00:00+00:00,Philadelphia 76ers,Minnesota Timberwolves,0.5989,0.4011,0.6233,0.4175,11
401810977,NBA,2026-04-03 23:30:00+00:00,Brooklyn Nets,Atlanta Hawks,0.091,0.909,0.0948,0.9467,11
401810978,NBA,2026-04-03 23:30:00+00:00,New York Knicks,Chicago Bulls,0.8865,0.1135,0.9252,0.1185,11
401810979,NBA,2026-04-04 00:00:00+00:00,Houston Rockets,Utah Jazz,0.9166,0.0834,0.9565,0.0871,11
401810980,NBA,2026-04-04 00:00:00+00:00,Memphis Grizzlies,Toronto Raptors,0.126,0.874,0.1315,0.9121,11
401810981,NBA,2026-04-04 00:00:00+00:00,Milwaukee Bucks,Boston Celtics,0.0819,0.9181,0.0854,0.9574,11
401810982,NBA,2026-04-04 00:30:00+00:00,Dallas Mavericks,Orlando Magic,0.3075,0.6925,0.3214,0.7237,11
401810983,NBA,2026-04-04 02:00:00+00:00,Sacramento Kings,New Orleans Pelicans,0.3188,0.6812,0.3328,0.7111,11
401810984,NBA,2026-04-04 19:00:00+00:00,Miami Heat,Washington Wizards,0.9195,0.0805,0.9582,0.0838,11
401810985,NBA,2026-04-04 19:00:00+00:00,Denver Nuggets,San Antonio Spurs,0.46,0.54,0.48,0.5636,11
401810986,NBA,2026-04-04 23:00:00+00:00,Philadelphia 76ers,Detroit Pistons,0.3932,0.6068,0.4096,0.6322,11
401810987,NBA,2026-04-05 19:30:00+00:00,Boston Celtics,Toronto Raptors,0.7793,0.2207,0.813,0.2302,11
401810988,NBA,2026-04-05 19:30:00+00:00,Brooklyn Nets,Washington Wizards,0.5889,0.4111,0.6132,0.4281,11
401810989,NBA,2026-04-05 19:30:00+00:00,Chicago Bulls,Phoenix Suns,0.1768,0.8232,0.1847,0.8601,11
401810990,NBA,2026-04-05 19:30:00+00:00,Milwaukee Bucks,Memphis Grizzlies,0.7039,0.2961,0.7348,0.3091,11
401810991,NBA,2026-04-05 22:00:00+00:00,Cleveland Cavaliers,Indiana Pacers,0.9064,0.0936,0.9442,0.0975,11
401810992,NBA,2026-04-05 23:00:00+00:00,Minnesota Timberwolves,Charlotte Hornets,0.3797,0.6203,0.3951,0.6456,11
401810993,NBA,2026-04-05 23:00:00+00:00,New Orleans Pelicans,Orlando Magic,0.3158,0.6842,0.3294,0.7135,11
401810994,NBA,2026-04-05 23:00:00+00:00,Oklahoma City Thunder,Utah Jazz,0.9559,0.0441,0.9912,0.0457,9
401810995,NBA,2026-04-05 23:30:00+00:00,Dallas Mavericks,Los Angeles Lakers,0.4779,0.5221,0.4998,0.5459,11
401810997,NBA,2026-04-06 02:00:00+00:00,Golden State Warriors,Houston Rockets,0.4001,0.5999,0.4161,0.624,11
401810998,NBA,2026-04-06 23:00:00+00:00,Atlanta Hawks,New York Knicks,0.5227,0.4773,0.5463,0.4988,11
401810999,NBA,2026-04-06 23:00:00+00:00,Orlando Magic,Detroit Pistons,0.4823,0.5177,0.5047,0.5417,11
401811000,NBA,2026-04-07 00:00:00+00:00,Memphis Grizzlies,Cleveland Cavaliers,0.1289,0.8711,0.1345,0.9084,11
401811001,NBA,2026-04-07 00:00:00+00:00,San Antonio Spurs,Philadelphia 76ers,0.7551,0.2449,0.7869,0.2552,11
401811002,NBA,2026-04-07 01:00:00+00:00,Denver Nuggets,Portland Trail Blazers,0.7322,0.2678,0.7634,0.2792,11
401811003,NBA,2026-04-07 23:00:00+00:00,Washington Wizards,Chicago Bulls,0.3328,0.6672,0.3473,0.6962,11
401811007,NBA,2026-04-07 23:00:00+00:00,Indiana Pacers,Minnesota Timberwolves,0.1514,0.8486,0.158,0.8857,11
401811005,NBA,2026-04-07 23:30:00+00:00,Brooklyn Nets,Milwaukee Bucks,0.4465,0.5535,0.4659,0.5775,11
401811006,NBA,2026-04-07 23:30:00+00:00,Toronto Raptors,Miami Heat,0.5517,0.4483,0.5757,0.4678,11
401811004,NBA,2026-04-08 00:00:00+00:00,Boston Celtics,Charlotte Hornets,0.6348,0.3652,0.6612,0.3803,11
401811008,NBA,2026-04-08 00:00:00+00:00,New Orleans Pelicans,Utah Jazz,0.6957,0.3043,0.7257,0.3174,11
401811009,NBA,2026-04-08 02:00:00+00:00,Golden State Warriors,Sacramento Kings,0.8779,0.1221,0.9152,0.1273,11
401811010,NBA,2026-04-08 02:30:00+00:00,Los Angeles Lakers,Oklahoma City Thunder,0.0822,0.9178,0.0857,0.9566,11
401811012,NBA,2026-04-08 03:00:00+00:00,Phoenix Suns,Houston Rockets,0.4841,0.5159,0.5068,0.54,11
401811013,NBA,2026-04-08 23:00:00+00:00,Cleveland Cavaliers,Atlanta Hawks,0.6055,0.3945,0.6301,0.4104,11
401811014,NBA,2026-04-08 23:00:00+00:00,Orlando Magic,Minnesota Timberwolves,0.7991,0.2009,0.8341,0.2097,11
401811015,NBA,2026-04-08 23:00:00+00:00,Detroit Pistons,Milwaukee Bucks,0.9346,0.0654,0.9766,0.0684,10
401811017,NBA,2026-04-09 01:00:00+00:00,Denver Nuggets,Memphis Grizzlies,0.9463,0.0537,0.9862,0.056,10
401811016,NBA,2026-04-09 01:30:00+00:00,San Antonio Spurs,Portland Trail Blazers,0.5999,0.4001,0.6243,0.4164,11
401811019,NBA,2026-04-09 02:00:00+00:00,Phoenix Suns,Dallas Mavericks,0.8397,0.1603,0.878,0.1675,11
401811020,NBA,2026-04-09 23:00:00+00:00,Toronto Raptors,Miami Heat,0.6007,0.3993,0.6258,0.4159,11
401811021,NBA,2026-04-09 23:00:00+00:00,Washington Wizards,Chicago Bulls,0.3061,0.6939,0.3196,0.7243,11
401811022,NBA,2026-04-09 23:30:00+00:00,Brooklyn Nets,Indiana Pacers,0.4108,0.5892,0.4281,0.6139,11
401811023,NBA,2026-04-09 23:30:00+00:00,New York Knicks,Boston Celtics,0.6078,0.3922,0.6323,0.4081,11
401811024,NBA,2026-04-10 00:00:00+00:00,Houston Rockets,Philadelphia 76ers,0.6823,0.3177,0.7116,0.3313,11
401811025,NBA,2026-04-10 02:00:00+00:00,Golden State Warriors,Los Angeles Lakers,0.5261,0.4739,0.5502,0.4956,10
401811026,NBA,2026-04-10 23:00:00+00:00,Charlotte Hornets,Detroit Pistons,0.6535,0.3465,0.68,0.3606,11
401811027,NBA,2026-04-10 23:00:00+00:00,Washington Wizards,Miami Heat,0.1016,0.8984,0.1061,0.9378,11
401811028,NBA,2026-04-10 23:00:00+00:00,Atlanta Hawks,Cleveland Cavaliers,0.7479,0.2521,0.7802,0.263,11
401811029,NBA,2026-04-10 23:30:00+00:00,Boston Celtics,New Orleans Pelicans,0.9111,0.0889,0.9475,0.0924,11
401811030,NBA,2026-04-10 23:30:00+00:00,Indiana Pacers,Philadelphia 76ers,0.1148,0.8852,0.1198,0.9244,11
401811031,NBA,2026-04-10 23:30:00+00:00,New York Knicks,Toronto Raptors,0.6868,0.3132,0.7167,0.3268,11
401811032,NBA,2026-04-11 00:00:00+00:00,Chicago Bulls,Orlando Magic,0.1112,0.8888,0.1161,0.9283,11
401811034,NBA,2026-04-11 00:00:00+00:00,Milwaukee Bucks,Brooklyn Nets,0.7986,0.2014,0.8334,0.2102,11
401811035,NBA,2026-04-11 00:00:00+00:00,San Antonio Spurs,Dallas Mavericks,0.915,0.085,0.9532,0.0886,11
401811037,NBA,2026-04-11 01:00:00+00:00,Denver Nuggets,Oklahoma City Thunder,0.5601,0.4399,0.5837,0.4584,11
401811033,NBA,2026-04-11 01:30:00+00:00,Houston Rockets,Minnesota Timberwolves,0.7888,0.2112,0.8234,0.2204,11
401811036,NBA,2026-04-11 01:30:00+00:00,Utah Jazz,Memphis Grizzlies,0.6167,0.3833,0.6426,0.3994,11
401811039,NBA,2026-04-11 02:00:00+00:00,Sacramento Kings,Golden State Warriors,0.2003,0.7997,0.2091,0.8346,11
401811040,NBA,2026-04-11 02:30:00+00:00,Los Angeles Lakers,Phoenix Suns,0.452,0.548,0.4714,0.5715,11
401811041,NBA,2026-04-12 22:00:00+00:00,Boston Celtics,Orlando Magic,0.1534,0.8466,0.1604,0.8851,11
401811042,NBA,2026-04-12 22:00:00+00:00,Cleveland Cavaliers,Washington Wizards,0.8009,0.1991,0.8366,0.2079,11
401811043,NBA,2026-04-12 22:00:00+00:00,Indiana Pacers,Detroit Pistons,0.1136,0.8864,0.1187,0.926,11
401811044,NBA,2026-04-12 22:00:00+00:00,Miami Heat,Atlanta Hawks,0.7876,0.2124,0.821,0.2214,11
401811045,NBA,2026-04-12 22:00:00+00:00,New York Knicks,Charlotte Hornets,0.1353,0.8647,0.1411,0.9017,11
401811046,NBA,2026-04-12 22:00:00+00:00,Philadelphia 76ers,Milwaukee Bucks,0.8986,0.1014,0.9378,0.1058,11
401811047,NBA,2026-04-12 22:00:00+00:00,Toronto Raptors,Brooklyn Nets,0.9533,0.0467,0.9889,0.0485,8
401811048,NBA,2026-04-13 00:30:00+00:00,Dallas Mavericks,Chicago Bulls,0.6818,0.3182,0.7111,0.3319,11
401811049,NBA,2026-04-13 00:30:00+00:00,Houston Rockets,Memphis Grizzlies,0.8766,0.1234,0.9145,0.1288,11
401811050,NBA,2026-04-13 00:30:00+00:00,Minnesota Timberwolves,New Orleans Pelicans,0.6227,0.3773,0.6479,0.3925,11
401811051,NBA,2026-04-13 00:30:00+00:00,Oklahoma City Thunder,Phoenix Suns,0.7342,0.2658,0.7661,0.2773,11
401811052,NBA,2026-04-13 00:30:00+00:00,San Antonio Spurs,Denver Nuggets,0.7857,0.2143,0.8199,0.2236,11
401811053,NBA,2026-04-13 00:30:00+00:00,Los Angeles Lakers,Utah Jazz,0.8792,0.1208,0.9182,0.1262,11
401811055,NBA,2026-04-13 00:30:00+00:00,Portland Trail Blazers,Sacramento Kings,0.9209,0.0791,0.9599,0.0824,11
401866755,NBA,2026-04-14 23:30:00+00:00,Charlotte Hornets,Miami Heat,0.6836,0.3164,0.7128,0.3299,10
401866754,NBA,2026-04-15 02:00:00+00:00,Phoenix Suns,Portland Trail Blazers,0.571,0.429,0.5947,0.4468,10
401866757,NBA,2026-04-15 23:30:00+00:00,Philadelphia 76ers,Orlando Magic,0.5204,0.4796,0.5441,0.5016,10
401866758,NBA,2026-04-17 23:30:00+00:00,Orlando Magic,Charlotte Hornets,0.4202,0.5798,0.4376,0.6038,11
401866759,NBA,2026-04-18 02:00:00+00:00,Phoenix Suns,Golden State Warriors,0.5703,0.4297,0.594,0.4476,11
401869187,NBA,2026-04-18 17:00:00+00:00,Cleveland Cavaliers,Toronto Raptors,0.7588,0.2412,0.7914,0.2516,11
401869188,NBA,2026-04-18 19:30:00+00:00,Denver Nuggets,Minnesota Timberwolves,0.7083,0.2917,0.7393,0.3045,11
401869189,NBA,2026-04-18 22:00:00+00:00,New York Knicks,Atlanta Hawks,0.6837,0.3163,0.7139,0.3303,11
401869190,NBA,2026-04-19 00:30:00+00:00,Los Angeles Lakers,Houston Rockets,0.4393,0.5607,0.458,0.5846,11
401869191,NBA,2026-04-19 17:00:00+00:00,Boston Celtics,Philadelphia 76ers,0.8577,0.1423,0.8958,0.1486,11
401869192,NBA,2026-04-19 19:30:00+00:00,Oklahoma City Thunder,Phoenix Suns,0.8894,0.1106,0.9291,0.1156,11
401869193,NBA,2026-04-19 22:30:00+00:00,Detroit Pistons,Orlando Magic,0.7653,0.2347,0.7989,0.245,11
401869194,NBA,2026-04-20 01:00:00+00:00,San Antonio Spurs,Portland Trail Blazers,0.8389,0.1611,0.8766,0.1684,11
401869369,NBA,2026-04-20 23:00:00+00:00,Cleveland Cavaliers,Toronto Raptors,0.782,0.218,0.8167,0.2276,11
401869387,NBA,2026-04-21 00:00:00+00:00,New York Knicks,Atlanta Hawks,0.6778,0.3222,0.7061,0.3356,11
401869395,NBA,2026-04-21 02:30:00+00:00,Denver Nuggets,Minnesota Timberwolves,0.7218,0.2782,0.7525,0.29,11
401869396,NBA,2026-04-21 23:00:00+00:00,Boston Celtics,Philadelphia 76ers,0.8584,0.1416,0.8973,0.148,11
401869378,NBA,2026-04-22 00:00:00+00:00,San Antonio Spurs,Portland Trail Blazers,0.8271,0.1729,0.8642,0.1806,11
401869397,NBA,2026-04-22 02:30:00+00:00,Los Angeles Lakers,Houston Rockets,0.3272,0.6728,0.3412,0.7016,11
401869411,NBA,2026-04-22 23:00:00+00:00,Detroit Pistons,Orlando Magic,0.7611,0.2389,0.7943,0.2493,11
401869368,NBA,2026-04-23 01:30:00+00:00,Oklahoma City Thunder,Phoenix Suns,0.9095,0.0905,0.9467,0.0942,11
401869389,NBA,2026-04-23 23:00:00+00:00,Atlanta Hawks,New York Knicks,0.4783,0.5217,0.5001,0.5455,11
401869375,NBA,2026-04-24 00:00:00+00:00,Toronto Raptors,Cleveland Cavaliers,0.4307,0.5693,0.4487,0.593,11
401869398,NBA,2026-04-24 01:30:00+00:00,Minnesota Timberwolves,Denver Nuggets,0.5202,0.4798,0.5441,0.5018,11
401869404,NBA,2026-04-24 23:00:00+00:00,Philadelphia 76ers,Boston Celtics,0.2412,0.7588,0.2519,0.7926,11
401869400,NBA,2026-04-25 00:00:00+00:00,Houston Rockets,Los Angeles Lakers,0.6739,0.3261,0.7025,0.34,11
401869382,NBA,2026-04-25 02:30:00+00:00,Portland Trail Blazers,San Antonio Spurs,0.4701,0.5299,0.4911,0.5536,11
401869414,NBA,2026-04-25 17:00:00+00:00,Orlando Magic,Detroit Pistons,0.4618,0.5382,0.4824,0.5622,11
401869370,NBA,2026-04-25 19:30:00+00:00,Phoenix Suns,Oklahoma City Thunder,0.2405,0.7595,0.2508,0.792,11
401869391,NBA,2026-04-25 22:00:00+00:00,Atlanta Hawks,New York Knicks,0.4581,0.5419,0.4779,0.5653,11
401869399,NBA,2026-04-26 00:30:00+00:00,Minnesota Timberwolves,Denver Nuggets,0.4815,0.5185,0.504,0.5427,11
401869377,NBA,2026-04-26 17:00:00+00:00,Toronto Raptors,Cleveland Cavaliers,0.385,0.615,0.4003,0.6394,11
401869385,NBA,2026-04-26 19:30:00+00:00,Portland Trail Blazers,San Antonio Spurs,0.3101,0.6899,0.3234,0.7195,11
401869406,NBA,2026-04-26 23:00:00+00:00,Philadelphia 76ers,Boston Celtics,0.3319,0.6681,0.3457,0.6958,11
401869405,NBA,2026-04-27 01:30:00+00:00,Houston Rockets,Los Angeles Lakers,0.5779,0.4221,0.6016,0.4395,11
401869415,NBA,2026-04-28 00:00:00+00:00,Orlando Magic,Detroit Pistons,0.3961,0.6039,0.4124,0.6286,11
401869373,NBA,2026-04-28 01:30:00+00:00,Phoenix Suns,Oklahoma City Thunder,0.1901,0.8099,0.1985,0.8456,11
401869401,NBA,2026-04-28 02:30:00+00:00,Denver Nuggets,Minnesota Timberwolves,0.8051,0.1949,0.8404,0.2035,11
401869408,NBA,2026-04-28 23:00:00+00:00,Boston Celtics,Philadelphia 76ers,0.7857,0.2143,0.8197,0.2236,11
401869392,NBA,2026-04-29 00:00:00+00:00,New York Knicks,Atlanta Hawks,0.6905,0.3095,0.72,0.3228,11
401869386,NBA,2026-04-29 01:30:00+00:00,San Antonio Spurs,Portland Trail Blazers,0.8182,0.1818,0.8548,0.1899,11
401869416,NBA,2026-04-29 23:00:00+00:00,Detroit Pistons,Orlando Magic,0.7867,0.2133,0.8209,0.2226,11
401869380,NBA,2026-04-29 23:30:00+00:00,Cleveland Cavaliers,Toronto Raptors,0.7727,0.2273,0.8065,0.2373,11
401869407,NBA,2026-04-30 02:00:00+00:00,Los Angeles Lakers,Houston Rockets,0.5928,0.4072,0.6172,0.424,11
401869393,NBA,2026-04-30 23:00:00+00:00,Atlanta Hawks,New York Knicks,0.41,0.59,0.4264,0.6136,11
401869410,NBA,2026-05-01 00:00:00+00:00,Philadelphia 76ers,Boston Celtics,0.3283,0.6717,0.342,0.6998,11
401869402,NBA,2026-05-01 01:30:00+00:00,Minnesota Timberwolves,Denver Nuggets,0.2943,0.7057,0.3073,0.7368,11
401869417,NBA,2026-05-01 23:00:00+00:00,Orlando Magic,Detroit Pistons,0.4086,0.5914,0.4254,0.6156,11
401869381,NBA,2026-05-01 23:30:00+00:00,Toronto Raptors,Cleveland Cavaliers,0.3589,0.6411,0.3735,0.6672,11
401869409,NBA,2026-05-02 01:30:00+00:00,Houston Rockets,Los Angeles Lakers,0.6053,0.3947,0.6301,0.4109,11
401871159,NBA,2026-05-05 00:00:00+00:00,New York Knicks,Philadelphia 76ers,0.7121,0.2879,0.7428,0.3003,11
401871152,NBA,2026-05-05 01:30:00+00:00,San Antonio Spurs,Minnesota Timberwolves,0.7726,0.2274,0.8059,0.2372,11
401871333,NBA,2026-05-05 23:00:00+00:00,Detroit Pistons,Cleveland Cavaliers,0.5895,0.4105,0.6139,0.4274,11
401871326,NBA,2026-05-06 00:30:00+00:00,Oklahoma City Thunder,Los Angeles Lakers,0.8606,0.1394,0.8995,0.1456,11
401871160,NBA,2026-05-06 23:00:00+00:00,New York Knicks,Philadelphia 76ers,0.7877,0.2123,0.8221,0.2216,11
401871153,NBA,2026-05-07 01:30:00+00:00,San Antonio Spurs,Minnesota Timberwolves,0.7739,0.2261,0.8077,0.236,11
401871334,NBA,2026-05-07 23:00:00+00:00,Detroit Pistons,Cleveland Cavaliers,0.5983,0.4017,0.6226,0.418,11
401871327,NBA,2026-05-08 01:30:00+00:00,Oklahoma City Thunder,Los Angeles Lakers,0.8676,0.1324,0.9054,0.1382,11
401871161,NBA,2026-05-08 23:00:00+00:00,Philadelphia 76ers,New York Knicks,0.5851,0.4149,0.6089,0.4318,11
401871154,NBA,2026-05-09 01:30:00+00:00,Minnesota Timberwolves,San Antonio Spurs,0.3423,0.6577,0.3567,0.6854,11
401871335,NBA,2026-05-09 19:00:00+00:00,Cleveland Cavaliers,Detroit Pistons,0.6308,0.3692,0.6564,0.3842,11
401871328,NBA,2026-05-10 00:30:00+00:00,Los Angeles Lakers,Oklahoma City Thunder,0.242,0.758,0.2527,0.7914,11
401871162,NBA,2026-05-10 19:30:00+00:00,Philadelphia 76ers,New York Knicks,0.4681,0.5319,0.4885,0.5551,11
401871155,NBA,2026-05-10 23:30:00+00:00,Minnesota Timberwolves,San Antonio Spurs,0.3678,0.6322,0.3827,0.6578,11
401871336,NBA,2026-05-12 00:00:00+00:00,Cleveland Cavaliers,Detroit Pistons,0.5959,0.4041,0.6212,0.4212,11
401871329,NBA,2026-05-12 02:30:00+00:00,Los Angeles Lakers,Oklahoma City Thunder,0.176,0.824,0.1836,0.8594,11
401871156,NBA,2026-05-13 00:00:00+00:00,San Antonio Spurs,Minnesota Timberwolves,0.7747,0.2253,0.8077,0.2349,11
401871337,NBA,2026-05-14 00:00:00+00:00,Detroit Pistons,Cleveland Cavaliers,0.6065,0.3935,0.6316,0.4097,11
401871338,NBA,2026-05-15 23:00:00+00:00,Cleveland Cavaliers,Detroit Pistons,0.6142,0.3858,0.6396,0.4018,11
401871157,NBA,2026-05-16 01:30:00+00:00,Minnesota Timberwolves,San Antonio Spurs,0.3284,0.6716,0.3424,0.7002,11
401873197,NBA,2026-05-19 00:30:00+00:00,Oklahoma City Thunder,San Antonio Spurs,0.6854,0.3146,0.7149,0.3281,11
401873341,NBA,2026-05-20 00:00:00+00:00,New York Knicks,Cleveland Cavaliers,0.6735,0.3265,0.7028,0.3407,10
401873198,NBA,2026-05-21 00:30:00+00:00,Oklahoma City Thunder,San Antonio Spurs,0.6987,0.3013,0.729,0.3143,11
401873342,NBA,2026-05-22 00:00:00+00:00,New York Knicks,Cleveland Cavaliers,0.6429,0.3571,0.6692,0.3717,11
401873199,NBA,2026-05-23 00:30:00+00:00,San Antonio Spurs,Oklahoma City Thunder,0.5632,0.4368,0.5876,0.4557,11
401873343,NBA,2026-05-24 00:00:00+00:00,Cleveland Cavaliers,New York Knicks,0.5662,0.4338,0.5906,0.4526,11
401873200,NBA,2026-05-25 00:00:00+00:00,San Antonio Spurs,Oklahoma City Thunder,0.5714,0.4286,0.5953,0.4465,11
401873344,NBA,2026-05-26 00:00:00+00:00,Cleveland Cavaliers,New York Knicks,0.4553,0.5447,0.4746,0.5677,11
401873201,NBA,2026-05-27 00:30:00+00:00,Oklahoma City Thunder,San Antonio Spurs,0.5934,0.4066,0.6177,0.4232,11
401873202,NBA,2026-05-29 00:30:00+00:00,San Antonio Spurs,Oklahoma City Thunder,0.5922,0.4078,0.6167,0.4246,11
401873203,NBA,2026-05-31 00:00:00+00:00,Oklahoma City Thunder,San Antonio Spurs,0.5716,0.4284,0.5957,0.4464,11
401859963,NBA,2026-06-04 00:30:00+00:00,San Antonio Spurs,New York Knicks,0.6242,0.3758,0.6495,0.391,10
401859964,NBA,2026-06-06 00:30:00+00:00,San Antonio Spurs,New York Knicks,0.6786,0.3214,0.7074,0.3351,11
401859965,NBA,2026-06-09 00:30:00+00:00,New York Knicks,San Antonio Spurs,0.53,0.47,0.5533,0.4907,11
401859966,NBA,2026-06-11 00:30:00+00:00,New York Knicks,San Antonio Spurs,0.5512,0.4488,0.5742,0.4674,11
401859967,NBA,2026-06-14 00:30:00+00:00,San Antonio Spurs,New York Knicks,0.639,0.361,0.6643,0.3754,11
401772510,NFL,2025-09-05 00:20:00+00:00,Philadelphia Eagles,Dallas Cowboys,0.7812,0.2188,0.8143,0.228,11
401772714,NFL,2025-09-06 00:00:00+00:00,Los Angeles Chargers,Kansas City Chiefs,0.3946,0.6054,0.4109,0.6303,11
401772830,NFL,2025-09-07 17:00:00+00:00,Atlanta Falcons,Tampa Bay Buccaneers,0.4981,0.5019,0.5221,0.5259,10
401772829,NFL,2025-09-07 17:00:00+00:00,Cleveland Browns,Cincinnati Bengals,0.3296,0.6704,0.3439,0.6994,11
401772719,NFL,2025-09-07 17:00:00+00:00,Indianapolis Colts,Miami Dolphins,0.5154,0.4846,0.54,0.5078,10
401772720,NFL,2025-09-07 17:00:00+00:00,New England Patriots,Las Vegas Raiders,0.5634,0.4366,0.5877,0.4554,11
401772718,NFL,2025-09-07 17:00:00+00:00,New Orleans Saints,Arizona Cardinals,0.2957,0.7043,0.3092,0.7365,11
401772721,NFL,2025-09-07 17:00:00+00:00,New York Jets,Pittsburgh Steelers,0.402,0.598,0.419,0.6233,11
401772827,NFL,2025-09-07 17:00:00+00:00,Washington Commanders,New York Giants,0.7064,0.2936,0.7373,0.3064,11
401772828,NFL,2025-09-07 17:00:00+00:00,Jacksonville Jaguars,Carolina Panthers,0.6651,0.3349,0.695,0.3499,11
401772832,NFL,2025-09-07 20:05:00+00:00,Denver Broncos,Tennessee Titans,0.7915,0.2085,0.8265,0.2177,11
401772831,NFL,2025-09-07 20:05:00+00:00,Seattle Seahawks,San Francisco 49ers,0.4543,0.5457,0.4737,0.5689,11
401772722,NFL,2025-09-07 20:25:00+00:00,Green Bay Packers,Detroit Lions,0.5164,0.4836,0.5414,0.507,11
401772723,NFL,2025-09-07 20:25:00+00:00,Los Angeles Rams,Houston Texans,0.6056,0.3944,0.6301,0.4104,11
401772918,NFL,2025-09-08 00:20:00+00:00,Buffalo Bills,Baltimore Ravens,0.4704,0.5296,0.492,0.5539,11
401772810,NFL,2025-09-09 00:15:00+00:00,Chicago Bears,Minnesota Vikings,0.4995,0.5005,0.5233,0.5244,8
401772936,NFL,2025-09-12 00:15:00+00:00,Green Bay Packers,Washington Commanders,0.6163,0.3837,0.6412,0.3992,11
401772725,NFL,2025-09-14 17:00:00+00:00,Cincinnati Bengals,Jacksonville Jaguars,0.6263,0.3737,0.6517,0.3889,11
401772834,NFL,2025-09-14 17:00:00+00:00,Dallas Cowboys,New York Giants,0.6814,0.3186,0.7116,0.3326,11
401772835,NFL,2025-09-14 17:00:00+00:00,Detroit Lions,Chicago Bears,0.7095,0.2905,0.7408,0.3034,11
401772724,NFL,2025-09-14 17:00:00+00:00,Tennessee Titans,Los Angeles Rams,0.3171,0.6829,0.3313,0.7134,11
401772728,NFL,2025-09-14 17:00:00+00:00,Miami Dolphins,New England Patriots,0.5465,0.4535,0.5701,0.4731,11
401772833,NFL,2025-09-14 17:00:00+00:00,New Orleans Saints,San Francisco 49ers,0.4098,0.5902,0.4268,0.6146,11
401772727,NFL,2025-09-14 17:00:00+00:00,New York Jets,Buffalo Bills,0.2982,0.7018,0.3115,0.7331,11
401772836,NFL,2025-09-14 17:00:00+00:00,Pittsburgh Steelers,Seattle Seahawks,0.643,0.357,0.6696,0.3718,11
401772726,NFL,2025-09-14 17:00:00+00:00,Baltimore Ravens,Cleveland Browns,0.8634,0.1366,0.9017,0.1427,11
401772729,NFL,2025-09-14 20:05:00+00:00,Indianapolis Colts,Denver Broncos,0.4701,0.5299,0.4913,0.5538,10
401772730,NFL,2025-09-14 20:05:00+00:00,Arizona Cardinals,Carolina Panthers,0.7385,0.2615,0.7714,0.2732,11
401772837,NFL,2025-09-14 20:25:00+00:00,Kansas City Chiefs,Philadelphia Eagles,0.4732,0.5268,0.4949,0.551,10
401772919,NFL,2025-09-15 00:20:00+00:00,Minnesota Vikings,Atlanta Falcons,0.6058,0.3942,0.6308,0.4104,11
401772715,NFL,2025-09-15 23:00:00+00:00,Houston Texans,Tampa Bay Buccaneers,0.573,0.427,0.5973,0.4451,11
401772811,NFL,2025-09-16 02:00:00+00:00,Las Vegas Raiders,Los Angeles Chargers,0.3714,0.6286,0.3869,0.6549,11
401772937,NFL,2025-09-19 00:15:00+00:00,Buffalo Bills,Miami Dolphins,0.8543,0.1457,0.8923,0.1522,11
401772842,NFL,2025-09-21 17:00:00+00:00,Cleveland Browns,Green Bay Packers,0.2218,0.7782,0.2316,0.8126,11
401772733,NFL,2025-09-21 17:00:00+00:00,Tennessee Titans,Indianapolis Colts,0.3046,0.6954,0.3183,0.7266,11
401772731,NFL,2025-09-21 17:00:00+00:00,Minnesota Vikings,Cincinnati Bengals,0.6089,0.3911,0.6341,0.4073,11
401772732,NFL,2025-09-21 17:00:00+00:00,New England Patriots,Pittsburgh Steelers,0.4899,0.5101,0.5135,0.5345,10
401772839,NFL,2025-09-21 17:00:00+00:00,Philadelphia Eagles,Los Angeles Rams,0.6412,0.3588,0.6688,0.3743,11
401772840,NFL,2025-09-21 17:00:00+00:00,Tampa Bay Buccaneers,New York Jets,0.73,0.27,0.7624,0.282,11
401772841,NFL,2025-09-21 17:00:00+00:00,Washington Commanders,Las Vegas Raiders,0.5815,0.4185,0.6055,0.4357,11
401772838,NFL,2025-09-21 17:00:00+00:00,Carolina Panthers,Atlanta Falcons,0.3294,0.6706,0.3444,0.7012,11
401772734,NFL,2025-09-21 17:00:00+00:00,Jacksonville Jaguars,Houston Texans,0.5234,0.4766,0.5479,0.4989,11
401772735,NFL,2025-09-21 20:05:00+00:00,Los Angeles Chargers,Denver Broncos,0.5746,0.4254,0.5985,0.4431,11
401772736,NFL,2025-09-21 20:05:00+00:00,Seattle Seahawks,New Orleans Saints,0.7624,0.2376,0.7954,0.2479,11
401772844,NFL,2025-09-21 20:25:00+00:00,Chicago Bears,Dallas Cowboys,0.4696,0.5304,0.4907,0.5542,11
401772843,NFL,2025-09-21 20:25:00+00:00,San Francisco 49ers,Arizona Cardinals,0.5309,0.4691,0.5548,0.4903,11
401772920,NFL,2025-09-22 00:20:00+00:00,New York Giants,Kansas City Chiefs,0.2709,0.7291,0.283,0.7618,11
401772812,NFL,2025-09-23 00:15:00+00:00,Baltimore Ravens,Detroit Lions,0.6759,0.3241,0.7047,0.3379,11
401772938,NFL,2025-09-26 00:15:00+00:00,Arizona Cardinals,Seattle Seahawks,0.4709,0.5291,0.4925,0.5534,11
401772632,NFL,2025-09-28 13:30:00+00:00,Pittsburgh Steelers,Minnesota Vikings,0.4264,0.5736,0.4444,0.5979,11
401772739,NFL,2025-09-28 17:00:00+00:00,Atlanta Falcons,Washington Commanders,0.5776,0.4224,0.6022,0.4405,11
401772740,NFL,2025-09-28 17:00:00+00:00,Buffalo Bills,New Orleans Saints,0.8957,0.1043,0.9363,0.109,11
401772846,NFL,2025-09-28 17:00:00+00:00,Detroit Lions,Cleveland Browns,0.8134,0.1866,0.8508,0.1952,11
401772847,NFL,2025-09-28 17:00:00+00:00,New England Patriots,Carolina Panthers,0.6826,0.3174,0.713,0.3315,11
401772737,NFL,2025-09-28 17:00:00+00:00,New York Giants,Los Angeles Chargers,0.2916,0.7084,0.3048,0.7404,11
401772845,NFL,2025-09-28 17:00:00+00:00,Tampa Bay Buccaneers,Philadelphia Eagles,0.3677,0.6323,0.3827,0.658,11
401772738,NFL,2025-09-28 17:00:00+00:00,Houston Texans,Tennessee Titans,0.7679,0.2321,0.8024,0.2426,11
401772849,NFL,2025-09-28 20:05:00+00:00,Los Angeles Rams,Indianapolis Colts,0.6287,0.3713,0.6548,0.3867,11
401772848,NFL,2025-09-28 20:05:00+00:00,San Francisco 49ers,Jacksonville Jaguars,0.606,0.394,0.6316,0.4107,11
401772741,NFL,2025-09-28 20:25:00+00:00,Kansas City Chiefs,Baltimore Ravens,0.4258,0.5742,0.4436,0.5982,11
401772742,NFL,2025-09-28 20:25:00+00:00,Las Vegas Raiders,Chicago Bears,0.5462,0.4538,0.5698,0.4735,11
401772813,NFL,2025-09-29 23:15:00+00:00,Miami Dolphins,New York Jets,0.582,0.418,0.6072,0.4361,11
401772716,NFL,2025-09-30 00:15:00+00:00,Denver Broncos,Cincinnati Bengals,0.791,0.209,0.8259,0.2182,11
401772939,NFL,2025-10-03 00:15:00+00:00,Los Angeles Rams,San Francisco 49ers,0.7844,0.2156,0.8185,0.225,11
401772633,NFL,2025-10-05 13:30:00+00:00,Cleveland Browns,Minnesota Vikings,0.3697,0.6303,0.385,0.6564,11
401772851,NFL,2025-10-05 17:00:00+00:00,Indianapolis Colts,Las Vegas Raiders,0.7494,0.2506,0.783,0.2618,11
401772744,NFL,2025-10-05 17:00:00+00:00,New Orleans Saints,New York Giants,0.552,0.448,0.5766,0.468,11
401772850,NFL,2025-10-05 17:00:00+00:00,New York Jets,Dallas Cowboys,0.5355,0.4645,0.5599,0.4857,11
401772745,NFL,2025-10-05 17:00:00+00:00,Philadelphia Eagles,Denver Broncos,0.6621,0.3379,0.6914,0.3528,11
401772852,NFL,2025-10-05 17:00:00+00:00,Carolina Panthers,Miami Dolphins,0.4829,0.5171,0.5065,0.5425,11
401772743,NFL,2025-10-05 17:00:00+00:00,Baltimore Ravens,Houston Texans,0.4336,0.5664,0.4523,0.5908,11
401772747,NFL,2025-10-05 20:05:00+00:00,Arizona Cardinals,Tennessee Titans,0.7792,0.2208,0.8131,0.2304,11
401772746,NFL,2025-10-05 20:05:00+00:00,Seattle Seahawks,Tampa Bay Buccaneers,0.6328,0.3672,0.6588,0.3822,11
401772854,NFL,2025-10-05 20:25:00+00:00,Cincinnati Bengals,Detroit Lions,0.1877,0.8123,0.1961,0.8482,11
401772853,NFL,2025-10-05 20:25:00+00:00,Los Angeles Chargers,Washington Commanders,0.5958,0.4042,0.6209,0.4212,11
401772922,NFL,2025-10-06 00:20:00+00:00,Buffalo Bills,New England Patriots,0.7872,0.2128,0.8216,0.2221,11
401772814,NFL,2025-10-07 00:15:00+00:00,Jacksonville Jaguars,Kansas City Chiefs,0.3672,0.6328,0.3821,0.6586,10
401772940,NFL,2025-10-10 00:15:00+00:00,New York Giants,Philadelphia Eagles,0.2251,0.7749,0.2352,0.8098,10
401772634,NFL,2025-10-12 13:30:00+00:00,New York Jets,Denver Broncos,0.2404,0.7596,0.2508,0.7925,11
401772856,NFL,2025-10-12 17:00:00+00:00,Indianapolis Colts,Arizona Cardinals,0.7806,0.2194,0.8143,0.2288,11
401772750,NFL,2025-10-12 17:00:00+00:00,Miami Dolphins,Los Angeles Chargers,0.3714,0.6286,0.3864,0.6541,11
401772751,NFL,2025-10-12 17:00:00+00:00,New Orleans Saints,New England Patriots,0.3797,0.6203,0.3956,0.6464,11
401772748,NFL,2025-10-12 17:00:00+00:00,Pittsburgh Steelers,Cleveland Browns,0.7196,0.2804,0.752,0.2931,11
401772858,NFL,2025-10-12 17:00:00+00:00,Carolina Panthers,Dallas Cowboys,0.4116,0.5884,0.4295,0.6141,11
401772857,NFL,2025-10-12 17:00:00+00:00,Jacksonville Jaguars,Seattle Seahawks,0.4841,0.5159,0.5072,0.5406,10
401772855,NFL,2025-10-12 17:00:00+00:00,Baltimore Ravens,Los Angeles Rams,0.265,0.735,0.2769,0.768,11
401772859,NFL,2025-10-12 20:05:00+00:00,Las Vegas Raiders,Tennessee Titans,0.6347,0.3653,0.6615,0.3808,11
401772752,NFL,2025-10-12 20:25:00+00:00,Green Bay Packers,Cincinnati Bengals,0.8805,0.1195,0.9198,0.1248,11
401772749,NFL,2025-10-12 20:25:00+00:00,Tampa Bay Buccaneers,San Francisco 49ers,0.6255,0.3745,0.6517,0.3902,11
401772923,NFL,2025-10-13 00:20:00+00:00,Kansas City Chiefs,Detroit Lions,0.5753,0.4247,0.5992,0.4423,11
401772815,NFL,2025-10-13 23:15:00+00:00,Atlanta Falcons,Buffalo Bills,0.355,0.645,0.3697,0.6716,11
401772717,NFL,2025-10-14 00:15:00+00:00,Washington Commanders,Chicago Bears,0.6912,0.3088,0.7228,0.323,11
401772941,NFL,2025-10-17 00:15:00+00:00,Cincinnati Bengals,Pittsburgh Steelers,0.3226,0.6774,0.3371,0.7079,11
401772635,NFL,2025-10-19 13:30:00+00:00,Jacksonville Jaguars,Los Angeles Rams,0.3938,0.6062,0.4103,0.6315,11
401772861,NFL,2025-10-19 17:00:00+00:00,Chicago Bears,New Orleans Saints,0.6505,0.3495,0.6779,0.3643,11
401772754,NFL,2025-10-19 17:00:00+00:00,Cleveland Browns,Miami Dolphins,0.5652,0.4348,0.5905,0.4543,11
401772755,NFL,2025-10-19 17:00:00+00:00,Tennessee Titans,New England Patriots,0.2867,0.7133,0.2996,0.7454,11
401772753,NFL,2025-10-19 17:00:00+00:00,Kansas City Chiefs,Las Vegas Raiders,0.8565,0.1435,0.8945,0.1499,11
401772862,NFL,2025-10-19 17:00:00+00:00,Minnesota Vikings,Philadelphia Eagles,0.4342,0.5658,0.4531,0.5905,11
401772860,NFL,2025-10-19 17:00:00+00:00,New York Jets,Carolina Panthers,0.5042,0.4958,0.5284,0.5196,10
401772757,NFL,2025-10-19 20:05:00+00:00,Denver Broncos,New York Giants,0.7789,0.2211,0.8137,0.231,11
401772756,NFL,2025-10-19 20:05:00+00:00,Los Angeles Chargers,Indianapolis Colts,0.5633,0.4367,0.5877,0.4555,11
401772864,NFL,2025-10-19 20:25:00+00:00,Dallas Cowboys,Washington Commanders,0.5312,0.4688,0.5556,0.4903,11
401772863,NFL,2025-10-19 20:25:00+00:00,Arizona Cardinals,Green Bay Packers,0.2426,0.7574,0.2533,0.7909,11
401772924,NFL,2025-10-20 00:20:00+00:00,San Francisco 49ers,Atlanta Falcons,0.4983,0.5017,0.5218,0.5253,10
401772816,NFL,2025-10-20 23:00:00+00:00,Detroit Lions,Tampa Bay Buccaneers,0.7016,0.2984,0.7337,0.3121,10
401772826,NFL,2025-10-21 02:00:00+00:00,Seattle Seahawks,Houston Texans,0.608,0.392,0.6337,0.4085,11
401772942,NFL,2025-10-24 00:15:00+00:00,Los Angeles Chargers,Minnesota Vikings,0.6148,0.3852,0.64,0.401,11
401772760,NFL,2025-10-26 17:00:00+00:00,Atlanta Falcons,Miami Dolphins,0.7426,0.2574,0.7753,0.2688,11
401772758,NFL,2025-10-26 17:00:00+00:00,Cincinnati Bengals,New York Jets,0.6894,0.3106,0.7196,0.3243,11
401772868,NFL,2025-10-26 17:00:00+00:00,New England Patriots,Cleveland Browns,0.7464,0.2536,0.7798,0.265,11
401772867,NFL,2025-10-26 17:00:00+00:00,Philadelphia Eagles,New York Giants,0.7566,0.2434,0.7898,0.2541,11
401772865,NFL,2025-10-26 17:00:00+00:00,Carolina Panthers,Buffalo Bills,0.2384,0.7616,0.249,0.7955,11
401772759,NFL,2025-10-26 17:00:00+00:00,Baltimore Ravens,Chicago Bears,0.5722,0.4278,0.5966,0.4461,11
401772866,NFL,2025-10-26 17:00:00+00:00,Houston Texans,San Francisco 49ers,0.5897,0.4103,0.6139,0.4272,11
401772869,NFL,2025-10-26 20:05:00+00:00,New Orleans Saints,Tampa Bay Buccaneers,0.3538,0.6462,0.3689,0.6737,11
401772762,NFL,2025-10-26 20:25:00+00:00,Denver Broncos,Dallas Cowboys,0.6384,0.3616,0.6651,0.3766,11
401772761,NFL,2025-10-26 20:25:00+00:00,Indianapolis Colts,Tennessee Titans,0.8987,0.1013,0.9394,0.1059,11
401772925,NFL,2025-10-27 00:20:00+00:00,Pittsburgh Steelers,Green Bay Packers,0.4256,0.5744,0.444,0.5993,11
401772817,NFL,2025-10-28 00:15:00+00:00,Kansas City Chiefs,Washington Commanders,0.8329,0.1671,0.8711,0.1748,11
401772943,NFL,2025-10-31 00:15:00+00:00,Miami Dolphins,Baltimore Ravens,0.22,0.78,0.2297,0.8143,11
401772765,NFL,2025-11-02 18:00:00+00:00,Cincinnati Bengals,Chicago Bears,0.4126,0.5874,0.4303,0.6125,11
401772871,NFL,2025-11-02 18:00:00+00:00,Detroit Lions,Minnesota Vikings,0.8029,0.1971,0.8391,0.206,11
401772872,NFL,2025-11-02 18:00:00+00:00,Green Bay Packers,Carolina Panthers,0.8579,0.1421,0.8965,0.1485,11
401772764,NFL,2025-11-02 18:00:00+00:00,Tennessee Titans,Los Angeles Chargers,0.1872,0.8128,0.1959,0.8509,11
401772763,NFL,2025-11-02 18:00:00+00:00,New England Patriots,Atlanta Falcons,0.6781,0.3219,0.7075,0.3358,11
401772767,NFL,2025-11-02 18:00:00+00:00,New York Giants,San Francisco 49ers,0.4358,0.5642,0.4552,0.5892,11
401772766,NFL,2025-11-02 18:00:00+00:00,Pittsburgh Steelers,Indianapolis Colts,0.399,0.601,0.4162,0.6269,11
401772870,NFL,2025-11-02 18:00:00+00:00,Houston Texans,Denver Broncos,0.5496,0.4504,0.5731,0.4696,11
401772873,NFL,2025-11-02 21:05:00+00:00,Las Vegas Raiders,Jacksonville Jaguars,0.4571,0.5429,0.4773,0.5668,11
401772874,NFL,2025-11-02 21:05:00+00:00,Los Angeles Rams,New Orleans Saints,0.8843,0.1157,0.9252,0.121,11
401772768,NFL,2025-11-02 21:25:00+00:00,Buffalo Bills,Kansas City Chiefs,0.4467,0.5533,0.467,0.5785,11
401772926,NFL,2025-11-03 01:20:00+00:00,Washington Commanders,Seattle Seahawks,0.4249,0.5751,0.4429,0.5995,11
401772818,NFL,2025-11-04 01:15:00+00:00,Dallas Cowboys,Arizona Cardinals,0.6191,0.3809,0.6445,0.3965,11
401772944,NFL,2025-11-07 01:15:00+00:00,Denver Broncos,Las Vegas Raiders,0.7918,0.2082,0.8272,0.2176,11
401772636,NFL,2025-11-09 14:30:00+00:00,Indianapolis Colts,Atlanta Falcons,0.7161,0.2839,0.7479,0.2965,11
401772875,NFL,2025-11-09 18:00:00+00:00,Chicago Bears,New York Giants,0.6633,0.3367,0.6932,0.3518,11
401772771,NFL,2025-11-09 18:00:00+00:00,Miami Dolphins,Buffalo Bills,0.2182,0.7818,0.2281,0.8173,11
401772876,NFL,2025-11-09 18:00:00+00:00,Minnesota Vikings,Baltimore Ravens,0.3262,0.6738,0.3409,0.7043,11
401772769,NFL,2025-11-09 18:00:00+00:00,New York Jets,Cleveland Browns,0.46,0.54,0.4804,0.5639,11
401772772,NFL,2025-11-09 18:00:00+00:00,Tampa Bay Buccaneers,New England Patriots,0.5788,0.4212,0.6021,0.4382,11
401772877,NFL,2025-11-09 18:00:00+00:00,Carolina Panthers,New Orleans Saints,0.6837,0.3163,0.7139,0.3302,11
401772770,NFL,2025-11-09 18:00:00+00:00,Houston Texans,Jacksonville Jaguars,0.5077,0.4923,0.5321,0.5159,8
401772773,NFL,2025-11-09 21:05:00+00:00,Seattle Seahawks,Arizona Cardinals,0.7498,0.2502,0.7837,0.2615,11
401772879,NFL,2025-11-09 21:25:00+00:00,San Francisco 49ers,Los Angeles Rams,0.3059,0.6941,0.3198,0.7257,11
401772878,NFL,2025-11-09 21:25:00+00:00,Washington Commanders,Detroit Lions,0.2148,0.7852,0.2243,0.8198,11
401772927,NFL,2025-11-10 01:20:00+00:00,Los Angeles Chargers,Pittsburgh Steelers,0.6214,0.3786,0.6467,0.3941,11
401772630,NFL,2025-11-11 01:15:00+00:00,Green Bay Packers,Philadelphia Eagles,0.4985,0.5015,0.5226,0.5258,8
401772945,NFL,2025-11-14 01:15:00+00:00,New England Patriots,New York Jets,0.8542,0.1458,0.8929,0.1525,11
401772631,NFL,2025-11-16 14:30:00+00:00,Miami Dolphins,Washington Commanders,0.5629,0.4371,0.5874,0.4562,11
401772882,NFL,2025-11-16 18:00:00+00:00,Atlanta Falcons,Carolina Panthers,0.6623,0.3377,0.6923,0.353,11
401772776,NFL,2025-11-16 18:00:00+00:00,Buffalo Bills,Tampa Bay Buccaneers,0.7236,0.2764,0.7561,0.2888,11
401772881,NFL,2025-11-16 18:00:00+00:00,Tennessee Titans,Houston Texans,0.3097,0.6903,0.3234,0.7211,11
401772880,NFL,2025-11-16 18:00:00+00:00,Minnesota Vikings,Chicago Bears,0.5836,0.4164,0.6092,0.4346,11
401772883,NFL,2025-11-16 18:00:00+00:00,New York Giants,Green Bay Packers,0.2367,0.7633,0.2472,0.7972,11
401772774,NFL,2025-11-16 18:00:00+00:00,Pittsburgh Steelers,Cincinnati Bengals,0.6861,0.3139,0.7171,0.3281,11
401772775,NFL,2025-11-16 18:00:00+00:00,Jacksonville Jaguars,Los Angeles Chargers,0.4249,0.5751,0.4426,0.599,11
401772884,NFL,2025-11-16 21:05:00+00:00,Los Angeles Rams,Seattle Seahawks,0.6143,0.3857,0.6398,0.4017,10
401772885,NFL,2025-11-16 21:05:00+00:00,Arizona Cardinals,San Francisco 49ers,0.3694,0.6306,0.3847,0.6566,10
401772777,NFL,2025-11-16 21:25:00+00:00,Cleveland Browns,Baltimore Ravens,0.2155,0.7845,0.2247,0.8184,10
401772778,NFL,2025-11-16 21:25:00+00:00,Denver Broncos,Kansas City Chiefs,0.3452,0.6548,0.3596,0.6822,10
401772928,NFL,2025-11-17 01:20:00+00:00,Philadelphia Eagles,Detroit Lions,0.5743,0.4257,0.5985,0.4436,10
401772819,NFL,2025-11-18 01:15:00+00:00,Las Vegas Raiders,Dallas Cowboys,0.3598,0.6402,0.3745,0.6663,11
401772946,NFL,2025-11-21 01:15:00+00:00,Houston Texans,Buffalo Bills,0.316,0.684,0.3301,0.7145,11
401772780,NFL,2025-11-23 18:00:00+00:00,Chicago Bears,Pittsburgh Steelers,0.5754,0.4246,0.6003,0.4429,11
401772781,NFL,2025-11-23 18:00:00+00:00,Cincinnati Bengals,New England Patriots,0.2427,0.7573,0.2533,0.7904,11
401772888,NFL,2025-11-23 18:00:00+00:00,Detroit Lions,New York Giants,0.8788,0.1212,0.919,0.1267,11
401772887,NFL,2025-11-23 18:00:00+00:00,Green Bay Packers,Minnesota Vikings,0.7123,0.2877,0.7444,0.3007,11
401772886,NFL,2025-11-23 18:00:00+00:00,Tennessee Titans,Seattle Seahawks,0.1419,0.8581,0.1484,0.8973,11
401772779,NFL,2025-11-23 18:00:00+00:00,Kansas City Chiefs,Indianapolis Colts,0.6682,0.3318,0.6977,0.3464,11
401772782,NFL,2025-11-23 18:00:00+00:00,Baltimore Ravens,New York Jets,0.8867,0.1133,0.9268,0.1184,11
401772784,NFL,2025-11-23 21:05:00+00:00,Las Vegas Raiders,Cleveland Browns,0.5992,0.4008,0.6244,0.4177,11
401772783,NFL,2025-11-23 21:05:00+00:00,Arizona Cardinals,Jacksonville Jaguars,0.4538,0.5462,0.4734,0.5697,11
401772890,NFL,2025-11-23 21:25:00+00:00,Dallas Cowboys,Philadelphia Eagles,0.4128,0.5872,0.4304,0.6123,11
401772889,NFL,2025-11-23 21:25:00+00:00,New Orleans Saints,Atlanta Falcons,0.5276,0.4724,0.5517,0.494,11
401772929,NFL,2025-11-24 01:20:00+00:00,Los Angeles Rams,Tampa Bay Buccaneers,0.7541,0.2459,0.7869,0.2565,11
401772820,NFL,2025-11-25 01:15:00+00:00,San Francisco 49ers,Carolina Panthers,0.7625,0.2375,0.7955,0.2478,11
401772891,NFL,2025-11-27 18:00:00+00:00,Detroit Lions,Green Bay Packers,0.5964,0.4036,0.6209,0.4202,11
401772694,NFL,2025-11-27 21:30:00+00:00,Dallas Cowboys,Kansas City Chiefs,0.3703,0.6297,0.3858,0.656,11
401772930,NFL,2025-11-28 01:20:00+00:00,Baltimore Ravens,Cincinnati Bengals,0.7675,0.2325,0.8012,0.2428,11
401772621,NFL,2025-11-28 20:00:00+00:00,Philadelphia Eagles,Chicago Bears,0.7537,0.2463,0.7858,0.2568,11
401772785,NFL,2025-11-30 18:00:00+00:00,Cleveland Browns,San Francisco 49ers,0.3134,0.6866,0.3273,0.7171,11
401772786,NFL,2025-11-30 18:00:00+00:00,Tennessee Titans,Jacksonville Jaguars,0.2901,0.7099,0.3029,0.7413,11
401772787,NFL,2025-11-30 18:00:00+00:00,Indianapolis Colts,Houston Texans,0.6002,0.3998,0.625,0.4163,11
401772892,NFL,2025-11-30 18:00:00+00:00,Miami Dolphins,New Orleans Saints,0.6899,0.3101,0.7214,0.3243,11
401772893,NFL,2025-11-30 18:00:00+00:00,New York Jets,Atlanta Falcons,0.4043,0.5957,0.4217,0.6213,11
401772895,NFL,2025-11-30 18:00:00+00:00,Tampa Bay Buccaneers,Arizona Cardinals,0.657,0.343,0.685,0.3577,11
401772896,NFL,2025-11-30 21:05:00+00:00,Seattle Seahawks,Minnesota Vikings,0.8546,0.1454,0.8936,0.1521,11
401772789,NFL,2025-11-30 21:25:00+00:00,Pittsburgh Steelers,Buffalo Bills,0.397,0.603,0.4131,0.6276,11
401772788,NFL,2025-11-30 21:25:00+00:00,Los Angeles Chargers,Las Vegas Raiders,0.8094,0.1906,0.8456,0.1991,11
401772931,NFL,2025-12-01 01:20:00+00:00,Washington Commanders,Denver Broncos,0.2836,0.7164,0.2963,0.7484,11
401772821,NFL,2025-12-02 01:15:00+00:00,New England Patriots,New York Giants,0.753,0.247,0.7858,0.2578,11
401772947,NFL,2025-12-05 01:15:00+00:00,Detroit Lions,Dallas Cowboys,0.6265,0.3735,0.6524,0.389,11
401772900,NFL,2025-12-07 18:00:00+00:00,Atlanta Falcons,Seattle Seahawks,0.2675,0.7325,0.2794,0.7651,11
401772902,NFL,2025-12-07 18:00:00+00:00,Buffalo Bills,Cincinnati Bengals,0.7082,0.2918,0.7388,0.3044,11
401772898,NFL,2025-12-07 18:00:00+00:00,Cleveland Browns,Tennessee Titans,0.6372,0.3628,0.6636,0.3779,11
401772899,NFL,2025-12-07 18:00:00+00:00,Minnesota Vikings,Washington Commanders,0.5075,0.4925,0.5312,0.5156,10
401772790,NFL,2025-12-07 18:00:00+00:00,New York Jets,Miami Dolphins,0.4301,0.5699,0.4487,0.5946,11
401772792,NFL,2025-12-07 18:00:00+00:00,Tampa Bay Buccaneers,New Orleans Saints,0.765,0.235,0.7995,0.2456,11
401772793,NFL,2025-12-07 18:00:00+00:00,Jacksonville Jaguars,Indianapolis Colts,0.4327,0.5673,0.4512,0.5915,11
401772791,NFL,2025-12-07 18:00:00+00:00,Baltimore Ravens,Pittsburgh Steelers,0.7046,0.2954,0.7364,0.3087,11
401772794,NFL,2025-12-07 21:05:00+00:00,Las Vegas Raiders,Denver Broncos,0.2162,0.7838,0.2256,0.8179,11
401772897,NFL,2025-12-07 21:25:00+00:00,Green Bay Packers,Chicago Bears,0.7263,0.2737,0.7582,0.2857,11
401772932,NFL,2025-12-08 01:20:00+00:00,Kansas City Chiefs,Houston Texans,0.6655,0.3345,0.6958,0.3498,11
401772822,NFL,2025-12-09 01:15:00+00:00,Los Angeles Chargers,Philadelphia Eagles,0.4814,0.5186,0.5042,0.5432,11
401772948,NFL,2025-12-12 01:15:00+00:00,Tampa Bay Buccaneers,Atlanta Falcons,0.7045,0.2955,0.7358,0.3087,11
401772904,NFL,2025-12-14 18:00:00+00:00,Chicago Bears,Cleveland Browns,0.7597,0.2403,0.7926,0.2508,11
401772796,NFL,2025-12-14 18:00:00+00:00,Cincinnati Bengals,Baltimore Ravens,0.3958,0.6042,0.4121,0.629,11
401772798,NFL,2025-12-14 18:00:00+00:00,Kansas City Chiefs,Los Angeles Chargers,0.7068,0.2932,0.7378,0.3061,11
401772795,NFL,2025-12-14 18:00:00+00:00,New England Patriots,Buffalo Bills,0.4396,0.5604,0.4589,0.5849,11
401772905,NFL,2025-12-14 18:00:00+00:00,New York Giants,Washington Commanders,0.5767,0.4233,0.6012,0.4412,11
401772906,NFL,2025-12-14 18:00:00+00:00,Philadelphia Eagles,Las Vegas Raiders,0.8603,0.1397,0.898,0.1458,11
401772797,NFL,2025-12-14 18:00:00+00:00,Jacksonville Jaguars,New York Jets,0.8715,0.1285,0.9099,0.1342,11
401772903,NFL,2025-12-14 18:00:00+00:00,Houston Texans,Arizona Cardinals,0.8125,0.1875,0.8483,0.1957,11
401772800,NFL,2025-12-14 21:25:00+00:00,Denver Broncos,Green Bay Packers,0.4749,0.5251,0.4969,0.5495,11
401772909,NFL,2025-12-14 21:25:00+00:00,Los Angeles Rams,Detroit Lions,0.6892,0.3108,0.7205,0.325,11
401772908,NFL,2025-12-14 21:25:00+00:00,New Orleans Saints,Carolina Panthers,0.434,0.566,0.4531,0.5907,11
401772907,NFL,2025-12-14 21:25:00+00:00,San Francisco 49ers,Tennessee Titans,0.862,0.138,0.9002,0.1442,11
401772799,NFL,2025-12-14 21:25:00+00:00,Seattle Seahawks,Indianapolis Colts,0.8596,0.1404,0.8989,0.1468,11
401772933,NFL,2025-12-15 01:20:00+00:00,Dallas Cowboys,Minnesota Vikings,0.6818,0.3182,0.7116,0.3322,11
401772823,NFL,2025-12-16 01:15:00+00:00,Pittsburgh Steelers,Miami Dolphins,0.619,0.381,0.6437,0.3962,11
401772949,NFL,2025-12-19 01:15:00+00:00,Seattle Seahawks,Los Angeles Rams,0.5361,0.4639,0.5605,0.4851,11
401772612,NFL,2025-12-20 22:00:00+00:00,Washington Commanders,Philadelphia Eagles,0.249,0.751,0.2594,0.7824,11
401772613,NFL,2025-12-21 01:20:00+00:00,Chicago Bears,Green Bay Packers,0.5202,0.4798,0.5448,0.5025,11
401772802,NFL,2025-12-21 18:00:00+00:00,Cleveland Browns,Buffalo Bills,0.1811,0.8189,0.1893,0.8561,11
401772910,NFL,2025-12-21 18:00:00+00:00,Dallas Cowboys,Los Angeles Chargers,0.525,0.475,0.5494,0.497,9
401772803,NFL,2025-12-21 18:00:00+00:00,Tennessee Titans,Kansas City Chiefs,0.392,0.608,0.4088,0.6341,11
401772934,NFL,2025-12-21 18:00:00+00:00,Miami Dolphins,Cincinnati Bengals,0.3623,0.6377,0.3773,0.664,11
401772801,NFL,2025-12-21 18:00:00+00:00,New Orleans Saints,New York Jets,0.7134,0.2866,0.7446,0.2991,11
401772911,NFL,2025-12-21 18:00:00+00:00,New York Giants,Minnesota Vikings,0.4326,0.5674,0.4507,0.5912,11
401772912,NFL,2025-12-21 18:00:00+00:00,Carolina Panthers,Tampa Bay Buccaneers,0.4141,0.5859,0.4315,0.6105,11
401772913,NFL,2025-12-21 21:05:00+00:00,Denver Broncos,Jacksonville Jaguars,0.6181,0.3819,0.6438,0.3977,11
401772914,NFL,2025-12-21 21:05:00+00:00,Arizona Cardinals,Atlanta Falcons,0.4287,0.5713,0.4471,0.5957,11
401772806,NFL,2025-12-21 21:25:00+00:00,Detroit Lions,Pittsburgh Steelers,0.766,0.234,0.7984,0.2439,11
401772805,NFL,2025-12-21 21:25:00+00:00,Houston Texans,Las Vegas Raiders,0.8887,0.1113,0.9299,0.1165,11
401772804,NFL,2025-12-22 01:20:00+00:00,Baltimore Ravens,New England Patriots,0.6351,0.3649,0.662,0.3803,11
401772824,NFL,2025-12-23 01:15:00+00:00,Indianapolis Colts,San Francisco 49ers,0.3368,0.6632,0.3509,0.6912,11
401772710,NFL,2025-12-25 18:00:00+00:00,Washington Commanders,Dallas Cowboys,0.2108,0.7892,0.2201,0.8241,11
401772711,NFL,2025-12-25 21:30:00+00:00,Minnesota Vikings,Detroit Lions,0.2488,0.7512,0.2595,0.7835,11
401772622,NFL,2025-12-26 01:15:00+00:00,Kansas City Chiefs,Denver Broncos,0.1253,0.8747,0.131,0.9144,11
401772951,NFL,2025-12-27 21:30:00+00:00,Los Angeles Chargers,Houston Texans,0.5182,0.4818,0.5427,0.5047,11
401772953,NFL,2025-12-28 01:00:00+00:00,Green Bay Packers,Baltimore Ravens,0.5585,0.4415,0.5833,0.4612,11
401772954,NFL,2025-12-28 18:00:00+00:00,Cincinnati Bengals,Arizona Cardinals,0.7422,0.2578,0.7752,0.2693,11
401772807,NFL,2025-12-28 18:00:00+00:00,Cleveland Browns,Pittsburgh Steelers,0.3515,0.6485,0.366,0.6754,11
401772809,NFL,2025-12-28 18:00:00+00:00,Tennessee Titans,New Orleans Saints,0.4925,0.5075,0.5163,0.532,8
401772915,NFL,2025-12-28 18:00:00+00:00,Indianapolis Colts,Jacksonville Jaguars,0.3457,0.6543,0.3599,0.6812,11
401772916,NFL,2025-12-28 18:00:00+00:00,Miami Dolphins,Tampa Bay Buccaneers,0.3118,0.6882,0.3259,0.7195,11
401772808,NFL,2025-12-28 18:00:00+00:00,New York Jets,New England Patriots,0.1401,0.8599,0.1463,0.898,11
401772952,NFL,2025-12-28 18:00:00+00:00,Carolina Panthers,Seattle Seahawks,0.2723,0.7277,0.2842,0.7597,11
401772950,NFL,2025-12-28 21:05:00+00:00,Las Vegas Raiders,New York Giants,0.4114,0.5886,0.4285,0.613,11
401772917,NFL,2025-12-28 21:25:00+00:00,Buffalo Bills,Philadelphia Eagles,0.5998,0.4002,0.6245,0.4166,11
401772935,NFL,2025-12-29 01:20:00+00:00,San Francisco 49ers,Chicago Bears,0.6455,0.3545,0.6724,0.3693,11
401772825,NFL,2025-12-30 01:15:00+00:00,Atlanta Falcons,Los Angeles Rams,0.2496,0.7504,0.2607,0.7836,11
401772969,NFL,2026-01-03 21:30:00+00:00,Tampa Bay Buccaneers,Carolina Panthers,0.5864,0.4136,0.6112,0.4311,11
401772961,NFL,2026-01-04 01:00:00+00:00,San Francisco 49ers,Seattle Seahawks,0.4229,0.5771,0.4411,0.6021,11
401772966,NFL,2026-01-04 18:00:00+00:00,Atlanta Falcons,New Orleans Saints,0.6549,0.3451,0.6838,0.3603,11
401772964,NFL,2026-01-04 18:00:00+00:00,Cincinnati Bengals,Cleveland Browns,0.7849,0.2151,0.8197,0.2247,11
401772968,NFL,2026-01-04 18:00:00+00:00,Minnesota Vikings,Green Bay Packers,0.8347,0.1653,0.8731,0.1729,11
401772963,NFL,2026-01-04 18:00:00+00:00,New York Giants,Dallas Cowboys,0.3987,0.6013,0.4154,0.6265,11
401772970,NFL,2026-01-04 18:00:00+00:00,Jacksonville Jaguars,Tennessee Titans,0.8488,0.1512,0.8893,0.1585,11
401772962,NFL,2026-01-04 18:00:00+00:00,Houston Texans,Indianapolis Colts,0.8107,0.1893,0.8469,0.1977,11
401772967,NFL,2026-01-04 21:25:00+00:00,Buffalo Bills,New York Jets,0.8353,0.1647,0.8751,0.1726,11
401772965,NFL,2026-01-04 21:25:00+00:00,Chicago Bears,Detroit Lions,0.6309,0.3691,0.657,0.3844,11
401772956,NFL,2026-01-04 21:25:00+00:00,Denver Broncos,Los Angeles Chargers,0.8928,0.1072,0.9331,0.112,11
401772957,NFL,2026-01-04 21:25:00+00:00,Las Vegas Raiders,Kansas City Chiefs,0.3465,0.6535,0.3608,0.6805,11
401772955,NFL,2026-01-04 21:25:00+00:00,Los Angeles Rams,Arizona Cardinals,0.8896,0.1104,0.9291,0.1153,11
401772958,NFL,2026-01-04 21:25:00+00:00,New England Patriots,Miami Dolphins,0.8705,0.1295,0.9085,0.1351,11
401772959,NFL,2026-01-04 21:25:00+00:00,Philadelphia Eagles,Washington Commanders,0.6153,0.3847,0.6411,0.4009,11
401772960,NFL,2026-01-05 01:20:00+00:00,Pittsburgh Steelers,Baltimore Ravens,0.3317,0.6683,0.3465,0.6981,11
401772979,NFL,2026-01-10 21:30:00+00:00,Carolina Panthers,Los Angeles Rams,0.1843,0.8157,0.1926,0.8528,11
401772981,NFL,2026-01-11 01:00:00+00:00,Chicago Bears,Green Bay Packers,0.4594,0.5406,0.4796,0.5645,11
401772977,NFL,2026-01-11 18:00:00+00:00,Jacksonville Jaguars,Buffalo Bills,0.5321,0.4679,0.5565,0.4892,11
401772980,NFL,2026-01-11 21:30:00+00:00,Philadelphia Eagles,San Francisco 49ers,0.6802,0.3198,0.7098,0.3338,11
401772978,NFL,2026-01-12 01:15:00+00:00,New England Patriots,Los Angeles Chargers,0.6358,0.3642,0.6627,0.3797,11
401772976,NFL,2026-01-13 01:15:00+00:00,Pittsburgh Steelers,Houston Texans,0.4158,0.5842,0.4333,0.6088,11
401772982,NFL,2026-01-17 21:30:00+00:00,Denver Broncos,Buffalo Bills,0.5267,0.4733,0.5504,0.4946,11
401772984,NFL,2026-01-18 01:00:00+00:00,Seattle Seahawks,San Francisco 49ers,0.7239,0.2761,0.7574,0.2889,11
401772983,NFL,2026-01-18 20:00:00+00:00,New England Patriots,Houston Texans,0.6218,0.3782,0.6467,0.3933,11
401772985,NFL,2026-01-18 23:30:00+00:00,Chicago Bears,Los Angeles Rams,0.3597,0.6403,0.3746,0.6667,11
401801798,NHL,2025-10-07 21:00:00+00:00,Florida Panthers,Chicago Blackhawks,0.7058,0.2942,0.7363,0.3069,11
401801799,NHL,2025-10-08 00:00:00+00:00,New York Rangers,Pittsburgh Penguins,0.6736,0.3264,0.7015,0.34,11
401801800,NHL,2025-10-08 02:30:00+00:00,Los Angeles Kings,Colorado Avalanche,0.4829,0.5171,0.5049,0.5406,11
401802356,NHL,2025-10-08 23:30:00+00:00,Washington Capitals,Boston Bruins,0.6214,0.3786,0.6465,0.3939,10
401802357,NHL,2025-10-09 02:00:00+00:00,Edmonton Oilers,Calgary Flames,0.6707,0.3293,0.6994,0.3433,10
401802358,NHL,2025-10-09 02:00:00+00:00,Vegas Golden Knights,Los Angeles Kings,0.6483,0.3517,0.6753,0.3663,10
401802359,NHL,2025-10-09 23:00:00+00:00,Boston Bruins,Chicago Blackhawks,0.5969,0.4031,0.622,0.4201,10
401802360,NHL,2025-10-09 23:00:00+00:00,Buffalo Sabres,New York Rangers,0.4828,0.5172,0.5046,0.5406,10
401802362,NHL,2025-10-09 23:00:00+00:00,Tampa Bay Lightning,Ottawa Senators,0.6166,0.3834,0.6415,0.399,10
401802363,NHL,2025-10-09 23:00:00+00:00,Florida Panthers,Philadelphia Flyers,0.6621,0.3379,0.6902,0.3523,10
401802364,NHL,2025-10-09 23:00:00+00:00,Pittsburgh Penguins,New York Islanders,0.4575,0.5425,0.4768,0.5654,10
401802365,NHL,2025-10-09 23:30:00+00:00,Carolina Hurricanes,New Jersey Devils,0.6096,0.3904,0.6355,0.4069,10
401802367,NHL,2025-10-10 00:00:00+00:00,Nashville Predators,Columbus Blue Jackets,0.5128,0.4872,0.5365,0.5097,10
401802368,NHL,2025-10-10 00:00:00+00:00,Winnipeg Jets,Dallas Stars,0.4937,0.5063,0.5164,0.5295,10
401802369,NHL,2025-10-10 01:00:00+00:00,Colorado Avalanche,Utah Mammoth,0.6275,0.3725,0.6525,0.3873,10
401802370,NHL,2025-10-10 02:00:00+00:00,Vancouver Canucks,Calgary Flames,0.6384,0.3616,0.6646,0.3765,10
401802371,NHL,2025-10-10 02:00:00+00:00,San Jose Sharks,Vegas Golden Knights,0.341,0.659,0.3555,0.687,10
401802372,NHL,2025-10-10 02:00:00+00:00,Seattle Kraken,Anaheim Ducks,0.5457,0.4543,0.5686,0.4734,10
401802373,NHL,2025-10-11 17:30:00+00:00,Winnipeg Jets,Los Angeles Kings,0.5524,0.4476,0.5754,0.4663,10
401802375,NHL,2025-10-11 23:00:00+00:00,Boston Bruins,Buffalo Sabres,0.5165,0.4835,0.5398,0.5053,11
401802376,NHL,2025-10-11 23:00:00+00:00,Detroit Red Wings,Toronto Maple Leafs,0.4337,0.5663,0.452,0.5901,11
401802377,NHL,2025-10-11 23:00:00+00:00,Tampa Bay Lightning,New Jersey Devils,0.5756,0.4244,0.5995,0.4421,11
401802378,NHL,2025-10-11 23:00:00+00:00,Florida Panthers,Ottawa Senators,0.5789,0.4211,0.6031,0.4387,11
401802379,NHL,2025-10-11 23:00:00+00:00,New York Islanders,Washington Capitals,0.4809,0.5191,0.5026,0.5425,11
401802380,NHL,2025-10-11 23:00:00+00:00,Pittsburgh Penguins,New York Rangers,0.4309,0.5691,0.4492,0.5934,11
401802381,NHL,2025-10-11 23:00:00+00:00,Carolina Hurricanes,Philadelphia Flyers,0.716,0.284,0.7458,0.2959,11
401802383,NHL,2025-10-12 00:00:00+00:00,Nashville Predators,Utah Mammoth,0.4619,0.5381,0.4821,0.5615,11
401802384,NHL,2025-10-12 00:00:00+00:00,Minnesota Wild,Columbus Blue Jackets,0.5924,0.4076,0.617,0.4246,11
401802385,NHL,2025-10-12 01:00:00+00:00,Colorado Avalanche,Dallas Stars,0.5634,0.4366,0.5874,0.4552,11
401802386,NHL,2025-10-12 02:00:00+00:00,Edmonton Oilers,Vancouver Canucks,0.6077,0.3923,0.6329,0.4086,11
401802387,NHL,2025-10-12 02:00:00+00:00,San Jose Sharks,Anaheim Ducks,0.458,0.542,0.4775,0.565,11
401802388,NHL,2025-10-12 02:00:00+00:00,Seattle Kraken,Vegas Golden Knights,0.3791,0.6209,0.3948,0.6468,11
401802389,NHL,2025-10-12 23:00:00+00:00,New York Rangers,Washington Capitals,0.4972,0.5028,0.5197,0.5256,11
401802390,NHL,2025-10-13 16:30:00+00:00,Buffalo Sabres,Colorado Avalanche,0.3828,0.6172,0.3986,0.6426,11
401802391,NHL,2025-10-13 17:00:00+00:00,Boston Bruins,Tampa Bay Lightning,0.4082,0.5918,0.4252,0.6164,11
401802392,NHL,2025-10-13 17:00:00+00:00,Ottawa Senators,Nashville Predators,0.6149,0.3851,0.6399,0.4008,11
401802393,NHL,2025-10-13 17:00:00+00:00,New York Islanders,Winnipeg Jets,0.4885,0.5115,0.5108,0.5349,11
401802394,NHL,2025-10-13 18:00:00+00:00,Toronto Maple Leafs,Detroit Red Wings,0.6005,0.3995,0.6256,0.4162,11
401802395,NHL,2025-10-13 23:00:00+00:00,Philadelphia Flyers,Florida Panthers,0.4234,0.5766,0.4406,0.6001,11
401802396,NHL,2025-10-13 23:00:00+00:00,Columbus Blue Jackets,New Jersey Devils,0.4798,0.5202,0.5015,0.5436,11
401802398,NHL,2025-10-14 00:00:00+00:00,Minnesota Wild,Los Angeles Kings,0.4804,0.5196,0.5021,0.543,11
401802399,NHL,2025-10-14 00:30:00+00:00,Chicago Blackhawks,Utah Mammoth,0.4051,0.5949,0.4222,0.6201,11
401802400,NHL,2025-10-14 23:00:00+00:00,Toronto Maple Leafs,Nashville Predators,0.6111,0.3889,0.6359,0.4048,11
401802402,NHL,2025-10-14 23:00:00+00:00,New York Rangers,Edmonton Oilers,0.4485,0.5515,0.4676,0.5751,11
401802403,NHL,2025-10-14 23:00:00+00:00,Washington Capitals,Tampa Bay Lightning,0.4995,0.5005,0.5224,0.5234,11
401802404,NHL,2025-10-15 01:00:00+00:00,Calgary Flames,Vegas Golden Knights,0.3897,0.6103,0.406,0.6359,11
401802405,NHL,2025-10-15 01:50:00+00:00,Dallas Stars,Minnesota Wild,0.6333,0.3667,0.6592,0.3817,11
401802406,NHL,2025-10-15 02:00:00+00:00,San Jose Sharks,Carolina Hurricanes,0.3001,0.6999,0.313,0.73,11
401802407,NHL,2025-10-15 02:30:00+00:00,Anaheim Ducks,Pittsburgh Penguins,0.5616,0.4384,0.5855,0.4571,11
401802408,NHL,2025-10-15 23:00:00+00:00,Buffalo Sabres,Ottawa Senators,0.4974,0.5026,0.5202,0.5255,11
401802409,NHL,2025-10-15 23:00:00+00:00,Detroit Red Wings,Florida Panthers,0.4119,0.5881,0.4293,0.6129,11
401802411,NHL,2025-10-16 01:30:00+00:00,Utah Mammoth,Calgary Flames,0.6724,0.3276,0.7007,0.3415,11
401802412,NHL,2025-10-16 23:00:00+00:00,Toronto Maple Leafs,New York Rangers,0.5744,0.4256,0.5979,0.4431,11
401802414,NHL,2025-10-16 23:00:00+00:00,Ottawa Senators,Seattle Kraken,0.5889,0.4111,0.6132,0.4281,11
401802415,NHL,2025-10-16 23:00:00+00:00,New Jersey Devils,Florida Panthers,0.5832,0.4168,0.6065,0.4335,11
401802417,NHL,2025-10-16 23:00:00+00:00,Philadelphia Flyers,Winnipeg Jets,0.4375,0.5625,0.4561,0.5864,11
401802418,NHL,2025-10-16 23:00:00+00:00,Columbus Blue Jackets,Colorado Avalanche,0.4011,0.5989,0.4177,0.6237,11
401802416,NHL,2025-10-16 23:30:00+00:00,New York Islanders,Edmonton Oilers,0.4036,0.5964,0.4209,0.6219,11
401802419,NHL,2025-10-17 00:00:00+00:00,Dallas Stars,Vancouver Canucks,0.6005,0.3995,0.6257,0.4163,11
401802420,NHL,2025-10-17 02:00:00+00:00,Vegas Golden Knights,Boston Bruins,0.669,0.331,0.6972,0.345,11
401802421,NHL,2025-10-17 02:00:00+00:00,Anaheim Ducks,Carolina Hurricanes,0.3677,0.6323,0.3826,0.658,11
401802422,NHL,2025-10-17 02:00:00+00:00,Los Angeles Kings,Pittsburgh Penguins,0.6427,0.3573,0.6687,0.3718,11
401802423,NHL,2025-10-17 23:00:00+00:00,Detroit Red Wings,Tampa Bay Lightning,0.4548,0.5452,0.4744,0.5686,11
401802424,NHL,2025-10-17 23:00:00+00:00,Washington Capitals,Minnesota Wild,0.537,0.463,0.5595,0.4825,11
401802425,NHL,2025-10-18 00:30:00+00:00,Chicago Blackhawks,Vancouver Canucks,0.4484,0.5516,0.4677,0.5754,11
401802426,NHL,2025-10-18 01:00:00+00:00,Utah Mammoth,San Jose Sharks,0.6962,0.3038,0.7261,0.3168,11
401802427,NHL,2025-10-18 17:00:00+00:00,Buffalo Sabres,Florida Panthers,0.4197,0.5803,0.4369,0.6041,11
401802428,NHL,2025-10-18 19:00:00+00:00,Ottawa Senators,New York Islanders,0.5613,0.4387,0.5858,0.4578,11
401802429,NHL,2025-10-18 19:30:00+00:00,New Jersey Devils,Edmonton Oilers,0.4862,0.5138,0.5086,0.5374,11
401802430,NHL,2025-10-18 23:00:00+00:00,Toronto Maple Leafs,Seattle Kraken,0.6372,0.3628,0.6631,0.3776,11
401802432,NHL,2025-10-18 23:00:00+00:00,Philadelphia Flyers,Minnesota Wild,0.514,0.486,0.5371,0.5078,11
401802433,NHL,2025-10-18 23:00:00+00:00,Columbus Blue Jackets,Tampa Bay Lightning,0.5483,0.4517,0.5718,0.4711,11
401802435,NHL,2025-10-18 23:00:00+00:00,Winnipeg Jets,Nashville Predators,0.6205,0.3795,0.6464,0.3953,11
401802436,NHL,2025-10-19 01:00:00+00:00,Colorado Avalanche,Boston Bruins,0.6929,0.3071,0.7228,0.3204,11
401802437,NHL,2025-10-19 01:00:00+00:00,Los Angeles Kings,Carolina Hurricanes,0.4479,0.5521,0.4667,0.5754,11
401802438,NHL,2025-10-19 02:00:00+00:00,Vegas Golden Knights,Calgary Flames,0.6805,0.3195,0.7098,0.3332,11
401802439,NHL,2025-10-19 02:00:00+00:00,San Jose Sharks,Pittsburgh Penguins,0.4033,0.5967,0.4197,0.6209,11
401802440,NHL,2025-10-19 16:30:00+00:00,Washington Capitals,Vancouver Canucks,0.5918,0.4082,0.6173,0.4257,11
401802441,NHL,2025-10-19 19:00:00+00:00,Detroit Red Wings,Edmonton Oilers,0.4456,0.5544,0.4645,0.5778,11
401802442,NHL,2025-10-19 23:00:00+00:00,Chicago Blackhawks,Anaheim Ducks,0.4597,0.5403,0.479,0.563,11
401802443,NHL,2025-10-19 23:00:00+00:00,Utah Mammoth,Boston Bruins,0.6584,0.3416,0.6863,0.3561,11
401802444,NHL,2025-10-20 23:00:00+00:00,New York Rangers,Minnesota Wild,0.5906,0.4094,0.615,0.4264,10
401802445,NHL,2025-10-20 23:00:00+00:00,Philadelphia Flyers,Seattle Kraken,0.5594,0.4406,0.5835,0.4596,10
401802447,NHL,2025-10-21 01:30:00+00:00,Calgary Flames,Winnipeg Jets,0.4435,0.5565,0.4625,0.5803,11
401802448,NHL,2025-10-21 02:00:00+00:00,Vegas Golden Knights,Carolina Hurricanes,0.5008,0.4992,0.5235,0.5219,11
401802449,NHL,2025-10-21 23:00:00+00:00,Toronto Maple Leafs,New Jersey Devils,0.5247,0.4753,0.5478,0.4963,11
401802450,NHL,2025-10-21 23:00:00+00:00,Ottawa Senators,Edmonton Oilers,0.4582,0.5418,0.4775,0.5647,11
401802451,NHL,2025-10-21 23:00:00+00:00,New York Islanders,San Jose Sharks,0.6582,0.3418,0.6867,0.3566,11
401802452,NHL,2025-10-21 23:00:00+00:00,Pittsburgh Penguins,Vancouver Canucks,0.498,0.502,0.5207,0.5248,11
401802453,NHL,2025-10-21 23:00:00+00:00,Washington Capitals,Seattle Kraken,0.7027,0.2973,0.7334,0.3102,11
401802454,NHL,2025-10-21 23:30:00+00:00,Boston Bruins,Florida Panthers,0.4127,0.5873,0.43,0.6119,11
401802456,NHL,2025-10-22 00:00:00+00:00,Nashville Predators,Anaheim Ducks,0.5571,0.4429,0.5811,0.4619,11
401802457,NHL,2025-10-22 00:00:00+00:00,Dallas Stars,Columbus Blue Jackets,0.6261,0.3739,0.6513,0.3889,11
401802458,NHL,2025-10-22 02:00:00+00:00,Utah Mammoth,Colorado Avalanche,0.4233,0.5767,0.4405,0.6002,11
401802459,NHL,2025-10-22 23:00:00+00:00,New Jersey Devils,Minnesota Wild,0.5333,0.4667,0.556,0.4866,11
401802460,NHL,2025-10-22 23:30:00+00:00,Buffalo Sabres,Detroit Red Wings,0.5114,0.4886,0.5346,0.5108,11
401802464,NHL,2025-10-23 22:45:00+00:00,Tampa Bay Lightning,Chicago Blackhawks,0.7281,0.2719,0.7592,0.2834,11
401802462,NHL,2025-10-23 23:00:00+00:00,Boston Bruins,Anaheim Ducks,0.5216,0.4784,0.545,0.4997,11
401802463,NHL,2025-10-23 23:00:00+00:00,Ottawa Senators,Philadelphia Flyers,0.5849,0.4151,0.6095,0.4325,11
401802465,NHL,2025-10-23 23:00:00+00:00,Florida Panthers,Pittsburgh Penguins,0.6339,0.3661,0.6596,0.3809,11
401802466,NHL,2025-10-23 23:00:00+00:00,New York Islanders,Detroit Red Wings,0.5491,0.4509,0.5727,0.4703,11
401802467,NHL,2025-10-23 23:00:00+00:00,New York Rangers,San Jose Sharks,0.7107,0.2893,0.7418,0.3019,11
401802469,NHL,2025-10-24 00:00:00+00:00,Nashville Predators,Vancouver Canucks,0.5183,0.4817,0.5417,0.5035,11
401802471,NHL,2025-10-24 00:00:00+00:00,Winnipeg Jets,Seattle Kraken,0.657,0.343,0.6847,0.3574,11
401802470,NHL,2025-10-24 01:00:00+00:00,Dallas Stars,Los Angeles Kings,0.5535,0.4465,0.5773,0.4658,11
401802472,NHL,2025-10-24 01:00:00+00:00,Colorado Avalanche,Carolina Hurricanes,0.5558,0.4442,0.5793,0.463,11
401802474,NHL,2025-10-24 23:00:00+00:00,Buffalo Sabres,Toronto Maple Leafs,0.4701,0.5299,0.4905,0.5528,11
401802475,NHL,2025-10-24 23:00:00+00:00,New Jersey Devils,San Jose Sharks,0.7589,0.2411,0.7903,0.2511,11
401802476,NHL,2025-10-24 23:00:00+00:00,Columbus Blue Jackets,Washington Capitals,0.4894,0.5106,0.5117,0.5338,11
401802477,NHL,2025-10-25 00:00:00+00:00,Winnipeg Jets,Calgary Flames,0.5528,0.4472,0.5766,0.4665,11
401802478,NHL,2025-10-25 16:30:00+00:00,Philadelphia Flyers,New York Islanders,0.5138,0.4862,0.5369,0.5082,11
401802479,NHL,2025-10-25 19:00:00+00:00,Boston Bruins,Colorado Avalanche,0.3514,0.6486,0.3659,0.6754,11
401802480,NHL,2025-10-25 21:00:00+00:00,Tampa Bay Lightning,Anaheim Ducks,0.6417,0.3583,0.6679,0.3729,11
401802483,NHL,2025-10-25 21:00:00+00:00,Toronto Maple Leafs,Buffalo Sabres,0.5644,0.4356,0.5884,0.454,11
401802481,NHL,2025-10-25 22:00:00+00:00,Florida Panthers,Vegas Golden Knights,0.4901,0.5099,0.5124,0.533,11
401802482,NHL,2025-10-25 22:00:00+00:00,Minnesota Wild,Utah Mammoth,0.519,0.481,0.5425,0.5028,11
401802485,NHL,2025-10-25 23:00:00+00:00,Pittsburgh Penguins,Columbus Blue Jackets,0.521,0.479,0.5441,0.5003,11
401802486,NHL,2025-10-25 23:00:00+00:00,Washington Capitals,Ottawa Senators,0.5378,0.4622,0.5608,0.4819,11
401802488,NHL,2025-10-26 00:00:00+00:00,Nashville Predators,Los Angeles Kings,0.433,0.567,0.4512,0.5908,11
401802489,NHL,2025-10-26 00:00:00+00:00,Dallas Stars,Carolina Hurricanes,0.5311,0.4689,0.5539,0.4889,11
401802490,NHL,2025-10-26 02:00:00+00:00,Seattle Kraken,Edmonton Oilers,0.3912,0.6088,0.4074,0.6341,11
401802491,NHL,2025-10-26 17:00:00+00:00,New Jersey Devils,Colorado Avalanche,0.5439,0.4561,0.567,0.4755,11
401802492,NHL,2025-10-26 21:00:00+00:00,Tampa Bay Lightning,Vegas Golden Knights,0.5524,0.4476,0.5763,0.467,11
401802493,NHL,2025-10-26 22:00:00+00:00,Minnesota Wild,San Jose Sharks,0.6419,0.3581,0.668,0.3727,11
401802494,NHL,2025-10-26 22:00:00+00:00,Winnipeg Jets,Utah Mammoth,0.5832,0.4168,0.6075,0.4342,11
401802495,NHL,2025-10-26 23:00:00+00:00,Chicago Blackhawks,Los Angeles Kings,0.4073,0.5927,0.4251,0.6184,11
401802496,NHL,2025-10-26 23:00:00+00:00,Nashville Predators,Dallas Stars,0.4236,0.5764,0.4414,0.6006,11
401802497,NHL,2025-10-27 00:00:00+00:00,Calgary Flames,New York Rangers,0.4667,0.5333,0.4864,0.5559,11
401802498,NHL,2025-10-27 02:00:00+00:00,Vancouver Canucks,Edmonton Oilers,0.4102,0.5898,0.4275,0.6146,11
401802500,NHL,2025-10-27 23:30:00+00:00,Ottawa Senators,Boston Bruins,0.6057,0.3943,0.6315,0.411,11
401802501,NHL,2025-10-28 22:00:00+00:00,Philadelphia Flyers,Pittsburgh Penguins,0.6119,0.3881,0.6377,0.4044,11
401802502,NHL,2025-10-28 22:00:00+00:00,Toronto Maple Leafs,Calgary Flames,0.5999,0.4001,0.6247,0.4167,11
401802506,NHL,2025-10-28 22:30:00+00:00,Carolina Hurricanes,Vegas Golden Knights,0.5793,0.4207,0.6028,0.4377,11
401802503,NHL,2025-10-28 22:45:00+00:00,Buffalo Sabres,Columbus Blue Jackets,0.5076,0.4924,0.5307,0.5148,11
401802504,NHL,2025-10-28 23:00:00+00:00,Florida Panthers,Anaheim Ducks,0.6216,0.3784,0.6471,0.3939,11
401802505,NHL,2025-10-28 23:15:00+00:00,Boston Bruins,New York Islanders,0.42,0.58,0.4374,0.6041,11
401802507,NHL,2025-10-28 23:45:00+00:00,Nashville Predators,Tampa Bay Lightning,0.3803,0.6197,0.3956,0.6445,11
401802508,NHL,2025-10-29 00:00:00+00:00,Minnesota Wild,Winnipeg Jets,0.4939,0.5061,0.5167,0.5294,11
401802511,NHL,2025-10-29 00:45:00+00:00,Chicago Blackhawks,Ottawa Senators,0.4399,0.5601,0.459,0.5845,11
401802510,NHL,2025-10-29 00:50:00+00:00,Dallas Stars,Washington Capitals,0.529,0.471,0.5517,0.4913,11
401802512,NHL,2025-10-29 01:00:00+00:00,Colorado Avalanche,New Jersey Devils,0.6095,0.3905,0.6351,0.407,11
401802513,NHL,2025-10-29 01:30:00+00:00,Edmonton Oilers,Utah Mammoth,0.573,0.427,0.5966,0.4445,11
401802514,NHL,2025-10-29 02:00:00+00:00,Vancouver Canucks,New York Rangers,0.4732,0.5268,0.4941,0.55,11
401802516,NHL,2025-10-29 03:00:00+00:00,San Jose Sharks,Los Angeles Kings,0.3402,0.6598,0.3547,0.688,11
401802517,NHL,2025-10-29 23:30:00+00:00,Columbus Blue Jackets,Toronto Maple Leafs,0.5309,0.4691,0.5539,0.4894,11
401802518,NHL,2025-10-30 23:00:00+00:00,Boston Bruins,Buffalo Sabres,0.4501,0.5499,0.4695,0.5736,11
401802519,NHL,2025-10-30 23:00:00+00:00,Ottawa Senators,Calgary Flames,0.6052,0.3948,0.6304,0.4113,11
401802520,NHL,2025-10-30 23:00:00+00:00,Tampa Bay Lightning,Dallas Stars,0.5784,0.4216,0.6025,0.4392,11
401802521,NHL,2025-10-30 23:00:00+00:00,Philadelphia Flyers,Nashville Predators,0.5799,0.4201,0.6038,0.4375,11
401802522,NHL,2025-10-30 23:30:00+00:00,Carolina Hurricanes,New York Islanders,0.6628,0.3372,0.6919,0.352,11
401802524,NHL,2025-10-31 00:00:00+00:00,Minnesota Wild,Pittsburgh Penguins,0.6046,0.3954,0.6297,0.4119,11
401802525,NHL,2025-10-31 00:00:00+00:00,Winnipeg Jets,Chicago Blackhawks,0.6454,0.3546,0.6725,0.3695,11
401802526,NHL,2025-10-31 01:00:00+00:00,Edmonton Oilers,New York Rangers,0.5865,0.4135,0.6109,0.4307,11
401802527,NHL,2025-10-31 02:00:00+00:00,San Jose Sharks,New Jersey Devils,0.3469,0.6531,0.3617,0.6808,11
401802528,NHL,2025-10-31 02:30:00+00:00,Los Angeles Kings,Detroit Red Wings,0.5793,0.4207,0.6031,0.438,11
401802529,NHL,2025-10-31 20:00:00+00:00,Vegas Golden Knights,Colorado Avalanche,0.4528,0.5472,0.4725,0.5709,11
401802530,NHL,2025-10-31 23:00:00+00:00,Washington Capitals,New York Islanders,0.6644,0.3356,0.692,0.3495,11
401802531,NHL,2025-11-01 02:00:00+00:00,Anaheim Ducks,Detroit Red Wings,0.541,0.459,0.5642,0.4786,11
401802532,NHL,2025-11-01 17:00:00+00:00,Boston Bruins,Carolina Hurricanes,0.3684,0.6316,0.3838,0.658,11
401802533,NHL,2025-11-01 19:00:00+00:00,Winnipeg Jets,Pittsburgh Penguins,0.6015,0.3985,0.6258,0.4147,11
401802534,NHL,2025-11-01 19:30:00+00:00,Nashville Predators,Calgary Flames,0.5211,0.4789,0.5447,0.5005,11
401802535,NHL,2025-11-01 20:00:00+00:00,San Jose Sharks,Colorado Avalanche,0.3209,0.6791,0.3339,0.7066,11
401802536,NHL,2025-11-01 22:00:00+00:00,Florida Panthers,Dallas Stars,0.562,0.438,0.5864,0.457,11
401802537,NHL,2025-11-01 23:00:00+00:00,Buffalo Sabres,Washington Capitals,0.5371,0.4629,0.5603,0.4829,11
401802539,NHL,2025-11-01 23:00:00+00:00,Philadelphia Flyers,Toronto Maple Leafs,0.4746,0.5254,0.4956,0.5487,11
401802541,NHL,2025-11-01 23:00:00+00:00,Minnesota Wild,Vancouver Canucks,0.6093,0.3907,0.6352,0.4072,11
401802542,NHL,2025-11-02 01:00:00+00:00,Los Angeles Kings,New Jersey Devils,0.5166,0.4834,0.5401,0.5055,11
401802543,NHL,2025-11-02 02:00:00+00:00,Edmonton Oilers,Chicago Blackhawks,0.7141,0.2859,0.7448,0.2982,11
401802544,NHL,2025-11-02 02:00:00+00:00,Seattle Kraken,New York Rangers,0.4434,0.5566,0.462,0.58,11
401802545,NHL,2025-11-02 20:30:00+00:00,Utah Mammoth,Tampa Bay Lightning,0.5014,0.4986,0.5246,0.5216,11
401802546,NHL,2025-11-02 22:00:00+00:00,New York Islanders,Columbus Blue Jackets,0.5317,0.4683,0.5547,0.4886,11
401802547,NHL,2025-11-03 00:00:00+00:00,Philadelphia Flyers,Calgary Flames,0.5261,0.4739,0.5492,0.4947,11
401802548,NHL,2025-11-03 01:00:00+00:00,Anaheim Ducks,New Jersey Devils,0.4713,0.5287,0.4921,0.5521,11
401802549,NHL,2025-11-03 01:00:00+00:00,San Jose Sharks,Detroit Red Wings,0.3641,0.6359,0.3788,0.6615,11
401802550,NHL,2025-11-04 00:30:00+00:00,Toronto Maple Leafs,Pittsburgh Penguins,0.622,0.378,0.6483,0.394,11
401802552,NHL,2025-11-04 01:30:00+00:00,Nashville Predators,Vancouver Canucks,0.5087,0.4913,0.532,0.5138,11
401802553,NHL,2025-11-04 03:00:00+00:00,Seattle Kraken,Chicago Blackhawks,0.5825,0.4175,0.6065,0.4347,11
401802554,NHL,2025-11-05 00:00:00+00:00,Buffalo Sabres,Utah Mammoth,0.4482,0.5518,0.4674,0.5755,11
401802556,NHL,2025-11-05 00:00:00+00:00,New York Islanders,Boston Bruins,0.6037,0.3963,0.629,0.413,11
401802557,NHL,2025-11-05 00:00:00+00:00,New York Rangers,Carolina Hurricanes,0.491,0.509,0.5134,0.5322,11
401802558,NHL,2025-11-05 01:00:00+00:00,Dallas Stars,Edmonton Oilers,0.5275,0.4725,0.5504,0.4929,11
401802559,NHL,2025-11-05 01:00:00+00:00,Minnesota Wild,Nashville Predators,0.6622,0.3378,0.6906,0.3523,11
401802560,NHL,2025-11-05 02:30:00+00:00,Colorado Avalanche,Tampa Bay Lightning,0.5714,0.4286,0.5956,0.4467,11
401802561,NHL,2025-11-05 03:00:00+00:00,Vegas Golden Knights,Detroit Red Wings,0.6324,0.3676,0.6587,0.3829,11
401802562,NHL,2025-11-05 03:00:00+00:00,Anaheim Ducks,Florida Panthers,0.4066,0.5934,0.4238,0.6184,11
401802563,NHL,2025-11-05 03:30:00+00:00,Los Angeles Kings,Winnipeg Jets,0.5544,0.4456,0.5778,0.4645,11
401802564,NHL,2025-11-06 00:00:00+00:00,Toronto Maple Leafs,Utah Mammoth,0.5802,0.4198,0.6045,0.4373,11
401802566,NHL,2025-11-06 02:30:00+00:00,Calgary Flames,Columbus Blue Jackets,0.5253,0.4747,0.5484,0.4956,11
401802567,NHL,2025-11-06 03:00:00+00:00,Vancouver Canucks,Chicago Blackhawks,0.5785,0.4215,0.6022,0.4388,11
401802568,NHL,2025-11-06 03:00:00+00:00,Seattle Kraken,San Jose Sharks,0.6061,0.3939,0.6312,0.4101,11
401802569,NHL,2025-11-07 00:00:00+00:00,Boston Bruins,Ottawa Senators,0.4096,0.5904,0.4269,0.6153,11
401802573,NHL,2025-11-07 00:00:00+00:00,Carolina Hurricanes,Minnesota Wild,0.6383,0.3617,0.6639,0.3761,11
401802572,NHL,2025-11-07 00:30:00+00:00,Pittsburgh Penguins,Washington Capitals,0.4905,0.5095,0.513,0.5329,11
401802574,NHL,2025-11-07 01:00:00+00:00,Nashville Predators,Philadelphia Flyers,0.5404,0.4596,0.5636,0.4792,11
401802575,NHL,2025-11-07 01:00:00+00:00,Dallas Stars,Anaheim Ducks,0.6198,0.3802,0.6456,0.3961,11
401802576,NHL,2025-11-07 03:00:00+00:00,Vegas Golden Knights,Tampa Bay Lightning,0.5275,0.4725,0.5501,0.4928,11
401802577,NHL,2025-11-07 03:00:00+00:00,Los Angeles Kings,Florida Panthers,0.5014,0.4986,0.5244,0.5214,11
401802578,NHL,2025-11-08 00:00:00+00:00,Detroit Red Wings,New York Rangers,0.527,0.473,0.5501,0.4936,11
401802579,NHL,2025-11-08 00:00:00+00:00,New York Islanders,Minnesota Wild,0.5896,0.4104,0.6146,0.4278,11
401802580,NHL,2025-11-08 02:00:00+00:00,Calgary Flames,Chicago Blackhawks,0.579,0.421,0.6033,0.4388,11
401802581,NHL,2025-11-08 03:00:00+00:00,San Jose Sharks,Winnipeg Jets,0.3654,0.6346,0.3802,0.6603,11
401802582,NHL,2025-11-08 17:30:00+00:00,New Jersey Devils,Pittsburgh Penguins,0.6259,0.3741,0.6514,0.3893,11
401802583,NHL,2025-11-08 18:00:00+00:00,Philadelphia Flyers,Ottawa Senators,0.4701,0.5299,0.4904,0.5528,11
401802584,NHL,2025-11-08 20:30:00+00:00,Nashville Predators,Dallas Stars,0.4211,0.5789,0.4388,0.6031,11
401802585,NHL,2025-11-09 00:00:00+00:00,Toronto Maple Leafs,Boston Bruins,0.6491,0.3509,0.6758,0.3653,11
401802587,NHL,2025-11-09 00:00:00+00:00,Tampa Bay Lightning,Washington Capitals,0.575,0.425,0.5985,0.4424,11
401802588,NHL,2025-11-09 00:00:00+00:00,New York Rangers,New York Islanders,0.5867,0.4133,0.6118,0.431,11
401802589,NHL,2025-11-09 00:00:00+00:00,Carolina Hurricanes,Buffalo Sabres,0.6865,0.3135,0.7154,0.3267,11
401802591,NHL,2025-11-09 03:00:00+00:00,Edmonton Oilers,Colorado Avalanche,0.4671,0.5329,0.4872,0.5559,11
401802592,NHL,2025-11-09 03:00:00+00:00,Vancouver Canucks,Columbus Blue Jackets,0.511,0.489,0.5342,0.5113,11
401802593,NHL,2025-11-09 03:00:00+00:00,Vegas Golden Knights,Anaheim Ducks,0.6597,0.3403,0.688,0.355,11
401802594,NHL,2025-11-09 03:00:00+00:00,San Jose Sharks,Florida Panthers,0.3102,0.6898,0.3233,0.7191,11
401802595,NHL,2025-11-09 18:00:00+00:00,Detroit Red Wings,Chicago Blackhawks,0.6255,0.3745,0.6513,0.39,11
401802596,NHL,2025-11-09 19:00:00+00:00,Pittsburgh Penguins,Los Angeles Kings,0.4051,0.5949,0.4221,0.6198,11
401802597,NHL,2025-11-10 00:00:00+00:00,Toronto Maple Leafs,Carolina Hurricanes,0.4535,0.5465,0.4724,0.5694,11
401802598,NHL,2025-11-10 00:00:00+00:00,Ottawa Senators,Utah Mammoth,0.4889,0.5111,0.5111,0.5343,11
401802599,NHL,2025-11-10 00:00:00+00:00,Dallas Stars,Seattle Kraken,0.641,0.359,0.6673,0.3737,11
401802600,NHL,2025-11-10 01:00:00+00:00,Minnesota Wild,Calgary Flames,0.5747,0.4253,0.599,0.4432,11
401802601,NHL,2025-11-10 03:00:00+00:00,Vancouver Canucks,Colorado Avalanche,0.3475,0.6525,0.3622,0.6799,11
401802602,NHL,2025-11-10 03:00:00+00:00,Anaheim Ducks,Winnipeg Jets,0.449,0.551,0.4683,0.5748,11
401802603,NHL,2025-11-11 00:00:00+00:00,New Jersey Devils,New York Islanders,0.5637,0.4363,0.5878,0.4549,11
401802604,NHL,2025-11-11 00:00:00+00:00,New York Rangers,Nashville Predators,0.6354,0.3646,0.6615,0.3796,11
401802605,NHL,2025-11-11 01:30:00+00:00,Edmonton Oilers,Columbus Blue Jackets,0.6174,0.3826,0.643,0.3985,11
401802606,NHL,2025-11-11 03:00:00+00:00,Vegas Golden Knights,Florida Panthers,0.5461,0.4539,0.5692,0.4731,11
401802607,NHL,2025-11-12 00:00:00+00:00,Boston Bruins,Toronto Maple Leafs,0.4433,0.5567,0.4624,0.5806,11
401802609,NHL,2025-11-12 00:00:00+00:00,Ottawa Senators,Dallas Stars,0.5287,0.4713,0.552,0.4921,11
401802610,NHL,2025-11-12 00:00:00+00:00,Carolina Hurricanes,Washington Capitals,0.5787,0.4213,0.6033,0.4392,11
401802612,NHL,2025-11-12 01:00:00+00:00,Minnesota Wild,San Jose Sharks,0.6384,0.3616,0.6648,0.3765,11
401802613,NHL,2025-11-12 02:30:00+00:00,Colorado Avalanche,Anaheim Ducks,0.6883,0.3117,0.7167,0.3245,11
401802614,NHL,2025-11-12 03:00:00+00:00,Vancouver Canucks,Winnipeg Jets,0.4679,0.5321,0.4881,0.5551,11
401802615,NHL,2025-11-12 03:00:00+00:00,Seattle Kraken,Columbus Blue Jackets,0.526,0.474,0.5492,0.4949,11
401802616,NHL,2025-11-13 00:00:00+00:00,Tampa Bay Lightning,New York Rangers,0.5321,0.4679,0.5549,0.4879,11
401802617,NHL,2025-11-13 00:30:00+00:00,Philadelphia Flyers,Edmonton Oilers,0.4557,0.5443,0.4749,0.5672,11
401802618,NHL,2025-11-13 02:00:00+00:00,Utah Mammoth,Buffalo Sabres,0.646,0.354,0.6729,0.3687,11
401802619,NHL,2025-11-13 02:30:00+00:00,Chicago Blackhawks,New Jersey Devils,0.4231,0.5769,0.4408,0.601,11
401802620,NHL,2025-11-14 00:00:00+00:00,Toronto Maple Leafs,Los Angeles Kings,0.4472,0.5528,0.4663,0.5763,11
401802622,NHL,2025-11-14 00:00:00+00:00,Ottawa Senators,Boston Bruins,0.5888,0.4112,0.6139,0.4287,11
401802623,NHL,2025-11-14 00:00:00+00:00,Detroit Red Wings,Anaheim Ducks,0.5514,0.4486,0.5742,0.4671,11
401802624,NHL,2025-11-14 00:00:00+00:00,Florida Panthers,Washington Capitals,0.5253,0.4747,0.5484,0.4957,11
401802625,NHL,2025-11-14 00:30:00+00:00,Columbus Blue Jackets,Edmonton Oilers,0.5425,0.4575,0.5657,0.4771,11
401802626,NHL,2025-11-14 02:00:00+00:00,Colorado Avalanche,Buffalo Sabres,0.7692,0.2308,0.803,0.2409,11
401802627,NHL,2025-11-14 02:00:00+00:00,Calgary Flames,San Jose Sharks,0.5973,0.4027,0.6222,0.4195,11
401802628,NHL,2025-11-14 03:00:00+00:00,Vegas Golden Knights,New York Islanders,0.6292,0.3708,0.6547,0.3859,11
401802629,NHL,2025-11-14 03:00:00+00:00,Seattle Kraken,Winnipeg Jets,0.4215,0.5785,0.4385,0.6018,11
401802630,NHL,2025-11-14 19:00:00+00:00,Nashville Predators,Pittsburgh Penguins,0.4566,0.5434,0.4763,0.5668,11
401802631,NHL,2025-11-15 00:00:00+00:00,Carolina Hurricanes,Vancouver Canucks,0.7164,0.2836,0.7468,0.2957,11
401802633,NHL,2025-11-15 02:00:00+00:00,Utah Mammoth,New York Islanders,0.6592,0.3408,0.6871,0.3552,11
401802634,NHL,2025-11-15 22:00:00+00:00,Florida Panthers,Tampa Bay Lightning,0.5696,0.4304,0.5928,0.448,11
401802635,NHL,2025-11-15 23:00:00+00:00,Minnesota Wild,Anaheim Ducks,0.5248,0.4752,0.548,0.4961,11
401802637,NHL,2025-11-16 00:00:00+00:00,Ottawa Senators,Los Angeles Kings,0.5032,0.4968,0.5264,0.5197,11
401802638,NHL,2025-11-16 00:00:00+00:00,Detroit Red Wings,Buffalo Sabres,0.6013,0.3987,0.6265,0.4154,11
401802639,NHL,2025-11-16 00:00:00+00:00,Washington Capitals,New Jersey Devils,0.573,0.427,0.5967,0.4446,11
401802640,NHL,2025-11-16 00:00:00+00:00,Carolina Hurricanes,Edmonton Oilers,0.5354,0.4646,0.5587,0.4848,11
401802641,NHL,2025-11-16 00:00:00+00:00,Columbus Blue Jackets,New York Rangers,0.4815,0.5185,0.503,0.5417,11
401802642,NHL,2025-11-16 00:00:00+00:00,Chicago Blackhawks,Toronto Maple Leafs,0.4679,0.5321,0.4878,0.5548,11
401802644,NHL,2025-11-16 01:00:00+00:00,Dallas Stars,Philadelphia Flyers,0.6458,0.3542,0.6724,0.3688,11
401802645,NHL,2025-11-16 03:00:00+00:00,Calgary Flames,Winnipeg Jets,0.4536,0.5464,0.4728,0.5695,11
401802646,NHL,2025-11-16 03:00:00+00:00,Seattle Kraken,San Jose Sharks,0.5749,0.4251,0.599,0.4429,11
401802647,NHL,2025-11-16 14:00:00+00:00,Pittsburgh Penguins,Nashville Predators,0.5467,0.4533,0.5699,0.4725,10
401802648,NHL,2025-11-16 22:00:00+00:00,Tampa Bay Lightning,Vancouver Canucks,0.5879,0.4121,0.6126,0.4294,11
401802649,NHL,2025-11-16 23:00:00+00:00,Minnesota Wild,Vegas Golden Knights,0.4599,0.5401,0.4792,0.5627,11
401802650,NHL,2025-11-17 00:00:00+00:00,New York Rangers,Detroit Red Wings,0.5542,0.4458,0.5779,0.4648,11
401802651,NHL,2025-11-17 02:00:00+00:00,Colorado Avalanche,New York Islanders,0.687,0.313,0.7158,0.3261,11
401802652,NHL,2025-11-18 00:00:00+00:00,Boston Bruins,Carolina Hurricanes,0.3543,0.6457,0.3686,0.6716,11
401802653,NHL,2025-11-18 00:00:00+00:00,Buffalo Sabres,Edmonton Oilers,0.4164,0.5836,0.4338,0.6081,10
401802654,NHL,2025-11-18 00:00:00+00:00,Florida Panthers,Vancouver Canucks,0.7026,0.2974,0.7334,0.3105,11
401802655,NHL,2025-11-18 00:00:00+00:00,Washington Capitals,Los Angeles Kings,0.5124,0.4876,0.5356,0.5096,11
401802657,NHL,2025-11-18 03:00:00+00:00,Anaheim Ducks,Utah Mammoth,0.4689,0.5311,0.4892,0.5542,11
401802659,NHL,2025-11-19 00:00:00+00:00,Detroit Red Wings,Seattle Kraken,0.6015,0.3985,0.6262,0.4149,11
401802660,NHL,2025-11-19 00:00:00+00:00,Tampa Bay Lightning,New Jersey Devils,0.5917,0.4083,0.6163,0.4252,11
401802661,NHL,2025-11-19 01:00:00+00:00,Dallas Stars,New York Islanders,0.6181,0.3819,0.6441,0.3979,11
401802662,NHL,2025-11-19 01:00:00+00:00,Winnipeg Jets,Columbus Blue Jackets,0.6079,0.3921,0.6331,0.4083,11
401802663,NHL,2025-11-19 01:30:00+00:00,Chicago Blackhawks,Calgary Flames,0.4774,0.5226,0.4988,0.5459,11
401802664,NHL,2025-11-19 03:00:00+00:00,Vegas Golden Knights,New York Rangers,0.5516,0.4484,0.5742,0.4668,11
401802665,NHL,2025-11-19 03:00:00+00:00,San Jose Sharks,Utah Mammoth,0.4478,0.5522,0.4668,0.5757,11
401802666,NHL,2025-11-20 00:00:00+00:00,Washington Capitals,Edmonton Oilers,0.5251,0.4749,0.5482,0.4958,11
401802667,NHL,2025-11-20 00:30:00+00:00,Buffalo Sabres,Calgary Flames,0.5844,0.4156,0.6085,0.4327,11
401802668,NHL,2025-11-20 02:30:00+00:00,Minnesota Wild,Carolina Hurricanes,0.386,0.614,0.4016,0.6388,11
401802669,NHL,2025-11-20 03:00:00+00:00,Anaheim Ducks,Boston Bruins,0.6166,0.3834,0.6419,0.399,11
401802670,NHL,2025-11-21 00:00:00+00:00,Toronto Maple Leafs,Columbus Blue Jackets,0.4846,0.5154,0.5066,0.5388,11
401802672,NHL,2025-11-21 00:00:00+00:00,Detroit Red Wings,New York Islanders,0.5351,0.4649,0.5576,0.4845,11
401802674,NHL,2025-11-21 00:00:00+00:00,Florida Panthers,New Jersey Devils,0.5753,0.4247,0.5985,0.4418,11
401802673,NHL,2025-11-21 00:30:00+00:00,Tampa Bay Lightning,Edmonton Oilers,0.6029,0.3971,0.6279,0.4136,11
401802676,NHL,2025-11-21 01:00:00+00:00,Chicago Blackhawks,Seattle Kraken,0.5122,0.4878,0.5359,0.5103,11
401802677,NHL,2025-11-21 02:00:00+00:00,Colorado Avalanche,New York Rangers,0.6319,0.3681,0.6577,0.3831,11
401802678,NHL,2025-11-21 02:00:00+00:00,Utah Mammoth,Vegas Golden Knights,0.4886,0.5114,0.5107,0.5346,11
401802679,NHL,2025-11-21 03:00:00+00:00,Vancouver Canucks,Dallas Stars,0.4323,0.5677,0.4503,0.5914,11
401802680,NHL,2025-11-21 03:00:00+00:00,Anaheim Ducks,Ottawa Senators,0.4369,0.5631,0.4555,0.5872,11
401802681,NHL,2025-11-21 03:00:00+00:00,San Jose Sharks,Los Angeles Kings,0.3965,0.6035,0.4132,0.6288,11
401802682,NHL,2025-11-22 00:00:00+00:00,Buffalo Sabres,Chicago Blackhawks,0.6144,0.3856,0.64,0.4017,11
401802683,NHL,2025-11-22 00:00:00+00:00,Pittsburgh Penguins,Minnesota Wild,0.5271,0.4729,0.5504,0.4938,11
401802684,NHL,2025-11-22 01:00:00+00:00,Winnipeg Jets,Carolina Hurricanes,0.4033,0.5967,0.4199,0.6212,11
401802685,NHL,2025-11-22 03:30:00+00:00,Los Angeles Kings,Boston Bruins,0.6268,0.3732,0.6518,0.388,11
401802686,NHL,2025-11-22 18:00:00+00:00,Detroit Red Wings,Columbus Blue Jackets,0.5359,0.4641,0.5594,0.4844,11
401802689,NHL,2025-11-23 00:00:00+00:00,Florida Panthers,Edmonton Oilers,0.5384,0.4616,0.5617,0.4816,11
401802690,NHL,2025-11-23 00:00:00+00:00,Philadelphia Flyers,New Jersey Devils,0.4921,0.5079,0.5146,0.5312,11
401802691,NHL,2025-11-23 00:00:00+00:00,Pittsburgh Penguins,Seattle Kraken,0.5341,0.4659,0.557,0.4859,11
401802692,NHL,2025-11-23 00:00:00+00:00,Washington Capitals,Tampa Bay Lightning,0.5304,0.4696,0.5531,0.4898,11
401802693,NHL,2025-11-23 00:00:00+00:00,San Jose Sharks,Ottawa Senators,0.4024,0.5976,0.4196,0.623,11
401802694,NHL,2025-11-23 01:00:00+00:00,Nashville Predators,Colorado Avalanche,0.3371,0.6629,0.3512,0.6907,11
401802695,NHL,2025-11-23 02:00:00+00:00,Utah Mammoth,New York Rangers,0.5499,0.4501,0.573,0.469,11
401802696,NHL,2025-11-23 03:00:00+00:00,Calgary Flames,Dallas Stars,0.4345,0.5655,0.4529,0.5896,11
401802697,NHL,2025-11-23 03:00:00+00:00,Anaheim Ducks,Vegas Golden Knights,0.41,0.59,0.4273,0.6149,11
401802698,NHL,2025-11-23 18:00:00+00:00,Buffalo Sabres,Carolina Hurricanes,0.3664,0.6336,0.3818,0.6603,11
401802699,NHL,2025-11-23 21:00:00+00:00,Winnipeg Jets,Minnesota Wild,0.554,0.446,0.5781,0.4655,11
401802700,NHL,2025-11-23 22:00:00+00:00,New York Islanders,Seattle Kraken,0.5858,0.4142,0.6109,0.4319,11
401802701,NHL,2025-11-24 00:00:00+00:00,Chicago Blackhawks,Colorado Avalanche,0.3403,0.6597,0.3547,0.6876,11
401802702,NHL,2025-11-24 01:00:00+00:00,San Jose Sharks,Boston Bruins,0.4524,0.5476,0.4717,0.5709,11
401802703,NHL,2025-11-24 02:00:00+00:00,Vancouver Canucks,Calgary Flames,0.5556,0.4444,0.579,0.4631,11
401802704,NHL,2025-11-25 00:00:00+00:00,Tampa Bay Lightning,Philadelphia Flyers,0.6161,0.3839,0.6414,0.3997,11
401802705,NHL,2025-11-25 00:00:00+00:00,New Jersey Devils,Detroit Red Wings,0.5504,0.4496,0.5734,0.4684,11
401802707,NHL,2025-11-25 00:00:00+00:00,Washington Capitals,Columbus Blue Jackets,0.6083,0.3917,0.6337,0.408,11
401802708,NHL,2025-11-25 01:00:00+00:00,Nashville Predators,Florida Panthers,0.4513,0.5487,0.4699,0.5712,11
401802709,NHL,2025-11-25 02:00:00+00:00,Utah Mammoth,Vegas Golden Knights,0.4953,0.5047,0.518,0.5277,11
401802710,NHL,2025-11-25 02:00:00+00:00,Los Angeles Kings,Ottawa Senators,0.5985,0.4015,0.6233,0.4182,11
401802711,NHL,2025-11-26 02:00:00+00:00,Edmonton Oilers,Dallas Stars,0.5517,0.4483,0.5748,0.4671,11
401802712,NHL,2025-11-27 00:00:00+00:00,Detroit Red Wings,Nashville Predators,0.5893,0.4107,0.6142,0.4281,11
401802713,NHL,2025-11-27 00:00:00+00:00,Tampa Bay Lightning,Calgary Flames,0.6122,0.3878,0.6371,0.4037,11
401802714,NHL,2025-11-27 00:00:00+00:00,Florida Panthers,Philadelphia Flyers,0.62,0.38,0.646,0.3959,11
401802716,NHL,2025-11-27 00:00:00+00:00,New York Islanders,Boston Bruins,0.593,0.407,0.6184,0.4243,11
401802717,NHL,2025-11-27 00:00:00+00:00,Pittsburgh Penguins,Buffalo Sabres,0.5195,0.4805,0.5428,0.5022,11
401802718,NHL,2025-11-27 00:00:00+00:00,Washington Capitals,Winnipeg Jets,0.5743,0.4257,0.5979,0.4432,11
401802719,NHL,2025-11-27 00:00:00+00:00,Carolina Hurricanes,New York Rangers,0.6328,0.3672,0.6591,0.3824,11
401802720,NHL,2025-11-27 00:00:00+00:00,Columbus Blue Jackets,Toronto Maple Leafs,0.4997,0.5003,0.5227,0.5232,11
401802721,NHL,2025-11-27 01:30:00+00:00,Chicago Blackhawks,Minnesota Wild,0.4541,0.5459,0.473,0.5685,11
401802722,NHL,2025-11-27 02:00:00+00:00,Colorado Avalanche,San Jose Sharks,0.7627,0.2373,0.7954,0.2475,11
401802724,NHL,2025-11-27 03:00:00+00:00,Vegas Golden Knights,Ottawa Senators,0.6198,0.3802,0.6453,0.3959,11
401802725,NHL,2025-11-27 03:00:00+00:00,Anaheim Ducks,Vancouver Canucks,0.5794,0.4206,0.6038,0.4383,11
401802726,NHL,2025-11-27 03:00:00+00:00,Seattle Kraken,Dallas Stars,0.4555,0.5445,0.4751,0.5679,11
401802728,NHL,2025-11-28 17:00:00+00:00,Detroit Red Wings,Tampa Bay Lightning,0.4621,0.5379,0.4817,0.5608,11
401802727,NHL,2025-11-28 18:00:00+00:00,Boston Bruins,New York Rangers,0.3901,0.6099,0.4063,0.6353,11
401802729,NHL,2025-11-28 20:30:00+00:00,Minnesota Wild,Colorado Avalanche,0.372,0.628,0.3877,0.6544,11
401802730,NHL,2025-11-28 21:00:00+00:00,Buffalo Sabres,New Jersey Devils,0.5057,0.4943,0.5289,0.5171,11
401802731,NHL,2025-11-28 21:00:00+00:00,Florida Panthers,Calgary Flames,0.6214,0.3786,0.6467,0.394,11
401802732,NHL,2025-11-28 21:00:00+00:00,New York Islanders,Philadelphia Flyers,0.5717,0.4283,0.5956,0.4462,11
401802735,NHL,2025-11-28 21:00:00+00:00,Anaheim Ducks,Los Angeles Kings,0.4464,0.5536,0.4656,0.5775,11
401802736,NHL,2025-11-28 21:00:00+00:00,San Jose Sharks,Vancouver Canucks,0.4838,0.5162,0.5056,0.5395,11
401802737,NHL,2025-11-28 22:00:00+00:00,Washington Capitals,Toronto Maple Leafs,0.6019,0.3981,0.6272,0.4148,11
401802738,NHL,2025-11-28 22:00:00+00:00,Carolina Hurricanes,Winnipeg Jets,0.6464,0.3536,0.6733,0.3683,11
401802739,NHL,2025-11-29 00:00:00+00:00,Columbus Blue Jackets,Pittsburgh Penguins,0.5541,0.4459,0.5775,0.4648,11
401802740,NHL,2025-11-29 01:00:00+00:00,Chicago Blackhawks,Nashville Predators,0.4772,0.5228,0.4984,0.546,11
401802741,NHL,2025-11-29 01:00:00+00:00,Dallas Stars,Utah Mammoth,0.5477,0.4523,0.5712,0.4718,11
401802742,NHL,2025-11-29 19:00:00+00:00,New York Rangers,Tampa Bay Lightning,0.5384,0.4616,0.561,0.4809,11
401802744,NHL,2025-11-29 21:00:00+00:00,Seattle Kraken,Edmonton Oilers,0.4202,0.5798,0.4376,0.6039,11
401802745,NHL,2025-11-30 00:00:00+00:00,Boston Bruins,Detroit Red Wings,0.4172,0.5828,0.4344,0.6068,11
401802746,NHL,2025-11-30 00:00:00+00:00,New Jersey Devils,Philadelphia Flyers,0.5633,0.4367,0.5877,0.4556,11
401802747,NHL,2025-11-30 00:00:00+00:00,Pittsburgh Penguins,Toronto Maple Leafs,0.5046,0.4954,0.5277,0.5181,11
401802748,NHL,2025-11-30 00:00:00+00:00,Nashville Predators,Winnipeg Jets,0.465,0.535,0.4849,0.5578,11
401802750,NHL,2025-11-30 01:00:00+00:00,Minnesota Wild,Buffalo Sabres,0.5664,0.4336,0.5905,0.4521,11
401802751,NHL,2025-11-30 03:00:00+00:00,Vegas Golden Knights,San Jose Sharks,0.7385,0.2615,0.7709,0.273,11
401802752,NHL,2025-11-30 03:00:00+00:00,Los Angeles Kings,Vancouver Canucks,0.6077,0.3923,0.6326,0.4084,11
401802753,NHL,2025-11-30 18:00:00+00:00,New York Islanders,Washington Capitals,0.4594,0.5406,0.4792,0.5641,10
401802754,NHL,2025-11-30 20:30:00+00:00,Chicago Blackhawks,Anaheim Ducks,0.4761,0.5239,0.4969,0.5468,11
401802755,NHL,2025-11-30 22:00:00+00:00,Carolina Hurricanes,Calgary Flames,0.6907,0.3093,0.7195,0.3222,11
401802756,NHL,2025-11-30 23:00:00+00:00,Dallas Stars,Ottawa Senators,0.5533,0.4467,0.577,0.4657,11
401802757,NHL,2025-12-02 00:00:00+00:00,New Jersey Devils,Columbus Blue Jackets,0.5698,0.4302,0.5937,0.4483,11
401802758,NHL,2025-12-02 00:00:00+00:00,Philadelphia Flyers,Pittsburgh Penguins,0.5495,0.4505,0.573,0.4697,11
401802759,NHL,2025-12-02 00:30:00+00:00,Buffalo Sabres,Winnipeg Jets,0.5101,0.4899,0.5335,0.5124,11
401802761,NHL,2025-12-02 03:00:00+00:00,San Jose Sharks,Utah Mammoth,0.3809,0.6191,0.3964,0.6441,11
401802763,NHL,2025-12-03 00:00:00+00:00,Detroit Red Wings,Boston Bruins,0.628,0.372,0.6544,0.3876,11
401802765,NHL,2025-12-03 00:00:00+00:00,New York Islanders,Tampa Bay Lightning,0.4751,0.5249,0.4963,0.5483,11
401802766,NHL,2025-12-03 00:00:00+00:00,New York Rangers,Dallas Stars,0.4657,0.5343,0.4855,0.557,11
401802764,NHL,2025-12-03 00:30:00+00:00,Florida Panthers,Toronto Maple Leafs,0.5972,0.4028,0.6219,0.4195,11
401802767,NHL,2025-12-03 01:00:00+00:00,Nashville Predators,Calgary Flames,0.5207,0.4793,0.5438,0.5005,11
401802768,NHL,2025-12-03 02:00:00+00:00,Colorado Avalanche,Vancouver Canucks,0.7482,0.2518,0.7802,0.2625,11
401802769,NHL,2025-12-03 02:00:00+00:00,Edmonton Oilers,Minnesota Wild,0.5697,0.4303,0.5933,0.4481,11
401802770,NHL,2025-12-03 03:00:00+00:00,Vegas Golden Knights,Chicago Blackhawks,0.7061,0.2939,0.7363,0.3065,11
401802771,NHL,2025-12-03 03:30:00+00:00,Los Angeles Kings,Washington Capitals,0.5231,0.4769,0.5465,0.4982,11
401802772,NHL,2025-12-04 00:00:00+00:00,New Jersey Devils,Dallas Stars,0.5154,0.4846,0.5387,0.5065,11
401802774,NHL,2025-12-04 00:30:00+00:00,Philadelphia Flyers,Buffalo Sabres,0.4519,0.5481,0.4704,0.5706,11
401802775,NHL,2025-12-04 03:00:00+00:00,Anaheim Ducks,Utah Mammoth,0.4991,0.5009,0.5219,0.5238,11
401802776,NHL,2025-12-04 03:00:00+00:00,San Jose Sharks,Washington Capitals,0.427,0.573,0.4447,0.5966,11
401802778,NHL,2025-12-05 00:00:00+00:00,Ottawa Senators,New York Rangers,0.5389,0.4611,0.5624,0.4813,11
401802779,NHL,2025-12-05 00:00:00+00:00,Tampa Bay Lightning,Pittsburgh Penguins,0.5865,0.4135,0.6105,0.4304,11
401802780,NHL,2025-12-05 00:00:00+00:00,Florida Panthers,Nashville Predators,0.6232,0.3768,0.6487,0.3922,11
401802781,NHL,2025-12-05 00:00:00+00:00,New York Islanders,Colorado Avalanche,0.3812,0.6188,0.3971,0.6446,11
401802782,NHL,2025-12-05 00:00:00+00:00,Carolina Hurricanes,Toronto Maple Leafs,0.6383,0.3617,0.6648,0.3767,11
401802783,NHL,2025-12-05 00:30:00+00:00,Columbus Blue Jackets,Detroit Red Wings,0.5241,0.4759,0.5473,0.4969,11
401802784,NHL,2025-12-05 02:00:00+00:00,Calgary Flames,Minnesota Wild,0.4765,0.5235,0.4975,0.5466,11
401802785,NHL,2025-12-05 02:00:00+00:00,Edmonton Oilers,Seattle Kraken,0.6449,0.3551,0.6717,0.3698,11
401802786,NHL,2025-12-05 03:00:00+00:00,Los Angeles Kings,Chicago Blackhawks,0.6442,0.3558,0.6705,0.3703,11
401802787,NHL,2025-12-06 00:00:00+00:00,New Jersey Devils,Vegas Golden Knights,0.4439,0.5561,0.4629,0.5799,11
401802788,NHL,2025-12-06 00:00:00+00:00,Winnipeg Jets,Buffalo Sabres,0.5314,0.4686,0.5542,0.4887,11
401802789,NHL,2025-12-06 01:00:00+00:00,Dallas Stars,San Jose Sharks,0.7072,0.2928,0.7363,0.3049,11
401802790,NHL,2025-12-06 02:00:00+00:00,Vancouver Canucks,Utah Mammoth,0.4443,0.5557,0.4628,0.579,11
401802791,NHL,2025-12-06 03:00:00+00:00,Anaheim Ducks,Washington Capitals,0.449,0.551,0.4679,0.5741,11
401802792,NHL,2025-12-06 17:30:00+00:00,New York Rangers,Colorado Avalanche,0.3897,0.6103,0.4058,0.6355,11
401802793,NHL,2025-12-06 20:30:00+00:00,Florida Panthers,Columbus Blue Jackets,0.592,0.408,0.6169,0.4251,10
401802794,NHL,2025-12-07 00:00:00+00:00,Boston Bruins,New Jersey Devils,0.4775,0.5225,0.4987,0.5458,11
401802797,NHL,2025-12-07 00:00:00+00:00,Tampa Bay Lightning,New York Islanders,0.5651,0.4349,0.5889,0.4533,11
401802798,NHL,2025-12-07 00:00:00+00:00,Carolina Hurricanes,Nashville Predators,0.6684,0.3316,0.6968,0.3456,11
401802799,NHL,2025-12-07 00:00:00+00:00,Calgary Flames,Utah Mammoth,0.5534,0.4466,0.5769,0.4656,11
401802800,NHL,2025-12-07 02:00:00+00:00,Los Angeles Kings,Chicago Blackhawks,0.6332,0.3668,0.6595,0.3821,11
401802801,NHL,2025-12-07 03:00:00+00:00,Edmonton Oilers,Winnipeg Jets,0.6245,0.3755,0.6498,0.3907,11
401802802,NHL,2025-12-07 03:00:00+00:00,Vancouver Canucks,Minnesota Wild,0.4092,0.5908,0.4266,0.616,11
401802803,NHL,2025-12-07 03:00:00+00:00,Seattle Kraken,Detroit Red Wings,0.4779,0.5221,0.4992,0.5455,11
401802804,NHL,2025-12-07 18:00:00+00:00,Philadelphia Flyers,Colorado Avalanche,0.402,0.598,0.4182,0.6222,11
401802805,NHL,2025-12-07 22:00:00+00:00,Florida Panthers,New York Islanders,0.5904,0.4096,0.6153,0.4269,11
401802806,NHL,2025-12-07 22:00:00+00:00,Carolina Hurricanes,San Jose Sharks,0.7331,0.2669,0.765,0.2786,11
401802807,NHL,2025-12-07 23:00:00+00:00,Dallas Stars,Pittsburgh Penguins,0.6162,0.3838,0.6418,0.3998,11
401802809,NHL,2025-12-08 00:00:00+00:00,New York Rangers,Vegas Golden Knights,0.3985,0.6015,0.415,0.6265,11
401802810,NHL,2025-12-08 00:00:00+00:00,Washington Capitals,Columbus Blue Jackets,0.625,0.375,0.6502,0.3902,11
401802811,NHL,2025-12-08 01:00:00+00:00,Anaheim Ducks,Chicago Blackhawks,0.6293,0.3707,0.6549,0.3857,11
401802812,NHL,2025-12-09 00:30:00+00:00,Toronto Maple Leafs,Tampa Bay Lightning,0.4598,0.5402,0.4794,0.5633,11
401802813,NHL,2025-12-09 02:00:00+00:00,Utah Mammoth,Los Angeles Kings,0.4934,0.5066,0.5161,0.5298,11
401802814,NHL,2025-12-09 02:00:00+00:00,Calgary Flames,Buffalo Sabres,0.4992,0.5008,0.5222,0.5238,11
401802815,NHL,2025-12-09 03:00:00+00:00,Vancouver Canucks,Detroit Red Wings,0.4648,0.5352,0.4851,0.5587,11
401802816,NHL,2025-12-09 03:00:00+00:00,Seattle Kraken,Minnesota Wild,0.4469,0.5531,0.4658,0.5766,11
401802818,NHL,2025-12-10 00:00:00+00:00,Ottawa Senators,New Jersey Devils,0.5709,0.4291,0.5946,0.447,11
401802819,NHL,2025-12-10 00:00:00+00:00,New York Islanders,Vegas Golden Knights,0.4338,0.5662,0.4522,0.5902,11
401802820,NHL,2025-12-10 00:00:00+00:00,Philadelphia Flyers,San Jose Sharks,0.6157,0.3843,0.6407,0.3999,11
401802821,NHL,2025-12-10 00:00:00+00:00,Pittsburgh Penguins,Anaheim Ducks,0.4967,0.5033,0.5196,0.5264,11
401802822,NHL,2025-12-10 00:30:00+00:00,Carolina Hurricanes,Columbus Blue Jackets,0.6464,0.3536,0.6733,0.3684,11
401802824,NHL,2025-12-10 01:00:00+00:00,Winnipeg Jets,Dallas Stars,0.4296,0.5704,0.4477,0.5944,11
401802825,NHL,2025-12-10 02:00:00+00:00,Edmonton Oilers,Buffalo Sabres,0.6494,0.3506,0.6758,0.3649,11
401802826,NHL,2025-12-10 02:30:00+00:00,Nashville Predators,Colorado Avalanche,0.3532,0.6468,0.3681,0.6741,11
401802827,NHL,2025-12-11 00:30:00+00:00,Chicago Blackhawks,New York Rangers,0.4314,0.5686,0.4496,0.5927,11
401802828,NHL,2025-12-11 01:30:00+00:00,Calgary Flames,Detroit Red Wings,0.4934,0.5066,0.5161,0.5298,11
401802829,NHL,2025-12-11 02:00:00+00:00,Utah Mammoth,Florida Panthers,0.4936,0.5064,0.516,0.5294,11
401802830,NHL,2025-12-11 03:00:00+00:00,Seattle Kraken,Los Angeles Kings,0.429,0.571,0.4471,0.5951,11
401802831,NHL,2025-12-12 00:00:00+00:00,Toronto Maple Leafs,San Jose Sharks,0.6351,0.3649,0.6605,0.3794,11
401802832,NHL,2025-12-12 00:00:00+00:00,New Jersey Devils,Tampa Bay Lightning,0.4447,0.5553,0.4633,0.5784,11
401802833,NHL,2025-12-12 00:00:00+00:00,New York Islanders,Anaheim Ducks,0.5149,0.4851,0.5383,0.5072,11
401802834,NHL,2025-12-12 00:00:00+00:00,Philadelphia Flyers,Vegas Golden Knights,0.4228,0.5772,0.4401,0.6009,11
401802836,NHL,2025-12-12 00:00:00+00:00,Washington Capitals,Carolina Hurricanes,0.4875,0.5125,0.51,0.5361,11
401802837,NHL,2025-12-12 00:00:00+00:00,Columbus Blue Jackets,Ottawa Senators,0.4663,0.5337,0.4862,0.5565,11
401802839,NHL,2025-12-12 01:00:00+00:00,Minnesota Wild,Dallas Stars,0.4499,0.5501,0.4693,0.5738,11
401802840,NHL,2025-12-12 01:00:00+00:00,Winnipeg Jets,Boston Bruins,0.5774,0.4226,0.6015,0.4403,11
401802842,NHL,2025-12-12 02:00:00+00:00,Edmonton Oilers,Detroit Red Wings,0.6152,0.3848,0.6407,0.4008,11
401802841,NHL,2025-12-12 02:30:00+00:00,Colorado Avalanche,Florida Panthers,0.6732,0.3268,0.7012,0.3403,11
401802843,NHL,2025-12-12 03:00:00+00:00,Vancouver Canucks,Buffalo Sabres,0.488,0.512,0.5106,0.5356,11
401802845,NHL,2025-12-13 02:00:00+00:00,Utah Mammoth,Seattle Kraken,0.6272,0.3728,0.6529,0.3881,11
401802846,NHL,2025-12-13 17:30:00+00:00,New Jersey Devils,Anaheim Ducks,0.5126,0.4874,0.5359,0.5096,11
401802847,NHL,2025-12-13 19:00:00+00:00,Minnesota Wild,Ottawa Senators,0.5193,0.4807,0.5425,0.5021,11
401802848,NHL,2025-12-13 20:00:00+00:00,Pittsburgh Penguins,San Jose Sharks,0.6114,0.3886,0.6361,0.4042,11
401802849,NHL,2025-12-13 20:30:00+00:00,New York Islanders,Tampa Bay Lightning,0.4612,0.5388,0.4811,0.5622,11
401802850,NHL,2025-12-14 00:00:00+00:00,Toronto Maple Leafs,Edmonton Oilers,0.4617,0.5383,0.4809,0.5607,10
401802852,NHL,2025-12-14 00:00:00+00:00,Philadelphia Flyers,Carolina Hurricanes,0.3795,0.6205,0.3952,0.646,11
401802853,NHL,2025-12-14 00:00:00+00:00,Columbus Blue Jackets,Vegas Golden Knights,0.4347,0.5653,0.4529,0.5889,11
401802854,NHL,2025-12-14 00:00:00+00:00,Winnipeg Jets,Washington Capitals,0.4789,0.5211,0.5003,0.5444,11
401802855,NHL,2025-12-14 01:00:00+00:00,Chicago Blackhawks,Detroit Red Wings,0.3671,0.6329,0.3823,0.6592,11
401802856,NHL,2025-12-14 01:00:00+00:00,Dallas Stars,Florida Panthers,0.5503,0.4497,0.5729,0.4681,11
401802857,NHL,2025-12-14 02:00:00+00:00,Colorado Avalanche,Nashville Predators,0.7528,0.2472,0.7836,0.2572,11
401802858,NHL,2025-12-14 03:00:00+00:00,Los Angeles Kings,Calgary Flames,0.6075,0.3925,0.6331,0.409,11
401802859,NHL,2025-12-14 17:30:00+00:00,New Jersey Devils,Vancouver Canucks,0.5259,0.4741,0.5492,0.495,11
401802860,NHL,2025-12-14 20:00:00+00:00,Pittsburgh Penguins,Utah Mammoth,0.4542,0.5458,0.4734,0.5689,11
401802861,NHL,2025-12-14 22:00:00+00:00,Carolina Hurricanes,Philadelphia Flyers,0.6861,0.3139,0.7148,0.327,11
401802862,NHL,2025-12-14 23:00:00+00:00,Minnesota Wild,Boston Bruins,0.5436,0.4564,0.5666,0.4757,11
401802864,NHL,2025-12-15 01:00:00+00:00,Seattle Kraken,Buffalo Sabres,0.4593,0.5407,0.4788,0.5636,11
401802865,NHL,2025-12-16 00:00:00+00:00,Tampa Bay Lightning,Florida Panthers,0.5276,0.4724,0.5508,0.4932,11
401802866,NHL,2025-12-16 00:00:00+00:00,New York Rangers,Anaheim Ducks,0.5118,0.4882,0.535,0.5104,11
401802867,NHL,2025-12-16 00:30:00+00:00,Winnipeg Jets,Ottawa Senators,0.5415,0.4585,0.5642,0.4777,11
401802869,NHL,2025-12-16 01:00:00+00:00,Dallas Stars,Los Angeles Kings,0.5448,0.4552,0.5674,0.474,11
401802870,NHL,2025-12-17 00:00:00+00:00,Boston Bruins,Utah Mammoth,0.5082,0.4918,0.5314,0.5143,11
401802871,NHL,2025-12-17 00:00:00+00:00,Toronto Maple Leafs,Chicago Blackhawks,0.6401,0.3599,0.6664,0.3746,11
401802873,NHL,2025-12-17 00:00:00+00:00,Detroit Red Wings,New York Islanders,0.5347,0.4653,0.5574,0.485,11
401802874,NHL,2025-12-17 00:00:00+00:00,New York Rangers,Vancouver Canucks,0.526,0.474,0.5492,0.4949,11
401802876,NHL,2025-12-17 00:00:00+00:00,Columbus Blue Jackets,Anaheim Ducks,0.5652,0.4348,0.5892,0.4533,11
401802875,NHL,2025-12-17 00:30:00+00:00,Pittsburgh Penguins,Edmonton Oilers,0.4329,0.5671,0.4511,0.5908,11
401802877,NHL,2025-12-17 01:00:00+00:00,Minnesota Wild,Washington Capitals,0.5143,0.4857,0.5377,0.5079,11
401802878,NHL,2025-12-17 03:00:00+00:00,San Jose Sharks,Calgary Flames,0.4359,0.5641,0.4546,0.5882,11
401802879,NHL,2025-12-17 03:00:00+00:00,Seattle Kraken,Colorado Avalanche,0.2695,0.7305,0.2811,0.7619,11
401802880,NHL,2025-12-18 00:00:00+00:00,Florida Panthers,Los Angeles Kings,0.5693,0.4307,0.5934,0.4489,11
401802881,NHL,2025-12-18 00:30:00+00:00,Detroit Red Wings,Utah Mammoth,0.5303,0.4697,0.5531,0.49,11
401802883,NHL,2025-12-18 01:00:00+00:00,Nashville Predators,Carolina Hurricanes,0.3832,0.6168,0.3988,0.6419,11
401802884,NHL,2025-12-18 03:00:00+00:00,Vegas Golden Knights,New Jersey Devils,0.6007,0.3993,0.6259,0.416,11
401802885,NHL,2025-12-19 00:00:00+00:00,Boston Bruins,Edmonton Oilers,0.4545,0.5455,0.4739,0.5687,11
401802888,NHL,2025-12-19 00:00:00+00:00,Ottawa Senators,Pittsburgh Penguins,0.5969,0.4031,0.6216,0.4197,11
401802889,NHL,2025-12-19 00:00:00+00:00,Tampa Bay Lightning,Los Angeles Kings,0.6618,0.3382,0.6895,0.3524,11
401802890,NHL,2025-12-19 00:00:00+00:00,Washington Capitals,Toronto Maple Leafs,0.5811,0.4189,0.6051,0.4363,11
401802891,NHL,2025-12-19 00:00:00+00:00,Columbus Blue Jackets,Minnesota Wild,0.4889,0.5111,0.5111,0.5342,11
401802886,NHL,2025-12-19 00:30:00+00:00,Buffalo Sabres,Philadelphia Flyers,0.5728,0.4272,0.5966,0.4449,11
401802893,NHL,2025-12-19 02:00:00+00:00,Calgary Flames,Seattle Kraken,0.6058,0.3942,0.6315,0.411,11
401802894,NHL,2025-12-19 03:00:00+00:00,San Jose Sharks,Dallas Stars,0.361,0.639,0.376,0.6656,11
401802895,NHL,2025-12-20 00:00:00+00:00,Florida Panthers,Carolina Hurricanes,0.4521,0.5479,0.4712,0.571,11
401802896,NHL,2025-12-20 00:00:00+00:00,New York Islanders,Vancouver Canucks,0.5601,0.4399,0.5843,0.4589,11
401802897,NHL,2025-12-20 02:00:00+00:00,Colorado Avalanche,Winnipeg Jets,0.6671,0.3329,0.6954,0.3471,11
401802898,NHL,2025-12-20 02:00:00+00:00,Utah Mammoth,New Jersey Devils,0.562,0.438,0.5865,0.4571,11
401802899,NHL,2025-12-20 03:00:00+00:00,Anaheim Ducks,Dallas Stars,0.5109,0.4891,0.5342,0.5113,11
401802900,NHL,2025-12-20 17:30:00+00:00,New York Rangers,Philadelphia Flyers,0.5781,0.4219,0.602,0.4394,11
401802901,NHL,2025-12-20 17:30:00+00:00,Washington Capitals,Detroit Red Wings,0.5869,0.4131,0.6116,0.4305,11
401802902,NHL,2025-12-20 20:00:00+00:00,Ottawa Senators,Chicago Blackhawks,0.7023,0.2977,0.7324,0.3104,11
401802903,NHL,2025-12-20 20:00:00+00:00,Minnesota Wild,Edmonton Oilers,0.5452,0.4548,0.5682,0.4741,11
401802904,NHL,2025-12-20 22:00:00+00:00,Buffalo Sabres,New York Islanders,0.6074,0.3926,0.6324,0.4087,11
401802906,NHL,2025-12-21 00:00:00+00:00,Boston Bruins,Vancouver Canucks,0.6213,0.3787,0.6469,0.3944,11
401802908,NHL,2025-12-21 00:00:00+00:00,Tampa Bay Lightning,Carolina Hurricanes,0.5433,0.4567,0.5666,0.4762,11
401802909,NHL,2025-12-21 00:00:00+00:00,Nashville Predators,Toronto Maple Leafs,0.5015,0.4985,0.5247,0.5216,11
401802910,NHL,2025-12-21 03:00:00+00:00,Calgary Flames,Vegas Golden Knights,0.4585,0.5415,0.4779,0.5645,11
401802911,NHL,2025-12-21 03:00:00+00:00,Anaheim Ducks,Columbus Blue Jackets,0.515,0.485,0.5382,0.5068,11
401802912,NHL,2025-12-21 03:00:00+00:00,San Jose Sharks,Seattle Kraken,0.5349,0.4651,0.558,0.4851,11
401802913,NHL,2025-12-21 18:00:00+00:00,Detroit Red Wings,Washington Capitals,0.5067,0.4933,0.5299,0.516,11
401802914,NHL,2025-12-21 23:00:00+00:00,Minnesota Wild,Colorado Avalanche,0.3981,0.6019,0.4151,0.6275,11
401802915,NHL,2025-12-22 00:00:00+00:00,Boston Bruins,Ottawa Senators,0.4302,0.5698,0.4483,0.5937,11
401802916,NHL,2025-12-22 00:00:00+00:00,New Jersey Devils,Buffalo Sabres,0.6101,0.3899,0.6349,0.4058,11
401802918,NHL,2025-12-22 00:00:00+00:00,Nashville Predators,New York Rangers,0.5054,0.4946,0.5287,0.5173,11
401802919,NHL,2025-12-22 00:00:00+00:00,Dallas Stars,Toronto Maple Leafs,0.6557,0.3443,0.6833,0.3587,11
401802920,NHL,2025-12-22 00:00:00+00:00,Utah Mammoth,Winnipeg Jets,0.526,0.474,0.549,0.4948,11
401802921,NHL,2025-12-22 01:00:00+00:00,Edmonton Oilers,Vegas Golden Knights,0.5366,0.4634,0.5599,0.4834,11
401802923,NHL,2025-12-23 00:30:00+00:00,Philadelphia Flyers,Vancouver Canucks,0.5441,0.4559,0.5674,0.4754,11
401802924,NHL,2025-12-23 03:00:00+00:00,Anaheim Ducks,Seattle Kraken,0.6155,0.3845,0.6415,0.4007,11
401802925,NHL,2025-12-23 03:00:00+00:00,Los Angeles Kings,Columbus Blue Jackets,0.5887,0.4113,0.6136,0.4287,11
401802926,NHL,2025-12-23 21:00:00+00:00,Toronto Maple Leafs,Pittsburgh Penguins,0.5475,0.4525,0.5703,0.4714,11
401802930,NHL,2025-12-23 23:30:00+00:00,Detroit Red Wings,Dallas Stars,0.463,0.537,0.4827,0.5599,11
401802927,NHL,2025-12-24 00:00:00+00:00,Washington Capitals,New York Rangers,0.5816,0.4184,0.6056,0.4357,11
401802929,NHL,2025-12-24 00:00:00+00:00,Ottawa Senators,Buffalo Sabres,0.5948,0.4052,0.6188,0.4216,11
401802931,NHL,2025-12-24 00:00:00+00:00,New York Islanders,New Jersey Devils,0.4563,0.5437,0.4758,0.567,11
401802932,NHL,2025-12-24 00:00:00+00:00,Carolina Hurricanes,Florida Panthers,0.5598,0.4402,0.5842,0.4594,11
401802933,NHL,2025-12-24 01:00:00+00:00,Minnesota Wild,Nashville Predators,0.6188,0.3812,0.6446,0.3971,11
401802934,NHL,2025-12-24 02:00:00+00:00,Chicago Blackhawks,Philadelphia Flyers,0.4765,0.5235,0.4978,0.5469,11
401802935,NHL,2025-12-24 02:00:00+00:00,Colorado Avalanche,Utah Mammoth,0.7016,0.2984,0.7319,0.3113,11
401802936,NHL,2025-12-24 02:00:00+00:00,Edmonton Oilers,Calgary Flames,0.5668,0.4332,0.5906,0.4514,11
401802937,NHL,2025-12-24 03:00:00+00:00,Vegas Golden Knights,San Jose Sharks,0.6374,0.3626,0.6633,0.3773,11
401802938,NHL,2025-12-24 03:00:00+00:00,Los Angeles Kings,Seattle Kraken,0.6583,0.3417,0.6864,0.3563,11
401802939,NHL,2025-12-27 23:00:00+00:00,New York Islanders,New York Rangers,0.4939,0.5061,0.5165,0.5293,11
401802940,NHL,2025-12-28 00:00:00+00:00,Buffalo Sabres,Boston Bruins,0.5424,0.4576,0.5659,0.4775,11
401802941,NHL,2025-12-28 00:00:00+00:00,Toronto Maple Leafs,Ottawa Senators,0.4563,0.5437,0.4752,0.5662,11
401802942,NHL,2025-12-28 00:00:00+00:00,Florida Panthers,Tampa Bay Lightning,0.4899,0.5101,0.5122,0.5333,11
401802943,NHL,2025-12-28 00:00:00+00:00,New Jersey Devils,Washington Capitals,0.5238,0.4762,0.5471,0.4974,11
401802944,NHL,2025-12-28 00:00:00+00:00,Carolina Hurricanes,Detroit Red Wings,0.6046,0.3954,0.6297,0.4119,11
401802945,NHL,2025-12-28 00:00:00+00:00,Winnipeg Jets,Minnesota Wild,0.4924,0.5076,0.515,0.5309,11
401802947,NHL,2025-12-28 01:00:00+00:00,Dallas Stars,Chicago Blackhawks,0.7529,0.2471,0.7842,0.2574,11
401802948,NHL,2025-12-28 02:00:00+00:00,Los Angeles Kings,Anaheim Ducks,0.5348,0.4652,0.5582,0.4856,11
401802949,NHL,2025-12-28 03:00:00+00:00,Calgary Flames,Edmonton Oilers,0.4277,0.5723,0.4454,0.5959,11
401802950,NHL,2025-12-28 03:00:00+00:00,Vancouver Canucks,San Jose Sharks,0.567,0.433,0.5915,0.4516,11
401802951,NHL,2025-12-28 03:00:00+00:00,Vegas Golden Knights,Colorado Avalanche,0.4182,0.5818,0.4359,0.6065,11
401802954,NHL,2025-12-28 22:00:00+00:00,Columbus Blue Jackets,New York Islanders,0.5592,0.4408,0.5834,0.4598,11
401802952,NHL,2025-12-29 00:00:00+00:00,Detroit Red Wings,Toronto Maple Leafs,0.5508,0.4492,0.5745,0.4686,11
401802955,NHL,2025-12-29 00:00:00+00:00,Chicago Blackhawks,Pittsburgh Penguins,0.4174,0.5826,0.4345,0.6065,11
401802956,NHL,2025-12-29 01:00:00+00:00,Seattle Kraken,Philadelphia Flyers,0.43,0.57,0.4482,0.5941,11
401802958,NHL,2025-12-30 00:00:00+00:00,Florida Panthers,Washington Capitals,0.5346,0.4654,0.5575,0.4853,11
401802959,NHL,2025-12-30 00:00:00+00:00,Carolina Hurricanes,New York Rangers,0.6091,0.3909,0.6348,0.4074,11
401802957,NHL,2025-12-30 00:30:00+00:00,Ottawa Senators,Columbus Blue Jackets,0.6537,0.3463,0.6813,0.361,11
401802960,NHL,2025-12-30 00:30:00+00:00,Winnipeg Jets,Edmonton Oilers,0.4927,0.5073,0.5154,0.5305,11
401802962,NHL,2025-12-30 02:00:00+00:00,Colorado Avalanche,Los Angeles Kings,0.6693,0.3307,0.6976,0.3447,11
401802963,NHL,2025-12-30 02:00:00+00:00,Utah Mammoth,Nashville Predators,0.565,0.435,0.589,0.4534,11
401802964,NHL,2025-12-30 02:00:00+00:00,Calgary Flames,Boston Bruins,0.5396,0.4604,0.5625,0.48,11
401802965,NHL,2025-12-30 03:00:00+00:00,Vegas Golden Knights,Minnesota Wild,0.5072,0.4928,0.5305,0.5154,11
401802966,NHL,2025-12-30 03:00:00+00:00,Anaheim Ducks,San Jose Sharks,0.607,0.393,0.6324,0.4094,11
401802967,NHL,2025-12-30 03:00:00+00:00,Seattle Kraken,Vancouver Canucks,0.4767,0.5233,0.4977,0.5463,11
401802968,NHL,2025-12-31 00:00:00+00:00,Toronto Maple Leafs,New Jersey Devils,0.442,0.558,0.4615,0.5826,11
401802970,NHL,2025-12-31 00:00:00+00:00,Pittsburgh Penguins,Carolina Hurricanes,0.4567,0.5433,0.4759,0.5662,11
401802971,NHL,2025-12-31 01:30:00+00:00,Chicago Blackhawks,New York Islanders,0.4408,0.5592,0.46,0.5834,11
401802972,NHL,2025-12-31 03:00:00+00:00,Vancouver Canucks,Philadelphia Flyers,0.4251,0.5749,0.4433,0.5995,11
401802973,NHL,2025-12-31 17:30:00+00:00,Washington Capitals,New York Rangers,0.564,0.436,0.588,0.4546,11
401802974,NHL,2025-12-31 20:00:00+00:00,Vegas Golden Knights,Nashville Predators,0.6031,0.3969,0.6279,0.4133,11
401802975,NHL,2025-12-31 21:00:00+00:00,Anaheim Ducks,Tampa Bay Lightning,0.4102,0.5898,0.4273,0.6143,11
401802976,NHL,2025-12-31 21:00:00+00:00,San Jose Sharks,Minnesota Wild,0.3848,0.6152,0.4008,0.6408,11
401802977,NHL,2025-12-31 23:30:00+00:00,Detroit Red Wings,Winnipeg Jets,0.4767,0.5233,0.4978,0.5465,11
401802978,NHL,2026-01-01 00:00:00+00:00,Columbus Blue Jackets,New Jersey Devils,0.5245,0.4755,0.5479,0.4967,11
401802979,NHL,2026-01-01 01:00:00+00:00,Dallas Stars,Buffalo Sabres,0.5806,0.4194,0.6046,0.4368,11
401802981,NHL,2026-01-01 02:30:00+00:00,Calgary Flames,Philadelphia Flyers,0.5564,0.4436,0.5809,0.4632,11
401802982,NHL,2026-01-01 02:30:00+00:00,Edmonton Oilers,Boston Bruins,0.6172,0.3828,0.6427,0.3985,11
401802983,NHL,2026-01-01 18:00:00+00:00,Ottawa Senators,Washington Capitals,0.5775,0.4225,0.6012,0.4398,11
401802984,NHL,2026-01-01 20:00:00+00:00,New York Islanders,Utah Mammoth,0.4686,0.5314,0.489,0.5545,11
401802985,NHL,2026-01-02 00:00:00+00:00,Toronto Maple Leafs,Winnipeg Jets,0.5521,0.4479,0.5755,0.467,11
401802986,NHL,2026-01-02 00:00:00+00:00,Pittsburgh Penguins,Detroit Red Wings,0.5508,0.4492,0.5748,0.4687,11
401802990,NHL,2026-01-02 00:00:00+00:00,Los Angeles Kings,Tampa Bay Lightning,0.5207,0.4793,0.5439,0.5007,11
401802988,NHL,2026-01-02 01:30:00+00:00,Chicago Blackhawks,Dallas Stars,0.382,0.618,0.3978,0.6434,11
401802989,NHL,2026-01-02 03:00:00+00:00,Seattle Kraken,Nashville Predators,0.4861,0.5139,0.5082,0.5372,11
401802992,NHL,2026-01-03 01:00:00+00:00,Florida Panthers,New York Rangers,0.5689,0.4311,0.5927,0.4492,11
401802993,NHL,2026-01-03 03:30:00+00:00,Vancouver Canucks,Seattle Kraken,0.5629,0.4371,0.5862,0.4552,11
401802994,NHL,2026-01-03 03:30:00+00:00,Anaheim Ducks,Minnesota Wild,0.4564,0.5436,0.4759,0.5668,11
401802995,NHL,2026-01-03 17:00:00+00:00,Detroit Red Wings,Pittsburgh Penguins,0.5534,0.4466,0.5767,0.4655,11
401802996,NHL,2026-01-03 20:00:00+00:00,New Jersey Devils,Utah Mammoth,0.5137,0.4863,0.5368,0.5083,11
401802997,NHL,2026-01-03 20:00:00+00:00,Columbus Blue Jackets,Buffalo Sabres,0.4989,0.5011,0.5216,0.5239,11
401802998,NHL,2026-01-03 20:30:00+00:00,Edmonton Oilers,Philadelphia Flyers,0.5881,0.4119,0.6129,0.4293,11
401803000,NHL,2026-01-03 21:00:00+00:00,San Jose Sharks,Tampa Bay Lightning,0.3461,0.6539,0.3607,0.6817,11
401803001,NHL,2026-01-04 00:00:00+00:00,Ottawa Senators,Winnipeg Jets,0.529,0.471,0.552,0.4914,11
401803002,NHL,2026-01-04 00:00:00+00:00,New York Islanders,Toronto Maple Leafs,0.4906,0.5094,0.5128,0.5325,11
401803003,NHL,2026-01-04 00:00:00+00:00,Washington Capitals,Chicago Blackhawks,0.6857,0.3143,0.7149,0.3276,11
401803004,NHL,2026-01-04 00:00:00+00:00,Carolina Hurricanes,Colorado Avalanche,0.4348,0.5652,0.4535,0.5895,11
401803005,NHL,2026-01-04 00:00:00+00:00,Calgary Flames,Nashville Predators,0.5116,0.4884,0.5353,0.511,11
401803006,NHL,2026-01-04 02:00:00+00:00,Los Angeles Kings,Minnesota Wild,0.532,0.468,0.5554,0.4885,11
401803007,NHL,2026-01-04 03:00:00+00:00,Vancouver Canucks,Boston Bruins,0.4451,0.5549,0.4643,0.5788,11
401803009,NHL,2026-01-04 20:00:00+00:00,Columbus Blue Jackets,Pittsburgh Penguins,0.5433,0.4567,0.5662,0.4759,11
401803010,NHL,2026-01-04 22:00:00+00:00,Florida Panthers,Colorado Avalanche,0.4316,0.5684,0.4496,0.5921,11
401803011,NHL,2026-01-05 00:00:00+00:00,New Jersey Devils,Carolina Hurricanes,0.472,0.528,0.4925,0.5509,11
401803012,NHL,2026-01-05 00:00:00+00:00,Chicago Blackhawks,Vegas Golden Knights,0.3027,0.6973,0.3157,0.7271,11
401803013,NHL,2026-01-06 00:00:00+00:00,New York Rangers,Utah Mammoth,0.4934,0.5066,0.5156,0.5294,11
401803014,NHL,2026-01-06 00:00:00+00:00,Washington Capitals,Anaheim Ducks,0.5471,0.4529,0.5703,0.4721,11
401803015,NHL,2026-01-06 00:30:00+00:00,Ottawa Senators,Detroit Red Wings,0.5839,0.4161,0.6085,0.4336,11
401803016,NHL,2026-01-06 02:30:00+00:00,Calgary Flames,Seattle Kraken,0.5656,0.4344,0.5901,0.4531,11
401803017,NHL,2026-01-06 03:30:00+00:00,Los Angeles Kings,Minnesota Wild,0.4754,0.5246,0.4963,0.5476,11
401803018,NHL,2026-01-07 00:00:00+00:00,Buffalo Sabres,Vancouver Canucks,0.6034,0.3966,0.6283,0.4129,11
401803019,NHL,2026-01-07 00:00:00+00:00,Tampa Bay Lightning,Colorado Avalanche,0.4856,0.5144,0.5075,0.5377,11
401803021,NHL,2026-01-07 00:00:00+00:00,Philadelphia Flyers,Anaheim Ducks,0.5757,0.4243,0.5993,0.4417,11
401803022,NHL,2026-01-07 00:00:00+00:00,Carolina Hurricanes,Dallas Stars,0.5622,0.4378,0.5861,0.4565,11
401803020,NHL,2026-01-07 00:30:00+00:00,New York Islanders,New Jersey Devils,0.4881,0.5119,0.5105,0.5353,11
401803023,NHL,2026-01-07 00:30:00+00:00,Toronto Maple Leafs,Florida Panthers,0.458,0.542,0.4778,0.5655,11
401803024,NHL,2026-01-07 01:00:00+00:00,Winnipeg Jets,Vegas Golden Knights,0.5072,0.4928,0.5305,0.5155,11
401803025,NHL,2026-01-07 02:00:00+00:00,Edmonton Oilers,Nashville Predators,0.5639,0.4361,0.588,0.4548,11
401803026,NHL,2026-01-07 03:00:00+00:00,San Jose Sharks,Columbus Blue Jackets,0.4417,0.5583,0.461,0.5827,11
401803027,NHL,2026-01-07 03:00:00+00:00,Seattle Kraken,Boston Bruins,0.4699,0.5301,0.4904,0.5534,11
401803028,NHL,2026-01-08 00:00:00+00:00,Washington Capitals,Dallas Stars,0.5221,0.4779,0.5451,0.499,11
401803031,NHL,2026-01-08 02:30:00+00:00,Utah Mammoth,Ottawa Senators,0.5203,0.4797,0.5436,0.5012,11
401803032,NHL,2026-01-08 03:30:00+00:00,Los Angeles Kings,San Jose Sharks,0.6768,0.3232,0.7058,0.3371,11
401803033,NHL,2026-01-09 00:00:00+00:00,Boston Bruins,Calgary Flames,0.5487,0.4513,0.5725,0.4708,11
401803035,NHL,2026-01-09 00:00:00+00:00,Detroit Red Wings,Vancouver Canucks,0.5727,0.4273,0.5966,0.4451,11
401803036,NHL,2026-01-09 00:00:00+00:00,New York Rangers,Buffalo Sabres,0.4673,0.5327,0.4872,0.5553,11
401803037,NHL,2026-01-09 00:00:00+00:00,Philadelphia Flyers,Toronto Maple Leafs,0.5288,0.4712,0.5517,0.4916,11
401803038,NHL,2026-01-09 00:00:00+00:00,Pittsburgh Penguins,New Jersey Devils,0.498,0.502,0.5209,0.5251,11
401803039,NHL,2026-01-09 00:00:00+00:00,Carolina Hurricanes,Anaheim Ducks,0.6624,0.3376,0.6906,0.352,11
401803040,NHL,2026-01-09 01:00:00+00:00,Nashville Predators,New York Islanders,0.5415,0.4585,0.5648,0.4782,11
401803041,NHL,2026-01-09 01:00:00+00:00,Winnipeg Jets,Edmonton Oilers,0.4898,0.5102,0.5122,0.5336,11
401803042,NHL,2026-01-09 02:00:00+00:00,Colorado Avalanche,Ottawa Senators,0.711,0.289,0.7414,0.3014,11
401803043,NHL,2026-01-09 03:00:00+00:00,Vegas Golden Knights,Columbus Blue Jackets,0.565,0.435,0.5892,0.4537,11
401803044,NHL,2026-01-09 03:00:00+00:00,Seattle Kraken,Minnesota Wild,0.4065,0.5935,0.4231,0.6177,11
401803045,NHL,2026-01-10 01:00:00+00:00,Chicago Blackhawks,Washington Capitals,0.4494,0.5506,0.469,0.5746,11
401803046,NHL,2026-01-10 01:00:00+00:00,Winnipeg Jets,Los Angeles Kings,0.4464,0.5536,0.4654,0.5773,11
401803048,NHL,2026-01-10 18:00:00+00:00,Boston Bruins,New York Rangers,0.5417,0.4583,0.5645,0.4775,11
401803049,NHL,2026-01-10 20:30:00+00:00,Pittsburgh Penguins,Calgary Flames,0.5893,0.4107,0.6137,0.4276,11
401803050,NHL,2026-01-10 21:00:00+00:00,Colorado Avalanche,Columbus Blue Jackets,0.7114,0.2886,0.7409,0.3006,11
401803051,NHL,2026-01-10 21:00:00+00:00,San Jose Sharks,Dallas Stars,0.4055,0.5945,0.423,0.6202,11
401803052,NHL,2026-01-11 00:00:00+00:00,Buffalo Sabres,Anaheim Ducks,0.5777,0.4223,0.6018,0.4399,11
401803053,NHL,2026-01-11 00:00:00+00:00,Toronto Maple Leafs,Vancouver Canucks,0.5953,0.4047,0.6205,0.4218,11
401803055,NHL,2026-01-11 00:00:00+00:00,Ottawa Senators,Florida Panthers,0.5283,0.4717,0.5513,0.4923,11
401803056,NHL,2026-01-11 00:00:00+00:00,Philadelphia Flyers,Tampa Bay Lightning,0.3793,0.6207,0.3947,0.646,11
401803057,NHL,2026-01-11 00:00:00+00:00,Carolina Hurricanes,Seattle Kraken,0.7211,0.2789,0.7519,0.2908,11
401803058,NHL,2026-01-11 01:00:00+00:00,Nashville Predators,Chicago Blackhawks,0.6556,0.3444,0.6826,0.3586,11
401803059,NHL,2026-01-11 01:00:00+00:00,Minnesota Wild,New York Islanders,0.5863,0.4137,0.6105,0.4308,11
401803060,NHL,2026-01-11 03:00:00+00:00,Edmonton Oilers,Los Angeles Kings,0.6175,0.3825,0.643,0.3984,11
401803062,NHL,2026-01-11 19:00:00+00:00,Winnipeg Jets,New Jersey Devils,0.5341,0.4659,0.5573,0.4861,11
401803063,NHL,2026-01-11 22:00:00+00:00,Boston Bruins,Pittsburgh Penguins,0.4816,0.5184,0.5037,0.5422,11
401803064,NHL,2026-01-12 00:00:00+00:00,Nashville Predators,Washington Capitals,0.4567,0.5433,0.476,0.5663,11
401803065,NHL,2026-01-12 00:00:00+00:00,Utah Mammoth,Columbus Blue Jackets,0.6231,0.3769,0.6495,0.3928,11
401803066,NHL,2026-01-12 01:00:00+00:00,San Jose Sharks,Vegas Golden Knights,0.4349,0.5651,0.4533,0.5889,11
401803067,NHL,2026-01-13 00:00:00+00:00,Buffalo Sabres,Florida Panthers,0.5221,0.4779,0.5452,0.4991,11
401803068,NHL,2026-01-13 00:00:00+00:00,Detroit Red Wings,Carolina Hurricanes,0.4277,0.5723,0.4454,0.5959,11
401803069,NHL,2026-01-13 00:00:00+00:00,New York Rangers,Seattle Kraken,0.5542,0.4458,0.5781,0.465,11
401803070,NHL,2026-01-13 00:00:00+00:00,Philadelphia Flyers,Tampa Bay Lightning,0.4289,0.5711,0.4468,0.595,11
401803072,NHL,2026-01-13 01:00:00+00:00,Minnesota Wild,New Jersey Devils,0.605,0.395,0.6301,0.4114,11
401803073,NHL,2026-01-13 01:30:00+00:00,Chicago Blackhawks,Edmonton Oilers,0.4059,0.5941,0.4225,0.6184,11
401803074,NHL,2026-01-13 03:00:00+00:00,Colorado Avalanche,Toronto Maple Leafs,0.6735,0.3265,0.7025,0.3406,11
401803075,NHL,2026-01-13 03:00:00+00:00,Los Angeles Kings,Dallas Stars,0.4764,0.5236,0.4976,0.5468,11
401803076,NHL,2026-01-14 00:00:00+00:00,Ottawa Senators,Vancouver Canucks,0.6704,0.3296,0.6989,0.3436,11
401803077,NHL,2026-01-14 00:00:00+00:00,Pittsburgh Penguins,Tampa Bay Lightning,0.4364,0.5636,0.4553,0.588,11
401803079,NHL,2026-01-14 00:00:00+00:00,Columbus Blue Jackets,Calgary Flames,0.5633,0.4367,0.588,0.4558,11
401803080,NHL,2026-01-14 00:30:00+00:00,Boston Bruins,Detroit Red Wings,0.559,0.441,0.5834,0.4602,11
401803082,NHL,2026-01-14 01:00:00+00:00,Nashville Predators,Edmonton Oilers,0.4508,0.5492,0.4703,0.5731,11
401803083,NHL,2026-01-14 01:00:00+00:00,Winnipeg Jets,New York Islanders,0.5456,0.4544,0.5691,0.474,11
401803084,NHL,2026-01-14 03:00:00+00:00,Utah Mammoth,Toronto Maple Leafs,0.5886,0.4114,0.6137,0.4291,11
401803085,NHL,2026-01-14 03:00:00+00:00,Anaheim Ducks,Dallas Stars,0.4727,0.5273,0.4933,0.5504,11
401803086,NHL,2026-01-15 00:00:00+00:00,New Jersey Devils,Seattle Kraken,0.583,0.417,0.6068,0.4341,11
401803087,NHL,2026-01-15 00:30:00+00:00,Buffalo Sabres,Philadelphia Flyers,0.55,0.45,0.5739,0.4696,11
401803088,NHL,2026-01-15 00:30:00+00:00,New York Rangers,Ottawa Senators,0.4819,0.5181,0.5038,0.5416,11
401803089,NHL,2026-01-15 03:00:00+00:00,Los Angeles Kings,Vegas Golden Knights,0.4716,0.5284,0.4921,0.5514,11
401803092,NHL,2026-01-16 00:00:00+00:00,Pittsburgh Penguins,Philadelphia Flyers,0.6058,0.3942,0.6312,0.4106,11
401803093,NHL,2026-01-16 00:00:00+00:00,Washington Capitals,San Jose Sharks,0.6054,0.3946,0.6305,0.411,11
401803094,NHL,2026-01-16 00:00:00+00:00,Columbus Blue Jackets,Vancouver Canucks,0.5985,0.4015,0.6233,0.4181,11
401803090,NHL,2026-01-16 01:00:00+00:00,Boston Bruins,Seattle Kraken,0.6116,0.3884,0.6378,0.4051,11
401803095,NHL,2026-01-16 01:00:00+00:00,Minnesota Wild,Winnipeg Jets,0.5512,0.4488,0.5746,0.4678,11
401803096,NHL,2026-01-16 01:30:00+00:00,Chicago Blackhawks,Calgary Flames,0.5221,0.4779,0.5452,0.499,11
401803097,NHL,2026-01-16 02:00:00+00:00,Utah Mammoth,Dallas Stars,0.5421,0.4579,0.5653,0.4774,11
401803098,NHL,2026-01-16 02:00:00+00:00,Edmonton Oilers,New York Islanders,0.6019,0.3981,0.6269,0.4145,11
401803099,NHL,2026-01-16 02:30:00+00:00,Vegas Golden Knights,Toronto Maple Leafs,0.5388,0.4612,0.5625,0.4815,11
401803100,NHL,2026-01-17 00:00:00+00:00,Detroit Red Wings,San Jose Sharks,0.6026,0.3974,0.6276,0.4138,11
401803101,NHL,2026-01-17 00:00:00+00:00,Carolina Hurricanes,Florida Panthers,0.6163,0.3837,0.6423,0.3998,11
401803103,NHL,2026-01-17 02:00:00+00:00,Colorado Avalanche,Nashville Predators,0.7236,0.2764,0.754,0.288,11
401803104,NHL,2026-01-17 03:30:00+00:00,Los Angeles Kings,Anaheim Ducks,0.5647,0.4353,0.5887,0.4539,11
401803105,NHL,2026-01-17 17:30:00+00:00,Buffalo Sabres,Minnesota Wild,0.5327,0.4673,0.5553,0.4871,10
401803106,NHL,2026-01-17 18:00:00+00:00,Philadelphia Flyers,New York Rangers,0.532,0.468,0.5551,0.4883,11
401803107,NHL,2026-01-17 20:00:00+00:00,Calgary Flames,New York Islanders,0.5201,0.4799,0.5433,0.5013,11
401803108,NHL,2026-01-17 22:00:00+00:00,Utah Mammoth,Seattle Kraken,0.6307,0.3693,0.6565,0.3844,11
401803110,NHL,2026-01-18 00:00:00+00:00,New Jersey Devils,Carolina Hurricanes,0.4736,0.5264,0.4943,0.5495,11
401803111,NHL,2026-01-18 00:00:00+00:00,Pittsburgh Penguins,Columbus Blue Jackets,0.5258,0.4742,0.5487,0.4948,11
401803112,NHL,2026-01-18 00:00:00+00:00,Washington Capitals,Florida Panthers,0.5855,0.4145,0.6092,0.4314,11
401803113,NHL,2026-01-18 00:00:00+00:00,Winnipeg Jets,Toronto Maple Leafs,0.5637,0.4363,0.5876,0.4548,11
401803114,NHL,2026-01-18 01:00:00+00:00,Chicago Blackhawks,Boston Bruins,0.4783,0.5217,0.4999,0.5452,11
401803115,NHL,2026-01-18 03:00:00+00:00,Vancouver Canucks,Edmonton Oilers,0.3801,0.6199,0.3959,0.6456,11
401803116,NHL,2026-01-18 03:00:00+00:00,Vegas Golden Knights,Nashville Predators,0.652,0.348,0.6791,0.3624,11
401803117,NHL,2026-01-18 03:00:00+00:00,Anaheim Ducks,Los Angeles Kings,0.4685,0.5315,0.4884,0.554,11
401803118,NHL,2026-01-18 19:00:00+00:00,Dallas Stars,Tampa Bay Lightning,0.4823,0.5177,0.5039,0.5409,11
401803119,NHL,2026-01-18 22:00:00+00:00,Detroit Red Wings,Ottawa Senators,0.5366,0.4634,0.5592,0.4829,11
401803121,NHL,2026-01-19 18:30:00+00:00,Carolina Hurricanes,Buffalo Sabres,0.6268,0.3732,0.6518,0.388,11
401803122,NHL,2026-01-19 21:00:00+00:00,Colorado Avalanche,Washington Capitals,0.6497,0.3503,0.6773,0.3652,11
401803123,NHL,2026-01-19 22:00:00+00:00,Seattle Kraken,Pittsburgh Penguins,0.4601,0.5399,0.4798,0.563,11
401803124,NHL,2026-01-19 23:00:00+00:00,Florida Panthers,San Jose Sharks,0.6153,0.3847,0.6409,0.4006,11
401803125,NHL,2026-01-20 00:30:00+00:00,Toronto Maple Leafs,Minnesota Wild,0.5033,0.4967,0.5261,0.5191,11
401803126,NHL,2026-01-20 01:00:00+00:00,Vegas Golden Knights,Philadelphia Flyers,0.6652,0.3348,0.6941,0.3494,11
401803127,NHL,2026-01-20 01:30:00+00:00,Chicago Blackhawks,Winnipeg Jets,0.4317,0.5683,0.4497,0.5921,11
401803128,NHL,2026-01-20 02:00:00+00:00,Calgary Flames,New Jersey Devils,0.4721,0.5279,0.4927,0.5509,11
401803129,NHL,2026-01-20 03:00:00+00:00,Vancouver Canucks,New York Islanders,0.4175,0.5825,0.4349,0.6069,11
401803130,NHL,2026-01-20 03:00:00+00:00,Anaheim Ducks,New York Rangers,0.5647,0.4353,0.5889,0.454,11
401803132,NHL,2026-01-21 00:00:00+00:00,Tampa Bay Lightning,San Jose Sharks,0.726,0.274,0.7571,0.2858,11
401803133,NHL,2026-01-21 00:00:00+00:00,Columbus Blue Jackets,Ottawa Senators,0.4932,0.5068,0.516,0.5302,11
401803134,NHL,2026-01-21 00:30:00+00:00,Dallas Stars,Boston Bruins,0.5605,0.4395,0.584,0.458,11
401803135,NHL,2026-01-21 01:00:00+00:00,Nashville Predators,Buffalo Sabres,0.5494,0.4506,0.5727,0.4697,11
401803137,NHL,2026-01-21 03:00:00+00:00,Edmonton Oilers,New Jersey Devils,0.6141,0.3859,0.6392,0.4017,11
401803138,NHL,2026-01-21 03:00:00+00:00,Los Angeles Kings,New York Rangers,0.6212,0.3788,0.6459,0.394,11
401803139,NHL,2026-01-22 00:00:00+00:00,Toronto Maple Leafs,Detroit Red Wings,0.5381,0.4619,0.561,0.4816,11
401803140,NHL,2026-01-22 02:00:00+00:00,Colorado Avalanche,Anaheim Ducks,0.7383,0.2617,0.7694,0.2727,11
401803141,NHL,2026-01-22 02:00:00+00:00,Utah Mammoth,Philadelphia Flyers,0.6225,0.3775,0.6475,0.3927,11
401803142,NHL,2026-01-22 02:30:00+00:00,Calgary Flames,Pittsburgh Penguins,0.4621,0.5379,0.4817,0.5607,11
401803144,NHL,2026-01-22 02:30:00+00:00,Seattle Kraken,New York Islanders,0.4867,0.5133,0.5091,0.5369,11
401803143,NHL,2026-01-22 03:00:00+00:00,Vancouver Canucks,Washington Capitals,0.3869,0.6131,0.4024,0.6377,11
401803145,NHL,2026-01-23 00:00:00+00:00,Boston Bruins,Vegas Golden Knights,0.4182,0.5818,0.4354,0.6058,11
401803147,NHL,2026-01-23 00:00:00+00:00,Carolina Hurricanes,Chicago Blackhawks,0.7174,0.2826,0.7473,0.2944,11
401803148,NHL,2026-01-23 00:00:00+00:00,Columbus Blue Jackets,Dallas Stars,0.4973,0.5027,0.5206,0.5262,11
401803149,NHL,2026-01-23 01:00:00+00:00,Nashville Predators,Ottawa Senators,0.4836,0.5164,0.5052,0.5396,11
401803150,NHL,2026-01-23 01:00:00+00:00,Winnipeg Jets,Florida Panthers,0.4962,0.5038,0.519,0.5269,11
401803151,NHL,2026-01-23 02:00:00+00:00,Edmonton Oilers,Pittsburgh Penguins,0.623,0.377,0.6477,0.392,10
401803152,NHL,2026-01-23 02:30:00+00:00,Minnesota Wild,Detroit Red Wings,0.5892,0.4108,0.6139,0.428,10
401803153,NHL,2026-01-24 00:00:00+00:00,Toronto Maple Leafs,Vegas Golden Knights,0.4822,0.5178,0.504,0.5412,11
401803154,NHL,2026-01-24 00:00:00+00:00,Chicago Blackhawks,Tampa Bay Lightning,0.2801,0.7199,0.292,0.7505,11
401803156,NHL,2026-01-24 02:00:00+00:00,Colorado Avalanche,Philadelphia Flyers,0.7272,0.2728,0.7582,0.2845,11
401803157,NHL,2026-01-24 02:00:00+00:00,Calgary Flames,Washington Capitals,0.4394,0.5606,0.4582,0.5846,11
401803158,NHL,2026-01-24 03:00:00+00:00,Vancouver Canucks,New Jersey Devils,0.4199,0.5801,0.4371,0.6038,11
401803159,NHL,2026-01-24 03:00:00+00:00,San Jose Sharks,New York Rangers,0.5272,0.4728,0.5498,0.4932,11
401803160,NHL,2026-01-24 03:00:00+00:00,Seattle Kraken,Anaheim Ducks,0.5242,0.4758,0.5476,0.4972,11
401803161,NHL,2026-01-24 18:00:00+00:00,New York Islanders,Buffalo Sabres,0.4979,0.5021,0.5206,0.525,10
401803162,NHL,2026-01-24 18:30:00+00:00,Nashville Predators,Utah Mammoth,0.4779,0.5221,0.499,0.5453,10
401803164,NHL,2026-01-25 00:00:00+00:00,Ottawa Senators,Carolina Hurricanes,0.4503,0.5497,0.4689,0.5725,10
401803165,NHL,2026-01-25 00:00:00+00:00,Columbus Blue Jackets,Tampa Bay Lightning,0.4835,0.5165,0.5057,0.5401,10
401803166,NHL,2026-01-25 00:00:00+00:00,Winnipeg Jets,Detroit Red Wings,0.5321,0.4679,0.5553,0.4884,10
401803168,NHL,2026-01-25 02:00:00+00:00,Minnesota Wild,Florida Panthers,0.5352,0.4648,0.5578,0.4843,10
401803169,NHL,2026-01-25 03:00:00+00:00,Edmonton Oilers,Washington Capitals,0.6105,0.3895,0.6363,0.4059,10
401803170,NHL,2026-01-25 18:30:00+00:00,Toronto Maple Leafs,Colorado Avalanche,0.394,0.606,0.4109,0.6319,10
401803171,NHL,2026-01-25 20:00:00+00:00,Seattle Kraken,New Jersey Devils,0.4652,0.5348,0.4847,0.5573,11
401803172,NHL,2026-01-25 22:00:00+00:00,Ottawa Senators,Vegas Golden Knights,0.4303,0.5697,0.4483,0.5935,10
401803173,NHL,2026-01-25 23:00:00+00:00,Vancouver Canucks,Pittsburgh Penguins,0.4208,0.5792,0.438,0.6029,11
401803174,NHL,2026-01-26 00:00:00+00:00,Chicago Blackhawks,Florida Panthers,0.4549,0.5451,0.474,0.568,10
401803175,NHL,2026-01-26 01:00:00+00:00,Calgary Flames,Anaheim Ducks,0.491,0.509,0.5136,0.5324,11
401803176,NHL,2026-01-27 00:00:00+00:00,Tampa Bay Lightning,Utah Mammoth,0.5856,0.4144,0.6104,0.4319,11
401803177,NHL,2026-01-27 00:00:00+00:00,New York Rangers,Boston Bruins,0.467,0.533,0.4869,0.5557,11
401803178,NHL,2026-01-27 00:00:00+00:00,Philadelphia Flyers,New York Islanders,0.5148,0.4852,0.5382,0.5072,11
401803180,NHL,2026-01-27 01:30:00+00:00,Edmonton Oilers,Anaheim Ducks,0.6989,0.3011,0.7291,0.3141,11
401803181,NHL,2026-01-28 00:00:00+00:00,Boston Bruins,Nashville Predators,0.5031,0.4969,0.5259,0.5194,11
401803182,NHL,2026-01-28 00:00:00+00:00,Toronto Maple Leafs,Buffalo Sabres,0.5179,0.4821,0.5414,0.504,11
401803184,NHL,2026-01-28 00:00:00+00:00,Detroit Red Wings,Los Angeles Kings,0.5375,0.4625,0.5602,0.4821,11
401803185,NHL,2026-01-28 00:00:00+00:00,Florida Panthers,Utah Mammoth,0.5845,0.4155,0.6086,0.4326,11
401803186,NHL,2026-01-28 00:00:00+00:00,New Jersey Devils,Winnipeg Jets,0.5345,0.4655,0.557,0.4851,11
401803188,NHL,2026-01-28 01:00:00+00:00,Minnesota Wild,Chicago Blackhawks,0.6423,0.3577,0.669,0.3725,11
401803189,NHL,2026-01-28 03:00:00+00:00,Vancouver Canucks,San Jose Sharks,0.4533,0.5467,0.4722,0.5695,11
401803190,NHL,2026-01-28 03:00:00+00:00,Seattle Kraken,Washington Capitals,0.4579,0.5421,0.4771,0.5647,11
401803193,NHL,2026-01-29 00:00:00+00:00,New York Islanders,New York Rangers,0.5696,0.4304,0.594,0.4489,10
401803191,NHL,2026-01-29 00:30:00+00:00,Columbus Blue Jackets,Philadelphia Flyers,0.5224,0.4776,0.5466,0.4997,10
401803192,NHL,2026-01-29 00:30:00+00:00,Ottawa Senators,Colorado Avalanche,0.4219,0.5781,0.4394,0.6022,10
401803194,NHL,2026-01-30 00:00:00+00:00,Boston Bruins,Philadelphia Flyers,0.5924,0.4076,0.617,0.4245,11
401803195,NHL,2026-01-30 00:00:00+00:00,Buffalo Sabres,Los Angeles Kings,0.5377,0.4623,0.5605,0.4819,11
401803198,NHL,2026-01-30 00:00:00+00:00,Tampa Bay Lightning,Winnipeg Jets,0.6224,0.3776,0.6483,0.3934,11
401803199,NHL,2026-01-30 00:00:00+00:00,New Jersey Devils,Nashville Predators,0.5465,0.4535,0.5693,0.4724,11
401803200,NHL,2026-01-30 00:00:00+00:00,New York Rangers,New York Islanders,0.437,0.563,0.4555,0.5868,11
401803201,NHL,2026-01-30 00:00:00+00:00,Pittsburgh Penguins,Chicago Blackhawks,0.6139,0.3861,0.6393,0.4021,11
401803202,NHL,2026-01-30 00:00:00+00:00,Carolina Hurricanes,Utah Mammoth,0.6136,0.3864,0.6385,0.4021,11
401803197,NHL,2026-01-30 00:30:00+00:00,Detroit Red Wings,Washington Capitals,0.5516,0.4484,0.5748,0.4672,11
401803204,NHL,2026-01-30 01:00:00+00:00,Minnesota Wild,Calgary Flames,0.6259,0.3741,0.6522,0.3899,11
401803205,NHL,2026-01-30 02:00:00+00:00,Edmonton Oilers,San Jose Sharks,0.6246,0.3754,0.6498,0.3905,11
401803206,NHL,2026-01-30 03:00:00+00:00,Vancouver Canucks,Anaheim Ducks,0.4233,0.5767,0.4405,0.6002,11
401803207,NHL,2026-01-30 03:00:00+00:00,Vegas Golden Knights,Dallas Stars,0.5258,0.4742,0.5487,0.495,11
401803208,NHL,2026-01-30 03:00:00+00:00,Seattle Kraken,Toronto Maple Leafs,0.4895,0.5105,0.5119,0.5338,11
401803209,NHL,2026-01-31 01:30:00+00:00,Chicago Blackhawks,Columbus Blue Jackets,0.4075,0.5925,0.4248,0.6177,11
401803210,NHL,2026-01-31 17:30:00+00:00,Philadelphia Flyers,Los Angeles Kings,0.4947,0.5053,0.5173,0.5285,11
401803211,NHL,2026-01-31 18:00:00+00:00,Detroit Red Wings,Colorado Avalanche,0.4344,0.5656,0.4526,0.5894,11
401803212,NHL,2026-01-31 20:30:00+00:00,Pittsburgh Penguins,New York Rangers,0.6445,0.3555,0.6712,0.3701,11
401803213,NHL,2026-01-31 21:00:00+00:00,Florida Panthers,Winnipeg Jets,0.5672,0.4328,0.5909,0.4509,11
401803214,NHL,2026-01-31 21:00:00+00:00,Calgary Flames,San Jose Sharks,0.4903,0.5097,0.5126,0.533,11
401803215,NHL,2026-01-31 22:00:00+00:00,Washington Capitals,Carolina Hurricanes,0.3757,0.6243,0.3911,0.6499,11
401803217,NHL,2026-02-01 00:00:00+00:00,Ottawa Senators,New Jersey Devils,0.6008,0.3992,0.6258,0.4158,11
401803218,NHL,2026-02-01 00:00:00+00:00,New York Islanders,Nashville Predators,0.5332,0.4668,0.5557,0.4864,11
401803220,NHL,2026-02-01 00:00:00+00:00,Vancouver Canucks,Toronto Maple Leafs,0.4138,0.5862,0.4309,0.6105,11
401803221,NHL,2026-02-01 02:00:00+00:00,Utah Mammoth,Dallas Stars,0.5168,0.4832,0.5404,0.5052,11
401803222,NHL,2026-02-01 03:00:00+00:00,Edmonton Oilers,Minnesota Wild,0.5415,0.4585,0.5638,0.4774,11
401803223,NHL,2026-02-01 03:00:00+00:00,Vegas Golden Knights,Seattle Kraken,0.6358,0.3642,0.6623,0.3794,11
401803225,NHL,2026-02-01 20:00:00+00:00,Carolina Hurricanes,Los Angeles Kings,0.6122,0.3878,0.6373,0.4038,11
401803224,NHL,2026-02-01 23:30:00+00:00,Tampa Bay Lightning,Boston Bruins,0.6536,0.3464,0.6799,0.3603,11
401803226,NHL,2026-02-02 02:30:00+00:00,Anaheim Ducks,Vegas Golden Knights,0.5141,0.4859,0.5372,0.5077,11
401803227,NHL,2026-02-03 00:00:00+00:00,Florida Panthers,Buffalo Sabres,0.5079,0.4921,0.531,0.5146,11
401803228,NHL,2026-02-03 00:00:00+00:00,Pittsburgh Penguins,Ottawa Senators,0.4752,0.5248,0.4964,0.5481,11
401803229,NHL,2026-02-03 00:00:00+00:00,Washington Capitals,New York Islanders,0.5413,0.4587,0.5639,0.4779,11
401803232,NHL,2026-02-03 01:30:00+00:00,Chicago Blackhawks,San Jose Sharks,0.4893,0.5107,0.5117,0.5341,11
401803233,NHL,2026-02-03 01:30:00+00:00,Dallas Stars,Winnipeg Jets,0.577,0.423,0.601,0.4406,11
401803234,NHL,2026-02-03 02:00:00+00:00,Colorado Avalanche,Detroit Red Wings,0.6366,0.3634,0.6627,0.3783,11
401803235,NHL,2026-02-03 02:30:00+00:00,Utah Mammoth,Vancouver Canucks,0.7069,0.2931,0.7375,0.3058,11
401803236,NHL,2026-02-03 03:00:00+00:00,Calgary Flames,Toronto Maple Leafs,0.4742,0.5258,0.4952,0.549,11
401803238,NHL,2026-02-04 00:00:00+00:00,New Jersey Devils,Columbus Blue Jackets,0.4946,0.5054,0.5169,0.5282,11
401803240,NHL,2026-02-04 00:00:00+00:00,Philadelphia Flyers,Washington Capitals,0.5649,0.4351,0.5886,0.4534,11
401803241,NHL,2026-02-04 00:00:00+00:00,Carolina Hurricanes,Ottawa Senators,0.6147,0.3853,0.6404,0.4014,11
401803237,NHL,2026-02-04 00:30:00+00:00,Tampa Bay Lightning,Buffalo Sabres,0.6294,0.3706,0.6552,0.3859,11
401803239,NHL,2026-02-04 00:30:00+00:00,New York Islanders,Pittsburgh Penguins,0.4772,0.5228,0.4986,0.5462,11
401803242,NHL,2026-02-04 01:30:00+00:00,Edmonton Oilers,Toronto Maple Leafs,0.6231,0.3769,0.6486,0.3924,11
401803243,NHL,2026-02-04 03:00:00+00:00,Anaheim Ducks,Seattle Kraken,0.5578,0.4422,0.5814,0.461,11
401803244,NHL,2026-02-05 00:00:00+00:00,Florida Panthers,Boston Bruins,0.5931,0.4069,0.618,0.4241,11
401803245,NHL,2026-02-05 00:00:00+00:00,Columbus Blue Jackets,Chicago Blackhawks,0.5862,0.4138,0.611,0.4314,11
401803247,NHL,2026-02-05 01:00:00+00:00,Nashville Predators,Minnesota Wild,0.4662,0.5338,0.486,0.5565,11
401803248,NHL,2026-02-05 02:00:00+00:00,Colorado Avalanche,San Jose Sharks,0.718,0.282,0.7479,0.2937,11
401803249,NHL,2026-02-05 02:00:00+00:00,Utah Mammoth,Detroit Red Wings,0.5541,0.4459,0.5778,0.465,11
401803251,NHL,2026-02-05 03:00:00+00:00,Calgary Flames,Edmonton Oilers,0.4317,0.5683,0.4498,0.5921,11
401803252,NHL,2026-02-05 03:00:00+00:00,Vegas Golden Knights,Vancouver Canucks,0.7237,0.2763,0.7546,0.2881,11
401803253,NHL,2026-02-05 03:00:00+00:00,Los Angeles Kings,Seattle Kraken,0.6145,0.3855,0.6401,0.4015,11
401803254,NHL,2026-02-06 00:00:00+00:00,Buffalo Sabres,Pittsburgh Penguins,0.5358,0.4642,0.5585,0.4838,11
401803256,NHL,2026-02-06 00:00:00+00:00,New Jersey Devils,New York Islanders,0.4989,0.5011,0.5219,0.5241,11
401803257,NHL,2026-02-06 00:00:00+00:00,New York Rangers,Carolina Hurricanes,0.3389,0.6611,0.3533,0.6893,11
401803258,NHL,2026-02-06 00:00:00+00:00,Philadelphia Flyers,Ottawa Senators,0.4537,0.5463,0.4722,0.5686,11
401803259,NHL,2026-02-06 00:00:00+00:00,Washington Capitals,Nashville Predators,0.6048,0.3952,0.6294,0.4113,11
401803255,NHL,2026-02-06 00:30:00+00:00,Tampa Bay Lightning,Florida Panthers,0.6453,0.3547,0.6713,0.3689,11
401803260,NHL,2026-02-06 03:00:00+00:00,Vegas Golden Knights,Los Angeles Kings,0.5625,0.4375,0.5864,0.456,11
401803261,NHL,2026-02-26 00:00:00+00:00,New Jersey Devils,Buffalo Sabres,0.5034,0.4966,0.5261,0.5189,11
401803262,NHL,2026-02-26 00:00:00+00:00,Washington Capitals,Philadelphia Flyers,0.5683,0.4317,0.5918,0.4496,11
401803263,NHL,2026-02-26 00:30:00+00:00,Tampa Bay Lightning,Toronto Maple Leafs,0.6635,0.3365,0.6915,0.3507,11
401803264,NHL,2026-02-26 01:00:00+00:00,Dallas Stars,Seattle Kraken,0.6017,0.3983,0.6269,0.415,11
401803265,NHL,2026-02-26 02:00:00+00:00,Utah Mammoth,Colorado Avalanche,0.4774,0.5226,0.4986,0.5459,11
401803266,NHL,2026-02-26 03:00:00+00:00,Vancouver Canucks,Winnipeg Jets,0.4521,0.5479,0.4706,0.5703,11
401803267,NHL,2026-02-26 03:20:00+00:00,Los Angeles Kings,Vegas Golden Knights,0.6158,0.3842,0.641,0.3999,11
401803268,NHL,2026-02-26 03:30:00+00:00,Anaheim Ducks,Edmonton Oilers,0.4598,0.5402,0.4789,0.5627,11
401803269,NHL,2026-02-27 00:00:00+00:00,Boston Bruins,Columbus Blue Jackets,0.5102,0.4898,0.533,0.5117,11
401803271,NHL,2026-02-27 00:00:00+00:00,Ottawa Senators,Detroit Red Wings,0.5822,0.4178,0.6061,0.435,11
401803272,NHL,2026-02-27 00:00:00+00:00,Florida Panthers,Toronto Maple Leafs,0.5897,0.4103,0.6139,0.4271,11
401803273,NHL,2026-02-27 00:00:00+00:00,Pittsburgh Penguins,New Jersey Devils,0.588,0.412,0.6125,0.4291,11
401803274,NHL,2026-02-27 00:00:00+00:00,Carolina Hurricanes,Tampa Bay Lightning,0.5743,0.4257,0.5977,0.4431,11
401803275,NHL,2026-02-27 01:00:00+00:00,New York Rangers,Philadelphia Flyers,0.5642,0.4358,0.5877,0.4539,11
401803277,NHL,2026-02-27 01:00:00+00:00,Nashville Predators,Chicago Blackhawks,0.6044,0.3956,0.6294,0.412,11
401803278,NHL,2026-02-27 02:00:00+00:00,Colorado Avalanche,Minnesota Wild,0.5791,0.4209,0.6023,0.4377,11
401803279,NHL,2026-02-27 03:00:00+00:00,San Jose Sharks,Calgary Flames,0.5443,0.4557,0.5665,0.4742,11
401803280,NHL,2026-02-27 03:30:00+00:00,Los Angeles Kings,Edmonton Oilers,0.4893,0.5107,0.5113,0.5336,11
401803281,NHL,2026-02-28 00:00:00+00:00,Florida Panthers,Buffalo Sabres,0.5146,0.4854,0.538,0.5074,11
401803282,NHL,2026-02-28 00:00:00+00:00,Washington Capitals,Vegas Golden Knights,0.515,0.485,0.5382,0.5068,11
401803283,NHL,2026-02-28 02:00:00+00:00,Utah Mammoth,Minnesota Wild,0.5575,0.4425,0.5808,0.4611,11
401803284,NHL,2026-02-28 03:00:00+00:00,Anaheim Ducks,Winnipeg Jets,0.5582,0.4418,0.5818,0.4604,11
401803285,NHL,2026-02-28 17:30:00+00:00,New York Rangers,Pittsburgh Penguins,0.467,0.533,0.4868,0.5556,11
401803286,NHL,2026-02-28 20:20:00+00:00,Philadelphia Flyers,Boston Bruins,0.5079,0.4921,0.5308,0.5144,11
401803287,NHL,2026-02-28 21:00:00+00:00,San Jose Sharks,Edmonton Oilers,0.4081,0.5919,0.4249,0.6163,11
401803288,NHL,2026-02-28 23:00:00+00:00,Columbus Blue Jackets,New York Islanders,0.5634,0.4366,0.587,0.455,11
401803289,NHL,2026-02-28 23:00:00+00:00,Colorado Avalanche,Chicago Blackhawks,0.7444,0.2556,0.7763,0.2665,11
401803290,NHL,2026-03-01 00:00:00+00:00,Toronto Maple Leafs,Ottawa Senators,0.4505,0.5495,0.4694,0.5727,11
401803292,NHL,2026-03-01 00:00:00+00:00,Tampa Bay Lightning,Buffalo Sabres,0.6818,0.3182,0.7102,0.3314,11
401803293,NHL,2026-03-01 00:00:00+00:00,Carolina Hurricanes,Detroit Red Wings,0.6361,0.3639,0.6615,0.3784,11
401803295,NHL,2026-03-01 00:00:00+00:00,Los Angeles Kings,Calgary Flames,0.5764,0.4236,0.5995,0.4407,11
401803296,NHL,2026-03-01 01:00:00+00:00,Dallas Stars,Nashville Predators,0.5782,0.4218,0.6015,0.4387,11
401803297,NHL,2026-03-01 03:00:00+00:00,Seattle Kraken,Vancouver Canucks,0.5935,0.4065,0.6184,0.4235,11
401803298,NHL,2026-03-01 18:00:00+00:00,Pittsburgh Penguins,Vegas Golden Knights,0.4283,0.5717,0.4458,0.595,11
401803300,NHL,2026-03-01 21:00:00+00:00,Utah Mammoth,Chicago Blackhawks,0.7314,0.2686,0.7624,0.2799,11
401803301,NHL,2026-03-01 21:00:00+00:00,San Jose Sharks,Winnipeg Jets,0.4766,0.5234,0.4973,0.5462,11
401803299,NHL,2026-03-01 23:30:00+00:00,New York Islanders,Florida Panthers,0.4216,0.5784,0.4382,0.6012,11
401803303,NHL,2026-03-02 01:00:00+00:00,Anaheim Ducks,Calgary Flames,0.6206,0.3794,0.6457,0.3948,11
401803306,NHL,2026-03-02 19:00:00+00:00,Nashville Predators,Detroit Red Wings,0.493,0.507,0.5151,0.5297,11
401803304,NHL,2026-03-03 00:00:00+00:00,New York Rangers,Columbus Blue Jackets,0.4834,0.5166,0.505,0.5396,11
401803305,NHL,2026-03-03 00:30:00+00:00,Toronto Maple Leafs,Philadelphia Flyers,0.5421,0.4579,0.5651,0.4774,11
401803307,NHL,2026-03-03 03:00:00+00:00,Vancouver Canucks,Dallas Stars,0.3578,0.6422,0.3726,0.6688,11
401803308,NHL,2026-03-03 03:00:00+00:00,Seattle Kraken,Carolina Hurricanes,0.3785,0.6215,0.3933,0.646,11
401803309,NHL,2026-03-03 03:30:00+00:00,Los Angeles Kings,Colorado Avalanche,0.3854,0.6146,0.401,0.6396,11
401803310,NHL,2026-03-04 00:00:00+00:00,Boston Bruins,Pittsburgh Penguins,0.5251,0.4749,0.5479,0.4954,11
401803311,NHL,2026-03-04 00:00:00+00:00,Buffalo Sabres,Vegas Golden Knights,0.5626,0.4374,0.5861,0.4556,11
401803312,NHL,2026-03-04 00:00:00+00:00,New Jersey Devils,Florida Panthers,0.4799,0.5201,0.501,0.543,11
401803313,NHL,2026-03-04 00:00:00+00:00,Washington Capitals,Utah Mammoth,0.5203,0.4797,0.5431,0.5008,11
401803314,NHL,2026-03-04 00:00:00+00:00,Columbus Blue Jackets,Nashville Predators,0.5509,0.4491,0.5733,0.4674,11
401803315,NHL,2026-03-04 01:00:00+00:00,Winnipeg Jets,Chicago Blackhawks,0.5753,0.4247,0.5982,0.4417,11
401803316,NHL,2026-03-04 02:00:00+00:00,Calgary Flames,Dallas Stars,0.4546,0.5454,0.4732,0.5677,11
401803317,NHL,2026-03-04 02:00:00+00:00,Edmonton Oilers,Ottawa Senators,0.5142,0.4858,0.5375,0.5079,11
401803318,NHL,2026-03-04 02:30:00+00:00,Minnesota Wild,Tampa Bay Lightning,0.4404,0.5596,0.459,0.5833,11
401803319,NHL,2026-03-04 03:00:00+00:00,Anaheim Ducks,Colorado Avalanche,0.4263,0.5737,0.4436,0.5969,11
401803321,NHL,2026-03-05 00:00:00+00:00,Detroit Red Wings,Vegas Golden Knights,0.5548,0.4452,0.5778,0.4636,11
401803322,NHL,2026-03-05 00:00:00+00:00,New Jersey Devils,Toronto Maple Leafs,0.531,0.469,0.5537,0.489,11
401803323,NHL,2026-03-05 03:00:00+00:00,Vancouver Canucks,Carolina Hurricanes,0.2558,0.7442,0.2662,0.7747,11
401803324,NHL,2026-03-05 03:00:00+00:00,Anaheim Ducks,New York Islanders,0.4773,0.5227,0.4981,0.5454,11
401803326,NHL,2026-03-06 00:00:00+00:00,New York Rangers,Toronto Maple Leafs,0.5441,0.4559,0.5662,0.4744,11
401803327,NHL,2026-03-06 00:00:00+00:00,Philadelphia Flyers,Utah Mammoth,0.4731,0.5269,0.4937,0.5499,11
401803328,NHL,2026-03-06 00:00:00+00:00,Pittsburgh Penguins,Buffalo Sabres,0.4907,0.5093,0.5131,0.5325,11
401803329,NHL,2026-03-06 00:00:00+00:00,Columbus Blue Jackets,Florida Panthers,0.5057,0.4943,0.5287,0.5167,11
401803330,NHL,2026-03-06 01:00:00+00:00,Nashville Predators,Boston Bruins,0.4962,0.5038,0.5189,0.5269,11
401803331,NHL,2026-03-06 01:00:00+00:00,Winnipeg Jets,Tampa Bay Lightning,0.3622,0.6378,0.3768,0.6635,11
401803332,NHL,2026-03-06 02:00:00+00:00,Calgary Flames,Ottawa Senators,0.3847,0.6153,0.4003,0.6403,11
401803333,NHL,2026-03-06 02:30:00+00:00,Los Angeles Kings,New York Islanders,0.5282,0.4718,0.5509,0.492,11
401803334,NHL,2026-03-07 00:00:00+00:00,Detroit Red Wings,Florida Panthers,0.5826,0.4174,0.6068,0.4347,11
401803335,NHL,2026-03-07 01:00:00+00:00,Dallas Stars,Colorado Avalanche,0.4749,0.5251,0.4958,0.5482,11
401803336,NHL,2026-03-07 01:30:00+00:00,Chicago Blackhawks,Vancouver Canucks,0.5929,0.4071,0.6176,0.4241,11
401803337,NHL,2026-03-07 02:00:00+00:00,Edmonton Oilers,Carolina Hurricanes,0.4833,0.5167,0.5047,0.5396,11
401803339,NHL,2026-03-07 03:00:00+00:00,Vegas Golden Knights,Minnesota Wild,0.4859,0.5141,0.5075,0.5369,11
401803341,NHL,2026-03-07 17:30:00+00:00,Boston Bruins,Washington Capitals,0.5477,0.4523,0.5699,0.4707,10
401803342,NHL,2026-03-07 20:00:00+00:00,New Jersey Devils,New York Rangers,0.6044,0.3956,0.629,0.4117,11
401803343,NHL,2026-03-07 22:30:00+00:00,Buffalo Sabres,Nashville Predators,0.625,0.375,0.6504,0.3903,11
401803344,NHL,2026-03-07 22:30:00+00:00,Pittsburgh Penguins,Philadelphia Flyers,0.5597,0.4403,0.583,0.4586,11
401803345,NHL,2026-03-08 00:00:00+00:00,Toronto Maple Leafs,Tampa Bay Lightning,0.3477,0.6523,0.362,0.6791,11
401803346,NHL,2026-03-08 00:00:00+00:00,Columbus Blue Jackets,Utah Mammoth,0.4836,0.5164,0.5053,0.5395,11
401803347,NHL,2026-03-08 00:00:00+00:00,Winnipeg Jets,Vancouver Canucks,0.7149,0.2851,0.7443,0.2968,11
401803349,NHL,2026-03-08 03:00:00+00:00,Calgary Flames,Carolina Hurricanes,0.3479,0.6521,0.3621,0.6787,11
401803350,NHL,2026-03-08 03:00:00+00:00,San Jose Sharks,New York Islanders,0.4365,0.5635,0.455,0.5874,11
401803351,NHL,2026-03-08 03:00:00+00:00,Seattle Kraken,Ottawa Senators,0.4056,0.5944,0.4224,0.619,11
401803352,NHL,2026-03-08 18:00:00+00:00,Colorado Avalanche,Minnesota Wild,0.6185,0.3815,0.6441,0.3972,11
401803353,NHL,2026-03-08 20:30:00+00:00,Pittsburgh Penguins,Boston Bruins,0.5326,0.4674,0.555,0.4871,11
401803354,NHL,2026-03-08 22:00:00+00:00,Buffalo Sabres,Tampa Bay Lightning,0.4806,0.5194,0.502,0.5425,11
401803355,NHL,2026-03-08 22:00:00+00:00,Dallas Stars,Chicago Blackhawks,0.7299,0.2701,0.7602,0.2813,11
401803356,NHL,2026-03-08 23:00:00+00:00,New Jersey Devils,Detroit Red Wings,0.4881,0.5119,0.5101,0.5349,11
401803358,NHL,2026-03-09 01:45:00+00:00,Vegas Golden Knights,Edmonton Oilers,0.4998,0.5002,0.5224,0.5229,11
401857755,NHL,2026-03-09 20:00:00+00:00,Columbus Blue Jackets,Los Angeles Kings,0.5885,0.4115,0.6125,0.4283,11
401803359,NHL,2026-03-09 23:00:00+00:00,Philadelphia Flyers,New York Rangers,0.5595,0.4405,0.5827,0.4588,11
401803360,NHL,2026-03-09 23:00:00+00:00,Washington Capitals,Calgary Flames,0.6313,0.3687,0.6572,0.3837,11
401803361,NHL,2026-03-10 00:30:00+00:00,Chicago Blackhawks,Utah Mammoth,0.3346,0.6654,0.3487,0.6932,11
401803362,NHL,2026-03-10 01:00:00+00:00,Vancouver Canucks,Ottawa Senators,0.3288,0.6712,0.3424,0.6989,11
401803363,NHL,2026-03-10 23:00:00+00:00,Boston Bruins,Los Angeles Kings,0.5907,0.4093,0.6153,0.4262,11
401803364,NHL,2026-03-10 23:00:00+00:00,Buffalo Sabres,San Jose Sharks,0.6436,0.3564,0.6692,0.3706,11
401803366,NHL,2026-03-10 23:00:00+00:00,Tampa Bay Lightning,Columbus Blue Jackets,0.6766,0.3234,0.7038,0.3365,11
401803367,NHL,2026-03-10 23:00:00+00:00,Florida Panthers,Detroit Red Wings,0.4952,0.5048,0.5176,0.5277,11
401803368,NHL,2026-03-10 23:00:00+00:00,New York Rangers,Calgary Flames,0.5286,0.4714,0.5512,0.4916,11
401803369,NHL,2026-03-10 23:00:00+00:00,Carolina Hurricanes,Pittsburgh Penguins,0.6429,0.3571,0.6687,0.3715,11
401803371,NHL,2026-03-11 00:00:00+00:00,Dallas Stars,Vegas Golden Knights,0.582,0.418,0.6059,0.4352,11
401803372,NHL,2026-03-11 00:00:00+00:00,Minnesota Wild,Utah Mammoth,0.5914,0.4086,0.6157,0.4253,11
401803373,NHL,2026-03-11 00:30:00+00:00,Winnipeg Jets,Anaheim Ducks,0.5546,0.4454,0.5781,0.4642,11
401803374,NHL,2026-03-11 02:00:00+00:00,Colorado Avalanche,Edmonton Oilers,0.6124,0.3876,0.6378,0.4037,11
401803375,NHL,2026-03-11 02:00:00+00:00,Seattle Kraken,Nashville Predators,0.5013,0.4987,0.5239,0.5212,11
401803377,NHL,2026-03-11 23:30:00+00:00,Philadelphia Flyers,Washington Capitals,0.4512,0.5488,0.4698,0.5715,11
401803378,NHL,2026-03-12 23:00:00+00:00,Boston Bruins,San Jose Sharks,0.5886,0.4114,0.6127,0.4282,11
401803379,NHL,2026-03-12 23:00:00+00:00,Buffalo Sabres,Washington Capitals,0.6496,0.3504,0.6767,0.3651,11
401803380,NHL,2026-03-12 23:00:00+00:00,Toronto Maple Leafs,Anaheim Ducks,0.5045,0.4955,0.5274,0.518,11
401803381,NHL,2026-03-12 23:00:00+00:00,Tampa Bay Lightning,Detroit Red Wings,0.6591,0.3409,0.6867,0.3552,11
401803382,NHL,2026-03-12 23:00:00+00:00,Florida Panthers,Columbus Blue Jackets,0.4661,0.5339,0.4858,0.5565,11
401803383,NHL,2026-03-12 23:00:00+00:00,New Jersey Devils,Calgary Flames,0.6301,0.3699,0.656,0.3851,11
401803385,NHL,2026-03-13 00:00:00+00:00,Dallas Stars,Edmonton Oilers,0.5396,0.4604,0.5621,0.4796,11
401803386,NHL,2026-03-13 00:00:00+00:00,Minnesota Wild,Philadelphia Flyers,0.665,0.335,0.6928,0.349,11
401803387,NHL,2026-03-13 00:00:00+00:00,Winnipeg Jets,New York Rangers,0.5794,0.4206,0.6025,0.4374,11
401803388,NHL,2026-03-13 01:00:00+00:00,Utah Mammoth,Chicago Blackhawks,0.6668,0.3332,0.6954,0.3475,11
401803389,NHL,2026-03-13 02:00:00+00:00,Vancouver Canucks,Nashville Predators,0.4007,0.5993,0.4167,0.6233,11
401803390,NHL,2026-03-13 02:00:00+00:00,Vegas Golden Knights,Pittsburgh Penguins,0.6116,0.3884,0.6366,0.4044,11
401803391,NHL,2026-03-13 02:00:00+00:00,Seattle Kraken,Colorado Avalanche,0.3564,0.6436,0.3708,0.6696,11
401803392,NHL,2026-03-13 23:00:00+00:00,New York Islanders,Los Angeles Kings,0.5625,0.4375,0.5861,0.4558,11
401803394,NHL,2026-03-14 17:00:00+00:00,Ottawa Senators,Anaheim Ducks,0.6157,0.3843,0.6404,0.3997,11
401803395,NHL,2026-03-14 19:00:00+00:00,Washington Capitals,Boston Bruins,0.5431,0.4569,0.5659,0.476,11
401803396,NHL,2026-03-14 20:00:00+00:00,Winnipeg Jets,Colorado Avalanche,0.3769,0.6231,0.3926,0.6491,11
401803397,NHL,2026-03-14 22:00:00+00:00,Minnesota Wild,New York Rangers,0.6348,0.3652,0.6607,0.3802,11
401803398,NHL,2026-03-14 23:00:00+00:00,Buffalo Sabres,Toronto Maple Leafs,0.6724,0.3276,0.7003,0.3412,11
401803400,NHL,2026-03-14 23:00:00+00:00,Tampa Bay Lightning,Carolina Hurricanes,0.5358,0.4642,0.5587,0.484,11
401803401,NHL,2026-03-14 23:00:00+00:00,New Jersey Devils,Los Angeles Kings,0.5815,0.4185,0.6058,0.4359,11
401803402,NHL,2026-03-14 23:00:00+00:00,New York Islanders,Calgary Flames,0.573,0.427,0.5963,0.4444,11
401803403,NHL,2026-03-14 23:30:00+00:00,Philadelphia Flyers,Columbus Blue Jackets,0.4406,0.5594,0.4596,0.5836,11
401803404,NHL,2026-03-15 00:00:00+00:00,Dallas Stars,Detroit Red Wings,0.632,0.368,0.6575,0.3829,11
401803405,NHL,2026-03-15 01:00:00+00:00,Utah Mammoth,Pittsburgh Penguins,0.578,0.422,0.6016,0.4392,11
401803406,NHL,2026-03-15 02:00:00+00:00,Vancouver Canucks,Seattle Kraken,0.4335,0.5665,0.4518,0.5905,11
401803407,NHL,2026-03-15 02:00:00+00:00,Vegas Golden Knights,Chicago Blackhawks,0.6651,0.3349,0.6933,0.3491,11
401803409,NHL,2026-03-15 21:00:00+00:00,Ottawa Senators,San Jose Sharks,0.6405,0.3595,0.6668,0.3742,11
401803411,NHL,2026-03-15 23:30:00+00:00,Minnesota Wild,Toronto Maple Leafs,0.6919,0.3081,0.7214,0.3212,11
401803412,NHL,2026-03-16 00:00:00+00:00,Edmonton Oilers,Nashville Predators,0.6248,0.3752,0.6503,0.3904,11
401803413,NHL,2026-03-16 00:00:00+00:00,Seattle Kraken,Florida Panthers,0.4665,0.5335,0.4862,0.5559,11
401803414,NHL,2026-03-16 23:00:00+00:00,Detroit Red Wings,Calgary Flames,0.6203,0.3797,0.6448,0.3947,11
401803415,NHL,2026-03-16 23:00:00+00:00,New Jersey Devils,Boston Bruins,0.5325,0.4675,0.5548,0.487,11
401803416,NHL,2026-03-16 23:00:00+00:00,New York Rangers,Los Angeles Kings,0.4946,0.5054,0.517,0.5282,11
401803417,NHL,2026-03-17 00:00:00+00:00,Dallas Stars,Utah Mammoth,0.5936,0.4064,0.6184,0.4234,11
401803418,NHL,2026-03-17 01:50:00+00:00,Colorado Avalanche,Pittsburgh Penguins,0.6617,0.3383,0.6894,0.3525,11
401803419,NHL,2026-03-17 23:00:00+00:00,Toronto Maple Leafs,New York Islanders,0.4152,0.5848,0.4325,0.6092,11
401803421,NHL,2026-03-17 23:00:00+00:00,Columbus Blue Jackets,Carolina Hurricanes,0.4758,0.5242,0.4969,0.5474,11
401803423,NHL,2026-03-17 23:30:00+00:00,Chicago Blackhawks,Minnesota Wild,0.3851,0.6149,0.401,0.6403,11
401803422,NHL,2026-03-18 00:00:00+00:00,Winnipeg Jets,Nashville Predators,0.5423,0.4577,0.5644,0.4764,11
401803424,NHL,2026-03-18 01:00:00+00:00,Edmonton Oilers,San Jose Sharks,0.5927,0.4073,0.6172,0.4241,11
401803425,NHL,2026-03-18 02:00:00+00:00,Vancouver Canucks,Florida Panthers,0.4123,0.5877,0.4294,0.6122,11
401803426,NHL,2026-03-18 02:00:00+00:00,Vegas Golden Knights,Buffalo Sabres,0.5522,0.4478,0.5754,0.4666,11
401803427,NHL,2026-03-18 02:00:00+00:00,Seattle Kraken,Tampa Bay Lightning,0.374,0.626,0.3889,0.651,11
401803428,NHL,2026-03-18 23:00:00+00:00,New York Rangers,New Jersey Devils,0.4685,0.5315,0.4889,0.5545,11
401803429,NHL,2026-03-18 23:00:00+00:00,Carolina Hurricanes,Pittsburgh Penguins,0.5498,0.4502,0.5721,0.4685,11
401803430,NHL,2026-03-18 23:30:00+00:00,Washington Capitals,Ottawa Senators,0.4488,0.5512,0.4673,0.5739,11
401803431,NHL,2026-03-19 01:30:00+00:00,Colorado Avalanche,Dallas Stars,0.5611,0.4389,0.5849,0.4574,11
401803433,NHL,2026-03-19 02:00:00+00:00,Anaheim Ducks,Philadelphia Flyers,0.5787,0.4213,0.6015,0.4378,11
401803434,NHL,2026-03-19 23:00:00+00:00,Boston Bruins,Winnipeg Jets,0.5641,0.4359,0.588,0.4542,11
401803435,NHL,2026-03-19 23:00:00+00:00,Ottawa Senators,New York Islanders,0.5328,0.4672,0.5554,0.487,11
401803437,NHL,2026-03-19 23:00:00+00:00,Columbus Blue Jackets,New York Rangers,0.6602,0.3398,0.6876,0.3539,11
401803439,NHL,2026-03-19 23:30:00+00:00,Minnesota Wild,Chicago Blackhawks,0.659,0.341,0.6864,0.3552,11
401803438,NHL,2026-03-20 00:00:00+00:00,Nashville Predators,Seattle Kraken,0.5245,0.4755,0.5478,0.4967,11
401803440,NHL,2026-03-20 01:00:00+00:00,Edmonton Oilers,Florida Panthers,0.5905,0.4095,0.6152,0.4267,11
401803441,NHL,2026-03-20 02:00:00+00:00,Vancouver Canucks,Tampa Bay Lightning,0.265,0.735,0.2763,0.7661,11
401803442,NHL,2026-03-20 02:00:00+00:00,Vegas Golden Knights,Utah Mammoth,0.5512,0.4488,0.5739,0.4673,11
401803443,NHL,2026-03-20 02:00:00+00:00,San Jose Sharks,Buffalo Sabres,0.4344,0.5656,0.4524,0.5891,11
401803444,NHL,2026-03-20 02:30:00+00:00,Los Angeles Kings,Philadelphia Flyers,0.6125,0.3875,0.6373,0.4033,11
401803445,NHL,2026-03-20 23:00:00+00:00,Toronto Maple Leafs,Carolina Hurricanes,0.3368,0.6632,0.351,0.6911,11
401803446,NHL,2026-03-20 23:00:00+00:00,Washington Capitals,New Jersey Devils,0.5354,0.4646,0.5582,0.4844,11
401803447,NHL,2026-03-21 00:30:00+00:00,Chicago Blackhawks,Colorado Avalanche,0.2622,0.7378,0.2733,0.7693,11
401803448,NHL,2026-03-21 01:00:00+00:00,Calgary Flames,Florida Panthers,0.5163,0.4837,0.539,0.5051,11
401803449,NHL,2026-03-21 02:00:00+00:00,Utah Mammoth,Anaheim Ducks,0.5601,0.4399,0.5841,0.4588,11
401803450,NHL,2026-03-21 17:00:00+00:00,Pittsburgh Penguins,Winnipeg Jets,0.5926,0.4074,0.6174,0.4244,11
401803451,NHL,2026-03-21 18:00:00+00:00,Nashville Predators,Vegas Golden Knights,0.4212,0.5788,0.4381,0.6019,11
401803452,NHL,2026-03-21 20:00:00+00:00,Minnesota Wild,Dallas Stars,0.446,0.554,0.465,0.5775,11
401803453,NHL,2026-03-21 20:00:00+00:00,Los Angeles Kings,Buffalo Sabres,0.4581,0.5419,0.4774,0.5647,11
401803454,NHL,2026-03-21 20:00:00+00:00,San Jose Sharks,Philadelphia Flyers,0.5289,0.4711,0.5517,0.4914,11
401803455,NHL,2026-03-21 21:00:00+00:00,Columbus Blue Jackets,Seattle Kraken,0.6204,0.3796,0.6456,0.3949,11
401803457,NHL,2026-03-21 23:00:00+00:00,Ottawa Senators,Toronto Maple Leafs,0.729,0.271,0.7602,0.2826,11
401803459,NHL,2026-03-22 00:00:00+00:00,Detroit Red Wings,Boston Bruins,0.5238,0.4762,0.5468,0.4972,11
401803460,NHL,2026-03-22 02:00:00+00:00,Edmonton Oilers,Tampa Bay Lightning,0.4479,0.5521,0.4665,0.5751,11
401803461,NHL,2026-03-22 16:00:00+00:00,New York Rangers,Winnipeg Jets,0.5161,0.4839,0.5388,0.5052,11
401803462,NHL,2026-03-22 16:30:00+00:00,Washington Capitals,Colorado Avalanche,0.3953,0.6047,0.4112,0.629,11
401803463,NHL,2026-03-22 19:00:00+00:00,Pittsburgh Penguins,Carolina Hurricanes,0.4342,0.5658,0.4522,0.5892,11
401803464,NHL,2026-03-22 19:00:00+00:00,Chicago Blackhawks,Nashville Predators,0.4934,0.5066,0.5157,0.5294,11
401803465,NHL,2026-03-22 23:00:00+00:00,New York Islanders,Columbus Blue Jackets,0.4718,0.5282,0.4923,0.5512,11
401803466,NHL,2026-03-22 23:00:00+00:00,Dallas Stars,Vegas Golden Knights,0.5625,0.4375,0.5862,0.4559,11
401803467,NHL,2026-03-23 00:00:00+00:00,Calgary Flames,Tampa Bay Lightning,0.3936,0.6064,0.4095,0.6308,11
401803468,NHL,2026-03-23 00:00:00+00:00,Anaheim Ducks,Buffalo Sabres,0.4808,0.5192,0.5022,0.5422,11
401803469,NHL,2026-03-23 01:00:00+00:00,Utah Mammoth,Los Angeles Kings,0.6123,0.3877,0.6373,0.4036,11
401803470,NHL,2026-03-23 23:30:00+00:00,New York Rangers,Ottawa Senators,0.3728,0.6272,0.3878,0.6525,11
401803471,NHL,2026-03-24 23:00:00+00:00,Boston Bruins,Toronto Maple Leafs,0.6422,0.3578,0.6684,0.3724,11
401803473,NHL,2026-03-24 23:00:00+00:00,Detroit Red Wings,Ottawa Senators,0.542,0.458,0.5645,0.4769,11
401803474,NHL,2026-03-24 23:00:00+00:00,Florida Panthers,Seattle Kraken,0.5461,0.4539,0.5685,0.4726,11
401803475,NHL,2026-03-24 23:00:00+00:00,New York Islanders,Chicago Blackhawks,0.6013,0.3987,0.6259,0.4149,11
401803476,NHL,2026-03-24 23:00:00+00:00,Philadelphia Flyers,Columbus Blue Jackets,0.447,0.553,0.4656,0.576,11
401803477,NHL,2026-03-24 23:00:00+00:00,Pittsburgh Penguins,Colorado Avalanche,0.3973,0.6027,0.4137,0.6277,11
401803478,NHL,2026-03-24 23:30:00+00:00,Tampa Bay Lightning,Minnesota Wild,0.5897,0.4103,0.6143,0.4275,11
401803480,NHL,2026-03-25 00:00:00+00:00,Nashville Predators,San Jose Sharks,0.5552,0.4448,0.579,0.4638,11
401803481,NHL,2026-03-25 00:00:00+00:00,Dallas Stars,New Jersey Devils,0.6025,0.3975,0.6269,0.4136,11
401803482,NHL,2026-03-25 00:00:00+00:00,Winnipeg Jets,Vegas Golden Knights,0.4582,0.5418,0.4774,0.5645,11
401803484,NHL,2026-03-25 01:00:00+00:00,Calgary Flames,Los Angeles Kings,0.4316,0.5684,0.4496,0.5921,11
401803483,NHL,2026-03-25 01:30:00+00:00,Utah Mammoth,Edmonton Oilers,0.5473,0.4527,0.5697,0.4712,11
401803485,NHL,2026-03-25 02:00:00+00:00,Vancouver Canucks,Anaheim Ducks,0.3797,0.6203,0.3947,0.6448,11
401803486,NHL,2026-03-25 23:30:00+00:00,Buffalo Sabres,Boston Bruins,0.653,0.347,0.68,0.3614,11
401803487,NHL,2026-03-25 23:30:00+00:00,Toronto Maple Leafs,New York Rangers,0.4461,0.5539,0.465,0.5772,11
401803489,NHL,2026-03-26 23:00:00+00:00,Ottawa Senators,Pittsburgh Penguins,0.5739,0.4261,0.5972,0.4434,11
401803490,NHL,2026-03-26 23:00:00+00:00,Tampa Bay Lightning,Seattle Kraken,0.7166,0.2834,0.7463,0.2951,11
401803491,NHL,2026-03-26 23:00:00+00:00,Florida Panthers,Minnesota Wild,0.4061,0.5939,0.4232,0.6188,11
401803492,NHL,2026-03-26 23:00:00+00:00,New York Islanders,Dallas Stars,0.4722,0.5278,0.4926,0.5505,11
401803493,NHL,2026-03-26 23:00:00+00:00,Philadelphia Flyers,Chicago Blackhawks,0.569,0.431,0.5925,0.4487,11
401803495,NHL,2026-03-27 00:00:00+00:00,Nashville Predators,New Jersey Devils,0.505,0.495,0.5282,0.5177,11
401803496,NHL,2026-03-27 00:00:00+00:00,Winnipeg Jets,Colorado Avalanche,0.3784,0.6216,0.3937,0.6467,11
401803497,NHL,2026-03-27 01:00:00+00:00,Utah Mammoth,Washington Capitals,0.55,0.45,0.5724,0.4684,11
401803498,NHL,2026-03-27 01:00:00+00:00,Calgary Flames,Anaheim Ducks,0.4548,0.5452,0.4731,0.5671,11
401803499,NHL,2026-03-27 01:30:00+00:00,Vegas Golden Knights,Edmonton Oilers,0.5531,0.4469,0.5763,0.4655,11
401803500,NHL,2026-03-27 02:00:00+00:00,Vancouver Canucks,Los Angeles Kings,0.3804,0.6196,0.3957,0.6446,11
401803501,NHL,2026-03-27 23:00:00+00:00,Buffalo Sabres,Detroit Red Wings,0.562,0.438,0.5859,0.4565,11
401803502,NHL,2026-03-27 23:00:00+00:00,New York Rangers,Chicago Blackhawks,0.6127,0.3873,0.6378,0.4031,11
401803503,NHL,2026-03-28 17:00:00+00:00,Tampa Bay Lightning,Ottawa Senators,0.5555,0.4445,0.5791,0.4634,11
401803504,NHL,2026-03-28 17:00:00+00:00,New York Islanders,Florida Panthers,0.64,0.36,0.6659,0.3746,11
401803505,NHL,2026-03-28 19:30:00+00:00,Edmonton Oilers,Anaheim Ducks,0.568,0.432,0.5911,0.4496,11
401803506,NHL,2026-03-28 21:00:00+00:00,Boston Bruins,Minnesota Wild,0.4835,0.5165,0.5053,0.5399,11
401803507,NHL,2026-03-28 21:00:00+00:00,Pittsburgh Penguins,Dallas Stars,0.449,0.551,0.4681,0.5745,11
401803508,NHL,2026-03-28 21:00:00+00:00,Carolina Hurricanes,New Jersey Devils,0.6458,0.3542,0.6716,0.3683,11
401803509,NHL,2026-03-28 21:00:00+00:00,Columbus Blue Jackets,San Jose Sharks,0.6322,0.3678,0.6576,0.3826,11
401803510,NHL,2026-03-28 21:30:00+00:00,Buffalo Sabres,Seattle Kraken,0.6312,0.3688,0.6561,0.3834,11
401803513,NHL,2026-03-28 23:00:00+00:00,Colorado Avalanche,Winnipeg Jets,0.7039,0.2961,0.7339,0.3087,11
401803514,NHL,2026-03-29 00:00:00+00:00,Detroit Red Wings,Philadelphia Flyers,0.5413,0.4587,0.5645,0.4784,11
401803515,NHL,2026-03-29 01:00:00+00:00,Los Angeles Kings,Utah Mammoth,0.5072,0.4928,0.5302,0.515,11
401803516,NHL,2026-03-29 02:00:00+00:00,Calgary Flames,Vancouver Canucks,0.6009,0.3991,0.6258,0.4156,11
401803517,NHL,2026-03-29 02:30:00+00:00,Vegas Golden Knights,Washington Capitals,0.5791,0.4209,0.6025,0.438,11
401803518,NHL,2026-03-29 17:00:00+00:00,New York Rangers,Florida Panthers,0.618,0.382,0.6429,0.3974,11
401803519,NHL,2026-03-29 21:00:00+00:00,Tampa Bay Lightning,Nashville Predators,0.6164,0.3836,0.6412,0.399,11
401803521,NHL,2026-03-29 21:00:00+00:00,Columbus Blue Jackets,Boston Bruins,0.5873,0.4127,0.6112,0.4294,11
401803522,NHL,2026-03-29 23:00:00+00:00,New Jersey Devils,Chicago Blackhawks,0.6003,0.3997,0.6247,0.4159,11
401803523,NHL,2026-03-29 23:00:00+00:00,Philadelphia Flyers,Dallas Stars,0.3905,0.6095,0.4064,0.6344,11
401803524,NHL,2026-03-30 23:00:00+00:00,New York Islanders,Pittsburgh Penguins,0.5455,0.4545,0.568,0.4732,11
401803525,NHL,2026-03-31 00:30:00+00:00,Colorado Avalanche,Calgary Flames,0.7626,0.2374,0.7949,0.2474,11
401803526,NHL,2026-03-31 02:00:00+00:00,Vegas Golden Knights,Vancouver Canucks,0.7474,0.2526,0.7785,0.2631,11
401803527,NHL,2026-03-31 02:00:00+00:00,Anaheim Ducks,Toronto Maple Leafs,0.6255,0.3745,0.6506,0.3895,11
401803529,NHL,2026-03-31 23:00:00+00:00,Boston Bruins,Dallas Stars,0.4548,0.5452,0.4733,0.5673,11
401803530,NHL,2026-03-31 23:00:00+00:00,Buffalo Sabres,New York Islanders,0.606,0.394,0.6308,0.4101,11
401803532,NHL,2026-03-31 23:00:00+00:00,Florida Panthers,Ottawa Senators,0.3804,0.6196,0.3956,0.6445,11
401803533,NHL,2026-03-31 23:00:00+00:00,New York Rangers,New Jersey Devils,0.4662,0.5338,0.486,0.5565,11
401803534,NHL,2026-03-31 23:00:00+00:00,Pittsburgh Penguins,Detroit Red Wings,0.5016,0.4984,0.5244,0.521,11
401803535,NHL,2026-03-31 23:00:00+00:00,Washington Capitals,Philadelphia Flyers,0.5337,0.4663,0.5562,0.4859,11
401803536,NHL,2026-03-31 23:30:00+00:00,Columbus Blue Jackets,Carolina Hurricanes,0.4565,0.5435,0.4752,0.5657,11
401803537,NHL,2026-04-01 00:30:00+00:00,Chicago Blackhawks,Winnipeg Jets,0.4234,0.5766,0.4403,0.5995,11
401803538,NHL,2026-04-01 01:00:00+00:00,Edmonton Oilers,Seattle Kraken,0.623,0.377,0.6486,0.3925,9
401803539,NHL,2026-04-02 00:30:00+00:00,Colorado Avalanche,Vancouver Canucks,0.7935,0.2065,0.8284,0.2156,11
401803541,NHL,2026-04-02 01:00:00+00:00,San Jose Sharks,Anaheim Ducks,0.4999,0.5001,0.5229,0.5232,11
401803542,NHL,2026-04-02 23:00:00+00:00,Ottawa Senators,Buffalo Sabres,0.5198,0.4802,0.543,0.5017,11
401803543,NHL,2026-04-02 23:00:00+00:00,Tampa Bay Lightning,Pittsburgh Penguins,0.5941,0.4059,0.6188,0.4227,11
401803544,NHL,2026-04-02 23:00:00+00:00,Florida Panthers,Boston Bruins,0.4001,0.5999,0.4163,0.6243,10
401803547,NHL,2026-04-02 23:00:00+00:00,Philadelphia Flyers,Detroit Red Wings,0.496,0.504,0.5182,0.5266,11
401803548,NHL,2026-04-02 23:00:00+00:00,Carolina Hurricanes,Columbus Blue Jackets,0.6314,0.3686,0.6568,0.3834,11
401803545,NHL,2026-04-02 23:30:00+00:00,New Jersey Devils,Washington Capitals,0.5031,0.4969,0.5259,0.5194,11
401803549,NHL,2026-04-03 00:00:00+00:00,Dallas Stars,Winnipeg Jets,0.5836,0.4164,0.6075,0.4335,11
401803550,NHL,2026-04-03 00:00:00+00:00,Minnesota Wild,Vancouver Canucks,0.7819,0.2181,0.8156,0.2275,11
401803551,NHL,2026-04-03 01:00:00+00:00,Edmonton Oilers,Chicago Blackhawks,0.6623,0.3377,0.6903,0.3519,11
401803552,NHL,2026-04-03 02:00:00+00:00,Vegas Golden Knights,Calgary Flames,0.6736,0.3264,0.7021,0.3403,11
401803553,NHL,2026-04-03 02:00:00+00:00,San Jose Sharks,Toronto Maple Leafs,0.5526,0.4474,0.5757,0.4661,11
401803554,NHL,2026-04-03 02:00:00+00:00,Seattle Kraken,Utah Mammoth,0.4355,0.5645,0.4535,0.588,11
401803555,NHL,2026-04-03 02:30:00+00:00,Los Angeles Kings,Nashville Predators,0.5303,0.4697,0.5528,0.4896,11
401803556,NHL,2026-04-03 23:00:00+00:00,New York Islanders,Philadelphia Flyers,0.578,0.422,0.6012,0.439,11
401803558,NHL,2026-04-04 16:30:00+00:00,New York Rangers,Detroit Red Wings,0.4338,0.5662,0.4522,0.5902,11
401803559,NHL,2026-04-04 17:00:00+00:00,Ottawa Senators,Minnesota Wild,0.5393,0.4607,0.5619,0.4799,11
401803560,NHL,2026-04-04 19:00:00+00:00,Dallas Stars,Colorado Avalanche,0.4767,0.5233,0.4974,0.546,10
401803561,NHL,2026-04-04 21:00:00+00:00,Tampa Bay Lightning,Boston Bruins,0.6129,0.3871,0.6371,0.4024,11
401803562,NHL,2026-04-04 21:00:00+00:00,Pittsburgh Penguins,Florida Panthers,0.6761,0.3239,0.7043,0.3374,11
401803564,NHL,2026-04-04 23:00:00+00:00,Washington Capitals,Buffalo Sabres,0.4861,0.5139,0.508,0.537,11
401803565,NHL,2026-04-04 23:00:00+00:00,Carolina Hurricanes,New York Islanders,0.6902,0.3098,0.7196,0.323,11
401803566,NHL,2026-04-04 23:00:00+00:00,Columbus Blue Jackets,Winnipeg Jets,0.5698,0.4302,0.5931,0.4478,11
401803567,NHL,2026-04-04 23:00:00+00:00,Vancouver Canucks,Utah Mammoth,0.3333,0.6667,0.3478,0.6958,11
401803568,NHL,2026-04-04 23:00:00+00:00,Los Angeles Kings,Toronto Maple Leafs,0.6405,0.3595,0.666,0.3737,11
401803569,NHL,2026-04-05 02:00:00+00:00,Edmonton Oilers,Vegas Golden Knights,0.5056,0.4944,0.5284,0.5167,11
401803570,NHL,2026-04-05 02:00:00+00:00,Anaheim Ducks,Calgary Flames,0.5795,0.4205,0.6028,0.4375,11
401803571,NHL,2026-04-05 02:00:00+00:00,San Jose Sharks,Nashville Predators,0.5215,0.4785,0.5444,0.4994,11
401803572,NHL,2026-04-05 02:00:00+00:00,Seattle Kraken,Chicago Blackhawks,0.6064,0.3936,0.6312,0.4097,11
401803573,NHL,2026-04-05 17:00:00+00:00,Detroit Red Wings,Minnesota Wild,0.4521,0.5479,0.4706,0.5703,11
401803574,NHL,2026-04-05 19:00:00+00:00,Pittsburgh Penguins,Florida Panthers,0.6735,0.3265,0.702,0.3403,11
401803575,NHL,2026-04-05 19:30:00+00:00,Philadelphia Flyers,Boston Bruins,0.5773,0.4227,0.6005,0.4396,11
401803576,NHL,2026-04-05 21:00:00+00:00,Ottawa Senators,Carolina Hurricanes,0.4752,0.5248,0.4958,0.5477,11
401803578,NHL,2026-04-05 23:00:00+00:00,New York Rangers,Washington Capitals,0.4922,0.5078,0.5146,0.5308,11
401803580,NHL,2026-04-06 23:00:00+00:00,Buffalo Sabres,Tampa Bay Lightning,0.4832,0.5168,0.505,0.5401,11
401803581,NHL,2026-04-06 23:30:00+00:00,Winnipeg Jets,Seattle Kraken,0.6024,0.3976,0.6265,0.4136,11
401803582,NHL,2026-04-07 02:00:00+00:00,San Jose Sharks,Chicago Blackhawks,0.589,0.411,0.6137,0.4283,11
401803583,NHL,2026-04-07 02:30:00+00:00,Los Angeles Kings,Nashville Predators,0.5509,0.4491,0.5736,0.4675,11
401803585,NHL,2026-04-07 23:00:00+00:00,Ottawa Senators,Tampa Bay Lightning,0.5566,0.4434,0.5802,0.4623,11
401803586,NHL,2026-04-07 23:00:00+00:00,Detroit Red Wings,Columbus Blue Jackets,0.5027,0.4973,0.5254,0.5199,11
401803587,NHL,2026-04-07 23:00:00+00:00,New Jersey Devils,Philadelphia Flyers,0.5273,0.4727,0.55,0.4931,11
401803588,NHL,2026-04-07 23:00:00+00:00,Carolina Hurricanes,Boston Bruins,0.6227,0.3773,0.6479,0.3927,11
401803590,NHL,2026-04-08 00:00:00+00:00,Dallas Stars,Calgary Flames,0.6852,0.3148,0.7134,0.3277,11
401803591,NHL,2026-04-08 00:00:00+00:00,Minnesota Wild,Seattle Kraken,0.6915,0.3085,0.7204,0.3215,11
401803592,NHL,2026-04-08 01:30:00+00:00,Utah Mammoth,Edmonton Oilers,0.5561,0.4439,0.5793,0.4625,11
401803593,NHL,2026-04-08 02:00:00+00:00,Vancouver Canucks,Vegas Golden Knights,0.3075,0.6925,0.3204,0.7214,11
401803594,NHL,2026-04-08 02:00:00+00:00,Anaheim Ducks,Nashville Predators,0.5687,0.4313,0.5924,0.4493,11
401803595,NHL,2026-04-08 23:00:00+00:00,New York Rangers,Buffalo Sabres,0.4368,0.5632,0.455,0.5867,11
401803596,NHL,2026-04-08 23:30:00+00:00,Toronto Maple Leafs,Washington Capitals,0.4156,0.5844,0.433,0.6088,11
401803597,NHL,2026-04-09 02:00:00+00:00,San Jose Sharks,Edmonton Oilers,0.5008,0.4992,0.5235,0.5218,11
401803603,NHL,2026-04-09 22:45:00+00:00,New York Islanders,Toronto Maple Leafs,0.7145,0.2855,0.7448,0.2976,11
401803598,NHL,2026-04-09 23:00:00+00:00,Buffalo Sabres,Columbus Blue Jackets,0.4891,0.5109,0.5108,0.5336,11
401803600,NHL,2026-04-09 23:00:00+00:00,Ottawa Senators,Florida Panthers,0.7635,0.2365,0.7954,0.2464,11
401803601,NHL,2026-04-09 23:00:00+00:00,Detroit Red Wings,Philadelphia Flyers,0.5158,0.4842,0.5385,0.5056,11
401803602,NHL,2026-04-09 23:00:00+00:00,New Jersey Devils,Pittsburgh Penguins,0.4958,0.5042,0.5182,0.5269,11
401803606,NHL,2026-04-10 00:30:00+00:00,Chicago Blackhawks,Carolina Hurricanes,0.3797,0.6203,0.3952,0.6456,11
401803605,NHL,2026-04-10 01:00:00+00:00,Dallas Stars,Minnesota Wild,0.5307,0.4693,0.5531,0.4891,11
401803607,NHL,2026-04-10 01:00:00+00:00,Colorado Avalanche,Calgary Flames,0.7407,0.2593,0.7725,0.2705,11
401803608,NHL,2026-04-10 01:00:00+00:00,Utah Mammoth,Nashville Predators,0.6078,0.3922,0.6326,0.4083,11
401803609,NHL,2026-04-10 02:00:00+00:00,Anaheim Ducks,San Jose Sharks,0.599,0.401,0.6236,0.4174,11
401803610,NHL,2026-04-10 02:00:00+00:00,Seattle Kraken,Vegas Golden Knights,0.3682,0.6318,0.383,0.6572,11
401803611,NHL,2026-04-10 02:30:00+00:00,Los Angeles Kings,Vancouver Canucks,0.709,0.291,0.7383,0.303,11
401803612,NHL,2026-04-11 16:30:00+00:00,Boston Bruins,Tampa Bay Lightning,0.4793,0.5207,0.5008,0.5441,10
401803613,NHL,2026-04-11 17:00:00+00:00,New York Islanders,Ottawa Senators,0.4554,0.5446,0.4748,0.5678,11
401803614,NHL,2026-04-11 19:00:00+00:00,Pittsburgh Penguins,Washington Capitals,0.4215,0.5785,0.4383,0.6015,11
401803615,NHL,2026-04-11 20:00:00+00:00,Los Angeles Kings,Edmonton Oilers,0.516,0.484,0.5391,0.5056,11
401803616,NHL,2026-04-11 21:00:00+00:00,Detroit Red Wings,New Jersey Devils,0.5539,0.4461,0.5775,0.4652,11
401803618,NHL,2026-04-11 21:00:00+00:00,Nashville Predators,Minnesota Wild,0.4941,0.5059,0.5165,0.5289,11
401803619,NHL,2026-04-11 21:00:00+00:00,Dallas Stars,New York Rangers,0.6178,0.3822,0.643,0.3979,11
401803620,NHL,2026-04-11 21:00:00+00:00,Utah Mammoth,Carolina Hurricanes,0.5367,0.4633,0.5596,0.483,11
401803621,NHL,2026-04-11 23:00:00+00:00,Toronto Maple Leafs,Florida Panthers,0.5778,0.4222,0.6013,0.4394,11
401803623,NHL,2026-04-11 23:00:00+00:00,Winnipeg Jets,Philadelphia Flyers,0.5293,0.4707,0.5526,0.4915,10
401803624,NHL,2026-04-11 23:00:00+00:00,Seattle Kraken,Calgary Flames,0.5393,0.4607,0.5624,0.4804,11
401803625,NHL,2026-04-12 00:00:00+00:00,Colorado Avalanche,Vegas Golden Knights,0.5451,0.4549,0.568,0.474,11
401803626,NHL,2026-04-12 02:00:00+00:00,San Jose Sharks,Vancouver Canucks,0.637,0.363,0.662,0.3772,11
401803627,NHL,2026-04-12 19:00:00+00:00,Washington Capitals,Pittsburgh Penguins,0.5703,0.4297,0.5937,0.4472,11
401803629,NHL,2026-04-12 22:00:00+00:00,Columbus Blue Jackets,Boston Bruins,0.6436,0.3564,0.6696,0.3708,11
401803630,NHL,2026-04-12 23:00:00+00:00,New Jersey Devils,Ottawa Senators,0.5204,0.4796,0.5433,0.5008,11
401803631,NHL,2026-04-13 00:00:00+00:00,Anaheim Ducks,Vancouver Canucks,0.7292,0.2708,0.7597,0.2821,11
401803632,NHL,2026-04-13 01:00:00+00:00,Calgary Flames,Utah Mammoth,0.4022,0.5978,0.4189,0.6226,11
401803633,NHL,2026-04-13 23:00:00+00:00,Tampa Bay Lightning,Detroit Red Wings,0.6335,0.3665,0.6592,0.3814,11
401803634,NHL,2026-04-13 23:00:00+00:00,Florida Panthers,New York Rangers,0.4183,0.5817,0.4348,0.6048,11
401803635,NHL,2026-04-13 23:00:00+00:00,Philadelphia Flyers,Carolina Hurricanes,0.5949,0.4051,0.6198,0.422,11
401803636,NHL,2026-04-13 23:30:00+00:00,Toronto Maple Leafs,Dallas Stars,0.3643,0.6357,0.3789,0.6611,11
401803638,NHL,2026-04-14 00:00:00+00:00,Nashville Predators,San Jose Sharks,0.5828,0.4172,0.6068,0.4343,11
401803639,NHL,2026-04-14 00:30:00+00:00,Chicago Blackhawks,Buffalo Sabres,0.3529,0.6471,0.3672,0.6733,11
401803640,NHL,2026-04-14 01:30:00+00:00,Edmonton Oilers,Colorado Avalanche,0.4697,0.5303,0.4896,0.5528,11
401803642,NHL,2026-04-14 01:30:00+00:00,Seattle Kraken,Los Angeles Kings,0.3922,0.6078,0.408,0.6322,11
401803641,NHL,2026-04-14 02:00:00+00:00,Vegas Golden Knights,Winnipeg Jets,0.6211,0.3789,0.6467,0.3946,11
401803643,NHL,2026-04-14 23:00:00+00:00,Boston Bruins,New Jersey Devils,0.5802,0.4198,0.6042,0.4372,11
401803644,NHL,2026-04-14 23:00:00+00:00,New York Islanders,Carolina Hurricanes,0.6163,0.3837,0.6412,0.3991,11
401803646,NHL,2026-04-14 23:00:00+00:00,Columbus Blue Jackets,Washington Capitals,0.5757,0.4243,0.5989,0.4414,11
401803647,NHL,2026-04-15 00:00:00+00:00,Minnesota Wild,Anaheim Ducks,0.3951,0.6049,0.4114,0.6297,11
401803648,NHL,2026-04-15 01:00:00+00:00,Utah Mammoth,Winnipeg Jets,0.6538,0.3462,0.6804,0.3603,11
401803649,NHL,2026-04-15 01:00:00+00:00,Calgary Flames,Colorado Avalanche,0.413,0.587,0.4298,0.6108,11
401803651,NHL,2026-04-15 02:00:00+00:00,Vancouver Canucks,Los Angeles Kings,0.4094,0.5906,0.4263,0.615,11
401803652,NHL,2026-04-15 23:00:00+00:00,Buffalo Sabres,Dallas Stars,0.4302,0.5698,0.4479,0.5933,11
401803653,NHL,2026-04-15 23:00:00+00:00,Tampa Bay Lightning,New York Rangers,0.5645,0.4355,0.588,0.4537,11
401803654,NHL,2026-04-15 23:00:00+00:00,Florida Panthers,Detroit Red Wings,0.3936,0.6064,0.41,0.6317,11
401803655,NHL,2026-04-15 23:30:00+00:00,Ottawa Senators,Toronto Maple Leafs,0.6447,0.3553,0.6708,0.3698,11
401803656,NHL,2026-04-16 00:30:00+00:00,Chicago Blackhawks,San Jose Sharks,0.4738,0.5262,0.4943,0.549,11
401803657,NHL,2026-04-16 02:00:00+00:00,Vegas Golden Knights,Seattle Kraken,0.7374,0.2626,0.7693,0.2739,11
401803658,NHL,2026-04-17 00:00:00+00:00,Nashville Predators,Anaheim Ducks,0.4647,0.5353,0.4845,0.5582,11
401803659,NHL,2026-04-17 00:00:00+00:00,Winnipeg Jets,San Jose Sharks,0.5935,0.4065,0.6181,0.4233,11
401803661,NHL,2026-04-17 01:00:00+00:00,Calgary Flames,Los Angeles Kings,0.3929,0.6071,0.4092,0.6322,11
401803662,NHL,2026-04-17 01:00:00+00:00,Edmonton Oilers,Vancouver Canucks,0.7445,0.2555,0.7753,0.2661,11
401803663,NHL,2026-04-17 02:00:00+00:00,Colorado Avalanche,Seattle Kraken,0.6587,0.3413,0.6863,0.3557,11
401869715,NHL,2026-04-18 19:00:00+00:00,Carolina Hurricanes,Ottawa Senators,0.5684,0.4316,0.5919,0.4495,11
401869716,NHL,2026-04-18 21:30:00+00:00,Dallas Stars,Minnesota Wild,0.5331,0.4669,0.5551,0.4862,11
401869717,NHL,2026-04-19 00:00:00+00:00,Pittsburgh Penguins,Philadelphia Flyers,0.5692,0.4308,0.593,0.4489,11
401869721,NHL,2026-04-19 19:00:00+00:00,Colorado Avalanche,Los Angeles Kings,0.7136,0.2864,0.7434,0.2983,11
401869719,NHL,2026-04-19 23:30:00+00:00,Buffalo Sabres,Boston Bruins,0.5988,0.4012,0.6233,0.4176,11
401869720,NHL,2026-04-20 02:22:00+00:00,Vegas Golden Knights,Utah Mammoth,0.5887,0.4113,0.6122,0.4278,11
401869794,NHL,2026-04-20 23:00:00+00:00,Pittsburgh Penguins,Philadelphia Flyers,0.5801,0.4199,0.6031,0.4366,11
401869781,NHL,2026-04-20 23:30:00+00:00,Carolina Hurricanes,Ottawa Senators,0.5736,0.4264,0.5973,0.444,11
401869780,NHL,2026-04-21 01:50:00+00:00,Dallas Stars,Minnesota Wild,0.5636,0.4364,0.5871,0.4545,11
401869722,NHL,2026-04-21 02:22:00+00:00,Edmonton Oilers,Anaheim Ducks,0.6337,0.3663,0.6599,0.3815,11
401869757,NHL,2026-04-21 23:30:00+00:00,Buffalo Sabres,Boston Bruins,0.5959,0.4041,0.6198,0.4203,11
401869756,NHL,2026-04-22 01:52:00+00:00,Vegas Golden Knights,Utah Mammoth,0.576,0.424,0.5992,0.4412,11
401869792,NHL,2026-04-22 02:22:00+00:00,Colorado Avalanche,Los Angeles Kings,0.7045,0.2955,0.7346,0.3081,11
401869796,NHL,2026-04-22 23:00:00+00:00,Philadelphia Flyers,Pittsburgh Penguins,0.5013,0.4987,0.524,0.5212,11
401869782,NHL,2026-04-23 01:30:00+00:00,Minnesota Wild,Dallas Stars,0.5601,0.4399,0.5836,0.4584,11
401869768,NHL,2026-04-23 02:00:00+00:00,Edmonton Oilers,Anaheim Ducks,0.6274,0.3726,0.6525,0.3875,11
401869759,NHL,2026-04-23 23:00:00+00:00,Boston Bruins,Buffalo Sabres,0.5128,0.4872,0.5361,0.5093,11
401869783,NHL,2026-04-23 23:30:00+00:00,Ottawa Senators,Carolina Hurricanes,0.5327,0.4673,0.5551,0.487,11
401869793,NHL,2026-04-24 02:00:00+00:00,Los Angeles Kings,Colorado Avalanche,0.4126,0.5874,0.4288,0.6105,11
401869758,NHL,2026-04-25 01:30:00+00:00,Utah Mammoth,Vegas Golden Knights,0.4911,0.5089,0.5133,0.5319,11
401869770,NHL,2026-04-25 02:00:00+00:00,Anaheim Ducks,Edmonton Oilers,0.4368,0.5632,0.4551,0.5867,11
401869786,NHL,2026-04-25 19:00:00+00:00,Ottawa Senators,Carolina Hurricanes,0.4403,0.5597,0.4587,0.583,11
401869784,NHL,2026-04-25 21:30:00+00:00,Minnesota Wild,Dallas Stars,0.5588,0.4412,0.5824,0.4597,11
401869799,NHL,2026-04-26 00:00:00+00:00,Philadelphia Flyers,Pittsburgh Penguins,0.5279,0.4721,0.5503,0.4922,11
401869762,NHL,2026-04-26 18:00:00+00:00,Boston Bruins,Buffalo Sabres,0.5234,0.4766,0.5463,0.4974,11
401869795,NHL,2026-04-26 20:30:00+00:00,Los Angeles Kings,Colorado Avalanche,0.3895,0.6105,0.4055,0.6356,11
401869772,NHL,2026-04-27 01:52:00+00:00,Anaheim Ducks,Edmonton Oilers,0.4494,0.5506,0.4678,0.5733,11
401869801,NHL,2026-04-27 23:00:00+00:00,Pittsburgh Penguins,Philadelphia Flyers,0.544,0.456,0.5665,0.4748,11
401869760,NHL,2026-04-28 01:50:00+00:00,Utah Mammoth,Vegas Golden Knights,0.452,0.548,0.4705,0.5704,11
401869764,NHL,2026-04-28 23:30:00+00:00,Buffalo Sabres,Boston Bruins,0.6038,0.3962,0.629,0.4127,11
401869785,NHL,2026-04-29 00:00:00+00:00,Dallas Stars,Minnesota Wild,0.5365,0.4635,0.559,0.4829,11
401869774,NHL,2026-04-29 02:00:00+00:00,Edmonton Oilers,Anaheim Ducks,0.5912,0.4088,0.6157,0.4258,11
401869802,NHL,2026-04-29 23:30:00+00:00,Philadelphia Flyers,Pittsburgh Penguins,0.5196,0.4804,0.5428,0.5019,11
401869761,NHL,2026-04-30 02:00:00+00:00,Vegas Golden Knights,Utah Mammoth,0.5896,0.4104,0.6125,0.4264,11
401869787,NHL,2026-04-30 23:30:00+00:00,Minnesota Wild,Dallas Stars,0.5425,0.4575,0.5651,0.4765,11
401869776,NHL,2026-05-01 02:00:00+00:00,Anaheim Ducks,Edmonton Oilers,0.4573,0.5427,0.476,0.565,11
401869765,NHL,2026-05-01 23:30:00+00:00,Boston Bruins,Buffalo Sabres,0.4638,0.5362,0.4834,0.5588,11
401869763,NHL,2026-05-02 02:20:00+00:00,Utah Mammoth,Vegas Golden Knights,0.4817,0.5183,0.5032,0.5414,11
401871166,NHL,2026-05-03 00:00:00+00:00,Carolina Hurricanes,Philadelphia Flyers,0.684,0.316,0.7125,0.3292,11
401871302,NHL,2026-05-04 01:00:00+00:00,Colorado Avalanche,Minnesota Wild,0.6433,0.3567,0.6691,0.3711,11
401871411,NHL,2026-05-04 23:00:00+00:00,Carolina Hurricanes,Philadelphia Flyers,0.7022,0.2978,0.7329,0.3108,11
401871423,NHL,2026-05-05 01:50:00+00:00,Vegas Golden Knights,Anaheim Ducks,0.6039,0.3961,0.629,0.4126,11
401871417,NHL,2026-05-06 00:00:00+00:00,Colorado Avalanche,Minnesota Wild,0.6399,0.3601,0.6663,0.3749,11
401871424,NHL,2026-05-07 01:30:00+00:00,Vegas Golden Knights,Anaheim Ducks,0.5901,0.4099,0.6133,0.426,11
401871412,NHL,2026-05-08 00:00:00+00:00,Philadelphia Flyers,Carolina Hurricanes,0.3984,0.6016,0.4144,0.6258,11
401871425,NHL,2026-05-09 01:30:00+00:00,Anaheim Ducks,Vegas Golden Knights,0.4985,0.5015,0.5209,0.5241,11
401871413,NHL,2026-05-09 22:00:00+00:00,Philadelphia Flyers,Carolina Hurricanes,0.3658,0.6342,0.3809,0.6603,11
401871418,NHL,2026-05-10 01:00:00+00:00,Minnesota Wild,Colorado Avalanche,0.4544,0.5456,0.4728,0.5677,11
401871426,NHL,2026-05-11 01:30:00+00:00,Anaheim Ducks,Vegas Golden Knights,0.5203,0.4797,0.5433,0.5009,11
401871419,NHL,2026-05-12 00:00:00+00:00,Minnesota Wild,Colorado Avalanche,0.4226,0.5774,0.4398,0.6008,11
401871427,NHL,2026-05-13 01:52:00+00:00,Vegas Golden Knights,Anaheim Ducks,0.5984,0.4016,0.623,0.4181,11
401871420,NHL,2026-05-14 00:00:00+00:00,Colorado Avalanche,Minnesota Wild,0.6654,0.3346,0.6936,0.3489,11
401871428,NHL,2026-05-15 01:30:00+00:00,Anaheim Ducks,Vegas Golden Knights,0.5101,0.4899,0.5333,0.5122,11
401872903,NHL,2026-05-21 00:00:00+00:00,Colorado Avalanche,Vegas Golden Knights,0.6108,0.3892,0.6359,0.4052,11
401872904,NHL,2026-05-23 00:00:00+00:00,Colorado Avalanche,Vegas Golden Knights,0.6197,0.3803,0.6443,0.3953,11
401872905,NHL,2026-05-25 00:00:00+00:00,Vegas Golden Knights,Colorado Avalanche,0.4189,0.5811,0.4358,0.6044,11
401872906,NHL,2026-05-27 01:00:00+00:00,Vegas Golden Knights,Colorado Avalanche,0.4953,0.5047,0.5182,0.528,11
401874171,NHL,2026-06-03 00:00:00+00:00,Carolina Hurricanes,Vegas Golden Knights,0.588,0.412,0.6115,0.4285,11
401874172,NHL,2026-06-05 00:00:00+00:00,Carolina Hurricanes,Vegas Golden Knights,0.5929,0.4071,0.616,0.423,11
401874173,NHL,2026-06-07 00:00:00+00:00,Vegas Golden Knights,Carolina Hurricanes,0.5008,0.4992,0.5231,0.5215,11
401874174,NHL,2026-06-10 00:00:00+00:00,Vegas Golden Knights,Carolina Hurricanes,0.4871,0.5129,0.5087,0.5356,11
401874175,NHL,2026-06-12 00:00:00+00:00,Carolina Hurricanes,Vegas Golden Knights,0.587,0.413,0.6098,0.429,11
401874176,NHL,2026-06-15 00:00:00+00:00,Vegas Golden Knights,Carolina Hurricanes,0.4828,0.5172,0.5039,0.5398,11
401754516,CFB,2025-08-23 23:30:00+00:00,Hawai'i Rainbow Warriors,Stanford Cardinal,0.5405,0.4595,0.5643,0.4797,11
401760358,CFB,2025-08-30 02:30:00+00:00,San José State Spartans,Central Michigan Chippewas,0.8234,0.1766,0.8608,0.1846,11
401756849,CFB,2025-08-31 02:30:00+00:00,Arizona Wildcats,Hawai'i Rainbow Warriors,0.8334,0.1666,0.871,0.1742,11
401752702,CFB,2025-09-13 17:00:00+00:00,Missouri Tigers,Louisiana Ragin' Cajuns,0.9436,0.0564,0.984,0.0588,8
401761610,CFB,2025-09-20 19:30:00+00:00,Eastern Michigan Eagles,Louisiana Ragin' Cajuns,0.4481,0.5519,0.4678,0.5763,11
401760374,CFB,2025-09-21 03:59:00+00:00,Hawai'i Rainbow Warriors,Fresno State Bulldogs,0.4395,0.5605,0.459,0.5855,11
401761615,CFB,2025-09-28 00:00:00+00:00,Louisiana Ragin' Cajuns,Marshall Thundering Herd,0.4595,0.5405,0.4794,0.5639,11
401761625,CFB,2025-10-11 16:00:00+00:00,James Madison Dukes,Louisiana Ragin' Cajuns,0.8809,0.1191,0.9192,0.1243,10
401761638,CFB,2025-10-25 23:00:00+00:00,Troy Trojans,Louisiana Ragin' Cajuns,0.7112,0.2888,0.7425,0.3015,10
401761642,CFB,2025-11-01 19:30:00+00:00,South Alabama Jaguars,Louisiana Ragin' Cajuns,0.6167,0.3833,0.6406,0.3982,9
401761648,CFB,2025-11-08 22:00:00+00:00,Louisiana Ragin' Cajuns,Texas State Bobcats,0.3975,0.6025,0.4146,0.6283,11
401761655,CFB,2025-11-21 00:30:00+00:00,Arkansas State Red Wolves,Louisiana Ragin' Cajuns,0.5557,0.4443,0.58,0.4636,11
401761665,CFB,2025-11-29 20:00:00+00:00,Louisiana Ragin' Cajuns,UL Monroe Warhawks,0.7882,0.2118,0.824,0.2214,11
401815979,MLB,2026-07-01 16:35:00+00:00,Baltimore Orioles,Chicago White Sox,0.5814,0.4186,0.6034,0.4344,11
401815984,MLB,2026-07-01 17:10:00+00:00,Cleveland Guardians,Texas Rangers,0.5305,0.4695,0.5506,0.4873,11
401815980,MLB,2026-07-01 17:35:00+00:00,New York Yankees,Detroit Tigers,0.5392,0.4608,0.5598,0.4784,11
401815985,MLB,2026-07-01 17:35:00+00:00,Boston Red Sox,Washington Nationals,0.5727,0.4273,0.5947,0.4436,11
401815988,MLB,2026-07-01 18:20:00+00:00,Chicago Cubs,San Diego Padres,0.5301,0.4699,0.5513,0.4886,11
401815981,MLB,2026-07-01 19:07:00+00:00,Toronto Blue Jays,New York Mets,0.5114,0.4886,0.532,0.5082,11
401815982,MLB,2026-07-01 22:40:00+00:00,Philadelphia Phillies,Pittsburgh Pirates,0.5722,0.4278,0.5947,0.4446,11
401815983,MLB,2026-07-01 23:15:00+00:00,Atlanta Braves,St. Louis Cardinals,0.5545,0.4455,0.5761,0.4628,11
401815989,MLB,2026-07-01 23:40:00+00:00,Kansas City Royals,Tampa Bay Rays,0.4225,0.5775,0.4391,0.6001,11
401815986,MLB,2026-07-02 00:00:00+00:00,Milwaukee Brewers,Cincinnati Reds,0.5909,0.4091,0.6143,0.4252,11
401815987,MLB,2026-07-02 00:10:00+00:00,Houston Astros,Minnesota Twins,0.5806,0.4194,0.6031,0.4358,11
401815990,MLB,2026-07-02 00:40:00+00:00,Colorado Rockies,Miami Marlins,0.432,0.568,0.4492,0.5906,11
401815991,MLB,2026-07-02 01:40:00+00:00,Athletics,Los Angeles Dodgers,0.4023,0.5977,0.4181,0.6212,11
401815992,MLB,2026-07-02 01:40:00+00:00,Arizona Diamondbacks,San Francisco Giants,0.5478,0.4522,0.5691,0.4698,11
401809940,NBA,2025-10-23 01:00:00+00:00,Utah Jazz,LA Clippers,0.2225,0.7775,0.2321,0.8113,11
401809954,NBA,2025-10-25 02:30:00+00:00,LA Clippers,Phoenix Suns,0.7819,0.2181,0.8161,0.2276,11
401809967,NBA,2025-10-27 01:00:00+00:00,LA Clippers,Portland Trail Blazers,0.7322,0.2678,0.7639,0.2794,11
401809982,NBA,2025-10-29 03:00:00+00:00,Golden State Warriors,LA Clippers,0.4769,0.5231,0.4991,0.5476,11
401809509,NBA,2025-11-01 02:30:00+00:00,LA Clippers,New Orleans Pelicans,0.8085,0.1915,0.8449,0.2002,11
401810019,NBA,2025-11-04 03:30:00+00:00,LA Clippers,Miami Heat,0.7204,0.2796,0.7515,0.2916,11
401810025,NBA,2025-11-05 04:00:00+00:00,LA Clippers,Oklahoma City Thunder,0.2657,0.7343,0.2774,0.7666,11
401810037,NBA,2025-11-07 02:00:00+00:00,Phoenix Suns,LA Clippers,0.5677,0.4323,0.5914,0.4504,11
401810045,NBA,2025-11-09 03:30:00+00:00,LA Clippers,Phoenix Suns,0.6248,0.3752,0.6503,0.3906,10
401810079,NBA,2025-11-13 03:30:00+00:00,LA Clippers,Denver Nuggets,0.3639,0.6361,0.3789,0.6623,11
401809788,NBA,2025-11-15 01:30:00+00:00,Dallas Mavericks,LA Clippers,0.4145,0.5855,0.432,0.6102,11
401810088,NBA,2025-11-16 20:30:00+00:00,Boston Celtics,LA Clippers,0.6545,0.3455,0.6825,0.3602,11
401810098,NBA,2025-11-18 00:00:00+00:00,Philadelphia 76ers,LA Clippers,0.6421,0.3579,0.6688,0.3727,11
401810119,NBA,2025-11-21 00:00:00+00:00,Orlando Magic,LA Clippers,0.6739,0.3261,0.703,0.3402,11
401810123,NBA,2025-11-22 18:00:00+00:00,Charlotte Hornets,LA Clippers,0.5052,0.4948,0.5297,0.5188,8
401810133,NBA,2025-11-23 23:00:00+00:00,Cleveland Cavaliers,LA Clippers,0.7211,0.2789,0.7525,0.291,11
401809801,NBA,2025-11-26 04:00:00+00:00,Los Angeles Lakers,LA Clippers,0.6891,0.3109,0.7195,0.3246,11
401809821,NBA,2025-11-29 03:00:00+00:00,LA Clippers,Memphis Grizzlies,0.6935,0.3065,0.7238,0.3198,11
401810155,NBA,2025-11-30 03:00:00+00:00,LA Clippers,Dallas Mavericks,0.7577,0.2423,0.7897,0.2525,11
401810168,NBA,2025-12-02 00:30:00+00:00,Miami Heat,LA Clippers,0.683,0.317,0.7125,0.3306,11
401810182,NBA,2025-12-04 00:30:00+00:00,Atlanta Hawks,LA Clippers,0.5356,0.4644,0.5591,0.4848,11
401810202,NBA,2025-12-06 01:00:00+00:00,Memphis Grizzlies,LA Clippers,0.4588,0.5412,0.4788,0.5647,11
401810210,NBA,2025-12-07 01:00:00+00:00,Minnesota Timberwolves,LA Clippers,0.7467,0.2533,0.7774,0.2638,11
401836746,NBA,2025-12-12 01:00:00+00:00,Houston Rockets,LA Clippers,0.7622,0.2378,0.7948,0.2479,11
401836807,NBA,2025-12-16 03:30:00+00:00,LA Clippers,Memphis Grizzlies,0.6489,0.3511,0.6755,0.3656,11
401810224,NBA,2025-12-19 01:00:00+00:00,Oklahoma City Thunder,LA Clippers,0.9009,0.0991,0.9402,0.1035,11
401810250,NBA,2025-12-21 03:30:00+00:00,LA Clippers,Los Angeles Lakers,0.4615,0.5385,0.4812,0.5615,11
401810262,NBA,2025-12-23 03:00:00+00:00,Golden State Warriors,Orlando Magic,0.665,0.335,0.6945,0.3498,11
401810277,NBA,2025-12-24 03:30:00+00:00,LA Clippers,Houston Rockets,0.2923,0.7077,0.305,0.7384,11
401810286,NBA,2025-12-27 03:00:00+00:00,Portland Trail Blazers,LA Clippers,0.4431,0.5569,0.4625,0.5812,11
401810300,NBA,2025-12-29 02:00:00+00:00,LA Clippers,Detroit Pistons,0.4092,0.5908,0.4264,0.6156,11
401810316,NBA,2025-12-31 04:00:00+00:00,LA Clippers,Sacramento Kings,0.7751,0.2249,0.8089,0.2348,11
401810330,NBA,2026-01-02 03:30:00+00:00,LA Clippers,Utah Jazz,0.8538,0.1462,0.8929,0.1529,11
401810348,NBA,2026-01-04 03:30:00+00:00,LA Clippers,Boston Celtics,0.5282,0.4718,0.5517,0.4928,11
401810363,NBA,2026-01-06 03:00:00+00:00,LA Clippers,Golden State Warriors,0.4143,0.5857,0.4316,0.6102,11
401810377,NBA,2026-01-08 00:30:00+00:00,New York Knicks,LA Clippers,0.6355,0.3645,0.6612,0.3792,11
401810390,NBA,2026-01-10 00:30:00+00:00,Brooklyn Nets,LA Clippers,0.3364,0.6636,0.351,0.6923,11
401810399,NBA,2026-01-11 00:30:00+00:00,Detroit Pistons,LA Clippers,0.5198,0.4802,0.5436,0.5022,11
401810418,NBA,2026-01-13 03:30:00+00:00,LA Clippers,Charlotte Hornets,0.6355,0.3645,0.6617,0.3796,11
401810432,NBA,2026-01-15 03:30:00+00:00,LA Clippers,Washington Wizards,0.8051,0.1949,0.841,0.2036,11
401810445,NBA,2026-01-17 00:30:00+00:00,Toronto Raptors,LA Clippers,0.5548,0.4452,0.579,0.4646,11
401810463,NBA,2026-01-19 20:00:00+00:00,Washington Wizards,LA Clippers,0.3006,0.6994,0.3138,0.7301,11
401810469,NBA,2026-01-21 01:00:00+00:00,Chicago Bulls,LA Clippers,0.5645,0.4355,0.589,0.4544,11
401810488,NBA,2026-01-23 03:00:00+00:00,LA Clippers,Los Angeles Lakers,0.5572,0.4428,0.5818,0.4622,11
401810511,NBA,2026-01-26 02:00:00+00:00,LA Clippers,Brooklyn Nets,0.7867,0.2133,0.8204,0.2225,10
401810525,NBA,2026-01-28 03:00:00+00:00,Utah Jazz,LA Clippers,0.2622,0.7378,0.274,0.771,10
401810550,NBA,2026-01-31 02:00:00+00:00,Denver Nuggets,LA Clippers,0.4392,0.5608,0.4584,0.5854,11
401810564,NBA,2026-02-02 01:00:00+00:00,Phoenix Suns,LA Clippers,0.5724,0.4276,0.5963,0.4455,11
401810570,NBA,2026-02-03 03:00:00+00:00,LA Clippers,Philadelphia 76ers,0.4829,0.5171,0.5052,0.541,11
401810587,NBA,2026-02-05 03:30:00+00:00,LA Clippers,Cleveland Cavaliers,0.4259,0.5741,0.4433,0.5976,11
401810601,NBA,2026-02-07 03:00:00+00:00,Sacramento Kings,LA Clippers,0.4046,0.5954,0.4212,0.6198,11
401810615,NBA,2026-02-08 20:00:00+00:00,Minnesota Timberwolves,LA Clippers,0.7498,0.2502,0.7819,0.2609,11
401810637,NBA,2026-02-12 01:00:00+00:00,Houston Rockets,LA Clippers,0.7372,0.2628,0.7698,0.2744,11
401810656,NBA,2026-02-20 03:30:00+00:00,LA Clippers,Denver Nuggets,0.3776,0.6224,0.3931,0.6479,11
401810664,NBA,2026-02-21 03:15:00+00:00,Los Angeles Lakers,LA Clippers,0.6894,0.3106,0.7195,0.3242,11
401810682,NBA,2026-02-23 02:00:00+00:00,LA Clippers,Orlando Magic,0.6189,0.3811,0.6445,0.3968,11
401810712,NBA,2026-02-27 03:00:00+00:00,LA Clippers,Minnesota Timberwolves,0.2614,0.7386,0.273,0.7714,11
401810732,NBA,2026-03-02 02:00:00+00:00,LA Clippers,New Orleans Pelicans,0.74,0.26,0.772,0.2712,11
401810737,NBA,2026-03-03 03:00:00+00:00,Golden State Warriors,LA Clippers,0.4879,0.5121,0.511,0.5364,11
401810753,NBA,2026-03-05 03:30:00+00:00,LA Clippers,Indiana Pacers,0.8293,0.1707,0.8655,0.1781,11
401810768,NBA,2026-03-07 02:30:00+00:00,San Antonio Spurs,LA Clippers,0.7041,0.2959,0.7353,0.309,11
401810773,NBA,2026-03-08 01:00:00+00:00,Memphis Grizzlies,LA Clippers,0.2744,0.7256,0.2863,0.7571,11
401810790,NBA,2026-03-10 02:00:00+00:00,LA Clippers,New York Knicks,0.4586,0.5414,0.4779,0.5642,11
401810807,NBA,2026-03-12 02:30:00+00:00,LA Clippers,Minnesota Timberwolves,0.5294,0.4706,0.5529,0.4916,11
401810823,NBA,2026-03-14 02:30:00+00:00,LA Clippers,Chicago Bulls,0.8521,0.1479,0.8907,0.1546,11
401810830,NBA,2026-03-15 02:30:00+00:00,LA Clippers,Sacramento Kings,0.8694,0.1306,0.9077,0.1363,11
401810860,NBA,2026-03-19 00:00:00+00:00,New Orleans Pelicans,LA Clippers,0.4581,0.5419,0.4777,0.565,11
401810867,NBA,2026-03-20 00:00:00+00:00,New Orleans Pelicans,LA Clippers,0.6026,0.3974,0.628,0.4141,11
401810884,NBA,2026-03-22 00:30:00+00:00,Dallas Mavericks,LA Clippers,0.2989,0.7011,0.312,0.7319,11
401810901,NBA,2026-03-24 02:30:00+00:00,LA Clippers,Milwaukee Bucks,0.8595,0.1405,0.898,0.1468,11
401810921,NBA,2026-03-27 23:00:00+00:00,Indiana Pacers,LA Clippers,0.2354,0.7646,0.2456,0.7978,11
401810937,NBA,2026-03-29 19:30:00+00:00,Milwaukee Bucks,LA Clippers,0.1032,0.8968,0.1077,0.9362,11
401810959,NBA,2026-04-01 03:00:00+00:00,LA Clippers,Portland Trail Blazers,0.6329,0.3671,0.6583,0.3818,11
401810974,NBA,2026-04-03 02:30:00+00:00,LA Clippers,San Antonio Spurs,0.5606,0.4394,0.5851,0.4586,11
401810996,NBA,2026-04-06 01:00:00+00:00,Sacramento Kings,LA Clippers,0.1406,0.8594,0.1469,0.898,11
401811011,NBA,2026-04-08 02:30:00+00:00,LA Clippers,Dallas Mavericks,0.8293,0.1707,0.8662,0.1783,11
401811018,NBA,2026-04-09 02:00:00+00:00,LA Clippers,Oklahoma City Thunder,0.2594,0.7406,0.2706,0.7725,11
401811038,NBA,2026-04-11 02:00:00+00:00,Portland Trail Blazers,LA Clippers,0.5301,0.4699,0.554,0.4911,11
401811054,NBA,2026-04-13 00:30:00+00:00,LA Clippers,Golden State Warriors,0.6014,0.3986,0.6259,0.4149,11
401866756,NBA,2026-04-16 02:00:00+00:00,LA Clippers,Golden State Warriors,0.66,0.34,0.688,0.3544,11
401802355,NHL,2025-10-08 23:00:00+00:00,Toronto Maple Leafs,Montreal Canadiens,0.6034,0.3966,0.6282,0.4129,10
401802361,NHL,2025-10-09 23:00:00+00:00,Detroit Red Wings,Montreal Canadiens,0.554,0.446,0.5768,0.4644,10
401802366,NHL,2025-10-10 00:00:00+00:00,St. Louis Blues,Minnesota Wild,0.5288,0.4712,0.552,0.4919,10
401802374,NHL,2025-10-11 20:00:00+00:00,Calgary Flames,St. Louis Blues,0.476,0.524,0.4969,0.547,10
401802382,NHL,2025-10-11 23:00:00+00:00,Chicago Blackhawks,Montreal Canadiens,0.4073,0.5927,0.4242,0.6173,11
401802397,NHL,2025-10-13 23:30:00+00:00,Vancouver Canucks,St. Louis Blues,0.5294,0.4706,0.5526,0.4912,11
401802401,NHL,2025-10-14 23:00:00+00:00,Montreal Canadiens,Seattle Kraken,0.5884,0.4116,0.6129,0.4288,11
401802410,NHL,2025-10-16 01:30:00+00:00,St. Louis Blues,Chicago Blackhawks,0.6818,0.3182,0.7098,0.3312,11
401802413,NHL,2025-10-16 23:00:00+00:00,Montreal Canadiens,Nashville Predators,0.5668,0.4332,0.5908,0.4516,11
401802431,NHL,2025-10-18 23:00:00+00:00,Montreal Canadiens,New York Rangers,0.5414,0.4586,0.5651,0.4786,11
401802434,NHL,2025-10-18 23:00:00+00:00,St. Louis Blues,Dallas Stars,0.4705,0.5295,0.4912,0.5529,11
401802446,NHL,2025-10-20 23:30:00+00:00,Montreal Canadiens,Buffalo Sabres,0.5696,0.4304,0.5936,0.4485,10
401802455,NHL,2025-10-22 00:00:00+00:00,St. Louis Blues,Los Angeles Kings,0.528,0.472,0.5509,0.4924,11
401802461,NHL,2025-10-23 00:30:00+00:00,Calgary Flames,Montreal Canadiens,0.4909,0.5091,0.5133,0.5323,11
401802468,NHL,2025-10-24 00:00:00+00:00,St. Louis Blues,Utah Mammoth,0.5175,0.4825,0.5408,0.5043,11
401802473,NHL,2025-10-24 01:00:00+00:00,Edmonton Oilers,Montreal Canadiens,0.6676,0.3324,0.6954,0.3462,11
401802484,NHL,2025-10-25 23:00:00+00:00,Detroit Red Wings,St. Louis Blues,0.4915,0.5085,0.5139,0.5317,11
401802487,NHL,2025-10-25 23:00:00+00:00,Vancouver Canucks,Montreal Canadiens,0.4943,0.5057,0.5167,0.5286,11
401802499,NHL,2025-10-27 23:00:00+00:00,Pittsburgh Penguins,St. Louis Blues,0.4861,0.5139,0.5082,0.5372,11
401802509,NHL,2025-10-29 00:15:00+00:00,St. Louis Blues,Detroit Red Wings,0.4939,0.5061,0.5163,0.529,11
401802515,NHL,2025-10-29 02:30:00+00:00,Seattle Kraken,Montreal Canadiens,0.469,0.531,0.4894,0.554,11
401802523,NHL,2025-10-31 00:00:00+00:00,St. Louis Blues,Vancouver Canucks,0.6026,0.3974,0.6276,0.4139,11
401802538,NHL,2025-11-01 23:00:00+00:00,Montreal Canadiens,Ottawa Senators,0.5014,0.4986,0.5242,0.5214,11
401802540,NHL,2025-11-01 23:00:00+00:00,Columbus Blue Jackets,St. Louis Blues,0.5728,0.4272,0.5966,0.4448,11
401802551,NHL,2025-11-04 01:30:00+00:00,St. Louis Blues,Edmonton Oilers,0.4677,0.5323,0.4882,0.5555,11
401802555,NHL,2025-11-05 00:00:00+00:00,Montreal Canadiens,Philadelphia Flyers,0.5938,0.4062,0.6184,0.423,11
401802565,NHL,2025-11-06 00:30:00+00:00,Washington Capitals,St. Louis Blues,0.5753,0.4247,0.599,0.4421,10
401802570,NHL,2025-11-07 00:00:00+00:00,Buffalo Sabres,St. Louis Blues,0.5605,0.4395,0.5843,0.4582,11
401802571,NHL,2025-11-07 00:00:00+00:00,New Jersey Devils,Montreal Canadiens,0.5642,0.4358,0.5886,0.4546,11
401802586,NHL,2025-11-09 00:00:00+00:00,Montreal Canadiens,Utah Mammoth,0.4764,0.5236,0.4976,0.547,11
401802590,NHL,2025-11-09 00:00:00+00:00,St. Louis Blues,Seattle Kraken,0.5973,0.4027,0.6226,0.4197,11
401802608,NHL,2025-11-12 00:00:00+00:00,Montreal Canadiens,Los Angeles Kings,0.4785,0.5215,0.5,0.5449,11
401802611,NHL,2025-11-12 01:00:00+00:00,St. Louis Blues,Calgary Flames,0.564,0.436,0.5883,0.4549,11
401802621,NHL,2025-11-14 00:00:00+00:00,Montreal Canadiens,Dallas Stars,0.5196,0.4804,0.5427,0.5017,11
401802632,NHL,2025-11-15 01:00:00+00:00,St. Louis Blues,Philadelphia Flyers,0.5534,0.4466,0.5766,0.4653,11
401802636,NHL,2025-11-16 00:00:00+00:00,Montreal Canadiens,Boston Bruins,0.5883,0.4117,0.6133,0.4291,11
401802643,NHL,2025-11-16 01:00:00+00:00,St. Louis Blues,Vegas Golden Knights,0.4068,0.5932,0.4241,0.6184,11
401802656,NHL,2025-11-18 00:30:00+00:00,Columbus Blue Jackets,Montreal Canadiens,0.5468,0.4532,0.5694,0.472,11
401802658,NHL,2025-11-19 00:00:00+00:00,Toronto Maple Leafs,St. Louis Blues,0.4943,0.5057,0.517,0.5289,11
401802671,NHL,2025-11-21 00:00:00+00:00,Montreal Canadiens,Washington Capitals,0.5452,0.4548,0.568,0.4738,11
401802675,NHL,2025-11-21 00:00:00+00:00,Philadelphia Flyers,St. Louis Blues,0.5336,0.4664,0.5565,0.4864,11
401802687,NHL,2025-11-22 20:30:00+00:00,New York Islanders,St. Louis Blues,0.5509,0.4491,0.5742,0.4681,11
401802688,NHL,2025-11-23 00:00:00+00:00,Montreal Canadiens,Toronto Maple Leafs,0.5695,0.4305,0.5931,0.4484,11
401802706,NHL,2025-11-25 00:00:00+00:00,New York Rangers,St. Louis Blues,0.5687,0.4313,0.5924,0.4493,11
401802715,NHL,2025-11-27 00:00:00+00:00,New Jersey Devils,St. Louis Blues,0.5545,0.4455,0.5782,0.4645,11
401802723,NHL,2025-11-27 02:30:00+00:00,Utah Mammoth,Montreal Canadiens,0.5644,0.4356,0.5889,0.4544,11
401802733,NHL,2025-11-28 21:00:00+00:00,St. Louis Blues,Ottawa Senators,0.4913,0.5087,0.5139,0.532,11
401802734,NHL,2025-11-28 21:00:00+00:00,Vegas Golden Knights,Montreal Canadiens,0.6408,0.3592,0.6671,0.374,11
401802743,NHL,2025-11-29 20:00:00+00:00,Colorado Avalanche,Montreal Canadiens,0.6916,0.3084,0.7214,0.3217,11
401802749,NHL,2025-11-30 01:00:00+00:00,St. Louis Blues,Utah Mammoth,0.4804,0.5196,0.5016,0.5426,11
401802760,NHL,2025-12-02 01:00:00+00:00,St. Louis Blues,Anaheim Ducks,0.5714,0.4286,0.595,0.4463,11
401802762,NHL,2025-12-03 00:00:00+00:00,Montreal Canadiens,Ottawa Senators,0.4584,0.5416,0.478,0.5647,11
401802773,NHL,2025-12-04 00:30:00+00:00,Montreal Canadiens,Winnipeg Jets,0.4487,0.5513,0.4676,0.5745,11
401802777,NHL,2025-12-05 00:00:00+00:00,Boston Bruins,St. Louis Blues,0.4364,0.5636,0.4552,0.588,11
401802795,NHL,2025-12-07 00:00:00+00:00,Toronto Maple Leafs,Montreal Canadiens,0.5593,0.4407,0.5827,0.4592,11
401802796,NHL,2025-12-07 00:00:00+00:00,Ottawa Senators,St. Louis Blues,0.5824,0.4176,0.6072,0.4354,11
401802808,NHL,2025-12-08 00:00:00+00:00,Montreal Canadiens,St. Louis Blues,0.5447,0.4553,0.5677,0.4746,11
401802817,NHL,2025-12-10 00:00:00+00:00,Montreal Canadiens,Tampa Bay Lightning,0.4973,0.5027,0.5201,0.5259,11
401802823,NHL,2025-12-10 01:00:00+00:00,St. Louis Blues,Boston Bruins,0.5326,0.4674,0.5553,0.4874,10
401802835,NHL,2025-12-12 00:30:00+00:00,Pittsburgh Penguins,Montreal Canadiens,0.543,0.457,0.5671,0.4772,8
401802838,NHL,2025-12-12 01:00:00+00:00,Nashville Predators,St. Louis Blues,0.5466,0.4534,0.5694,0.4724,11
401802844,NHL,2025-12-13 01:00:00+00:00,St. Louis Blues,Chicago Blackhawks,0.4913,0.5087,0.5134,0.5315,11
401802851,NHL,2025-12-14 00:00:00+00:00,New York Rangers,Montreal Canadiens,0.5548,0.4452,0.5781,0.4638,11
401802863,NHL,2025-12-15 00:00:00+00:00,Montreal Canadiens,Edmonton Oilers,0.4464,0.5536,0.4657,0.5775,11
401802868,NHL,2025-12-16 01:00:00+00:00,St. Louis Blues,Nashville Predators,0.4997,0.5003,0.5224,0.5231,11
401802872,NHL,2025-12-17 00:00:00+00:00,Montreal Canadiens,Philadelphia Flyers,0.5241,0.4759,0.5474,0.497,11
401802882,NHL,2025-12-18 01:00:00+00:00,St. Louis Blues,Winnipeg Jets,0.4229,0.5771,0.44,0.6005,11
401802887,NHL,2025-12-19 00:00:00+00:00,Montreal Canadiens,Chicago Blackhawks,0.6101,0.3899,0.6352,0.406,11
401802892,NHL,2025-12-19 01:00:00+00:00,St. Louis Blues,New York Rangers,0.4383,0.5617,0.4571,0.5859,11
401802905,NHL,2025-12-20 23:00:00+00:00,Florida Panthers,St. Louis Blues,0.6096,0.3904,0.6352,0.4067,11
401802907,NHL,2025-12-21 00:00:00+00:00,Montreal Canadiens,Pittsburgh Penguins,0.5505,0.4495,0.5742,0.469,11
401802917,NHL,2025-12-22 00:00:00+00:00,Pittsburgh Penguins,Montreal Canadiens,0.5059,0.4941,0.5292,0.517,11
401802922,NHL,2025-12-23 00:00:00+00:00,Tampa Bay Lightning,St. Louis Blues,0.6856,0.3144,0.7148,0.3277,11
401802928,NHL,2025-12-24 00:00:00+00:00,Boston Bruins,Montreal Canadiens,0.5182,0.4818,0.5417,0.5037,11
401802946,NHL,2025-12-28 01:00:00+00:00,St. Louis Blues,Nashville Predators,0.5084,0.4916,0.5315,0.5138,11
401802953,NHL,2025-12-28 22:00:00+00:00,Tampa Bay Lightning,Montreal Canadiens,0.5597,0.4403,0.584,0.4594,11
401802961,NHL,2025-12-30 01:00:00+00:00,St. Louis Blues,Buffalo Sabres,0.4833,0.5167,0.505,0.5398,11
401802969,NHL,2025-12-31 00:00:00+00:00,Florida Panthers,Montreal Canadiens,0.5354,0.4646,0.5583,0.4844,11
401802980,NHL,2026-01-01 02:00:00+00:00,Colorado Avalanche,St. Louis Blues,0.7512,0.2488,0.783,0.2593,11
401802987,NHL,2026-01-02 00:00:00+00:00,Carolina Hurricanes,Montreal Canadiens,0.5976,0.4024,0.6228,0.4193,11
401802991,NHL,2026-01-02 20:00:00+00:00,St. Louis Blues,Vegas Golden Knights,0.421,0.579,0.4379,0.6022,11
401802999,NHL,2026-01-03 21:00:00+00:00,St. Louis Blues,Montreal Canadiens,0.4097,0.5903,0.4268,0.615,11
401803008,NHL,2026-01-04 19:00:00+00:00,Dallas Stars,Montreal Canadiens,0.6277,0.3723,0.654,0.3879,11
401803029,NHL,2026-01-08 00:30:00+00:00,Montreal Canadiens,Calgary Flames,0.5728,0.4272,0.5963,0.4447,11
401803030,NHL,2026-01-08 02:30:00+00:00,Chicago Blackhawks,St. Louis Blues,0.4821,0.5179,0.5036,0.541,11
401803034,NHL,2026-01-09 00:00:00+00:00,Montreal Canadiens,Florida Panthers,0.4948,0.5052,0.5175,0.5284,11
401803047,NHL,2026-01-10 02:00:00+00:00,Utah Mammoth,St. Louis Blues,0.622,0.378,0.6475,0.3936,11
401803054,NHL,2026-01-11 00:00:00+00:00,Montreal Canadiens,Detroit Red Wings,0.5538,0.4462,0.5775,0.4654,11
401803061,NHL,2026-01-11 03:00:00+00:00,Vegas Golden Knights,St. Louis Blues,0.7062,0.2938,0.7365,0.3063,11
401803071,NHL,2026-01-13 00:30:00+00:00,Montreal Canadiens,Vancouver Canucks,0.6338,0.3662,0.6597,0.3811,11
401803078,NHL,2026-01-14 00:00:00+00:00,Washington Capitals,Montreal Canadiens,0.5609,0.4391,0.5849,0.4578,11
401803081,NHL,2026-01-14 00:30:00+00:00,St. Louis Blues,Carolina Hurricanes,0.3881,0.6119,0.4044,0.6375,11
401803091,NHL,2026-01-16 00:00:00+00:00,Buffalo Sabres,Montreal Canadiens,0.4686,0.5314,0.4891,0.5548,11
401803102,NHL,2026-01-17 01:00:00+00:00,St. Louis Blues,Tampa Bay Lightning,0.3576,0.6424,0.3722,0.6688,11
401803109,NHL,2026-01-18 00:00:00+00:00,Ottawa Senators,Montreal Canadiens,0.5182,0.4818,0.5414,0.5034,11
401803120,NHL,2026-01-19 01:00:00+00:00,Edmonton Oilers,St. Louis Blues,0.5888,0.4112,0.6132,0.4283,11
401803131,NHL,2026-01-21 00:00:00+00:00,Montreal Canadiens,Minnesota Wild,0.5513,0.4487,0.5739,0.4672,11
401803136,NHL,2026-01-21 01:00:00+00:00,Winnipeg Jets,St. Louis Blues,0.5315,0.4685,0.5543,0.4886,11
401803146,NHL,2026-01-23 00:00:00+00:00,Montreal Canadiens,Buffalo Sabres,0.5254,0.4746,0.5487,0.4956,11
401803155,NHL,2026-01-24 01:00:00+00:00,Dallas Stars,St. Louis Blues,0.5899,0.4101,0.615,0.4276,11
401803163,NHL,2026-01-25 00:00:00+00:00,Boston Bruins,Montreal Canadiens,0.511,0.489,0.5345,0.5116,10
401803167,NHL,2026-01-25 01:00:00+00:00,St. Louis Blues,Los Angeles Kings,0.4333,0.5667,0.4518,0.5908,10
401803183,NHL,2026-01-28 00:00:00+00:00,Montreal Canadiens,Vegas Golden Knights,0.4788,0.5212,0.5003,0.5446,11
401803187,NHL,2026-01-28 01:00:00+00:00,St. Louis Blues,Dallas Stars,0.4075,0.5925,0.4246,0.6174,11
401803196,NHL,2026-01-30 00:00:00+00:00,Montreal Canadiens,Colorado Avalanche,0.4617,0.5383,0.4813,0.5611,11
401803203,NHL,2026-01-30 01:00:00+00:00,St. Louis Blues,Florida Panthers,0.4107,0.5893,0.4277,0.6137,11
401803216,NHL,2026-02-01 00:00:00+00:00,Buffalo Sabres,Montreal Canadiens,0.5358,0.4642,0.5588,0.4841,11
401803219,NHL,2026-02-01 00:00:00+00:00,St. Louis Blues,Columbus Blue Jackets,0.4991,0.5009,0.5219,0.5239,11
401803230,NHL,2026-02-03 00:30:00+00:00,Minnesota Wild,Montreal Canadiens,0.5424,0.4576,0.565,0.4767,11
401803231,NHL,2026-02-03 01:00:00+00:00,Nashville Predators,St. Louis Blues,0.5654,0.4346,0.589,0.4528,11
401803246,NHL,2026-02-05 00:00:00+00:00,Winnipeg Jets,Montreal Canadiens,0.5439,0.4561,0.5665,0.4751,11
401803250,NHL,2026-02-05 02:30:00+00:00,Dallas Stars,St. Louis Blues,0.6606,0.3394,0.6889,0.3539,11
401803270,NHL,2026-02-27 00:00:00+00:00,Montreal Canadiens,New York Islanders,0.5742,0.4258,0.5976,0.4431,11
401803276,NHL,2026-02-27 01:00:00+00:00,St. Louis Blues,Seattle Kraken,0.5577,0.4423,0.5812,0.4609,11
401803294,NHL,2026-02-28 22:00:00+00:00,St. Louis Blues,New Jersey Devils,0.4869,0.5131,0.5086,0.536,10
401803291,NHL,2026-03-01 00:00:00+00:00,Montreal Canadiens,Washington Capitals,0.5957,0.4043,0.6208,0.4213,11
401803302,NHL,2026-03-01 22:00:00+00:00,Minnesota Wild,St. Louis Blues,0.671,0.329,0.6994,0.3429,11
401803320,NHL,2026-03-04 03:00:00+00:00,San Jose Sharks,Montreal Canadiens,0.4498,0.5502,0.4682,0.5727,11
401803325,NHL,2026-03-05 03:00:00+00:00,Seattle Kraken,St. Louis Blues,0.5734,0.4266,0.5966,0.4438,11
401803338,NHL,2026-03-07 02:00:00+00:00,Anaheim Ducks,Montreal Canadiens,0.4959,0.5041,0.5182,0.5269,11
401803340,NHL,2026-03-07 03:00:00+00:00,San Jose Sharks,St. Louis Blues,0.5709,0.4291,0.5943,0.4468,11
401803348,NHL,2026-03-08 00:00:00+00:00,Los Angeles Kings,Montreal Canadiens,0.5189,0.4811,0.542,0.5026,11
401803357,NHL,2026-03-09 01:00:00+00:00,Anaheim Ducks,St. Louis Blues,0.6053,0.3947,0.6305,0.4111,11
401803365,NHL,2026-03-10 23:00:00+00:00,Montreal Canadiens,Toronto Maple Leafs,0.6025,0.3975,0.6276,0.4141,11
401803370,NHL,2026-03-10 23:30:00+00:00,St. Louis Blues,New York Islanders,0.4609,0.5391,0.4806,0.5621,11
401803376,NHL,2026-03-11 23:30:00+00:00,Ottawa Senators,Montreal Canadiens,0.6331,0.3669,0.6589,0.3818,11
401803384,NHL,2026-03-12 23:00:00+00:00,Carolina Hurricanes,St. Louis Blues,0.7115,0.2885,0.7418,0.3007,11
401803393,NHL,2026-03-14 00:00:00+00:00,St. Louis Blues,Edmonton Oilers,0.4276,0.5724,0.445,0.5956,11
401803399,NHL,2026-03-14 23:00:00+00:00,Montreal Canadiens,San Jose Sharks,0.5893,0.4107,0.6147,0.4283,11
401803408,NHL,2026-03-15 19:00:00+00:00,Winnipeg Jets,St. Louis Blues,0.4902,0.5098,0.5123,0.5328,11
401803410,NHL,2026-03-15 23:00:00+00:00,Montreal Canadiens,Anaheim Ducks,0.5723,0.4277,0.596,0.4454,11
401803420,NHL,2026-03-17 23:00:00+00:00,Montreal Canadiens,Boston Bruins,0.5897,0.4103,0.6143,0.4274,11
401803432,NHL,2026-03-19 01:30:00+00:00,Calgary Flames,St. Louis Blues,0.4472,0.5528,0.466,0.5761,11
401803436,NHL,2026-03-19 23:00:00+00:00,Detroit Red Wings,Montreal Canadiens,0.4896,0.5104,0.5118,0.5336,11
401803456,NHL,2026-03-21 23:00:00+00:00,Montreal Canadiens,New York Islanders,0.5307,0.4693,0.5534,0.4894,11
401803458,NHL,2026-03-21 23:00:00+00:00,Vancouver Canucks,St. Louis Blues,0.4228,0.5772,0.4399,0.6005,11
401803472,NHL,2026-03-24 23:00:00+00:00,Montreal Canadiens,Carolina Hurricanes,0.4659,0.5341,0.4857,0.5567,11
401803479,NHL,2026-03-25 00:00:00+00:00,St. Louis Blues,Washington Capitals,0.4931,0.5069,0.5156,0.5299,11
401803488,NHL,2026-03-26 23:00:00+00:00,Montreal Canadiens,Columbus Blue Jackets,0.5194,0.4806,0.5425,0.5019,11
401803494,NHL,2026-03-27 00:00:00+00:00,St. Louis Blues,San Jose Sharks,0.5424,0.4576,0.565,0.4766,11
401803511,NHL,2026-03-28 23:00:00+00:00,St. Louis Blues,Toronto Maple Leafs,0.5746,0.4254,0.5975,0.4423,11
401803512,NHL,2026-03-28 23:00:00+00:00,Nashville Predators,Montreal Canadiens,0.4902,0.5098,0.5121,0.5325,11
401803520,NHL,2026-03-29 21:00:00+00:00,Carolina Hurricanes,Montreal Canadiens,0.6048,0.3952,0.6301,0.4117,11
401803528,NHL,2026-03-31 02:00:00+00:00,San Jose Sharks,St. Louis Blues,0.4994,0.5006,0.5219,0.5231,11
401803531,NHL,2026-03-31 23:00:00+00:00,Tampa Bay Lightning,Montreal Canadiens,0.6085,0.3915,0.6337,0.4076,11
401803540,NHL,2026-04-02 01:00:00+00:00,Los Angeles Kings,St. Louis Blues,0.5657,0.4343,0.5896,0.4526,11
401803546,NHL,2026-04-02 23:00:00+00:00,New York Rangers,Montreal Canadiens,0.467,0.533,0.487,0.5558,11
401803557,NHL,2026-04-04 02:00:00+00:00,Anaheim Ducks,St. Louis Blues,0.5622,0.4378,0.5858,0.4562,11
401803563,NHL,2026-04-04 23:00:00+00:00,New Jersey Devils,Montreal Canadiens,0.4684,0.5316,0.4885,0.5545,11
401803577,NHL,2026-04-05 23:00:00+00:00,Montreal Canadiens,New Jersey Devils,0.5752,0.4248,0.5982,0.4418,11
401803579,NHL,2026-04-06 01:45:00+00:00,Colorado Avalanche,St. Louis Blues,0.6354,0.3646,0.6613,0.3795,11
401803584,NHL,2026-04-07 23:00:00+00:00,Montreal Canadiens,Florida Panthers,0.71,0.29,0.7398,0.3022,11
401803589,NHL,2026-04-08 00:00:00+00:00,St. Louis Blues,Colorado Avalanche,0.413,0.587,0.4303,0.6115,11
401803599,NHL,2026-04-09 23:00:00+00:00,Montreal Canadiens,Tampa Bay Lightning,0.4827,0.5173,0.5044,0.5406,11
401803604,NHL,2026-04-10 00:00:00+00:00,St. Louis Blues,Winnipeg Jets,0.5042,0.4958,0.5269,0.5182,11
401803617,NHL,2026-04-11 21:00:00+00:00,Chicago Blackhawks,St. Louis Blues,0.4261,0.5739,0.4432,0.5969,11
401803622,NHL,2026-04-11 23:00:00+00:00,Montreal Canadiens,Columbus Blue Jackets,0.5498,0.4502,0.5727,0.469,11
401803628,NHL,2026-04-12 22:00:00+00:00,New York Islanders,Montreal Canadiens,0.5324,0.4676,0.5546,0.4871,11
401803637,NHL,2026-04-14 00:00:00+00:00,St. Louis Blues,Minnesota Wild,0.6203,0.3797,0.6452,0.3949,11
401803645,NHL,2026-04-14 23:00:00+00:00,Philadelphia Flyers,Montreal Canadiens,0.2875,0.7125,0.2998,0.7429,11
401803650,NHL,2026-04-15 01:30:00+00:00,St. Louis Blues,Pittsburgh Penguins,0.6554,0.3446,0.6829,0.3591,11
401803660,NHL,2026-04-16 23:30:00+00:00,Utah Mammoth,St. Louis Blues,0.5179,0.4821,0.5407,0.5034,11
401869718,NHL,2026-04-19 21:45:00+00:00,Tampa Bay Lightning,Montreal Canadiens,0.6195,0.3805,0.6448,0.396,11
401869769,NHL,2026-04-21 23:00:00+00:00,Tampa Bay Lightning,Montreal Canadiens,0.626,0.374,0.6514,0.3892,11
401869771,NHL,2026-04-24 23:00:00+00:00,Montreal Canadiens,Tampa Bay Lightning,0.481,0.519,0.502,0.5418,10
401869773,NHL,2026-04-26 23:00:00+00:00,Montreal Canadiens,Tampa Bay Lightning,0.4807,0.5193,0.5019,0.5422,11
401869775,NHL,2026-04-29 23:00:00+00:00,Tampa Bay Lightning,Montreal Canadiens,0.5893,0.4107,0.6129,0.4272,11
401869777,NHL,2026-05-01 23:00:00+00:00,Montreal Canadiens,Tampa Bay Lightning,0.4815,0.5185,0.5028,0.5414,11
401871404,NHL,2026-05-06 23:00:00+00:00,Buffalo Sabres,Montreal Canadiens,0.5649,0.4351,0.5883,0.4531,11
401871405,NHL,2026-05-08 23:00:00+00:00,Buffalo Sabres,Montreal Canadiens,0.5451,0.4549,0.568,0.474,11
401871406,NHL,2026-05-10 23:00:00+00:00,Montreal Canadiens,Buffalo Sabres,0.5479,0.4521,0.5703,0.4706,11
401871407,NHL,2026-05-12 23:00:00+00:00,Montreal Canadiens,Buffalo Sabres,0.5727,0.4273,0.5959,0.4447,11
401871408,NHL,2026-05-14 23:00:00+00:00,Buffalo Sabres,Montreal Canadiens,0.5093,0.4907,0.5323,0.5129,11
401871409,NHL,2026-05-17 00:00:00+00:00,Montreal Canadiens,Buffalo Sabres,0.6179,0.3821,0.6432,0.3977,11
401873383,NHL,2026-05-22 00:00:00+00:00,Carolina Hurricanes,Montreal Canadiens,0.6437,0.3563,0.6704,0.3711,11
401873384,NHL,2026-05-23 23:00:00+00:00,Carolina Hurricanes,Montreal Canadiens,0.6428,0.3572,0.6688,0.3715,11
401873385,NHL,2026-05-26 00:00:00+00:00,Montreal Canadiens,Carolina Hurricanes,0.4236,0.5764,0.4406,0.5995,11
401873386,NHL,2026-05-28 00:00:00+00:00,Montreal Canadiens,Carolina Hurricanes,0.4235,0.5765,0.4404,0.5995,11
401873387,NHL,2026-05-30 00:00:00+00:00,Carolina Hurricanes,Montreal Canadiens,0.6922,0.3078,0.7214,0.3207,11
